product_ndc,niche,brand_name,manufacturer_name,substance_name,active_ingredient_text,active_ingredients_structured,dosage_form,route,marketing_category,product_type,finished,listing_expiration_date,package_ndcs,purpose_text,indications_and_usage,inactive_ingredient_text,spl_set_id,effective_time,source,verified,source_url,image_url
rdn-100pct-l-ascorbic-acid-powder-20g,brightening-texture,100% L-Ascorbic Acid Powder,The Ordinary,,Ascorbic Acid.,vitamin-c,,,,,,,,,,,,,brand_direct,true,https://theordinary.com/en-us/100-l-ascorbic-acid-powder-vitamin-c-100390.html,/product-images/brand-direct/rdn-100pct-l-ascorbic-acid-powder-20g.png
rdn-100pct-plant-derived-squalane-30ml,skin-protectant,100% Plant-Derived Squalane,The Ordinary,,Squalane.,squalane,,,,,,,,,,,,,brand_direct,true,https://theordinary.com/en-us/100-plant-derived-squalane-face-oil-100398.html,/product-images/brand-direct/rdn-100pct-plant-derived-squalane-30ml.png
rdn-aha-30pct-bha-2pct-peeling-solution-30ml,brightening-texture,AHA 30% + BHA 2% Peeling Solution,The Ordinary,,"Glycolic Acid, Aqua (Water), Aloe Barbadensis Leaf Water, Sodium Hydroxide, Daucus Carota Sativa Extract, Propanediol, Cocamidopropyl Dimethylamine, Salicylic Acid, Lactic Acid, Tartaric Acid, Citric Acid, Panthenol, Sodium Hyaluronate Crosspolymer, Tasmannia Lanceolata Fruit/Leaf Extract, Glycerin, Pentylene Glycol, Xanthan Gum, Polysorbate 20, Trisodium Ethylenediamine Disuccinate, Potassium Sorbate, Sodium Benzoate, Ethylhexylglycerin, 1,2-Hexanediol, Caprylyl Glycol.",hyaluronic-acid;glycolic-acid;panthenol;lactic-acid,,,,,,,,,,,,,brand_direct,true,https://theordinary.com/en-us/aha-30-bha-2-peeling-solution-exfoliator-100400.html,/product-images/brand-direct/rdn-aha-30pct-bha-2pct-peeling-solution-30ml.png
769915232240,brightening-texture,Aloe 2% + NAG 2% Solution,The Ordinary,,"Aqua (Water), Propanediol, Glycerin, Dipropylene Glycol, Aloe Barbadensis Leaf Juice Powder, N-Acetyl Glucosamine, Palmitoyl Pentapeptide-4, Biosaccharide Gum-2, Pentylene Glycol, Xanthan Gum, Isoceteth-20, Hydroxymethoxyphenyl Decanone, Sodium Lactate, Lactic Acid, Sodium Hydroxide, Ethylhexylglycerin, Phenoxyethanol, Chlorphenesin.",peptides;lactic-acid,,,,,,,,,,,,,brand_direct,true,https://theordinary.com/en-us/aloe-2-nag-2-solution-blemish-serum-100618.html,/product-images/brand-direct/769915232240.png
769915233674,brightening-texture,Alpha Arbutin 2% + HA,The Ordinary,,"Aqua (Water), Alpha-Arbutin, Propanediol, Polyacrylate Crosspolymer-6, Hydrolyzed Sodium Hyaluronate, Ergothioneine, Polysorbate 20, Citric Acid, Sodium Citrate, Sodium Hydroxide, Sodium Metabisulfite, Trisodium Ethylenediamine Disuccinate, Ethoxydiglycol, Phenoxyethanol, Chlorphenesin",hyaluronic-acid;alpha-arbutin,,,,,,,,,,,,,brand_direct,true,https://theordinary.com/en-us/alpha-arbutin-2-ha-serum-100401.html,/product-images/brand-direct/769915233674.jpg
rdn-amino-acids-b5-30ml,skin-protectant,Amino Acids + B5,The Ordinary,,"Aqua (Water), Propanediol, Betaine, Sodium PCA, Panthenol, Sodium Lactate, Arginine, PCA, Aspartic Acid, Glycine, Alanine, Serine, Threonine, Valine, Proline, Isoleucine, Lysine HCl, Histidine, Phenylalanine, Glutamic Acid, Citric Acid, Dimethyl Isosorbide, Polysorbate 20, Trisodium Ethylenediamine Disuccinate, 1,2-Hexanediol, Caprylyl Glycol.",panthenol,,,,,,,,,,,,,brand_direct,true,https://theordinary.com/en-us/amino-acids-b5-serum-100402.html,/product-images/brand-direct/rdn-amino-acids-b5-30ml.png
rdn-argireline-solution-10pct-30ml,brightening-texture,Argireline Solution 10%,The Ordinary,,"Aqua (Water), Propanediol, Acetyl Hexapeptide-8, Trisodium Ethylenediamine Disuccinate, Gellan Gum, Sodium Chloride, Isoceteth-20, Dimethyl Isosorbide, Potassium Sorbate, Phenoxyethanol, Chlorphenesin.",peptides,,,,,,,,,,,,,brand_direct,true,https://theordinary.com/en-us/argireline-solution-10-serum-100403.html,/product-images/brand-direct/rdn-argireline-solution-10pct-30ml.jpg
rdn-ascorbyl-glucoside-solution-12pct-30ml,brightening-texture,Ascorbyl Glucoside Solution 12%,The Ordinary,,"Aqua (Water), Ascorbyl Glucoside, Propanediol, Aminomethyl Propanol, Triethanolamine, Isoceteth-20, Xanthan Gum, Dimethyl Isosorbide, Ethoxydiglycol, Trisodium Ethylenediamine Disuccinate, 1,2-Hexanediol, Caprylyl Glycol.",vitamin-c,,,,,,,,,,,,,brand_direct,true,https://theordinary.com/en-us/ascorbyl-glucoside-solution-12-vitamin-c-100405.html,/product-images/brand-direct/rdn-ascorbyl-glucoside-solution-12pct-30ml.png
rdn-ascorbyl-tetraisopalmitate-solution-20pct-in-vitamin-f-30ml,skin-protectant,Ascorbyl Tetraisopalmitate Solution 20% in Vitamin F,The Ordinary,,"Coconut Alkanes, Tetrahexyldecyl Ascorbate, Ethyl Linoleate, Coco-Caprylate/Caprate, Simmondsia Chinensis (Jojoba) Seed Oil, Solanum Lycopersicum (Tomato) Fruit Extract, Squalane.",squalane,,,,,,,,,,,,,brand_direct,true,https://theordinary.com/en-us/ascorbyl-tetraisopalmitate-solution-20-in-vitamin-f-vitamin-c-100406.html,/product-images/brand-direct/rdn-ascorbyl-tetraisopalmitate-solution-20pct-in-vitamin-f-30ml.png
rdn-azelaic-acid-suspension-10pct-30ml,brightening-texture,Azelaic Acid Suspension 10%,The Ordinary,,"Aqua (Water), Isodecyl Neopentanoate, Dimethicone, Azelaic Acid, Dimethicone/Bis-Isobutyl Ppg-20 Crosspolymer, Dimethyl Isosorbide, Hydroxyethyl Acrylate/Sodium Acryloyldimethyl Taurate Copolymer, Polysilicone-11, Isohexadecane, Tocopherol, Trisodium Ethylenediamine Disuccinate, Isoceteth-20, Polysorbate 60, Triethanolamine, Ethoxydiglycol, Phenoxyethanol, Chlorphenesin.",azelaic-acid,,,,,,,,,,,,,brand_direct,true,https://theordinary.com/en-us/azelaic-acid-suspension-10-exfoliator-100407.html,/product-images/brand-direct/rdn-azelaic-acid-suspension-10pct-30ml.png
rdn-caffeine-solution-5pct-egcg-30ml,brightening-texture,Caffeine Solution 5% + EGCG Eye Serum,The Ordinary,,"Aqua/Water/Eau, Caffeine, Maltodextrin, Glycerin, Propanediol, Epigallocatechin Gallatyl Glucoside, Gallyl Glucoside, Hyaluronic Acid, Oxidized Glutathione, Melanin, Glycine Soja (Soybean) Seed Extract, Hydroxyethylcellulose, Polyacrylate Crosspolymer-6, Xanthan Gum, Propyl Gallate, Trisodium Ethylenediamine Disuccinate, Pentylene Glycol, Dimethyl Isosorbide, Lactic Acid, Salicylic Acid, Dehydroacetic Acid, Benzyl Alcohol, 1,2-Hexanediol, Ethylhexylglycerin, Phenoxyethanol, Caprylyl Glycol.",hyaluronic-acid;lactic-acid,,,,,,,,,,,,,brand_direct,true,https://theordinary.com/en-us/caffeine-solution-5-egcg-eye-serum-100412.html,/product-images/brand-direct/rdn-caffeine-solution-5pct-egcg-30ml.png
769915234053,brightening-texture,Glycolic Acid 7% Exfoliating Toner,The Ordinary,,"Aqua (Water), Glycolic Acid, Rosa Damascena Flower Water, Centaurea Cyanus Flower Water, Aloe Barbadensis Leaf Water, Propanediol, Glycerin, Triethanolamine, Aminomethyl Propanol, Panax Ginseng Root Extract, Tasmannia Lanceolata Fruit/Leaf Extract, Aspartic Acid, Alanine, Glycine, Serine, Valine, Isoleucine, Proline, Threonine, Histidine, Phenylalanine, Glutamic Acid, Arginine, Pca, Sodium Pca, Sodium Lactate, Fructose, Glucose, Sucrose, Urea, Hexyl Nicotinate, Dextrin, Citric Acid, Polysorbate 20, Gellan Gum, Trisodium Ethylenediamine Disuccinate, Sodium Chloride, Hexylene Glycol, Potassium Sorbate, Sodium Benzoate, 1,2-Hexanediol, Caprylyl Glycol.",glycolic-acid,,,,,,,,,,,,,brand_direct,true,https://theordinary.com/en-us/glycolic-acid-7-exfoliating-toner-100418.html,/product-images/brand-direct/769915234053.png
rdn-advanced-retinoid-2pct-30ml,brightening-texture,Granactive Retinoid 2% Emulsion,The Ordinary,,"Aqua (Water), Glycerin, Caprylic/Capric Triglyceride, Ethyl Linoleate, Propanediol, Dimethyl Isosorbide, Cetearyl Isononanoate, Bisabolol, Hydroxypinacolone Retinoate, Retinol, Tasmannia Lanceolata Fruit/Leaf Extract, Inulin Lauryl Carbamate, Glyceryl Stearate, Ceteareth-12, Ceteareth-20, Cetearyl Alcohol, Carrageenan, Xanthan Gum, Acacia Senegal Gum, Cetyl Palmitate, Sucrose Laurate, Polysorbate 20, Isoceteth-20, Rosmarinus Officinalis (Rosemary) Leaf Extract, Hydroxymethoxyphenyl Decanone, Behentrimonium Chloride, Trisodium Ethylenediamine Disuccinate, Disodium Edta, Dehydroacetic Acid, Benzoic Acid, Ethylhexylglycerin, Phenoxyethanol, Chlorphenesin.",retinol-cosmetic,,,,,,,,,,,,,brand_direct,true,https://theordinary.com/en-us/granactive-retinoid-2-emulsion-serum-100419.html,/product-images/brand-direct/rdn-advanced-retinoid-2pct-30ml.png
rdn-granactive-retinoid-5pct-in-squalane-30ml,skin-protectant,Granactive Retinoid 5% in Squalane,The Ordinary,,"Squalane, C12-15 Alkyl Benzoate, Bisabolol, Dimethyl Isosorbide, Caprylic/Capric Triglyceride, Simmondsia Chinensis (Jojoba) Seed Oil, Hydroxypinacolone Retinoate, Solanum Lycopersicum (Tomato) Fruit Extract, Rosmarinus Officinalis (Rosemary) Leaf Extract, Hydroxymethoxyphenyl Decanone.",squalane,,,,,,,,,,,,,brand_direct,true,https://theordinary.com/en-us/granactive-retinoid-5-in-squalane-serum-100421.html,/product-images/brand-direct/rdn-granactive-retinoid-5pct-in-squalane-30ml.png
rdn-hyaluronic-acid-2pct-b5-30ml,skin-protectant,Hyaluronic Acid 2% + B5 (Original Formulation),The Ordinary,,"Aqua (Water), Sodium Hyaluronate, Pentylene Glycol, Propanediol, Sodium Hyaluronate Crosspolymer, Panthenol, Ahnfeltia Concinna Extract, Glycerin, Trisodium Ethylenediamine Disuccinate, Citric Acid, Isoceteth-20, Ethoxydiglycol, Ethylhexylglycerin, Hexylene Glycol, 1,2-Hexanediol, Phenoxyethanol, Caprylyl Glycol.",hyaluronic-acid;panthenol,,,,,,,,,,,,,brand_direct,true,https://theordinary.com/en-us/hyaluronic-acid-2-b5-serum-original-formulation-100425.html,/product-images/brand-direct/rdn-hyaluronic-acid-2pct-b5-30ml.png
769915233490,skin-protectant,Hyaluronic Acid 2% + B5 (with Ceramides),The Ordinary,,"Aqua (Water), Sodium Hyaluronate, Propanediol, Pentylene Glycol, Hydrolyzed Hyaluronic Acid, Sodium Hyaluronate Crosspolymer, Phospholipids, Sphingolipids, Panthenol, Ahnfeltiopsis Concinna Extract, Glycerin, Polysorbate 20, Citric Acid, Sodium Citrate, p-Anisic Acid, Tocopherol, Trisodium Ethylenediamine Disuccinate, Caprylyl Glycol, Ethoxydiglycol, Ethylhexylglycerin, Hexylene Glycol, Phenoxyethanol, Chlorphenesin.",hyaluronic-acid;panthenol,,,,,,,,,,,,,brand_direct,true,https://theordinary.com/en-us/hyaluronic-acid-2-b5-serum-with-ceramides-100637.html,/product-images/brand-direct/769915233490.png
rdn-lactic-acid-10pct-ha-2pct-30ml,brightening-texture,Lactic Acid 10% + HA,The Ordinary,,"Aqua (Water), Lactic Acid, Glycerin, Pentylene Glycol, Propanediol, Sodium Hydroxide, Sodium Hyaluronate Crosspolymer, Tasmannia Lanceolata Fruit/Leaf Extract, Acacia Senegal Gum, Xanthan Gum, Isoceteth-20, Trisodium Ethylenediamine Disuccinate, Ethylhexylglycerin, 1,2-Hexanediol, Caprylyl Glycol.",hyaluronic-acid;lactic-acid,,,,,,,,,,,,,brand_direct,true,https://theordinary.com/en-us/lactic-acid-10-ha-exfoliator-100426.html,/product-images/brand-direct/rdn-lactic-acid-10pct-ha-2pct-30ml.png
rdn-lactic-acid-5pct-ha-2pct-30ml,brightening-texture,Lactic Acid 5% + HA,The Ordinary,,"Aqua (Water), Lactic Acid, Glycerin, Pentylene Glycol, Propanediol, Sodium Hyaluronate Crosspolymer, Tasmannia Lanceolata Fruit/Leaf Extract, Acacia Senegal Gum, Xanthan Gum, Isoceteth-20, Trisodium Ethylenediamine Disuccinate, Sodium Hydroxide, Ethylhexylglycerin, 1,2-Hexanediol, Caprylyl Glycol.",hyaluronic-acid;lactic-acid,,,,,,,,,,,,,brand_direct,true,https://theordinary.com/en-us/lactic-acid-5-ha-exfoliator-100427.html,/product-images/brand-direct/rdn-lactic-acid-5pct-ha-2pct-30ml.png
769915235319,skin-protectant,Lash Curl Finisher,The Ordinary,,"Isododecane, Squalane, Ethylene/Propylene/Styrene Copolymer, Acrylates/Dimethicone Copolymer, VP/Eicosene Copolymer, Trihydroxystearin, Butylene/Ethylene/Styrene Copolymer, Glycerin, Tocopherol, BHT, Ethylhexylglycerin, Phenoxyethanol, Chlorphenesin.",squalane,,,,,,,,,,,,,brand_direct,true,https://theordinary.com/en-us/lash-curl-finisher-100732.html,/product-images/brand-direct/769915235319.png
rdn-matrixyl-10pct-ha-30ml,brightening-texture,Matrixyl 10% + HA,The Ordinary,,"Aqua (Water), Glycerin, Butylene Glycol, Palmitoyl Tripeptide-1, Palmitoyl Tetrapeptide-7, Palmitoyl Tripeptide-38, Sodium Hyaluronate, Hydroxypropyl Cyclodextrin, PPG-26-Buteth-26, PEG-40 Hydrogenated Castor Oil, Polyacrylate Crosspolymer-6, Trisodium Ethylenediamine Disuccinate, Carbomer, Polysorbate 20, Ethoxydiglycol, Phenoxyethanol, Chlorphenesin.",hyaluronic-acid;peptides,,,,,,,,,,,,,brand_direct,true,https://theordinary.com/en-us/matrixyl-10-ha-serum-100431.html,/product-images/brand-direct/rdn-matrixyl-10pct-ha-30ml.png
769915234770,brightening-texture,Multi-Antioxidant Radiance Serum,The Ordinary,,"Aqua/Water/Eau, Propanediol, Ascorbyl Glucoside, Ergothioneine, Epigallocatechin Gallatyl Glucoside, Acetyl Tetrapeptide-2, Heptapeptide-6, Tocotrienols, Tremella Fuciformis Sporocarp Extract, Sphingomonas Ferment Extract, Panax Ginseng Root Extract, Bixa Orellana Seed Extract, Glycerin, Isoceteth-20, Citric Acid, Sodium Citrate, Sodium Hydroxide, Caprylyl Glycol, Ethylhexylglycerin, Phenoxyethanol, Chlorphenesin.",vitamin-c,,,,,,,,,,,,,brand_direct,true,https://theordinary.com/en-us/multi-antioxidant-radiance-serum-100716.html,/product-images/brand-direct/769915234770.png
769915233179,brightening-texture,Multi-Peptide + Copper Peptides 1% Serum,The Ordinary,,"Aqua (Water), Glycerin, Lactococcus Ferment Lysate, Copper Tripeptide-1, Acetyl Hexapeptide-8, Pentapeptide-18, Palmitoyl Tripeptide-1, Palmitoyl Tetrapeptide-7, Palmitoyl Tripeptide-38, Dipeptide Diaminobutyroyl Benzylamide Diacetate, Acetylarginyltryptophyl Diphenylglycine, Sodium Hyaluronate Crosspolymer, Sodium Hyaluronate, Allantoin, Glycine, Alanine, Serine, Valine, Isoleucine, Proline, Threonine, Histidine, Phenylalanine, Arginine, Aspartic Acid, Trehalose, Fructose, Glucose, Maltose, Urea, Sodium Pca, Pca, Sodium Lactate, Citric Acid, Hydroxypropyl Cyclodextrin, Sodium Chloride, Sodium Hydroxide, Butylene Glycol, Pentylene Glycol, Acacia Senegal Gum, Xanthan Gum, Carbomer, Polysorbate 20, Dimethyl Isosorbide, Sodium Benzoate, Caprylyl Glycol, Ethylhexylglycerin, Phenoxyethanol, Chlorphenesin.",hyaluronic-acid;peptides,,,,,,,,,,,,,brand_direct,true,https://theordinary.com/en-us/multi-peptide-copper-peptides-1-serum-100625.html,/product-images/brand-direct/769915233179.png
769915232165,brightening-texture,Multi-Peptide Eye Serum,The Ordinary,,"Aqua (Water), Glycerin, Butylene Glycol, Propanediol, Dipropylene Glycol, Acetyl Glucosamine, Niacinamide, Palmitoyl Tripeptide-38, Acetyl Tetrapeptide-5, Myristoyl Nonapeptide-3, Dipeptide Diaminobutyroyl Benzylamide Diacetate, Caffeine, Epigallocatechin Gallatyl Glucoside, Gallyl Glucoside, Fraxinus Excelsior Bark Extract, Silanetriol, Arginine, Pentylene Glycol, Hydroxymethoxyphenyl Decanone, Propyl Gallate, Maltodextrin, Hydroxypropyl Cyclodextrin, Hydroxyethylcellulose, Xanthan Gum, Citric Acid, Glycolic Acid, Sodium Citrate, Polysorbate 20, Trisodium Ethylenediamine Disuccinate, Dehydroacetic Acid, Ethylhexylglycerin, Benzyl Alcohol, Phenoxyethanol, Chlorphenesin.",niacinamide;glycolic-acid;peptides,,,,,,,,,,,,,brand_direct,true,https://theordinary.com/en-us/multi-peptide-eye-serum-100620.html,/product-images/brand-direct/769915232165.jpg
769915231885,brightening-texture,Multi-Peptide + HA Serum,The Ordinary,,"Aqua (Water), Glycerin, Lactococcus Ferment Lysate, Acetyl Hexapeptide-8, Pentapeptide-18, Palmitoyl Tripeptide-1, Palmitoyl Tetrapeptide-7, Palmitoyl Tripeptide-38, Dipeptide Diaminobutyroyl Benzylamide Diacetate, Acetylarginyltryptophyl Diphenylglycine, Sodium Hyaluronate Crosspolymer, Sodium Hyaluronate, Allantoin, Glycine, Alanine, Serine, Valine, Isoleucine, Proline, Threonine, Histidine, Phenylalanine, Arginine, Aspartic Acid, Trehalose, Fructose, Glucose, Maltose, Urea, Sodium PCA, PCA, Sodium Lactate, Citric Acid, Hydroxypropyl Cyclodextrin, Sodium Chloride, Sodium Hydroxide, Butylene Glycol, Pentylene Glycol, Acacia Senegal Gum, Xanthan Gum, Carbomer, Polysorbate 20, PPG-26-Buteth-26, PEG-40 Hydrogenated Castor Oil, Trisodium Ethylenediamine Disuccinate, Ethoxydiglycol, Sodium Benzoate, Caprylyl Glycol, Ethylhexylglycerin, Phenoxyethanol, Chlorphenesin.",hyaluronic-acid;peptides,,,,,,,,,,,,,brand_direct,true,https://theordinary.com/en-us/multi-peptide-ha-serum-100613.html,/product-images/brand-direct/769915231885.png
769915233636,skin-protectant,Multi-Peptide Lash and Brow Serum,The Ordinary,,"Aqua (Water), Glycerin, Butylene Glycol, Myristoyl Pentapeptide-17, Biotinoyl Tripeptide-1, Oligopeptide-2, Acetyl Tetrapeptide-3, Caffeine, Panthenol, Arginine, Glycine, Glycoproteins, Larix Europaea Wood Extract, Trifolium Pratense Flower Extract, Camellia Sinensis Leaf Extract, Dextran, Maltodextrin,&#10;Zinc Chloride, Hydroxyethylcellulose, Xanthan Gum, Trisodium Ethylenediamine Disuccinate, Polysorbate 20, Sodium Metabisulfite, Caprylyl Glycol, 1,2-Hexanediol, Sodium Benzoate, Benzoic Acid, Ethylhexylglycerin, Phenoxyethanol, Chlorphenesin.",panthenol,,,,,,,,,,,,,brand_direct,true,https://theordinary.com/en-us/multi-peptide-lash-brow-serum-100111.html,/product-images/brand-direct/769915233636.png
769915232431,skin-protectant,Natural Moisturizing Factors + Beta Glucan,The Ordinary,,"Aqua (Water), PPG-24-Glycereth-24, Propanediol, Betaine, Beta-Glucan, Arginine, Glycine, Alanine, Serine, Proline, Threonine, Glutamic Acid, Lysine HCl, Glucose, Maltose, Fructose, Trehalose, Xylitol, Anhydroxylitol, Xylitylglucoside, Sodium PCA, PCA, Sodium Lactate, Urea, Allantoin, Sodium Hyaluronate, Phospholipids, Sphingolipids, Glycerin, Pentylene Glycol, Acrylates/C10-30 Alkyl Acrylate Crosspolymer, Sodium Hydroxide, Sodium Chloride, Sodium Citrate, Citric Acid, Tocopherol, P-Anisic Acid, Aminomethyl Propanol, Phenoxyethanol, Chlorphenesin.",hyaluronic-acid,,,,,,,,,,,,,brand_direct,true,https://theordinary.com/en-us/natural-moisturizing-factors-beta-glucan-moisturizer-100612.html,/product-images/brand-direct/769915232431.png
rdn-hair-care-natural-moisturizing-factors-ha-eu-60ml,brightening-texture,Natural Moisturizing Factors + HA for Scalp,The Ordinary,,"Aqua (Water), Squalane, C12-13 Alkyl Glyceryl Hydrolyzed Hyaluronate, Arginine, Aspartic Acid, Glycine, Alanine, Serine, Valine, Isoleucine, Proline, Threonine, Histidine, Phenylalanine, Glutamic Acid, Glucose, Fructose, Sucrose, PCA, Sodium PCA, Zinc PCA, Magnesium PCA, Manganese PCA, Urea, Sodium Lactate, Lactic Acid, Hexyl Nicotinate, Lauryl Glucoside, Myristyl Glucoside, Polyglyceryl-6 Laurate, Isoceteth-20, Dextrin, Hexylene Glycol, Potassium Sorbate, Phenoxyethanol, Chlorphenesin.",squalane;lactic-acid,,,,,,,,,,,,,brand_direct,true,https://theordinary.com/en-us/natural-moisturizing-factors-ha-for-scalp-hair-scalp-treatment-100422.html,/product-images/brand-direct/rdn-hair-care-natural-moisturizing-factors-ha-eu-60ml.png
rdn-natural-moisturizing-factors-ha-30ml,skin-protectant,Natural Moisturizing Factors + HA,The Ordinary,,"Aqua (Water), Caprylic/Capric Triglyceride, Cetyl Alcohol, Propanediol, Stearyl Alcohol, Glycerin, Sodium Hyaluronate, Arginine, Aspartic Acid, Glycine, Alanine, Serine, Valine, Isoleucine, Proline, Threonine, Histidine, Phenylalanine, Glucose, Maltose, Fructose, Trehalose, Sodium PCA, PCA, Sodium Lactate, Urea, Allantoin, Linoleic Acid, Oleic Acid, Phytosteryl Canola Glycerides, Palmitic Acid, Stearic Acid, Lecithin, Triolein, Tocopherol, Carbomer, Isoceteth-20, Polysorbate 60, Sodium Chloride, Citric Acid, Trisodium Ethylenediamine Disuccinate, Pentylene Glycol, Triethanolamine, Sodium Hydroxide, Phenoxyethanol, Chlorphenesin.",hyaluronic-acid,,,,,,,,,,,,,brand_direct,true,https://theordinary.com/en-us/natural-moisturizing-factors-ha-moisturizer-100435.html,/product-images/brand-direct/rdn-natural-moisturizing-factors-ha-30ml.png
769915232219,skin-protectant,Natural Moisturizing Factors + PhytoCeramides,The Ordinary,,"Aqua (Water), Caprylic/Capric Triglyceride, Cetyl Ethylhexanoate, Isodecyl Neopentanoate, Glycerin, Propanediol, Polyglyceryl-6 Polyricinoleate, Hydrogenated Vegetable Oil, Polyglyceryl-2 Isostearate, Isosorbide Dicaprylate, Disteardimonium Hectorite, Phytosteryl Canola Glycerides, Glycosphingolipids, Glycolipids, Linoleic Acid, Oleic Acid, Palmitic Acid, Stearic Acid, Arginine, Glycine, Alanine, Serine, Proline, Threonine, Glutamic Acid, Lysine HCl, Betaine, Xylitylglucoside, Anhydroxylitol, Xylitol, Glucose, Maltose, Fructose, Trehalose, Sodium PCA, PCA, Sodium Lactate, Urea, Allantoin, Sodium Hyaluronate, Lecithin, Triolein, Dimethyl Isosorbide, Pentylene Glycol, Tocopherol, Hydroxymethoxyphenyl Decanone, Citric Acid, Trisodium Ethylenediamine Disuccinate, Magnesium Sulfate, Sodium Chloride, Sodium Hydroxide, Phenoxyethanol, Chlorphenesin.",hyaluronic-acid,,,,,,,,,,,,,brand_direct,true,https://theordinary.com/en-us/natural-moisturizing-factors-phytoceramides-moisturizer-100610.html,/product-images/brand-direct/769915232219.jpg
rdn-niacinamide-10pct-zinc-1pct-30ml,brightening-texture,Niacinamide 10% + Zinc 1%,The Ordinary,,"Aqua (Water), Niacinamide, Pentylene Glycol, Zinc PCA, Dimethyl Isosorbide, Tamarindus Indica Seed Gum, Xanthan Gum, Isoceteth-20, Ethoxydiglycol, Phenoxyethanol, Chlorphenesin.",niacinamide,,,,,,,,,,,,,brand_direct,true,https://theordinary.com/en-us/niacinamide-10-zinc-1-serum-100436.html,/product-images/brand-direct/rdn-niacinamide-10pct-zinc-1pct-30ml.png
769915233889,brightening-texture,Niacinamide 5% Face and Body Emulsion,The Ordinary,,"Aqua (Water), Ethyl Macadamiate, Niacinamide, Propanediol, Glycerin, Sphingomonas Ferment Extract, Pentylene Glycol, Ethylhexyl Olivate, Polyglyceryl-4 Oleate, Sodium Acrylates Copolymer, Isoceteth-20, Sodium Citrate, Citric Acid, Malic Acid, Trisodium Ethylenediamine Disuccinate, Tocopherol, Ethylhexylglycerin, Phenoxyethanol, Chlorphenesin.",niacinamide,,,,,,,,,,,,,brand_direct,true,https://theordinary.com/en-us/niacinamide-5-face-body-serum-100661.html,/product-images/brand-direct/769915233889.png
769915233353,brightening-texture,Retinal 0.2% Emulsion,The Ordinary,,"Aqua (Water), Coco-Caprylate/Caprate, Propanediol, Pentylene Glycol, Hydroxyapatite, Retinal, Cetylhydroxyproline Palmitamide, 4-t-Butylcyclohexanol, Hydroxyphenyl Propamidobenzoic Acid, Ergothioneine, Biosaccharide Gum-1, Bisabolol, Brassica Campestris Sterols, Zingiber Officinale Root Extract, Butylene Glycol, Isohexadecane, Hexyldecanol, Maltodextrin, Caesalpinia Spinosa Gum, Polyacrylate Crosspolymer-6, Hydroxyethyl Acrylate/Sodium Acryloyldimethyl Taurate Copolymer, Stearic Acid, Isoceteth-20, Polysorbate 60, Ascorbyl Palmitate, Tocopherol, Lactic Acid, Sodium Lactate, Sodium Hydroxide, Ethylhexylglycerin, Phenoxyethanol, Chlorphenesin.",lactic-acid,,,,,,,,,,,,,brand_direct,true,https://theordinary.com/en-us/retinal-02-emulsion-100646.html,/product-images/brand-direct/769915233353.png
rdn-retinol-02pct-in-squalane-30ml,brightening-texture,Retinol 0.2% in Squalane,The Ordinary,,"Squalane, Caprylic/Capric Triglyceride, Simmondsia Chinensis (Jojoba) Seed Oil, Retinol, Solanum Lycopersicum (Tomato) Fruit Extract, Rosmarinus Officinalis (Rosemary) Leaf Extract, Hydroxymethoxyphenyl Decanone, BHT.",retinol-cosmetic;squalane,,,,,,,,,,,,,brand_direct,true,https://theordinary.com/en-us/retinol-02-in-squalane-serum-100439.html,/product-images/brand-direct/rdn-retinol-02pct-in-squalane-30ml.png
rdn-retinol-05pct-in-squalane-30ml,brightening-texture,Retinol 0.5% in Squalane,The Ordinary,,"Squalane, Caprylic/Capric Triglyceride, Simmondsia Chinensis (Jojoba) Seed Oil, Retinol, Solanum Lycopersicum (Tomato) Fruit Extract, Rosmarinus Officinalis (Rosemary) Leaf Extract, Hydroxymethoxyphenyl Decanone, BHT.",retinol-cosmetic;squalane,,,,,,,,,,,,,brand_direct,true,https://theordinary.com/en-us/retinol-05-in-squalane-serum-100440.html,/product-images/brand-direct/rdn-retinol-05pct-in-squalane-30ml.png
rdn-retinol-1pct-in-squalane-30ml,brightening-texture,Retinol 1% in Squalane,The Ordinary,,"Squalane, Caprylic/Capric Triglyceride, Simmondsia Chinensis (Jojoba) Seed Oil, Retinol, Solanum Lycopersicum (Tomato) Fruit Extract, Rosmarinus Officinalis (Rosemary) Leaf Extract, Hydroxymethoxyphenyl Decanone, BHT.",retinol-cosmetic;squalane,,,,,,,,,,,,,brand_direct,true,https://theordinary.com/en-us/retinol-1-in-squalane-serum-100441.html,/product-images/brand-direct/rdn-retinol-1pct-in-squalane-30ml.png
769915236743,skin-protectant,Rice Lipids + Ectoin Microemulsion,The Ordinary,,"Aqua/Water/Eau, Oryza Sativa (Rice) Lipids, Simmondsia Chinensis (Jojoba) Seed Oil, Ectoin, Hydrogenated Lecithin, Propanediol, Glycerin, Rhus Succedanea Fruit Wax, Glyceryl Glucoside, Sodium Hyaluronate, Allantoin, Urea, Serine, Alanine, Glycine, Glutamic Acid, Lysine HCl, Threonine, Arginine, Proline, PCA, Sodium PCA, Xylitylglucoside, Anhydroxylitol, Xylitol, Fructose, Glucose, Maltose, Trehalose, Betaine, Pentylene Glycol, Polyglyceryl-10 Laurate, Hydroxyacetophenone, Tocopherol, Sodium Chloride, Sodium Lactate, Sodium Citrate, Citric Acid, Sodium Hydroxide, Isoceteth-20, Trisodium Ethylenediamine Disuccinate, 1,2-Hexanediol, Ethylhexylglycerin, Phenoxyethanol, Chlorphenesin.",hyaluronic-acid,,,,,,,,,,,,,brand_direct,true,https://theordinary.com/en-us/rice-lipids-ectoin-microemulsion-moisturizer-100739.html,/product-images/brand-direct/769915236743.png
769915233551,skin-protectant,Saccharomyces Ferment 30% Milky Toner,The Ordinary,,"Aqua (Water), Yeast Extract, Squalane, Lauryl Glucoside, Myristyl Glucoside, Polyglyceryl-6 Laurate, Isoceteth-20, Trisodium Ethylenediamine Disuccinate, Citric Acid, Sodium Citrate, Sodium Hydroxide, Phenoxyethanol, Chlorphenesin.",squalane,,,,,,,,,,,,,brand_direct,true,https://theordinary.com/en-us/saccharomyces-ferment-30-milky-toner-100647.html,/product-images/brand-direct/769915233551.png
rdn-salicylic-acid-2pct-anhydrous-solution-30ml,skin-protectant,Salicylic Acid 2% Anhydrous Solution,The Ordinary,,"Squalane, Caprylic/Capric Triglyceride, Pentylene Glycol, Salicylic Acid, Oleic/Linoleic/Linolenic Polyglycerides, 4-t-Butylcyclohexanol, Hydroxymethoxyphenyl Decanone, Phenoxyethanol, Chlorphenesin.",squalane,,,,,,,,,,,,,brand_direct,true,https://theordinary.com/en-us/salicylic-acid-2-anhydrous-solution-exfoliator-100442.html,/product-images/brand-direct/rdn-salicylic-acid-2pct-anhydrous-solution-30ml.png
rdn-salicylic-acid-2pct-masque-50ml,skin-protectant,Salicylic Acid 2% Masque,The Ordinary,,"Aqua (Water), Kaolin, Squalane, Glycerin, Dimethyl Isosorbide, Silica Cetyl Silylate, Salicylic Acid, Sodium Polyacrylate, Pentylene Glycol, Charcoal Powder, 4-T-Butylcyclohexanol, Sclerotium Gum, Acacia Senegal Gum, Xanthan Gum, Phytic Acid, Polysorbate 20, Trisodium Ethylenediamine Disuccinate, Chlorphenesin, Phenoxyethanol.",squalane,,,,,,,,,,,,,brand_direct,true,https://theordinary.com/en-us/salicylic-acid-2-face-masque-100443.html,/product-images/brand-direct/rdn-salicylic-acid-2pct-masque-50ml.png
769915233247,brightening-texture,Soothing & Barrier Support Serum,The Ordinary,,"Aqua (Water), Propanediol, Isodecyl Neopentanoate, Pentylene Glycol, Niacinamide, Hexyldecanol, Cetearyl Alcohol, Xylitylglucoside, Ceteth-20 Phosphate, Anhydroxylitol, Ethyl Linoleate, Asiaticoside, Asiatic Acid, Madecassic Acid, Naringenin, Cyanocobalamin, Panthenyl Triacetate, 4-T-Butylcyclohexanol, Hydroxyphenyl Propamidobenzoic Acid, Cetylhydroxyproline Palmitamide, Bisabolol, Brassica Campestris Sterols, Sphingolipids, Phospholipids, Epigallocatechin Gallatyl Glucoside, Gallyl Glucoside, Propyl Gallate, Xylitol, Zingiber Officinale Root Extract, Stearic Acid, Dicetyl Phosphate, Isoceteth-20, Xanthan Gum, Trisodium Ethylenediamine Disuccinate, Tocopherol, Dehydroacetic Acid, P-Anisic Acid, Phytic Acid, Sodium Phytate, Sodium Citrate, Sodium Hydroxide, Benzyl Alcohol, Ethylhexylglycerin, Phenoxyethanol, Chlorphenesin.",niacinamide,,,,,,,,,,,,,brand_direct,true,https://theordinary.com/en-us/soothing-barrier-support-serum-100634.html,/product-images/brand-direct/769915233247.png
769915235777,brightening-texture,Soothing & Barrier Support Serum Set,The Ordinary,,"Aqua (Water), Propanediol, Isodecyl Neopentanoate, Pentylene Glycol, Niacinamide, Hexyldecanol, Cetearyl Alcohol, Xylitylglucoside, Ceteth-20 Phosphate, Anhydroxylitol, Ethyl Linoleate, Asiaticoside, Asiatic Acid, Madecassic Acid, Naringenin, Cyanocobalamin, Panthenyl Triacetate, 4-T-Butylcyclohexanol, Hydroxyphenyl Propamidobenzoic Acid, Cetylhydroxyproline Palmitamide, Bisabolol, Brassica Campestris Sterols, Sphingolipids, Phospholipids, Epigallocatechin Gallatyl Glucoside, Gallyl Glucoside, Propyl Gallate, Xylitol, Zingiber Officinale Root Extract, Stearic Acid, Dicetyl Phosphate, Isoceteth-20, Xanthan Gum, Trisodium Ethylenediamine Disuccinate, Tocopherol, Dehydroacetic Acid, P-Anisic Acid, Phytic Acid, Sodium Phytate, Sodium Citrate, Sodium Hydroxide, Benzyl Alcohol, Ethylhexylglycerin, Phenoxyethanol, Chlorphenesin.",niacinamide,,,,,,,,,,,,,brand_direct,true,https://theordinary.com/en-us/soothing-barrier-support-serum-gift-set-100736.html,/product-images/brand-direct/769915235777.png
769915233476,skin-protectant,Squalane + Amino Acids Lip Balm,The Ordinary,,"Squalane, Sorbitan Olivate, Aqua (Water), Trihydroxystearin, Betaine, Jojoba Esters, Helianthus Annuus Seed Wax, Sodium PCA, PCA, Serine, Alanine, Arginine, Proline, Glycine, Glutamic Acid, Lysine HCl, Threonine, Sodium Lactate, Adansonia Digitata Seed Oil, Caprylic/Capric Triglyceride, Acacia Decurrens Flower Wax, Polyglycerin-3, Hydroxymethoxyphenyl Decanone, Tocopherol, Calcium Gluconate, Gluconolactone, Sodium Benzoate.",squalane,,,,,,,,,,,,,brand_direct,true,https://theordinary.com/en-us/squalane-amino-acids-lip-balm-100657.html,/product-images/brand-direct/769915233476.png
769915234190,skin-protectant,Squalane Cleanser,The Ordinary,,"Squalane, Aqua (Water), Coco-Caprylate/Caprate, Glycerin, Sucrose Stearate, Ethyl Macadamiate, Caprylic/Capric Triglyceride, Hydrogenated Starch Hydrolysate, Sucrose Laurate, Polyacrylate Crosspolymer-6, Isoceteth-20, Sodium Polyacrylate, Tocopherol, Hydroxymethoxyphenyl Decanone, Trisodium Ethylenediamine Disuccinate, Malic Acid, Ethylhexylglycerin, Chlorphenesin.",squalane,,,,,,,,,,,,,brand_direct,true,https://theordinary.com/en-us/squalane-face-cleanser-100446.html,/product-images/brand-direct/769915234190.png
rdn-vitamin-c-suspension-23pct-ha-spheres-2pct-30ml,skin-protectant,Vitamin C Suspension 23% + HA Spheres 2%,The Ordinary,,"Ascorbic Acid, Squalane, Isodecyl Neopentanoate, Isononyl Isononanoate, Coconut Alkanes, Ethylene/Propylene/Styrene Copolymer, Ethylhexyl Palmitate, Silica Dimethyl Silylate, Sodium Hyaluronate, Glucomannan, Coco-Caprylate/Caprate, Butylene/Ethylene/Styrene Copolymer, Acrylates/Ethylhexyl Acrylate Crosspolymer, Trihydroxystearin, Bht.",vitamin-c;hyaluronic-acid;squalane,,,,,,,,,,,,,brand_direct,true,https://theordinary.com/en-us/vitamin-c-suspension-23-ha-spheres-2-vitamin-c-100451.html,/product-images/brand-direct/rdn-vitamin-c-suspension-23pct-ha-spheres-2pct-30ml.png
https://www.cerave.com/skincare/acne/acne-control-gel,brightening-texture,Acne Control Gel,CeraVe,,"Active Ingredients: SALICYLIC ACID 2% Inactive Ingredients: WATER, GLYCERIN, SODIUM HYDROXIDE, GLYCOLIC ACID, LACTIC ACID, NIACINAMIDE , CERAMIDE NP , CERAMIDE AP , CERAMIDE EOP , CARBOMER, CETEARYL ALCOHOL, BEHENTRIMONIUM METHOSULFATE, TRIETHYL CITRATE, SODIUM HYALURONATE, SODIUM LAUROYL LACTYLATE, CHOLESTEROL, CHLORPHENESIN, DISODIUM EDTA, HYDROXYPROPYL GUAR, CAPRYLYL GLYCOL, XANTHAN GUM, PHYTOSPHINGOSINE, BENZOIC ACID",niacinamide;hyaluronic-acid;ceramides;glycolic-acid;lactic-acid,,,,,,,,,,,,,brand_direct,true,https://www.cerave.com/skincare/acne/acne-control-gel,/product-images/brand-direct/https-www-cerave-com-skincare-acne-acne-control-gel.jpg
https://www.cerave.com/skincare/acne/blemish-patches,brightening-texture,Blemish Barrier Patches,CeraVe,,INGREDIENTS: HYDROGENATED POLY(C6-20 OLEFIN) • CELLULOSE GUM • HYDROGENATED STYRENE/BUTADIENE COPOLYMER • PARAFFINUM LIQUIDUM / MINERAL OIL / HUILE MINERALE • AQUA / WATER / EAU • CERAMIDE NP • CERAMIDE AP • CERAMIDE EOP • CARBOMER • NIACINAMIDE • SODIUM LAUROYL LACTYLATE • CHOLESTEROL • PHENOXYETHANOL • PENTAERYTHRITYL TETRA-DI-T-BUTYL HYDROXYHYDROCINNAMATE • PHYTOSPHINGOSINE • XANTHAN GUM • ETHYLHEXYLGLYCERIN,niacinamide;ceramides,,,,,,,,,,,,,brand_direct,true,https://www.cerave.com/skincare/acne/blemish-patches,/product-images/brand-direct/https-www-cerave-com-skincare-acne-blemish-patches.jpg
https://www.cerave.com/skincare/baby/baby-eczema-relief-cream,skin-protectant,Baby Eczema Relief Cream,CeraVe,,"ACTIVE INGREDIENT: COLLOIDAL OATMEAL 1% INACTIVE INGREDIENTS: WATER, BUTYROSPERMUM PARKII (SHEA) BUTTER, GLYCERIN, DIMETHICONE, CETEARYL ALCOHOL, NIACINAMIDE, CAPRYLIC/CAPRIC TRIGLYCERIDE, GLYCERYL STEARATE, PEG-100, STEARATE, AMMONIUM POLYACRYLOYLDIMETHYL TAURATE, CERAMIDE NP, CERAMIDE AP, CERAMIDE EOP, SORBITAN TRISTEARATE, CARBOMER, CETEARYL ISONONANOATE, BEHENTRIMONIUM METHOSULFATE, TRIETHYL CITRATE, SODIUM BENZOATE, SODIUM LAUROYL LACTYLATE, SODIUM HYALURONATE, CHOLESTEROL, PHENOXYETHANOL, TOCOPHEROL, CITRIC ACID, CAPRYLYL GLYCOL, TRISODIUM ETHYLENEDIAMINE DISUCCINATE, XANTHAN GUM, PENTAERYTHRITYL TETRA-DI-T-BUTYL HYDROXYHYDROCINNAMATE, PHYTOSPHINGOSINE, OCTYLDODECANOL, BENZOIC ACID, PEG-20 METHYL GLUCOSE SESQUISTEARATE",niacinamide;hyaluronic-acid;ceramides,,,,,,,,,,,,,brand_direct,true,https://www.cerave.com/skincare/baby/baby-eczema-relief-cream,/product-images/brand-direct/https-www-cerave-com-skincare-baby-baby-eczema-relief-cream.jpg
https://www.cerave.com/skincare/baby/baby-moisturizing-cream,skin-protectant,Baby Moisturizing Cream,CeraVe,,"Ingredients: AQUA / WATER / EAU, GLYCERIN, CETEARYL ALCOHOL, CAPRYLIC/CAPRIC TRIGLYCERIDE, CETYL ALCOHOL, CETEARETH-20, DIMETHICONE , PETROLATUM , POTASSIUM PHOSPHATE, CERAMIDE NP , CERAMIDE AP , CERAMIDE EOP CARBOMER , BEHENTRIMONIUM METHOSULFATE, SODIUM LAUROYL LACTYLATE, SODIUM HYALURONATE, CHOLESTEROL, PHENOXYETHANOL, DIPOTASSIUM PHOSPHATE, DISODIUM EDTA, PHYTOSPHINGOSINE, XANTHAN GUM, ETHYLHEXYLGLYCERIN",hyaluronic-acid;ceramides;petrolatum,,,,,,,,,,,,,brand_direct,true,https://www.cerave.com/skincare/baby/baby-moisturizing-cream,/product-images/brand-direct/https-www-cerave-com-skincare-baby-baby-moisturizing-cream.jpg
https://www.cerave.com/skincare/baby/baby-moisturizing-lotion,skin-protectant,Baby Moisturizing Lotion,CeraVe,,"Ingredients: AQUA / WATER / EAU, CETEARYL ALCOHOL, CAPRYLIC/CAPRIC TRIGLYCERIDE, CETYL ALCOHOL, PHENOXYETHANOL, NIACINAMIDE , DIMETHICONE, ALLANTOIN, POTASSIUM PHOSPHATE, CERAMIDE NP , CERAMIDE AP , CERAMIDE EOP , CARBOMER, ZINC CITRATE, BEHENTRIMONIUM METHOSULFATE, SODIUM LAUROYL LACTYLATE, SODIUM PCA, ARGININE PCA, SODIUM HYALURONATE, CHOLESTEROL, DIPOTASSIUM PHOSPHATE, DISODIUM EDTA, TOCOPHERYL ACETATE, TOCOPHEROL, LAURIC ACID, PHYTOSPHINGOSINE, XANTHAN GUM, POLYGLYCERYL-3 DIISOSTEARATE, POLYSORBATE 60, ETHYLHEXYLGLYCERIN",niacinamide;hyaluronic-acid;ceramides,,,,,,,,,,,,,brand_direct,true,https://www.cerave.com/skincare/baby/baby-moisturizing-lotion,/product-images/brand-direct/https-www-cerave-com-skincare-baby-baby-moisturizing-lotion.jpg
https://www.cerave.com/skincare/baby/baby-wash-shampoo,skin-protectant,Baby Wash &amp; Shampoo,CeraVe,,"Ingredients: AQUA / WATER / EAU, COCO-BETAINE, DISODIUM COCOYL GLUTAMATE, CITRIC ACID, CETYL HYDROXYETHYLCELLULOSE, CERAMIDE NP , CERAMIDE AP , CERAMIDE EOP , CARBOMER, TRIETHYL CITRATE, SODIUM CHLORIDE, SODIUM COCOYL GLUTAMATE, SODIUM PHYTATE, SODIUM LAUROYL LACTYLATE, SODIUM HYALURONATE, CHOLESTEROL, DISODIUM EDTA, TOCOPHERYL ACETATE, CAPRYLOYL GLYCINE, CAPRYLYL GLYCOL, PHYTOSPHINGOSINE, XANTHAN GUM, BENZOIC ACID",hyaluronic-acid;ceramides,,,,,,,,,,,,,brand_direct,true,https://www.cerave.com/skincare/baby/baby-wash-shampoo,/product-images/brand-direct/https-www-cerave-com-skincare-baby-baby-wash-shampoo.jpg
https://www.cerave.com/skincare/cleansers/acne-benzoyl-peroxide-cleanser,brightening-texture,Acne Foaming Cream Cleanser,CeraVe,,"Active Ingredient : Benzoyl Peroxide 4% Inactive Ingredients : Water, Glycerin, Propylene Glycol, Cocamidopropyl Hydroxysultaine, Sodium C14-16 Olefin Sulfonate, Xanthan Gum, Potassium Hydroxide, Ceramide NP, Ceramide AP, Ceramide EOP, Carbomer, Niacinamide, Glycolic Acid, Sodium Chloride, Sodium Citrate, Sodium Hyaluronate, Sodium Lauroyl Lactylate, Sodium Hydroxide, Cholesterol, Phenoxyethanol, Propanediol, Citric Acid, Tetrasodium EDTA, Diethylhexyl Sodium Sulfosuccinate, Phytosphingosine, Ethylhexylglycerin, Benzoic Acid",niacinamide;hyaluronic-acid;ceramides;glycolic-acid,,,,,,,,,,,,,brand_direct,true,https://www.cerave.com/skincare/cleansers/acne-benzoyl-peroxide-cleanser,/product-images/brand-direct/https-www-cerave-com-skincare-cleansers-acne-benzoyl-peroxide-cleanser.jpg
https://www.cerave.com/skincare/cleansers/acne-salicylic-acid-cleanser,skin-protectant,Acne Control Cleanser,CeraVe,,"Active Ingredients: SALICYLIC ACID 2% Inactive Ingredients: WATER, SODIUM LAUROYL SARCOSINATE, COCAMIDOPROPYL HYDROXYSULTAINE, GLYCERIN, NIACINAMIDE , GLUCONOLACTONE, SODIUM METHYL COCOYL TAURATE, PEG-150 PENTAERYTHRITYL TETRASTEARATE, CERAMIDE NP , CERAMIDE AP , CERAMIDE EOP , CARBOMER, CALCIUM GLUCONATE, TRIETHYL CITRATE, SODIUM BENZOATE, SODIUM HYDROXIDE, SODIUM LAUROYL LACTYLATE, CHOLESTEROL, TETRASODIUM EDTA, CAPRYLYL GLYCOL, HYDROLYZED HYALURONIC ACID, TRISODIUM ETHYLENEDIAMINE DISUCCINATE, XANTHAN GUM, HECTORITE, PHYTOSPHINGOSINE, BENZOIC ACID",niacinamide;hyaluronic-acid;ceramides,,,,,,,,,,,,,brand_direct,true,https://www.cerave.com/skincare/cleansers/acne-salicylic-acid-cleanser,/product-images/brand-direct/https-www-cerave-com-skincare-cleansers-acne-salicylic-acid-cleanser.jpg
https://www.cerave.com/skincare/cleansers/air-foam-foaming-facial-cleanser,brightening-texture,Balancing Air Foam Facial Cleanser,CeraVe,,INGREDIENTS: AQUA / WATER / EAU • GLYCERIN • SODIUM CHLORIDE • GLYCOLIPIDS • DISODIUM COCOYL GLUTAMATE • SODIUM METHYL COCOYL TAURATE • NIACINAMIDE • ALLANTOIN • CERAMIDE NP • CERAMIDE AP • CERAMIDE EOP • CARBOMER • TRIETHYL CITRATE • SODIUM COCOYL GLUTAMATE • SALICYLIC ACID • SODIUM BENZOATE • SODIUM LAUROYL LACTYLATE • CHOLESTEROL • COCO-BETAINE • COCONUT ACID • CAPRYLYL GLYCOL • CITRIC ACID • PHYTOSPHINGOSINE • XANTHAN GUM • POLYEPSILON-LYSINE • BENZOIC ACID,niacinamide;ceramides,,,,,,,,,,,,,brand_direct,true,https://www.cerave.com/skincare/cleansers/air-foam-foaming-facial-cleanser,/product-images/brand-direct/https-www-cerave-com-skincare-cleansers-air-foam-foaming-facial-cleanser.jpg
https://www.cerave.com/skincare/cleansers/bha-exfoliating-toner,brightening-texture,BHA Exfoliating Toner,CeraVe,,WATER • PENTYLENE GLYCOL • TRIETHYL CITRATE • BUTYLENE GLYCOL • GLYCERIN • CERAMIDE NP • CERAMIDE AP • CERAMIDE EOP • CARBOMER • GLYCOLIPIDS • NIACINAMIDE • SODIUM HYDROXIDE • SODIUM CITRATE • SODIUM BENZOATE • SODIUM LAUROYL LACTYLATE • SODIUM PHOSPHATE • CHOLESTEROL • DISODIUM PHOSPHATE • HYDROXYETHYLCELLULOSE • CAPRYLOYL SALICYLIC ACID • TETRASODIUM GLUTAMATE DIACETATE • CAPRYLYL GLYCOL • PHYTOSPHINGOSINE • XANTHAN GUM • POLYSORBATE 60 • BENZOIC ACID,niacinamide;ceramides,,,,,,,,,,,,,brand_direct,true,https://www.cerave.com/skincare/cleansers/bha-exfoliating-toner,/product-images/brand-direct/https-www-cerave-com-skincare-cleansers-bha-exfoliating-toner.jpg
https://www.cerave.com/skincare/cleansers/brightening-vitamin-c-cleanser,brightening-texture,Brightening Vitamin C Cleanser,CeraVe,,AQUA / WATER / EAU • COCO-BETAINE • SODIUM LAUROYL SARCOSINATE • DISODIUM LAURETH SULFOSUCCINATE • NIACINAMIDE • GLYCERIN • LACTIC ACID • POTASSIUM HYDROXIDE • PEG-150 DISTEARATE • SALICYLIC ACID • DISODIUM COCOYL GLUTAMATE • LAURETH-4 • CERAMIDE NP • CERAMIDE AP • CERAMIDE EOP • CARBOMER • TRIETHYL CITRATE • SODIUM CHLORIDE • SODIUM COCOYL GLUTAMATE • SODIUM BENZOATE • SODIUM HYALURONATE • SODIUM LAUROYL LACTYLATE • CHOLESTEROL • TOCOPHERYL ACETATE • ASCORBYL GLUCOSIDE • TETRASODIUM GLUTAMATE DIACETATE • CITRIC ACID • CAPRYLYL GLYCOL • PANTHENOL • PHYTOSPHINGOSINE • XANTHAN GUM • BENZOIC ACID,niacinamide;vitamin-c;hyaluronic-acid;ceramides;panthenol;lactic-acid,,,,,,,,,,,,,brand_direct,true,https://www.cerave.com/skincare/cleansers/brightening-vitamin-c-cleanser,/product-images/brand-direct/https-www-cerave-com-skincare-cleansers-brightening-vitamin-c-cleanser.jpg
https://www.cerave.com/skincare/cleansers/clay-to-foam-cleanser,brightening-texture,Acne Clay To Foam Cleanser,CeraVe,,INGREDIENTS: WATER • GLYCERIN • KAOLIN • SODIUM COCOYL ISETHIONATE • GLYCERYL STEARATE SE • CETYL ALCOHOL • NIACINAMIDE • GLYCOLIPIDS • CARRAGEENAN • BETA-GLUCAN • CERAMIDE NP • CERAMIDE AP • CERAMIDE EOP • CARBOMER • TRIETHYL CITRATE • SODIUM HYDROXIDE • SODIUM BENZOATE • SODIUM LAUROYL LACTYLATE • CHOLESTEROL • CAPRYLYL GLYCOL • TRISODIUM ETHYLENEDIAMINE DISUCCINATE • LACTIC ACID • CHITOSAN • PHYTOSPHINGOSINE • XANTHAN GUM • BENZOIC ACID,niacinamide;ceramides;lactic-acid,,,,,,,,,,,,,brand_direct,true,https://www.cerave.com/skincare/cleansers/clay-to-foam-cleanser,/product-images/brand-direct/https-www-cerave-com-skincare-cleansers-clay-to-foam-cleanser.jpg
https://www.cerave.com/skincare/cleansers/comforting-eye-makeup-remover,skin-protectant,Comforting Eye Makeup Remover,CeraVe,,"2051504 2 FIL Code - T279181/1 – INGREDIENTS: AQUA/WATER/EAU, ISOHEXADECANE, SORBITOL, PEG-60 HYDROGENATED CASTOR OIL, STEARETH-2, CERAMIDE NP, CERAMIDE AP, CERAMIDE EOP, CARBOMER, TRIETHYL CITRATE, SODIUM HYALURONATE, SODIUM LAUROYL LACTYLATE, CHOLESTEROL, CHLORHEXIDINE DIGLUCONATE, HYDROXYACETOPHENONE, TETRASODIUM GLUTAMATE DIACETATE, CITRIC ACID, HYDROXYETHYLCELLULOSE, CAPRYLYL GLYCOL, PHYTOSPHINGOSINE, XANTHAM GUM, BENZOIC ACID",hyaluronic-acid;ceramides,,,,,,,,,,,,,brand_direct,true,https://www.cerave.com/skincare/cleansers/comforting-eye-makeup-remover,/product-images/brand-direct/https-www-cerave-com-skincare-cleansers-comforting-eye-makeup-remover.jpg
https://www.cerave.com/skincare/cleansers/facial-cleansers/-acne-foaming-cream-wash-,brightening-texture,Acne Foaming Cream Wash,CeraVe,,"ACTIVE INGREDIENT: BENZOYL PEROXIDE 10% INACTIVE INGREDIENTS: WATER, GLYCERIN, PROPYLENE GLYCOL, COCAMIDOPROPYL HYDROXYSULTAINE, SODIUM C14-16 OLEFIN SULFONATE, POTASSIUM HYDROXIDE, CERAMIDE NP, CERAMIDE AP, CERAMIDE EOP, CARBOMER, NIACINAMIDE , GLYCOLIC ACID , TRIDECETH-6, TRIETHYL CITRATE, SODIUM CITRATE, SODIUM HYALURONATE, SODIUM HYDROXIDE, SODIUM LAUROYL LACTYLATE, CHOLESTEROL, PROPANEDIOL, TETRASODIUM EDTA, CAPRYLYL GLYCOL, DIETHYLHEXYL SODIUM SULFOSUCCINATE, PHYTOSPHINGOSINE, XANTHAN GUM, ACRYLATES/C10-30 ALKYL ACRYLATE CROSSPOLYMER, BENZOIC ACID, PEG-30 DIPOLYHYDROXYSTEARATE",niacinamide;hyaluronic-acid;ceramides;glycolic-acid,,,,,,,,,,,,,brand_direct,true,https://www.cerave.com/skincare/cleansers/facial-cleansers/-acne-foaming-cream-wash-,/product-images/brand-direct/https-www-cerave-com-skincare-cleansers-facial-cleansers--acne-foaming-cream-was.jpg
https://www.cerave.com/skincare/cleansers/facial-cleansers/hydrating-foaming-oil-cleanser,skin-protectant,Hydrating Foaming Oil Cleanser,CeraVe,,"AQUA/WATER, GLYCERIN, PEG-200 HYDROGENATED GLYCERYL PALMATE, COCO-BETAINE, DISODIUM COCOYL GLUTAMATE, PEG-120 METHYL GLUCOSE DIOLEATE, POLYSORBATE 20, PEG-7 GLYCERYL COCOATE, SQUALANE, CERAMIDE NP, CERAMIDE AP, CERAMIDE EOP, CARBOMER, TRIETHYL CITRATE, SODIUM CHLORIDE, SODIUM HYDROXIDE, SODIUM COCOYL GLUTAMATE, SODIUM BENZOATE, SODIUM LAUROYL LACTYLATE, SODIUM HYALURONATE, CHOLESTEROL, CITRIC ACID, CAPRYLOYL GLYCINE, HYDROXYACETOPHENONE, CAPRYLYL GLYCOL, CAPRYLIC/ CAPRIC TRIGLYCERIDE, TRISODIUM ETHYLENEDIAMINE DISUCCINATE, PHYTOSPHINGOSINE, XANTHAN GUM, BENZOIC ACID, PEG-150 PENTAERYTHRITYL TETRASTEARATE, PPG-5-CETETH-20, PEG-6 CAPRYLIC/CAPRIC GLYCERIDE",hyaluronic-acid;ceramides;squalane,,,,,,,,,,,,,brand_direct,true,https://www.cerave.com/skincare/cleansers/facial-cleansers/hydrating-foaming-oil-cleanser,/product-images/brand-direct/https-www-cerave-com-skincare-cleansers-facial-cleansers-hydrating-foaming-oil-c.jpg
https://www.cerave.com/skincare/cleansers/foaming-cleanser-bar,skin-protectant,Foaming Cleanser Bar,CeraVe,,"Sodium Cocoyl Isethionate, Stearic Acid, Aqua / Water / Eau, Sodium Isethionate, Ci 77891 / Titanium Dioxide , Kaolin, Cocamidopropyl Hydroxysultaine, Potassium Phosphate, Ceramide Np, Ceramide Ap, Ceramide Eop, Carbomer, Glycerin, Niacinamide, Zinc Pca, Cetearyl Alcohol, Dimethicone , Ceteareth-20, Behentrimonium Methosulfate, Methyldihydrojasmonate, Sodium Chloride, Sodium Lauroyl Lactylate, Sodium Hyaluronate, Cholesterol, Phenoxyethanol, Disodium Edta, Dipotassium Phosphate, Caprylic/Capric Triglyceride, Caprylyl Glycol, Phytosphingosine, Xanthan Gum, Polyglyceryl-3 Diisostearate, Ethylhexylglycerin",niacinamide;hyaluronic-acid;ceramides,,,,,,,,,,,,,brand_direct,true,https://www.cerave.com/skincare/cleansers/foaming-cleanser-bar,/product-images/brand-direct/https-www-cerave-com-skincare-cleansers-foaming-cleanser-bar.jpg
https://www.cerave.com/skincare/cleansers/foaming-facial-cleanser,skin-protectant,Foaming Facial Cleanser,CeraVe,,"AQUA / WATER / EAU, COCAMIDOPROPYL HYDROXYSULTAINE, GLYCERIN, SODIUM LAUROYL SARCOSINATE, PEG-150 PENTAERYTHRITYL TETRASTEARATE, NIACINAMIDE, PEG-6 CAPRYLIC/CAPRIC GLYCERIDES, SODIUM METHYL COCOYL TAURATE, PROPYLENE GLYCOL, CERAMIDE NP, CERAMIDE AP, CERAMIDE EOP, CARBOMER, METHYLPARABEN, SODIUM CHLORIDE, SODIUM LAUROYL LACTYLATE, CHOLESTEROL, DISODIUM EDTA, PROPYLPARABEN, CITRIC ACID, TETRASODIUM EDTA, HYDROLYZED HYALURONIC ACID, PHYTOSPHINGOSINE, XANTHAN GUM",niacinamide;hyaluronic-acid;ceramides,,,,,,,,,,,,,brand_direct,true,https://www.cerave.com/skincare/cleansers/foaming-facial-cleanser,/product-images/brand-direct/https-www-cerave-com-skincare-cleansers-foaming-facial-cleanser.jpg
https://www.cerave.com/skincare/cleansers/hydrating-cleanser-bar,skin-protectant,Hydrating Cleanser Bar,CeraVe,,"Sodium Cocoyl Isethionate, Stearic Acid, Aqua / Water / Eau, Sodium Isethionate, Ci 77891 / Titanium Dioxide , Cocamidopropyl, Hydroxysultaine, Potassium Phosphate, Ceramide NP, Ceramide AP, Ceramide EOP, Carbomer, Glycerin, Cetearyl Alcohol, Ceteareth-20, Dimethicone , Behentrimonium, Methosulfate, Sodium Chloride, Sodium Lauroyl Lactylate, Sodium Hyaluronate, Cholesterol, Phenoxyethanol, Disodium EDTA, Dipotassium Phosphate, Tocopherol, Caprylic/Capric Triglyceride, Petrolatum , Phytosphingosine, Xanthan Gum, Ethylene Brassylate, Cetyl Alcohol, Ethylhexylglycerin",hyaluronic-acid;ceramides;petrolatum,,,,,,,,,,,,,brand_direct,true,https://www.cerave.com/skincare/cleansers/hydrating-cleanser-bar,/product-images/brand-direct/https-www-cerave-com-skincare-cleansers-hydrating-cleanser-bar.jpg
https://www.cerave.com/skincare/cleansers/hydrating-cream-to-foam-cleanser,skin-protectant,Hydrating Cream-to-Foam Cleanser,CeraVe,,"Aqua / Water / Eau, Glycerin, Sodium Methyl Cocoyl Taurate, Coco-Betaine, Sodium Cocoyl Isethionate, Sodium Chloride, Pca, Ppg-5-Ceteth-20, Peg-100 Stearate, Peg-150 Pentaerythrityl Tetrastearate, Peg-6 Caprylic/Capric Glycerides, Peg-30 Dipolyhydroxystearate, Ci 77891 / Titanium Dioxide , Aspartic Acid, Ceramide Np, Ceramide Ap, Ceramide Eop, Sorbitan Isostearate, Carbomer, Glycol Distearate, Glyceryl Stearate, Glyceryl Oleate, Glycine, Trideceth-6, Cetearyl Alcohol, Behentrimonium Methosulfate, Threonine, Sodium Hydroxide, Salicylic Acid , Sodium Pca, Sodium Lactate, Arginine, Sodium Lauroyl Lactylate, Serine, Sodium Benzoate, Valine, Sodium Hyaluronate, Proline, Isoleucine, Cholesterol, Phenoxyethanol, Alanine, Phenylalanine, Coconut Acid, Coco-Glucoside, Chlorphenesin, Disodium Edta, Hydroxyethyl Urea , Citric Acid, Hydroxyethyl Acrylate/Sodium Acryloyldimethyl Taurate Copolymer, Caprylyl Glycol, Phytosphingosine, Xanthan Gum, Histidine, Acrylates/C10-30 Alkyl Acrylate Crosspolymer, Polyquaternium-53, Polyquaternium-39, Polysorbate 60, Ethylhexylglycerin, Benzoic Acid",hyaluronic-acid;ceramides,,,,,,,,,,,,,brand_direct,true,https://www.cerave.com/skincare/cleansers/hydrating-cream-to-foam-cleanser,/product-images/brand-direct/https-www-cerave-com-skincare-cleansers-hydrating-cream-to-foam-cleanser.jpg
https://www.cerave.com/skincare/cleansers/hydrating-cream-to-foam-cleanser-refill,skin-protectant,Hydrating Cream-to-Foam Cleanser Refill,CeraVe,,"Aqua / Water / Eau, Glycerin, Sodium Methyl Cocoyl Taurate, Coco-Betaine, Sodium Cocoyl Isethionate, Sodium Chloride, Pca, Ppg-5-Ceteth-20, Peg-100 Stearate, Peg-150 Pentaerythrityl Tetrastearate, Peg-6 Caprylic/Capric Glycerides, Peg-30 Dipolyhydroxystearate, Ci 77891 / Titanium Dioxide , Aspartic Acid, Ceramide Np, Ceramide Ap, Ceramide Eop, Sorbitan Isostearate, Carbomer, Glycol Distearate, Glyceryl Stearate, Glyceryl Oleate, Glycine, Trideceth-6, Cetearyl Alcohol, Behentrimonium Methosulfate, Threonine, Sodium Hydroxide, Salicylic Acid , Sodium Pca, Sodium Lactate, Arginine, Sodium Lauroyl Lactylate, Serine, Sodium Benzoate, Valine, Sodium Hyaluronate, Proline, Isoleucine, Cholesterol, Phenoxyethanol, Alanine, Phenylalanine, Coconut Acid, Coco-Glucoside, Chlorphenesin, Disodium Edta, Hydroxyethyl Urea , Citric Acid, Hydroxyethyl Acrylate/Sodium Acryloyldimethyl Taurate Copolymer, Caprylyl Glycol, Phytosphingosine, Xanthan Gum, Histidine, Acrylates/C10-30 Alkyl Acrylate Crosspolymer, Polyquaternium-53, Polyquaternium-39, Polysorbate 60, Ethylhexylglycerin, Benzoic Acid",hyaluronic-acid;ceramides,,,,,,,,,,,,,brand_direct,true,https://www.cerave.com/skincare/cleansers/hydrating-cream-to-foam-cleanser-refill,/product-images/brand-direct/https-www-cerave-com-skincare-cleansers-hydrating-cream-to-foam-cleanser-refill.jpg
https://www.cerave.com/skincare/cleansers/hydrating-facial-cleanser,skin-protectant,Hydrating Facial Cleanser,CeraVe,,"Aqua / Water / Eau, Glycerin, Cetearyl Alcohol, Peg-40 Stearate, Stearyl Alcohol, Potassium Phosphate, Ceramide NP, Ceramide AP, Ceramide EOP, Carbomer, Glyceryl Stearate, Behentrimonium Methosulfate, Sodium Lauroyl Lactylate, Sodium Hyaluronate, Cholesterol, Phenoxyethanol, Disodium EDTA, Dipotassium Phosphate, Tocopherol, Phytosphingosine, Xanthan Gum, Cetyl Alcohol, Polysorbate 20, Ethylhexylglycerin",hyaluronic-acid;ceramides,,,,,,,,,,,,,brand_direct,true,https://www.cerave.com/skincare/cleansers/hydrating-facial-cleanser,/product-images/brand-direct/https-www-cerave-com-skincare-cleansers-hydrating-facial-cleanser.jpg
https://www.cerave.com/skincare/cleansers/hydrating-facial-cleanser-refill,skin-protectant,Hydrating Facial Cleanser Refill,CeraVe,,"Aqua / Water / Eau, Glycerin, Cetearyl Alcohol, Peg-40 Stearate, Stearyl Alcohol, Potassium Phosphate, Ceramide NP, Ceramide AP, Ceramide EOP, Carbomer, Glyceryl Stearate, Behentrimonium Methosulfate, Sodium Lauroyl Lactylate, Sodium Hyaluronate, Cholesterol, Phenoxyethanol, Disodium EDTA, Dipotassium Phosphate, Tocopherol, Phytosphingosine, Xanthan Gum, Cetyl Alcohol, Polysorbate 20, Ethylhexylglycerin",hyaluronic-acid;ceramides,,,,,,,,,,,,,brand_direct,true,https://www.cerave.com/skincare/cleansers/hydrating-facial-cleanser-refill,/product-images/brand-direct/https-www-cerave-com-skincare-cleansers-hydrating-facial-cleanser-refill.jpg
https://www.cerave.com/skincare/cleansers/hydrating-makeup-removing-plant-based-wipes,skin-protectant,Hydrating Makeup Removing Plant-Based Wipes,CeraVe,,"913116 38 - AQUA / WATER / EAU, ISOHEXADECANE, ISOPROPYL MYRISTATE, GLYCERIN, PEG-7 GLYCERYL COCOATE, HEXYLENE GLYCOL, DICAPRYLYL ETHER, CERAMIDE NP, CERAMIDE AP, CERAMIDE EOP , CARBOMER, TRIETHYL CITRATE, SODIUM HYDROXIDE, SODIUM LAUROYL LACTYLATE, CHOLESTEROL, PIROCTONE OLAMINE, TOCOPHEROL, HYDROXYACETOPHENONE, CAPRYLYL GLYCOL, CITRIC ACID, TRISODIUM ETHYLENEDIAMINE DISUCCINATE, PHYTOSPHINGOSINE, XANTHAN GUM, ACRYLATES/C10-30 ALKYL ACRYLATE CROSSPOLYMER, BENZOIC ACID",ceramides,,,,,,,,,,,,,brand_direct,true,https://www.cerave.com/skincare/cleansers/hydrating-makeup-removing-plant-based-wipes,/product-images/brand-direct/https-www-cerave-com-skincare-cleansers-hydrating-makeup-removing-plant-based-wi.jpg
https://www.cerave.com/skincare/cleansers/hydrating-micellar-water,brightening-texture,Hydrating Micellar Water,CeraVe,,"Aqua/Water/Eau, Glycerin, Hexylene Glycol, BHT, Ceramide NP, Ceramide AP, Ceramide EOP, Carbomer, Niacinamide, Sodium, Lauroyl Lactylate, Cholesterol, Phenoxyethanol, Poloxamer 184, Disodium Cocoamphodiacetate, Disodium EDTA, Phytosphingosine, Xanthan Gum, Polyaminopropyl Biguanide, Ethylhexylglycerin",niacinamide;ceramides,,,,,,,,,,,,,brand_direct,true,https://www.cerave.com/skincare/cleansers/hydrating-micellar-water,/product-images/brand-direct/https-www-cerave-com-skincare-cleansers-hydrating-micellar-water.jpg
https://www.cerave.com/skincare/cleansers/hydrating-toner,skin-protectant,Hydrating Toner,CeraVe,,"Ingredients: 2021591 3 - INGREDIENTS: AQUA/WATER, PROPANEDIOL, GLYCERIN, BUTYLENE GLYCOL, PPG-6-DECYLTETRADECETH-30, PEG-240/HDI COPOLYMER BIS-DECYLTETRADECETH-20 ETHER, PEG/PPG/POLYBUTYLENE GLYCOL-8/5/3 GLYCERIN, CERAMIDE NP, CERAMIDE AP, POTASSIUM LAURATE, CERAMIDE EOP, CARBOMER, NIACINAMIDE, SODIUM HYDROXIDE, SODIUM CITRATE, SODIUM HYALURONATE, SODIUM LAUROYL LACTYLATE, CHOLESTEROL, PHENOXYETHANOL, CHLORPHENESIN, TOCOPHEROL, CITRIC ACID, PHYTOSPHINGOSINE, XANTHAN GUM, ETHYLHEXYLGLYCERIN. (Code F.I.L. D251906/1)",niacinamide;hyaluronic-acid;ceramides,,,,,,,,,,,,,brand_direct,true,https://www.cerave.com/skincare/cleansers/hydrating-toner,/product-images/brand-direct/https-www-cerave-com-skincare-cleansers-hydrating-toner.jpg
https://www.cerave.com/skincare/cleansers/makeup-melter,skin-protectant,Cream to Water Makeup Melter,CeraVe,,Ingredients: AQUA / WATER / EAU • GLYCERIN • ISOPROPYL PALMITATE • C15-19 ALKANE • COCO-CAPRYLATE/CAPRATE • POLYGLYCERYL-2 ISOSTEARATE/DIMER DILINOLEATE COPOLYMER • SQUALANE • CERAMIDE NP • CERAMIDE AP • CERAMIDE EOP • CARBOMER • TRIETHYL CITRATE • SODIUM CHLORIDE • SODIUM CITRATE • SODIUM LAUROYL LACTYLATE • CHOLESTEROL • PIROCTONE OLAMINE • HYDROXYACETOPHENONE • CITRIC ACID • TETRASODIUM GLUTAMATE DIACETATE • CAPRYLYL GLYCOL • PHYTOSPHINGOSINE • XANTHAN GUM • POLYGLYCERYL-6 POLYRICINOLEATE • BENZOIC ACID,ceramides;squalane,,,,,,,,,,,,,brand_direct,true,https://www.cerave.com/skincare/cleansers/makeup-melter,/product-images/brand-direct/https-www-cerave-com-skincare-cleansers-makeup-melter.jpg
https://www.cerave.com/skincare/cleansers/makeup-removing-cleanser-balm,skin-protectant,Makeup Removing Cleanser Balm,CeraVe,,"2021613 14 - INGREDIENTS: ETHYLHEXYL PALMITATE, POLYETHYLENE, PEG-20 GLYCERYL TRIISOSTEARATE, AQUA/WATER/EAU, CERAMIDE NP, CERAMIDE AP, CERAMIDE EOP, CARBOMER, TRIETHYL CITRATE, SODIUM LAUROYL LACTYLATE, CHOLESTEROL, SIMMONDSIA CHINENSIS SEED OIL/ JOJOBA SEED OIL, PHENOXYETHANOL, TOCOPHEROL, CAPRYLYL GLYCOL, PHYTOSPHINGOSINE, XANTHAN GUM, POLYSORBATE 20, BENZOIC ACID, PEG-30 DIPOLYHYDROXYSTEARATE, PPG-26-BUTETH-26, PEG-40 HYDROGENATED CASTOR OIL (CODE F.I.L T292688/1)",ceramides,,,,,,,,,,,,,brand_direct,true,https://www.cerave.com/skincare/cleansers/makeup-removing-cleanser-balm,/product-images/brand-direct/https-www-cerave-com-skincare-cleansers-makeup-removing-cleanser-balm.jpg
https://www.cerave.com/skincare/cleansers/micellar-water,skin-protectant,Hydrating Micellar Water ​,CeraVe,,AQUA / WATER / EAU • HEXYLENE GLYCOL • GLYCERIN • POLOXAMER 184 • CERAMIDE NP • CERAMIDE AP • CERAMIDE EOP • CARBOMER • NIACINAMIDE • TRIETHYL CITRATE • SODIUM HYALURONATE • SODIUM LAUROYL LACTYLATE • CHOLESTEROL • DISODIUM COCOAMPHODIACETATE • DISODIUM EDTA • CAPRYLYL GLYCOL • MYRTRIMONIUM BROMIDE • PHYTOSPHINGOSINE • XANTHAN GUM • BENZOIC ACID,niacinamide;hyaluronic-acid;ceramides,,,,,,,,,,,,,brand_direct,true,https://www.cerave.com/skincare/cleansers/micellar-water,/product-images/brand-direct/https-www-cerave-com-skincare-cleansers-micellar-water.jpg
https://www.cerave.com/skincare/cleansers/psoriasis-cleanser,brightening-texture,Psoriasis Cleanser,CeraVe,,"Active Ingredient : Salicylic acid 2% Inactive Ingredients : WATER, GLYCERIN, CAPRYL/CAPRAMIDOPROPYL BETAINE, UREA, SODIUM C14-16 OLEFIN SULFONATE, SHEA BUTTERAMIDOPROPYL BETAINE, PEG-150 PENTAERYTHRITYL TETRASTEARATE, LAURETH-9, SODIUM LACTATE, NIACINAMIDE, ETHOXYDIGLYCOL, SODIUM CHLORIDE, GLUCONOLACTONE, C12-13 ALKYL LACTATE, CERAMIDE NP, CERAMIDE AP, CERAMIDE EOP, CARBOMER, SACCHARIDE ISOMERATE, GLYCOLIC ACID, CALCIUM GLUCONATE, SODIUM BENZOATE, SODIUM CITRATE, SODIUM LAUROYL LACTYLATE, CHOLESTEROL, PHENOXYETHANOL, DISODIUM EDTA, TETRASODIUM EDTA, CITRIC ACID, HYDROLYZED HYALURONIC ACID , LACTIC ACID, PHYTOSPHINGOSINE, XANTHAN GUM, HEXYLENE GLYCOL, ETHYLHEXYLGLYCERIN, BENZOIC ACID",niacinamide;hyaluronic-acid;ceramides;glycolic-acid;lactic-acid,,,,,,,,,,,,,brand_direct,true,https://www.cerave.com/skincare/cleansers/psoriasis-cleanser,/product-images/brand-direct/https-www-cerave-com-skincare-cleansers-psoriasis-cleanser.jpg
https://www.cerave.com/skincare/cleansers/renewing-sa-cleanser,skin-protectant,Renewing SA Cleanser,CeraVe,,"Aqua/Water/Eau, Cocamidopropyl Hydroxysultaine, Glycerin, Sodium Lauroyl Sarcosinate, Niacinamide, Gluconolactone, Peg-150 Pentaerythrityl Tetrastearate, Sodium Methyl Cocoyl Taurate, Zea Mays Oil/Corn Oil, Ceramide NP, Ceramide AP, Ceramide EOP, Carbomer, Calcium Gluconate, Sodium Chloride, Salicylic Acid, Sodium Benzoate, Sodium Lauroyl Lactylate, Cholecalciferol, Cholesterol, Phenoxyethanol, Disodium Edta, Tetrasodium Edta, Hydrolyzed Hyaluronic Acid, Phytosphingosine, Xanthan Gum, Ethylhexylglycerin",niacinamide;hyaluronic-acid;ceramides,,,,,,,,,,,,,brand_direct,true,https://www.cerave.com/skincare/cleansers/renewing-sa-cleanser,/product-images/brand-direct/https-www-cerave-com-skincare-cleansers-renewing-sa-cleanser.jpg
https://www.cerave.com/skincare/cleansers/sa-body-wash-for-rough-and-bumpy-skin,skin-protectant,SA Body Wash for Rough &amp; Bumpy Skin,CeraVe,,"Aqua / Water / Eau, Cocamidopropyl Hydroxysultaine, Glycerin, Sodium Lauroyl Sarcosinate, Niacinamide, Gluconolactone, Peg-150 Pentaerythrityl Tetrastearate, Sodium Methyl Cocoyl Taurate, Zea Mays Oil / Corn Oil, Ceramide Np, Ceramide Ap, Ceramide Eop, Carbomer, Calcium Gluconate, Sodium Chloride, Salicylic Acid, Sodium Benzoate, Sodium Lauroyl Lactylate, Cholecalciferol, Cholesterol, Phenoxyethanol, Disodium Edta, Tetrasodium Edta, Hydrolyzed Hyaluronic Acid, Phytosphingosine, Xanthan Gum, Ethylhexylglycerin",niacinamide;hyaluronic-acid;ceramides,,,,,,,,,,,,,brand_direct,true,https://www.cerave.com/skincare/cleansers/sa-body-wash-for-rough-and-bumpy-skin,/product-images/brand-direct/https-www-cerave-com-skincare-cleansers-sa-body-wash-for-rough-and-bumpy-skin.jpg
https://www.cerave.com/skincare/cleansers/sa-cleanser-bar-for-rough-and-bumpy-skin,skin-protectant,SA Cleanser Bar for Rough &amp; Bumpy Skin,CeraVe,,"SODIUM COCOYL ISETHIONATE, STEARIC ACID, AQUA / WATER / EAU, COCONUT ACID, SODIUM ISETHIONATE, CI 77891 / TITANIUM DIOXIDE, COCAMIDOPROPYL HYDROXYSULTAINE, POTASSIUM PHOSPHATE, CERAMIDE NP, CERAMIDE AP, CERAMIDE EOP, CARBOMER, GLYCERIN, CETEARYL ALCOHOL, CETEARETH-20, DIMETHICONE, BEHENTRIMONIUM METHOSULFATE, METHYLDIHYDROJASMONATE, SODIUM CHLORIDE, SALICYLIC ACID, SODIUM CARBONATE, SODIUM LAUROYL LACTYLATE, SODIUM HYALURONATE, CHOLESTEROL, PHENOXYETHANOL, JOJOBA ESTERS, DISODIUM EDTA, DIPOTASSIUM PHOSPHATE, TOCOPHEROL, CAPRYLIC/CAPRIC TRIGLYCERIDE, PETROLATUM, PHYTOSPHINGOSINE, XANTHAN GUM, CETYL ALCOHOL, ETHYLHEXYLGLYCERIN",hyaluronic-acid;ceramides;petrolatum,,,,,,,,,,,,,brand_direct,true,https://www.cerave.com/skincare/cleansers/sa-cleanser-bar-for-rough-and-bumpy-skin,/product-images/brand-direct/https-www-cerave-com-skincare-cleansers-sa-cleanser-bar-for-rough-and-bumpy-skin.jpg
https://www.cerave.com/skincare/cleansers/soothing-body-wash,skin-protectant,Soothing Body Wash,CeraVe,,"Glycine Soja Oil / Soybean Oil, Ricinus Communis Seed Oil / Castor Seed Oil, Laureth-4, Silica Dimethyl Silylate, Laureth-7 Citrate, Aqua / Water / Eau, Urea , Ceramide NP, Ceramide AP, Ceramide EOP, Carbomer, Sodium Pca, Sodium Lauroyl Lactylate, Sodium Hyaluronate, Cholesterol, Phenoxyethanol, Tocopheryl Acetate, Tocopherol, Citric Acid, Hydrogenated Palm Glycerides Citrate, Hydrogenated Castor Oil, Phytosphingosine, Xanthan Gum, Ethylhexylglycerin",hyaluronic-acid;ceramides,,,,,,,,,,,,,brand_direct,true,https://www.cerave.com/skincare/cleansers/soothing-body-wash,/product-images/brand-direct/https-www-cerave-com-skincare-cleansers-soothing-body-wash.jpg
https://www.cerave.com/skincare/facial-serums/hydrating-hyaluronic-acid-serum,skin-protectant,Hydrating Hyaluronic Acid Serum,CeraVe,,"AQUA / WATER, GLYCERIN, CETEARYL ETHYLHEXANOATE, DIMETHICONE , AMMONIUM POLYACRYLOYLDIMETHYL TAURATE, SODIUM HYALURONATE, PANTHENOL, CERAMIDE NP, CERAMIDE AP, CERAMIDE EOP, CARBOMER, CETEARYL ALCOHOL, BEHENTRIMONIUM METHOSULFATE, SODIUM HYDROXIDE, SODIUM LAUROYL LACTYLATE, CHOLESTEROL, PHENOXYETHANOL, DISODIUM EDTA, ISOPROPYL MYRISTATE, CAPRYLYL GLYCOL, CITRIC ACID, XANTHAN GUM, PHYTOSPHINGOSINE, ETHYLHEXYLGLYCERIN",hyaluronic-acid;ceramides;panthenol,,,,,,,,,,,,,brand_direct,true,https://www.cerave.com/skincare/facial-serums/hydrating-hyaluronic-acid-serum,/product-images/brand-direct/https-www-cerave-com-skincare-facial-serums-hydrating-hyaluronic-acid-serum.jpg
https://www.cerave.com/skincare/facial-serums/resurfacing-retinol-serum,brightening-texture,Resurfacing Retinol Serum,CeraVe,,"AQUA/WATER/EAU, PROPANEDIOL, DIMETHICONE , CETEARYL ETHYLHEXANOATE, NIACINAMIDE, AMMONIUM POLYACRYLOYLDIMETHYL TAURATE, DIPOTASSIUM GLYCYRRHIZATE, HYDROGENATED LECITHIN, POTASSIUM PHOSPHATE, CERAMIDE NP, CERAMIDE AP, CERAMIDE EOP, CARBOMER, CETEARYL ALCOHOL, BEHENTRIMONIUM METHOSULFATE, DIMETHICONOL, LECITHIN, SODIUM CITRATE, RETINOL, SODIUM HYALURONATE, SODIUM LAUROYL LACTYLATE, CHOLESTEROL, PHENOXYETHANOL, ALCOHOL, ISOPROPYL MYRISTATE, CAPRYLYL GLYCOL, CITRIC ACID, TRISODIUM ETHYLENEDIAMINE DISUCCINATE, PENTYLENE GLYCOL, PHYTOSPHINGOSINE, XANTHAN GUM, POLYSORBATE 20, ETHYLHEXYLGLYCERIN",niacinamide;hyaluronic-acid;retinol-cosmetic;ceramides,,,,,,,,,,,,,brand_direct,true,https://www.cerave.com/skincare/facial-serums/resurfacing-retinol-serum,/product-images/brand-direct/https-www-cerave-com-skincare-facial-serums-resurfacing-retinol-serum.jpg
https://www.cerave.com/skincare/facial-serums/skin-renewing-nightly-exfoliating-treatment,skin-protectant,Skin Renewing Nightly Exfoliating Treatment,CeraVe,,"AQUA / WATER / EAU, GLYCERIN, CETEARYL ETHYLHEXANOATE, CETEARYL ALCOHOL, DIMETHICONE LYCOLIC ACID, LACTIC ACID, SODIUM HYDROXIDE, DIPOTASSIUM GLYCYRRHIZATE, POLYACRYLATE CROSSPOLYMER-6 , CERAMIDE NP, CERAMIDE AP, CERAMIDE EOP , CARBOMER, CETEARYL GLUCOSIDE, BEHENTRIMONIUM METHOSULFATE, TRIETHYL CITRATE, SODIUM HYALURONATE, SODIUM LAUROYL LACTYLATE, CHOLESTEROL, PHENOXYETHANOL, PHENYLETHYL RESORCINOL, ISOPROPYL MYRISTATE, CAPRYLYL GLYCOL, CITRIC ACID, TRISODIUM ETHYLENEDIAMINE DISUCCINATE, XANTHAN GUM, PHYTOSPHINGOSINE, BENZOIC ACID",hyaluronic-acid;ceramides;lactic-acid,,,,,,,,,,,,,brand_direct,true,https://www.cerave.com/skincare/facial-serums/skin-renewing-nightly-exfoliating-treatment,/product-images/brand-direct/https-www-cerave-com-skincare-facial-serums-skin-renewing-nightly-exfoliating-tr.jpg
https://www.cerave.com/skincare/facial-serums/skin-renewing-retinol-serum,brightening-texture,Skin Renewing Retinol Serum,CeraVe,,"Aqua/Water/Eau, Glycerin, Caprylic/Capric Triglyceride, Potassium Cetyl Phosphate, Hydrogenated Palm Glycerides, Polysorbate 20, Peg-40 Stearate, Cyclopentasiloxane, Hydroxyethylcellulose, Potassium Phosphate, Ceramide NP, Ceramide AP, Ceramide EOP, Carbomer, Niacinamide, Isoceteth-10, Dimethicone /Vinyl Dimethicone Crosspolymer, Triethanolamine, Cetearyl Alcohol, Behentrimonium Methosulfate, Cichorium Intybus Root Extract / Chicory Root Extract, Lecithin, Retinol, Silica, Sodium Lauroyl Lactylate, Cholesterol, Phenoxyethanol, Tocopherol, Alcohol, Hydroxyacetophenone, Citric Acid, Hydrolyzed Hyaluronic Acid, Pentylene Glycol, Xanthan Gum, Phytosphingosine, Butyrospermum Parkii Butter / Shea Butter, Ethylhexylglycerin",niacinamide;hyaluronic-acid;retinol-cosmetic;ceramides,,,,,,,,,,,,,brand_direct,true,https://www.cerave.com/skincare/facial-serums/skin-renewing-retinol-serum,/product-images/brand-direct/https-www-cerave-com-skincare-facial-serums-skin-renewing-retinol-serum.jpg
https://www.cerave.com/skincare/facial-serums/skin-renewing-super-boost-serum,skin-protectant,Skin Renewing Super Boost Serum,CeraVe,,"AQUA / WATER / EAU, NIACINAMIDE, GLYCERIN, PROPANEDIOL, DIMETHICONE, ISOPROPYL ISOSTEARATE, UNDECANE, CAPRYLIC/CAPRIC TRIGLYCERIDE, PENTYLENE GLYCOL, CERAMIDE NP, CERAMIDE AP, COCAMIDE MIPA, CERAMIDE EOP, CARBOMER, GLYCERYL STEARATE, TRIDECANE, CETEARYL ALCOHOL, BEHENTRIMONIUM METHOSULFATE, TRIETHYL CITRATE, SAFFLOWER GLUCOSIDE, SILICA, HELIANTHUS ANNUUS SEED CERA / SUNFLOWER SEED WAX, SODIUM STEAROYL GLUTAMATE, SODIUM LAUROYL LACTYLATE, SODIUM HYALURONATE, SODIUM CITRATE, CHOLESTEROL, PHENOXYETHANOL, CYANOCOBALAMIN, BORON NITRIDE, TOCOPHEROL, JOJOBA ESTERS, AMMONIUM POLYACRYLOYLDIMETHYL TAURATE, DISODIUM STEAROYL GLUTAMATE, CAPRYLOYL SALICYLIC ACID, CITRIC ACID, CAPRYLYL GLYCOL, TRISODIUM ETHYLENEDIAMINE DISUCCINATE, PANTHENOL, XANTHAN GUM, PENTAERYTHRITYL TETRA-DI-T-BUTYL HYDROXYHYDROCINNAMATE, ACETYL DIPEPTIDE-1 CETYL ESTER, PHYTOSPHINGOSINE, POLYGLYCERYL-3 METHYLGLUCOSE DISTEARATE, POLYGLYCERIN-3, BENZOIC ACID (F.I.L. N70090687/1)",niacinamide;hyaluronic-acid;ceramides;panthenol,,,,,,,,,,,,,brand_direct,true,https://www.cerave.com/skincare/facial-serums/skin-renewing-super-boost-serum,/product-images/brand-direct/https-www-cerave-com-skincare-facial-serums-skin-renewing-super-boost-serum.jpg
https://www.cerave.com/skincare/facial-serums/skin-renewing-vitamin-c-serum,skin-protectant,Skin Renewing Vitamin C Serum,CeraVe,,"WATER, ASCORBIC ACID, GLYCERIN, DIMETHICONE , CETEARYL ETHYLHEXANOATE, ALCOHOL DENAT., SODIUM HYDROXIDE, AMMONIUM POLYACRYLOYLDIMETHYL TAURATE, PANTHENOL, CERAMIDE NP, CERAMIDE AP, CERAMIDE EOP, CARBOMER, CETEARYL ALCOHOL, BEHENTRIMONIUM METHOSULFATE, SODIUM HYALURONATE, SODIUM LAUROYL LACTYLATE, CHOLESTEROL, PHENOXYETHANOL, TOCOPHERYL ACETATE, DISODIUM EDTA, ISOPROPYL MYRISTATE, CAPRYLYL GLYCOL, XANTHAN GUM, PHYTOSPHINGOSINE, ETHYLHEXYLGLYCERIN",vitamin-c;hyaluronic-acid;ceramides;panthenol,,,,,,,,,,,,,brand_direct,true,https://www.cerave.com/skincare/facial-serums/skin-renewing-vitamin-c-serum,/product-images/brand-direct/https-www-cerave-com-skincare-facial-serums-skin-renewing-vitamin-c-serum.jpg
https://www.cerave.com/skincare/moisturizers/am-facial-moisturizing-lotion-with-sunscreen,skin-protectant,AM Facial Moisturizing Lotion SPF 30,CeraVe,,"ACTIVE INGREDIENTS : HOMOSALATE (10%), OCTINOXATE (5%), OCTOCRYLENE (2%), ZINC OXIDE (8%) INACTIVE INGREDIENTS : WATER, NIACINAMIDE , CETEARYL ALCOHOL, GLYCERIN, PROPANEDIOL, DIMETHICONE , BEHENTRIMONIUM METHOSULFATE, BHT, CERAMIDE NP, CERAMIDE AP, CERAMIDE EOP, CARBOMER, TRIETHOXYCAPRYLYLSILANE, TRIETHYL CITRATE, SODIUM LAUROYL LACTYLATE, SODIUM HYALURONATE, CHOLESTEROL, ALUMINUM STARCH OCTENYLSUCCINATE, PHENOXYETHANOL, HYDROXYETHYLCELLULOSE, HYDROXYACETOPHENONE, CAPRYLYL GLYCOL, TRISODIUM ETHYLENEDIAMINE DISUCCINATE, PHYTOSPHINGOSINE, XANTHAN GUM, BENZOIC ACID",niacinamide;hyaluronic-acid;ceramides,,,,,,,,,,,,,brand_direct,true,https://www.cerave.com/skincare/moisturizers/am-facial-moisturizing-lotion-with-sunscreen,/product-images/brand-direct/https-www-cerave-com-skincare-moisturizers-am-facial-moisturizing-lotion-with-su.jpg
https://www.cerave.com/skincare/moisturizers/brightening-vitamin-c-lotion,brightening-texture,Brightening Vitamin C Lotion,CeraVe,,"AQUA / WATER / EAU, GLYCERIN, NIACINAMIDE, PROPANEDIOL, C15-19 ALKANE, SILICA, DICAPRYLYL CARBONATE, TARAXACUM OFFICINALE RHIZOME/ROOT EXTRACT - DANDELION RHIZOME/ROOT EXTRACT, CERAMIDE NP, CERAMIDE AP, CERAMIDE EOP, CARBOMER, GLYCERYL STEARATE, CETEARYL ALCOHOL, DIMETHICONE BEHENTRIMONIUM METHOSULFATE, TRIETHYL CITRATE, SODIUM HYDROXIDE, HELIANTHUS ANNUUS SEED CERA / SUNFLOWER SEED WAX, SODIUM STEAROYL GLUTAMATE, SODIUM LAUROYL LACTYLATE, CHOLESTEROL, PHENOXYETHANOL, TOCOPHEROL, JOJOBA ESTERS, ASCORBYL GLUCOSIDE, CAPRYLYL GLYCOL, CAPRYLOYL SALICYLIC ACID, TETRASODIUM GLUTAMATE DIACETATE, BIOSACCHARIDE GUM-1, XANTHAN GUM, PENTYLENE GLYCOL, PHYTOSPHINGOSINE, POLYGLYCERIN-3, BENZOIC ACID (F.I.L. N70093836/1)",niacinamide;vitamin-c;ceramides,,,,,,,,,,,,,brand_direct,true,https://www.cerave.com/skincare/moisturizers/brightening-vitamin-c-lotion,/product-images/brand-direct/https-www-cerave-com-skincare-moisturizers-brightening-vitamin-c-lotion.jpg
https://www.cerave.com/skincare/moisturizers/daily-moisturizing-lotion,skin-protectant,Daily Moisturizing Lotion,CeraVe,,"AQUA / WATER / EAU, GLYCERIN,CAPRYLIC/CAPRIC TRIGLYCERIDE, CETEARYL ALCOHOL, CETYL ALCOHOL, DIMETHICONE, PHENOXYETHANOL, POLYSORBATE 20, CETEARETH-20,BEHENTRIMONIUM METHOSULFATE, POLYGLYCERYL-3 DIISOSTEARATE, SODIUM LAUROYL LACTYLATE, ETHYLHEXYLGLYCERIN, POTASSIUM PHOSPHATE, DISODIUM EDTA, DIPOTASSIUM PHOSPHATE, CERAMIDE NP, CERAMIDE AP, PHYTOSPHINGOSINE, CHOLESTEROL, XANTHAN GUM, CARBOMER, SODIUM HYALURONATE, TOCOPHEROL, CERAMIDE EOP - (CODE F.I.L D215763/2)",hyaluronic-acid;ceramides,,,,,,,,,,,,,brand_direct,true,https://www.cerave.com/skincare/moisturizers/daily-moisturizing-lotion,/product-images/brand-direct/https-www-cerave-com-skincare-moisturizers-daily-moisturizing-lotion.jpg
https://www.cerave.com/skincare/moisturizers/eczema-relief-moisturizing-cream,skin-protectant,Eczema Relief Moisturizing Cream,CeraVe,,"WATER , BUTYROSPERMUM PARKII (SHEA) BUTTER , GLYCERIN , DIMETHICONE , CETEARYL ALCOHOL , NIACINAMIDE , CAPRYLIC/CAPRIC TRIGLYCERIDE , GLYCERYL STEARATE , PEG-100 STEARATE , AMMONIUM POLYACRYLOYLDIMETHYL TAURATE , CERAMIDE NP , CERAMIDE AP , CERAMIDE EOP , SORBITAN TRISTEARATE , CARBOMER , CETEARYL ISONONANOATE , BEHENTRIMONIUM METHOSULFATE , TRIETHYL CITRATE , SODIUM BENZOATE , SODIUM LAUROYL LACTYLATE , SODIUM HYALURONATE , CHOLESTEROL , PHENOXYETHANOL , TOCOPHEROL , CITRIC ACID , CAPRYLYL GLYCOL , TRISODIUM ETHYLENEDIAMINE DISUCCINATE , XANTHAN GUM , PENTAERYTHRITYL TETRA-DI-T-BUTYL HYDROXYHYDROCINNAMATE , PHYTOSPHINGOSINE , OCTYLDODECANOL , BENZOIC ACID , PEG-20 METHYL GLUCOSE SESQUISTEARATE",niacinamide;hyaluronic-acid;ceramides,,,,,,,,,,,,,brand_direct,true,https://www.cerave.com/skincare/moisturizers/eczema-relief-moisturizing-cream,/product-images/brand-direct/https-www-cerave-com-skincare-moisturizers-eczema-relief-moisturizing-cream.jpg
https://www.cerave.com/skincare/moisturizers/eye-repair-cream,skin-protectant,Eye Repair Cream,CeraVe,,"AQUA / WATER / EAU, NIACINAMIDE, CETYL ALCOHOL, CAPRYLIC/CAPRIC TRIGLYCERIDE, GLYCERIN, PROPANEDIOL, ISONONYL ISONONANOATE, JOJOBA ESTERS, PEG-20 METHYL GLUCOSE SESQUISTEARATE, CETEARYL ALCOHOL, DIMETHICONE , METHYL GLUCOSE SESQUISTEARATE, ASPARAGOPSIS ARMATA EXTRACT, CERAMIDE NP, CERAMIDE AP, POTASSIUM SORBATE, CERAMIDE EOP, SORBITOL, CARBOMER, ZINC CITRATE, BEHENTRIMONIUM METHOSULFATE, TRIETHANOLAMINE, ALOE BARBADENSIS LEAF EXTRACT, SODIUM LAUROYL LACTYLATE, SODIUM HYDROXIDE, EQUISETUM ARVENSE EXTRACT, SODIUM HYALURONATE, CHOLESTEROL, PHENOXYETHANOL, PRUNUS AMYGDALUS DULCIS OIL / SWEET ALMOND OIL, TOCOPHEROL, ASCOPHYLLUM NODOSUM EXTRACT, LAURETH-4, HYDROGENATED VEGETABLE OIL, TETRASODIUM EDTA, MALTODEXTRIN, PHYTOSPHINGOSINE, XANTHAN GUM, BUTYLENE GLYCOL, ETHYLHEXYLGLYCERIN, CHRYSANTHELLUM INDICUM EXTRACT",niacinamide;hyaluronic-acid;ceramides,,,,,,,,,,,,,brand_direct,true,https://www.cerave.com/skincare/moisturizers/eye-repair-cream,/product-images/brand-direct/https-www-cerave-com-skincare-moisturizers-eye-repair-cream.jpg
https://www.cerave.com/skincare/moisturizers/facial-moisturizers/am-facial-moisturizing-lotion-spf-50,skin-protectant,AM Facial Moisturizing Lotion SPF 50,CeraVe,,"ACTIVE INGREDIENTS: HOMOSALATE (8%), ZINC OXIDE (7%), OCTISALATE (5%), OCTOCRYLENE (5%) INACTIVE INGREDIENTS: WATER, GLYCERIN, DIMETHICONE, PROPANEDIOL, BUTYLOCTYL SALICYLATE, STEARETH-20, CELLULOSE, NIACINAMIDE, ETHYLHEXYL METHOXYCRYLENE, STEARETH-2, CERAMIDE NP, CERAMIDE AP, CERAMIDE EOP, SORBITAN ISOSTEARATE, CARBOMER, GLYCINE SOJA (SOYBEAN) OIL, TRIETHOXYCAPRYLYLSILANE, CETEARYL ALCOHOL, BEHENTRIMONIUM METHOSULFATE, TRIETHYL CITRATE, SODIUM HYALURONATE, SODIUM LAUROYL LACTYLATE, CHOLESTEROL, AMMONIUM POLYACRYLOYLDIMETHYL TAURATE, TOCOPHEROL, CHLORPHENESIN, HYDROXYACETOPHENONE, CAPRYLYL GLYCOL, HYDROXYETHYL ACRYLATE/SODIUM ACRYLOYLDIMETHYL TAURATE COPOLYMER, TRISODIUM ETHYLENEDIAMINE DISUCCINATE, PHYTOSPHINGOSINE, XANTHAN GUM, POLYHYDROXYSTEARIC ACID, POLYSORBATE 60, ORYZA SATIVA (RICE) BRAN WAX, BENZOIC ACID, C12-22 ALKYL ACRYLATE/HYDROXYETHYLACRYLATE COPOLYMER",niacinamide;hyaluronic-acid;ceramides,,,,,,,,,,,,,brand_direct,true,https://www.cerave.com/skincare/moisturizers/facial-moisturizers/am-facial-moisturizing-lotion-spf-50,/product-images/brand-direct/https-www-cerave-com-skincare-moisturizers-facial-moisturizers-am-facial-moistur.jpg
https://www.cerave.com/skincare/moisturizers/facial-moisturizers/hydrating-hyaluronic-acid-water-gel,skin-protectant,Hydrating Hyaluronic Acid Water Gel Face Moisturizer,CeraVe,,"AQUA / WATER / EAU , GLYCERIN , NIACINAMIDE , PROPANEDIOL , DIMETHICONE , ISONONYL ISONONANOATE , CERAMIDE NP , CERAMIDE AP , CERAMIDE EOP , CARBOMER , DIMETHICONE CROSSPOLYMER , CETEARYL ALCOHOL , BEHENTRIMONIUM METHOSULFATE , TRIETHYL CITRATE , SAFFLOWER GLUCOSIDE , SILICA , SODIUM HYDROXIDE , SODIUM HYALURONATE , SODIUM LAUROYL LACTYLATE , SODIUM CITRATE , CHOLESTEROL , PHENOXYETHANOL , TOCOPHEROL , CHLORPHENESIN , COPPER PCA , CAPRYLYL GLYCOL , TRISODIUM ETHYLENEDIAMINE DISUCCINATE , BIOSACCHARIDE GUM-1 , XANTHAN GUM , PHYTOSPHINGOSINE , BENZOIC ACID",niacinamide;hyaluronic-acid;ceramides,,,,,,,,,,,,,brand_direct,true,https://www.cerave.com/skincare/moisturizers/facial-moisturizers/hydrating-hyaluronic-acid-water-gel,/product-images/brand-direct/https-www-cerave-com-skincare-moisturizers-facial-moisturizers-hydrating-hyaluro.jpg
https://www.cerave.com/skincare/moisturizers/facial-moisturizers/oil-control-moisturizing-gel-cream,skin-protectant,Oil Control Moisturizing Gel-Cream,CeraVe,,"AQUA / WATER / EAU, NIACINAMIDE, GLYCERIN, CETEARYL ISONONANOATE, C14-22 ALCOHOLS, ISOPROPYL MYRISTATE, ZEA MAYS STARCH / CORN STARCH, CERAMIDE NP, CERAMIDE AP, CERAMIDE EOP, CARBOMER, CETEARYL ALCOHOL, BEHENTRIMONIUM METHOSULFATE, TRIETHYL CITRATE, SILICA, SODIUM HYDROXIDE, SODIUM HYALURONATE, SODIUM LAUROYL LACTYLATE, CHOLESTEROL, PHENOXYETHANOL, CITRIC ACID, CAPRYLYL GLYCOL, TRISODIUM ETHYLENEDIAMINE DISUCCINATE, XANTHAN GUM, PHYTOSPHINGOSINE, POLYACRYLATE CROSSPOLYMER-6, BENZOIC ACID, C12-20 ALKYL GLUCOSIDE",niacinamide;hyaluronic-acid;ceramides,,,,,,,,,,,,,brand_direct,true,https://www.cerave.com/skincare/moisturizers/facial-moisturizers/oil-control-moisturizing-gel-cream,/product-images/brand-direct/https-www-cerave-com-skincare-moisturizers-facial-moisturizers-oil-control-moist.jpg
https://www.cerave.com/skincare/moisturizers/facial-moisturizers/skin-renewing-brightening-lotion-spf-30,skin-protectant,Skin Renewing Brightening Lotion with SPF 30,CeraVe,,"ACTIVE INGREDIENTS : AVOBENZONE 3%, HOMOSALATE 5%, OCTISALATE 5%, OCTOCRYLENE 7% INGREDIENTS : WATER, GLYCERIN, NIACINAMIDE, DIMETHICONE, ALUMINUM STARCH OCTENYLSUCCINATE, ISOPROPYL ISOSTEARATE, ISOHEXADECANE, SQUALANE, BORON NITRIDE, POTASSIUM HYDROXIDE, CERAMIDE NP, CERAMIDE AP, CERAMIDE EOP, CARBOMER, SORBITAN OLEATE, GLYCERYL STEARATE, BEHENYL ALCOHOL, 2-MERCAPTONICOTINOYL GLYCINE, CETEARYL ALCOHOL, CETEARYL GLUCOSIDE, TRIETHYL CITRATE, BEHENTRIMONIUM METHOSULFATE, SODIUM ACRYLATE/SODIUM ACRYLOYLDIMETHYL TAURATE COPOLYMER, SODIUM HYALURONATE, SODIUM THIOSULFATE, SODIUM LAUROYL LACTYLATE, CHOLESTEROL, PHENOXYETHANOL, CARNOSINE, AMMONIUM ACRYLOYLDIMETHYLTAURATE/VP COPOLYMER, TOCOPHEROL, HYDROXYACETOPHENONE, CAPRYLYL GLYCOL, TRISODIUM ETHYLENEDIAMINE DISUCCINATE, PENTAERYTHRITYL TETRA-DI-T-BUTYL HYDROXYHYDROCINNAMATE, PHYTOSPHINGOSINE, XANTHAN GUM, CETYL ALCOHOL, POLYSORBATE 80, BENZOIC ACID, PEG-100 STEARATE",niacinamide;hyaluronic-acid;ceramides;squalane,,,,,,,,,,,,,brand_direct,true,https://www.cerave.com/skincare/moisturizers/facial-moisturizers/skin-renewing-brightening-lotion-spf-30,/product-images/brand-direct/https-www-cerave-com-skincare-moisturizers-facial-moisturizers-skin-renewing-bri.jpg
https://www.cerave.com/skincare/moisturizers/facial-moisturizers/skin-renewing-eye-cream,skin-protectant,Skin Renewing Eye Cream,CeraVe,,"AQUA / WATER / EAU, PROPANEDIOL, GLYCERIN, NIACINAMIDE, CETEARYL ALCOHOL, CETEARYL ETHYLHEXANOATE, CAPRYLIC/CAPRIC TRIGLYCERIDE, DIMETHICONE , PETROLATUM , POLYACRYLATE CROSSPOLYMER-6, HYDROGENATED LECITHIN, CERAMIDE NP, CERAMIDE AP, CERAMIDE EOP, CARBOMER, BEHENTRIMONIUM METHOSULFATE, TRIETHYL CITRATE, CAFFEINE, SODIUM HYALURONATE, SODIUM LAUROYL LACTYLATE, SODIUM LACTATE, CHOLESTEROL, PALMITOYL TRIPEPTIDE-1, PALMITOYL TETRAPEPTIDE-7, PHENOXYETHANOL, ISOPROPYL MYRISTATE, CAPRYLYL GLYCOL, TRISODIUM ETHYLENEDIAMINE DISUCCINATE, PHYTOSPHINGOSINE, XANTHAN GUM, BUTYLENE GLYCOL, POLYSORBATE 20, BENZOIC ACID",niacinamide;hyaluronic-acid;ceramides;peptides;petrolatum,,,,,,,,,,,,,brand_direct,true,https://www.cerave.com/skincare/moisturizers/facial-moisturizers/skin-renewing-eye-cream,/product-images/brand-direct/https-www-cerave-com-skincare-moisturizers-facial-moisturizers-skin-renewing-eye.jpg
https://www.cerave.com/skincare/moisturizers/facial-moisturizers/skin-renewing-vitamin-c-eye-cream,skin-protectant,Skin Renewing Vitamin C Eye Cream,CeraVe,,"AQUA / WATER / EAU, GLYCERIN, ASCORBIC ACID, PROPANEDIOL, DIMETHICONE, CAPRYLIC/CAPRIC TRIGLYCERIDE, CETEARYL ALCOHOL, GLYCERYL ISOSTEARATE, SODIUM HYDROXIDE, GLYCERYL STEARATE, PEG-100 STEARATE, PANTHENOL, DIPOTASSIUM GLYCYRRHIZATE, HYDROGENATED JOJOBA OIL, CERAMIDE NP, CERAMIDE AP, CERAMIDE EOP, CARBOMER, COPERNICIA CERIFERA CERA / CARNAUBA WAX / CIRE DE CARNAUBA, CETEARYL GLUCOSIDE, BEHENTRIMONIUM METHOSULFATE, TRIETHYL CITRATE, CAFFEINE, SILICA, SODIUM HYALURONATE, SODIUM LAUROYL LACTYLATE, CHOLESTEROL, PHENOXYETHANOL, TOCOPHEROL, HYDROGENATED LECITHIN, HYDROXYACETOPHENONE, CITRIC ACID, CAPRYLYL GLYCOL, TRISODIUM ETHYLENEDIAMINE DISUCCINATE, XANTHAN GUM, PENTAERYTHRITYL TETRA-DI-T-BUTYL HYDROXYHYDROCINNAMATE, PHYTOSPHINGOSINE, POLYACRYLATE CROSSPOLYMER-6, BENZOIC ACID",vitamin-c;hyaluronic-acid;ceramides;panthenol,,,,,,,,,,,,,brand_direct,true,https://www.cerave.com/skincare/moisturizers/facial-moisturizers/skin-renewing-vitamin-c-eye-cream,/product-images/brand-direct/https-www-cerave-com-skincare-moisturizers-facial-moisturizers-skin-renewing-vit.jpg
https://www.cerave.com/skincare/moisturizers/facial-moisturizers/ultra-light-moisturizing-gel,skin-protectant,Ultra-Light Moisturizing Gel,CeraVe,,"AQUA / WATER / EAU, GLYCERIN, NIACINAMIDE , PROPANEDIOL, DIMETHICONE , ISONONYL ISONONANOATE, CERAMIDE NP, CERAMIDE AP, CERAMIDE EOP, CARBOMER, DIMETHICONE CROSSPOLYMER, CETEARYL ALCOHOL, BEHENTRIMONIUM METHOSULFATE, TRIETHYL CITRATE, SILICA, SODIUM HYDROXIDE, SODIUM HYALURONATE, SODIUM LAUROYL LACTYLATE, CHOLESTEROL, PHENOXYETHANOL, TOCOPHEROL, CHLORPHENESIN, CAPRYLYL GLYCOL, TRISODIUM ETHYLENEDIAMINE DISUCCINATE, BIOSACCHARIDE GUM-1, XANTHAN GUM, PHYTOSPHINGOSINE, BENZOIC ACID (CODE F.I.L. T70024611/1)",niacinamide;hyaluronic-acid;ceramides,,,,,,,,,,,,,brand_direct,true,https://www.cerave.com/skincare/moisturizers/facial-moisturizers/ultra-light-moisturizing-gel,/product-images/brand-direct/https-www-cerave-com-skincare-moisturizers-facial-moisturizers-ultra-light-moist.jpg
https://www.cerave.com/skincare/moisturizers/healing-ointment,skin-protectant,Healing Ointment,CeraVe,,"Active Ingredients : PETROLATUM 46.5% Inactive Ingredient : MINERAL OIL, PARAFFIN, OZOKERITE, DIMETHICONE , CERAMIDE NP, CERAMIDE AP, CERAMIDE EOP, CARBOMER, WATER, SODIUM LAUROYL LACTYLATE, PROLINE, CHOLESTEROL, PHENOXYETHANOL, TOCOPHERYL ACETATE, TOCOPHEROL, HYDROLYZED HYALURONIC ACID , PANTHENOL, PANTOLACTONE, PHYTOSPHINGOSINE, XANTHAN GUM, ETHYLHEXYLGLYCERIN",hyaluronic-acid;ceramides;panthenol;petrolatum,,,,,,,,,,,,,brand_direct,true,https://www.cerave.com/skincare/moisturizers/healing-ointment,/product-images/brand-direct/https-www-cerave-com-skincare-moisturizers-healing-ointment.jpg
https://www.cerave.com/skincare/moisturizers/intensive-moisturizing-cream,skin-protectant,Intensive Moisturizing Cream,CeraVe,,AQUA / WATER • GLYCERIN • BUTYROSPERMUM PARKII BUTTER / SHEA BUTTER • HYDROXYETHYL UREA • PROPANEDIOL • ISOPROPYL PALMITATE • CAPRYLIC/CAPRIC TRIGLYCERIDE • CETYL ALCOHOL • MYRISTYL MYRISTATE • GLYCERYL STEARATE • GLYCINE • PEG-100 STEARATE • STEARETH-20 • CERAMIDE NP • CERAMIDE AP • CERAMIDE EOP • CARBOMER • CETEARYL ALCOHOL • DIMETHICONE • BEHENTRIMONIUM METHOSULFATE • TRIETHYL CITRATE • SODIUM POLYACRYLATE • SODIUM PCA • SERINE • SODIUM LAUROYL LACTYLATE • SODIUM HYALURONATE • CHOLESTEROL • ALANINE • HYDROXYACETOPHENONE • CAPRYLYL GLYCOL • HYDROXYETHYLPIPERAZINE ETHANE SULFONIC ACID • XANTHAN GUM • PENTAERYTHRITYL TETRA-DI-T-BUTYL HYDROXYHYDROCINNAMATE • PHYTOSPHINGOSINE • BENZOIC ACID,hyaluronic-acid;ceramides,,,,,,,,,,,,,brand_direct,true,https://www.cerave.com/skincare/moisturizers/intensive-moisturizing-cream,/product-images/brand-direct/https-www-cerave-com-skincare-moisturizers-intensive-moisturizing-cream.png
https://www.cerave.com/skincare/moisturizers/intensive-moisturizing-lotion,skin-protectant,Intensive Moisturizing Lotion,CeraVe,,"AQUA / WATER / EAU, GLYCERIN, BUTYROSPERMUM PARKII BUTTER / SHEA BUTTER, HYDROXYETHYL UREA, ISOPROPYL PALMITATE, PROPANEDIOL, CETEARYL ALCOHOL, OCTYLDODECANOL, C15-19 ALKANE, GLYCINE, STEARIC ACID, CERAMIDE NP, CERAMIDE AP, CERAMIDE EOP, SORBITAN TRISTEARATE, SORBITAN OLEATE, CARBOMER, GLYCERYL STEARATE, DIMETHICONE, BEHENTRIMONIUM METHOSULFATE, TRIETHYL CITRATE, ISOHEXADECANE, SODIUM PCA, SERINE, SODIUM LAUROYL LACTYLATE, SODIUM HYDROXIDE, MYRISTIC ACID, SODIUM HYALURONATE, CHOLESTEROL, PALMITIC ACID, ALANINE, TOCOPHEROL, HYDROXYACETOPHENONE, CAPRYLYL GLYCOL, HYDROXYETHYLPIPERAZINE ETHANE SULFONIC ACID, TRISODIUM ETHYLENEDIAMINE DISUCCINATE, XANTHAN GUM, PENTAERYTHRITYL TETRA-DI-T-BUTYL HYDROXYHYDROCINNAMATE, PHYTOSPHINGOSINE, ACRYLAMIDE/SODIUM ACRYLOYLDIMETHYLTAURATE COPOLYMER, ACRYLATES/C10-30 ALKYL ACRYLATE CROSSPOLYMER, POLYSORBATE 80, BENZOIC ACID, PEG-100 STEARATE, PEG-20 METHYL GLUCOSE SESQUISTEARATE",hyaluronic-acid;ceramides,,,,,,,,,,,,,brand_direct,true,https://www.cerave.com/skincare/moisturizers/intensive-moisturizing-lotion,/product-images/brand-direct/https-www-cerave-com-skincare-moisturizers-intensive-moisturizing-lotion.jpg
https://www.cerave.com/skincare/moisturizers/itch-relief-moisturizing-cream,skin-protectant,Itch Relief Cream,CeraVe,,"Active ingredients: Pramoxine Hydrochloride 1% Inactive ingredients: Water, Glycerin, Petrolatum , Cetyl Alcohol, Butyrospermum Parkii Butter / Shea Butter, Cetearyl Alcohol, PEG-100 Stearate, Glyceryl Stearate, Isopropyl Myristate, Stearic Acid, Dimethicone , Palmitic Acid, Potassium Phosphate, Ceramide NP, Ceramide AP, Ceramide EOP, Carbomer, Behentrimonium Methosulfate, Sodium Hydroxide, Myristic Acid, Sodium Lauroyl Lactylate, Cholesterol, Tasmannia Lanceolata Fruit Extract, Phenoxyethanol, Dipotassium Phosphate, Disodium EDTA, Alcohol Denat., Hydrolyzed Hyaluronic Acid , Citric Acid, Xanthan Gum, Phytosphingosine, Ethylhexylglycerin",hyaluronic-acid;ceramides;petrolatum,,,,,,,,,,,,,brand_direct,true,https://www.cerave.com/skincare/moisturizers/itch-relief-moisturizing-cream,/product-images/brand-direct/https-www-cerave-com-skincare-moisturizers-itch-relief-moisturizing-cream.jpg
https://www.cerave.com/skincare/moisturizers/itch-relief-moisturizing-lotion,skin-protectant,Itch Relief Moisturizing Lotion,CeraVe,,"Active ingredient : Pramoxine Hydrochloride 1% Inactive ingredients : Water, Isopropyl Myristate, PEG-100 Stearate, Glyceryl Stearate, Cetearyl Alcohol, Cetyl Alcohol, Glycerin, Niacinamide , Dimethicone , Stearic Acid, Allantoin, Potassium Phosphate, Ceramide NP, Ceramide AP, Ceramide EOP, Carbomer, Zinc Citrate, Behentrimonium Methosulfate, Sodium Hydroxide, Sodium Lauroyl Lactylate, Arginine PCA, Myristic Acid, Sodium PCA, Cholesterol, Palmitic Acid, Tasmannia Lanceolata Fruit Extract, Phenoxyethanol, Dipotassium Phosphate, Disodium EDTA, Alcohol Denat., Tocopheryl Acetate, Hydrolyzed Hyaluronic Acid , Xanthan Gum, Phytosphingosine, Polyglyceryl-3 Diisostearate, Ethylhexylglycerin",niacinamide;hyaluronic-acid;ceramides,,,,,,,,,,,,,brand_direct,true,https://www.cerave.com/skincare/moisturizers/itch-relief-moisturizing-lotion,/product-images/brand-direct/https-www-cerave-com-skincare-moisturizers-itch-relief-moisturizing-lotion.jpg
https://www.cerave.com/skincare/moisturizers/moisturizing-cream,skin-protectant,Moisturizing Cream,CeraVe,,"AQUA / WATER / EAU, GLYCERIN, CETEARYL ALCOHOL, CAPRYLIC/CAPRIC TRIGLYCERIDE, CETYL ALCOHOL, CETEARETH-20, PETROLATUM , POTASSIUM PHOSPHATE, CERAMIDE NP, CERAMIDE AP, CERAMIDE EOP, CARBOMER, DIMETHICONE , BEHENTRIMONIUM METHOSULFATE, SODIUM LAUROYL LACTYLATE, SODIUM HYALURONATE, CHOLESTEROL, PHENOXYETHANOL, DISODIUM EDTA, DIPOTASSIUM PHOSPHATE, TOCOPHEROL, PHYTOSPHINGOSINE, XANTHAN GUM, ETHYLHEXYLGLYCERIN",hyaluronic-acid;ceramides;petrolatum,,,,,,,,,,,,,brand_direct,true,https://www.cerave.com/skincare/moisturizers/moisturizing-cream,/product-images/brand-direct/https-www-cerave-com-skincare-moisturizers-moisturizing-cream.jpg
https://www.cerave.com/skincare/moisturizers/moisturizing-cream-refill,skin-protectant,Moisturizing Cream Refill,CeraVe,,"AQUA / WATER / EAU, GLYCERIN, CETEARYL ALCOHOL, CAPRYLIC/CAPRIC TRIGLYCERIDE, CETYL ALCOHOL, CETEARETH-20, PETROLATUM , POTASSIUM PHOSPHATE, CERAMIDE NP, CERAMIDE AP, CERAMIDE EOP, CARBOMER, DIMETHICONE , BEHENTRIMONIUM METHOSULFATE, SODIUM LAUROYL LACTYLATE, SODIUM HYALURONATE, CHOLESTEROL, PHENOXYETHANOL, DISODIUM EDTA, DIPOTASSIUM PHOSPHATE, TOCOPHEROL, PHYTOSPHINGOSINE, XANTHAN GUM, ETHYLHEXYLGLYCERIN",hyaluronic-acid;ceramides;petrolatum,,,,,,,,,,,,,brand_direct,true,https://www.cerave.com/skincare/moisturizers/moisturizing-cream-refill,/product-images/brand-direct/https-www-cerave-com-skincare-moisturizers-moisturizing-cream-refill.jpg
https://www.cerave.com/skincare/moisturizers/pm-facial-moisturizing-lotion,skin-protectant,PM Facial Moisturizing Lotion,CeraVe,,"AQUA / WATER / EAU, GLYCERIN, CAPRYLIC/CAPRIC TRIGLYCERIDE, NIACINAMIDE, CETEARYL ALCOHOL, POTASSIUM PHOSPHATE, CERAMIDE NP, CERAMIDE AP, CERAMIDE EOP, CARBOMER, DIMETHICONE , CETEARETH-20, BEHENTRIMONIUM METHOSULFATE, SODIUM LAUROYL LACTYLATE, SODIUM HYALURONATE, CHOLESTEROL, PHENOXYETHANOL, DISODIUM EDTA, DIPOTASSIUM PHOSPHATE, CAPRYLYL GLYCOL, PHYTOSPHINGOSINE, XANTHAN GUM, POLYGLYCERYL-3 DIISOSTEARATE, ETHYLHEXYLGLYCERIN",niacinamide;hyaluronic-acid;ceramides,,,,,,,,,,,,,brand_direct,true,https://www.cerave.com/skincare/moisturizers/pm-facial-moisturizing-lotion,/product-images/brand-direct/https-www-cerave-com-skincare-moisturizers-pm-facial-moisturizing-lotion.jpg
https://www.cerave.com/skincare/moisturizers/sa-cream-for-rough-and-bumpy-skin,skin-protectant,SA Cream for Rough &amp; Bumpy Skin,CeraVe,,"AQUA/WATER/EAU, GLYCERIN, PARAFFINUM LIQUIDUM/MINERAL OIL/HUILE MINERALE, GLYCERYL STEARATE, CETEARYL ALCOHOL, TRIETHANOLAMINE, SALICYLIC ACID, NIACINAMIDE, CETYL ALCOHOL, AMMONIUM LACTATE, BEHENTRIMONIUM METHOSULFATE, PEG-100 STEARATE, ZEA MAYS OIL/CORN OIL, CERAMIDE NP, CERAMIDE AP, CERAMIDE EOP, CARBOMER, DIMETHICONE , METHYLPARABEN, SODIUM LAUROYL LACTYLATE, CHOLECALCIFEROL, CHOLESTEROL, PHENOXYETHANOL, DISODIUM EDTA, TOCOPHEROL, PROPYLPARABEN, HYDROLYZED HYALURONIC ACID, PHYTOSPHINGOSINE, XANTHAN GUM",niacinamide;hyaluronic-acid;ceramides,,,,,,,,,,,,,brand_direct,true,https://www.cerave.com/skincare/moisturizers/sa-cream-for-rough-and-bumpy-skin,/product-images/brand-direct/https-www-cerave-com-skincare-moisturizers-sa-cream-for-rough-and-bumpy-skin.jpg
https://www.cerave.com/skincare/moisturizers/sa-lotion-for-rough-and-bumpy-skin,skin-protectant,SA Lotion for Rough &amp; Bumpy Skin,CeraVe,,"Aqua / Water / Eau, Glycerin, Paraffinum Liquidum / Mineral Oil / Huile Minerale, Triethanolamine, Salicylic Acid, Glyceryl Stearate, Ammonium Lactate, PEG-100 Stearate, Cetearyl Alcohol, Cetyl Alcohol, Zea Mays Oil / Corn Oil, Ceramide NP, Ceramide AP, Ceramide EOP, Carbomer, Behentrimonium Methosulfate, Dimethicone , Methylparaben, Sodium Lauroyl Lactylate, Cholecalciferol, Cholesterol, Disodium EDTA, Propylparaben, Hydrolyzed Hyaluronic Acid, Phytosphingosine, Xanthan Gum",hyaluronic-acid;ceramides,,,,,,,,,,,,,brand_direct,true,https://www.cerave.com/skincare/moisturizers/sa-lotion-for-rough-and-bumpy-skin,/product-images/brand-direct/https-www-cerave-com-skincare-moisturizers-sa-lotion-for-rough-and-bumpy-skin.jpg
https://www.cerave.com/skincare/moisturizers/skin-renewing-day-cream,skin-protectant,Skin Renewing Day Cream,CeraVe,,"Active Ingredients: Octinoxate 7.5%, Zinc Oxide 10.5% Inactive Ingredients : Water, cyclomethicone, pentylene glycol, phenyl trimethicone, cetearyl alcohol, PEG-40 stearate, dimethicone , glycerin, stearyl alcohol, phenoxyethanol, BHT, squalane, potassium cetyl phosphate, potassium phosphate, ceramide NP, ceramide AP, ceramide EOP, sorbitan isostearate, carbomer, dimethicone crosspolymer, behentrimonium methosulfate, ceteareth-20, sodium polyacrylate, lecithin, retinol, sodium lauroyl lactylate, cholesterol, disodium EDTA, chlorphenesin, alcohol, hydroxyethyl acrylate/sodium acryloyldimethyl taurate copolymer, citric acid, hydrogenated palm glycerides, tetrahexyldecyl ascorbate, hydrolyzed hyaluronic acid, iris florentina root extract, xanthan gum, phytosphingosine, butylene glycol, polysilicone-11, polysorbate 60, ethylhexylglycerin, polysorbate 20",hyaluronic-acid;retinol-cosmetic;ceramides;squalane,,,,,,,,,,,,,brand_direct,true,https://www.cerave.com/skincare/moisturizers/skin-renewing-day-cream,/product-images/brand-direct/https-www-cerave-com-skincare-moisturizers-skin-renewing-day-cream.jpg
https://www.cerave.com/skincare/moisturizers/skin-renewing-gel-oil,skin-protectant,Skin Renewing Gel Oil,CeraVe,,"Caprylic/Capric Triglyceride, C12-15 Alkyl Benzoate, Ethylhexyl Palmitate, Glycerin, Caprylic/Capric Glycerides, Propylheptyl Caprylate, Aqua / Water / Eau, Sucrose Laurate, Sucrose Stearate, Ceramide NP, Ceramide NS, Ceramide AP, Ceramide EOP, Ceramide EOS, Ceteareth-25, Behenic Acid, Helianthus Annuus Extract / Sunflower Extract, Sodium Hyaluronate Crosspolymer, Cholesterol, Rosmarinus Officinalis Leaf Extract / Rosemary Leaf Extract, Phenoxyethanol, Tocopherol, Chlorphenesin, Ascorbyl Palmitate, Sucrose Palmitate, Caprylyl Glycol, Hydroxymethoxyphenyl Decanone, Caprooyl Phytosphingosine, Caprooyl Sphingosine, Pentylene Glycol, Cetyl Alcohol, Ethylhexylglycerin, Oryza Sativa Bran Extract / Rice Bran Extract",hyaluronic-acid;ceramides,,,,,,,,,,,,,brand_direct,true,https://www.cerave.com/skincare/moisturizers/skin-renewing-gel-oil,/product-images/brand-direct/https-www-cerave-com-skincare-moisturizers-skin-renewing-gel-oil.jpg
https://www.cerave.com/skincare/moisturizers/skin-renewing-night-cream,skin-protectant,Skin Renewing Night Cream,CeraVe,,"AQUA / WATER / EAU, GLYCERIN, CAPRYLIC/CAPRIC TRIGLYCERIDE, BUTYROSPERMUM PARKII BUTTER / SHEA BUTTER, DIMETHICONE /VINYL DIMETHICONE CROSSPOLYMER, CYCLOPENTASILOXANE, GLYCERYL STEARATE SE, CETYL ALCOHOL, DIMETHICONE, SACCHARIDE ISOMERATE, STEARIC ACID, PALMITIC ACID, GLYCINE SOJA STEROLS / SOYBEAN STEROLS, ALLANTOIN, CERAMIDE NP, CERAMIDE AP, CERAMIDE EOP, CARBOMER, NIACINAMIDE, CETEARYL ALCOHOL, BEHENTRIMONIUM METHOSULFATE, SODIUM HYDROXIDE, MYRISTIC ACID, SODIUM LAUROYL LACTYLATE, SODIUM BENZOATE, SODIUM CITRATE, SODIUM HYALURONATE, CHOLESTEROL, PHENOXYETHANOL, TOCOPHEROL, TRIPEPTIDE-1, LAURETH-9, CITRIC ACID, CAPROOYL TETRAPEPTIDE-3, BIOSACCHARIDE GUM-1, PHYTOSPHINGOSINE, XANTHAN GUM, DEXTRAN, ETHYLHEXYLGLYCERIN, BUTYLENE GLYCOL",niacinamide;hyaluronic-acid;ceramides,,,,,,,,,,,,,brand_direct,true,https://www.cerave.com/skincare/moisturizers/skin-renewing-night-cream,/product-images/brand-direct/https-www-cerave-com-skincare-moisturizers-skin-renewing-night-cream.jpg
https://www.cerave.com/skincare/moisturizers/ultra-light-moisturizing-lotion-spf-30,skin-protectant,Ultra-Light Moisturizing Lotion,CeraVe,,"ACTIVE INGREDIENTS: AVOBENZONE 3%, HOMOSALATE 10%, OCTISALATE 5%, OCTOCRYLENE 2.7% INACTIVE INGREDIENTS: WATER, C12-15 ALKYL BENZOATE, GLYCERYL STEARATE SE, METHYL METHACRYLATE CROSSPOLYMER, GLYCERIN, PENTYLENE GLYCOL, CERAMIDE NP, CERMAIDE AP, CERAMIDE EOP, CARBOMER, SODIUM ACRYLOYLDIMETHYLTAURATE / VP CROSSPOLYMER, SODIUM LAUROYL LACTYLATE, SODIUM HYALURONATE, CHOLESTEROL, PHENOXYETHANOL, DISODIUM EDTA, HYDROXYACETOPHENONE, CITRIC ACID, PHYTOSPHINGOSINE, XANTHUM GUM, T-BUTYL ALCOHOL, ETHYLHEXYLGLYCERIN",hyaluronic-acid;ceramides,,,,,,,,,,,,,brand_direct,true,https://www.cerave.com/skincare/moisturizers/ultra-light-moisturizing-lotion-spf-30,/product-images/brand-direct/https-www-cerave-com-skincare-moisturizers-ultra-light-moisturizing-lotion-spf-3.jpg
https://www.cerave.com/skincare/ointment/baby-healing-ointment,skin-protectant,Baby Healing Ointment,CeraVe,,"Active ingredient : PETROLATUM 46.5% Inactive ingredients :MINERAL OIL, PARAFFIN, OZOKERITE, DIMETHICONE , CERAMIDE NP, CERAMIDE AP, CERAMIDE EOP, CARBOMER, WATER, SODIUM LAUROYL LACTYLATE, PROLINE, CHOLESTEROL, PHENOXYETHANOL, TOCOPHERYL ACETATE, TOCOPHEROL, HYDROLYZED HYALURONIC ACID, PANTHENOL, PANTOLACTONE, PHYTOSPHINGOSINE, XANTHAN GUM, ETHYLHEXYLGLYCERIN",hyaluronic-acid;ceramides;panthenol;petrolatum,,,,,,,,,,,,,brand_direct,true,https://www.cerave.com/skincare/ointment/baby-healing-ointment,/product-images/brand-direct/https-www-cerave-com-skincare-ointment-baby-healing-ointment.jpg
https://www.cerave.com/skincare/ointment/healing-ointment-lip-balm,skin-protectant,Healing Lip Balm,CeraVe,,"MINERAL OIL, MICROCRYSTALLINE WAX, GLYCERIN, PARAFFIN, SYNTHETIC WAX, CERAMIDE NP, CERAMIDE AP, CERAMIDE EOP, CARBOMER, WATER, TRIETHYL CITRATE, SODIUM LAUROYL LACTYLATE, SODIUM HYALURONATE, CHOLESTEROL, TOCOPHERYL ACETATE, TOCOPHEROL, CAPRYLYL GLYCOL, PANTHENOL, PHYTOSPHINGOSINE, XANTHAN GUM, BENZOIC ACID (F.I.L. V70082034/1)",hyaluronic-acid;ceramides;panthenol,,,,,,,,,,,,,brand_direct,true,https://www.cerave.com/skincare/ointment/healing-ointment-lip-balm,/product-images/brand-direct/https-www-cerave-com-skincare-ointment-healing-ointment-lip-balm.jpg
NATR-41002,brightening-texture,The Smoother Glycolic Acid Exfoliating Body Wash,Naturium,,"Aqua/Water/Eau, Sodium Cocoyl Isethionate, Glycolic Acid, Sodium Hydroxide, Cocamidopropyl Hydroxysultaine, Coconut Acid, Sodium Methyl Cocoyl Taurate, Glycol Distearate, Cocamide MIPA, Lactic Acid, Malic Acid, Pyruvic Acid, Tartaric Acid, Sodium PCA, Polyquaternium-73, Polyquaternium-10, Glycerin, Caprylyl Glycol, Didecyldimonium Chloride, Methylpropanediol, Polyquaternium-80, Citric Acid, Tetrasodium Glutamate Diacetate, Sodium Lactate, Sodium Chloride, Sodium Isethionate, Sodium Benzoate",glycolic-acid;lactic-acid,,,,,,,,,,,,,brand_direct,true,https://naturium.com/products/the-smoother-glycolic-acid-exfoliating-body-wash,/product-images/brand-direct/natr-41002.webp
140016,skin-protectant,The Glow Getter Multi-Oil Body Wash - Travel Size,Naturium,,"Glycerin, Aqua/Water/Eau, Cocamidopropyl Betaine, Disodium Cocoamphodiacetate, Sodium Chloride, Citric Acid, Phenoxyethanol, Caprylyl/Capryl Glucoside, Polyquaternium-10, 1,2-Hexanediol, Caprylyl Glycol, Hexylene Glycol, Ethylhexylglycerin, Tetrasodium Glutamate Diacetate, Cocos Nucifera (Coconut) Fruit Extract, Pyrus Malus (Apple) Fruit Extract, Vanilla Planifolia Fruit Extract, Gamma-Nonalactone, Gamma-Undecalactone, Maltodextrin, Sodium Hydroxide, Tocopherol, Hippophae Rhamnoides Seed Oil, Rosa Canina Fruit Oil, Simmondsia Chinensis (Jojoba) Seed Oil, Squalane, Gardenia Jasminoides Fruit Extract",squalane,,,,,,,,,,,,,brand_direct,true,https://naturium.com/products/the-glow-getter-multi-oil-body-wash-travel-size,/product-images/brand-direct/140016.webp
NATR-60075,skin-protectant,Phyto-Glow Lip Balm Camellia,Naturium,,"Ingredients: Phytosteryl/Isostearyl/Cetyl/Stearyl/Behenyl Dimer Dilinoleate, Diisostearyl Malate, Hydrogenated Polyisobutene, Polybutene, Polyglyceryl-2 Diisostearate, Butyrospermum Parkii (Shea) Butter, Microcrystalline Wax, Flavor, Synthetic Wax, Mica, Ricinus Communis Seed Oil, Squalane, Theobroma Grandiflorum Seed Butter, Isopropyl Titanium Triisostearate, Tocopherol, Citric Acid. MAY CONTAIN: Titanium Dioxide, Iron Oxides, Red 7 Lake, Blue 1 Lake, Red 6 Lake, Yellow 5 Lake, Red 33 Lake",squalane,,,,,,,,,,,,,brand_direct,true,https://naturium.com/products/phyto-glow-lip-balm-camellia,/product-images/brand-direct/natr-60075.webp
NATR-41020,brightening-texture,The Energizer Mandelic Acid Body Wash,Naturium,,"Aqua/Water/Eau, Sodium Cocoyl Isethionate, Cocamidopropyl Betaine, Cocamide MIPA, Coco-Glucoside, Glycerin, Propanediol, Menthyl Lactate, Mandelic Acid, Saccharomyces Ferment Filtrate, Potassium Cocoyl Glycinate, Sodium Lauroyl Methyl Isethionate, Potassium Cocoate, Sodium Methyl Oleoyl Taurate, Helianthus Annuus (Sunflower) Seed Oil, Camellia Sinensis Leaf Extract, Citrus Aurantium Dulcis (Orange) Peel Extract, Cucumis Sativus (Cucumber) Fruit Extract, Lavandula Angustifolia (Lavender) Flower/Leaf/Stem Extract, Eucalyptus Globulus Leaf Extract, Citrus Aurantium Amara (Bitter Orange) Leaf/Twig Extract, Malus Domestica Fruit Extract, Mentha Piperita (Peppermint) Leaf Extract, Rosmarinus Officinalis (Rosemary) Leaf Extract, Salvia Officinalis (Sage) Leaf Extract, Chamomilla Recutita (Matricaria) Flower Extract, Aloe Barbadensis Leaf Juice, Glycol Distearate, Caprylyl/Capryl Glucoside, Lauryl Glucoside, Hydroxyacetophenone, Polyquaternium-10, Polyquaternium-39, Caprylyl Glycol, 1,2-Hexanediol, Trisodium Ethylenediamine Disuccinate, Guar Hydroxypropyltrimonium Chloride, Citric Acid, Magnesium Sulfate, Tocopherol, Sodium Benzoate, Potassium Sorbate, Limonene, Linalool, Phenoxyethanol",mandelic-acid,,,,,,,,,,,,,brand_direct,true,https://naturium.com/products/the-energizer-mandelic-acid-body-wash,/product-images/brand-direct/natr-41020.webp
NATR-30059,brightening-texture,The Purifier Niacinamide Serum Body Wash,Naturium,,"Aqua/Water/Eau, Cocamidopropyl Hydroxysultaine, Sodium Cocoyl Isethionate, Sodium Cocoyl Taurate, Niacinamide, Glycerin, Sodium Chloride, Glycol Distearate, Coconut Acid, Sodium Isethionate, PCA Glyceryl Oleate, Tetrasodium Glutamate Diacetate, Xylitol, Ethylhexylglycerin, Sodium Phosphate, Sodium Hydroxide, Phenoxyethanol",niacinamide,,,,,,,,,,,,,brand_direct,true,https://naturium.com/products/the-purifier-niacinamide-serum-body-wash,/product-images/brand-direct/natr-30059.webp
21366,skin-protectant,Multi-Active Exosome Serum,Naturium,,"Aqua/Water/Eau, Squalane, Propanediol, Caprylic/Capric Triglyceride, Saccharide Isomerate, C14-22 Alcohols, Glycerin, 1,2-Hexanediol, Caprylyl Glycol, Hydroxyacetophenone, Acrylates/C10-30 Alkyl Acrylate Crosspolymer, C12-20 Alkyl Glucoside, Maltodextrin, Xanthan Gum, Chlamydomonas Reinhardtii Extract, Potassium Hydroxide, Lysimachia Christinae Flower/Leaf/Stem Extract, Sodium Phytate, Sodium Dilauramidoglutamide Lysine, Pentylene Glycol, Ilex Paraguariensis Leaf Extract, Citric Acid, Sodium Citrate, Glucose, Polyglyceryl-4 Caprate, Hexapeptide-9. E-00140",squalane,,,,,,,,,,,,,brand_direct,true,https://naturium.com/products/multi-active-exosome-serum,/product-images/brand-direct/21366.jpg
NATR-60140,skin-protectant,Phyto-Glow Lip Balm Shimmer Comet,Naturium,,"Diisostearyl Malate, Phytosteryl/Isostearyl/Cetyl/Stearyl/Behenyl Dimer Dilinoleate, Hydrogenated Polyisobutene, Polybutene, Polyglyceryl-2 Diisostearate, Butyrospermum Parkii (Shea) Butter, Cera Microcristallina/Microcrystalline Wax/Cire Microcristalline, Aroma/Flavor, Synthetic Wax, Squalane, Theobroma Grandiflorum Seed Butter, Ricinus Communis (Castor) Seed Oil, Tocopherol, Isopropyl Titanium Triisostearate, Synthetic Fluorphlogopite, Calcium Aluminum Borosilicate, Aluminum Calcium Sodium Silicate, Tin Oxide, Mica, Vanillin, Citric Acid, BHT. MAY CONTAIN: Titanium Dioxide (CI 77891), Iron Oxides (CI 77491), Iron Oxides (CI 77492), Iron Oxides (CI 77499), Red 7 Lake (CI 15850), Yellow 5 Lake (CI 19140), Blue 1 Lake (CI 42090)",squalane,,,,,,,,,,,,,brand_direct,true,https://naturium.com/products/phyto-glow-lip-balm-shimmer-comet,/product-images/brand-direct/natr-60140.jpg
NATR-10113,skin-protectant,Phyto-Glow Lip Balm Spice,Naturium,,"Ingredients: Phytosteryl/Isostearyl/Cetyl/Stearyl/Behenyl Dimer Dilinoleate, Diisostearyl Malate, Hydrogenated Polyisobutene, Polybutene, Polyglyceryl-2 Diisostearate, Butyrospermum Parkii (Shea) Butter, Microcrystalline Wax, Flavor, Synthetic Wax, Mica, Ricinus Communis Seed Oil, Squalane, Theobroma Grandiflorum Seed Butter, Isopropyl Titanium Triisostearate, Tocopherol, Citric Acid. MAY CONTAIN: Titanium Dioxide, Iron Oxides, Red 7 Lake, Blue 1 Lake, Red 6 Lake, Yellow 5 Lake, Red 33 Lake",squalane,,,,,,,,,,,,,brand_direct,true,https://naturium.com/products/phyto-glow-lip-balm-spice,/product-images/brand-direct/natr-10113.webp
NATR-60081,brightening-texture,Multi-Peptide Moisturizer - Travel Size,Naturium,,"Aqua, Glycerin, Dimethicone, Simmondsia Chinensis (Jojoba) Seed Oil, Squalane, Glyceryl Stearate, Cetyl Alcohol, Niacinamide, Stearyl Alcohol, Palmitoyl Tripeptide-5, Pantolactone, Palmitoyl Tripeptide-1, Palmitoyl Tetrapeptide-7, Hydrolyzed Plukenetia Volubilis Seed Extract, Dunaliella Salina Extract, Sodium Hyaluronate, 3-O-Ethyl Ascorbic Acid, Panthenol, Caryodendron Orinocense Seed Oil, Honokiol, Magnolol, Palmitic Acid, Sorbitan Oleate, Aluminum Starch Octenylsuccinate, Hydroxyacetophenone, Stearic Acid, Acrylamide/Sodium Acryloyldimethyltaurate Copolymer, Polyglyceryl-6 Laurate, 1,2-Hexanediol, Boron Nitride, Caprylyl Glycol, Polyglyceryl-10 Oleate, Isohexadecane, Butylene Glycol, Chlorphenesin, Acrylates/C10-30 Alkyl Acrylate Crosspolymer, Tocopheryl Acetate, Polysorbate 80, Sorbitan Palmitate, Sodium Hydroxide, Sodium Benzoate, Carbomer, Sodium Lactate, Phenoxyethanol, Polysorbate 20, Citric Acid, Ethylhexylglycerin, Potassium Sorbate",niacinamide;vitamin-c;hyaluronic-acid;squalane;peptides;panthenol,,,,,,,,,,,,,brand_direct,true,https://naturium.com/products/multi-peptide-moisturizer-travel-size,/product-images/brand-direct/natr-60081.webp
NATR-40022,brightening-texture,KP Body Scrub & Mask - Travel Size,Naturium,,"Aqua, Pumice, Glycolic Acid, Stearic Acid, Cetearyl Alcohol, CI 77891 (Titanium Dioxide), Sodium Hydroxide, Jojoba Esters, Gluconolactone, Glycerin, Sodium Cocoyl Isethionate, Dimethicone, Salicylic Acid, Simmondsia Chinensis Seed Oil, Squalane, Sodium Hyaluronate, Leuconostoc/Radish Root Ferment Filtrate, Bisabolol, C12-15 Alkyl Benzoate, Hippophae Rhamnoides Fruit/Seed Oil, Niacinamide, Rosa Canina Fruit Oil, Camellia Sinensis Leaf Extract, Glycyrrhiza Glabra Root Extract, Glycine Soja Oil, Steareth-20, Xanthan Gum, Steareth-21, Phenoxyethanol, Ethylhexylglycerin, Tetrasodium Glutamate Diacetate, Tocopherol",niacinamide;hyaluronic-acid;glycolic-acid;squalane,,,,,,,,,,,,,brand_direct,true,https://naturium.com/products/kp-body-scrub-mask-travel-size,/product-images/brand-direct/natr-40022.jpg
NATR-10089,brightening-texture,Vitamin C Complex Serum - Travel Size,Naturium,,"Water (Aqua), Glycerin, Propanediol, Sodium Ascorbyl Phosphate, Ascorbic Acid, Glutathione, Ananas Sativus (Pineapple) Fruit Extract, Carica Papaya (Papaya) Fruit Extract, Mangifera Indica (Mango) Fruit Extract, Terminalia Ferdinandiana Fruit Extract, Pleiogynium Timoriense Fruit Extract, Podocarpus Elatus Fruit Extract, Aloe Barbadensis Leaf Juice, Sodium Hyaluronate, Carbomer, Tocopheryl Acetate, Phenoxyethanol, Caprylyl Glycol, Citric Acid, Hydroxyethylcellulose, Sodium Hydroxide, Beta-Glucan, Potassium Sorbate, Hexylene Glycol, Sorbitol, Xanthan Gum, Algin, Benzoic Acid, Sorbic Acid, 1,2-Hexanediol, Sodium Benzoate, Disodium Phosphate, Gold, Polysorbate 60, Sodium Phosphate",vitamin-c;hyaluronic-acid,,,,,,,,,,,,,brand_direct,true,https://naturium.com/products/vitamin-c-complex-serum-travel-size,/product-images/brand-direct/natr-10089.webp
NATR-40115,skin-protectant,The Glow Getter Multi-Oil Body Butter - Travel Size,Naturium,,"Aqua/Water/Eau, Oryza Sativa Bran Oil, Caprylic/Capric Triglyceride, Cocos Nucifera (Coconut) Oil, Carthamus Tinctorius (Safflower) Seed Oil, Butyrospermum Parkii (Shea) Butter, Glycerin, Glyceryl Stearate, Coco-Caprylate/Caprate, Sodium Acrylate/Sodium Acryloyldimethyl Taurate Copolymer, C15-19 Alkane, Pyrus Malus (Apple) Fruit Extract, Cocos Nucifera (Coconut) Fruit Extract, Rosa Canina Fruit Oil, Simmondsia Chinensis (Jojoba) Seed Oil, Squalane, Hydrolyzed Rice Protein, Hippophae Rhamnoides Fruit/Seed Oil, Stearyl Phosphate, Potassium Cetyl Phosphate, Gamma-Decalactone, Gamma-Nonalactone, Vanillin, Vanilla Planifolia Fruit Extract, Sodium Hydroxide, Sodium Benzoate, Citric Acid, Tetrasodium Glutamate Diacetate, Ethylhexylglycerin, Lauryl Glucoside, Limonene, Phenoxyethanol",squalane,,,,,,,,,,,,,brand_direct,true,https://naturium.com/products/the-glow-getter-multi-oil-body-butter-travel-size,/product-images/brand-direct/natr-40115.webp
NATR-40024,brightening-texture,The Revealer Sulfur Body Wash,Naturium,,"Aqua/Water/Eau, Sodium Cocoyl Isethionate, Cetearyl Alcohol, Cocamidopropyl Betaine, Acrylates Copolymer, Sulfur, Propanediol, Glycerin, Coco-Glucoside, Stearic Acid, Stearyl Alcohol, Potassium Cocoyl Glycinate, Acacia Senegal Gum, Aloe Barbadensis Leaf Juice, Potassium Cocoate, Maltooligosyl Glucoside, Salix Alba (Willow) Bark Extract, Inulin, Hydrogenated Starch Hydrolysate, Xanthan Gum, Tetrasodium Glutamate Diacetate, Pentylene Glycol, Caprylyl Glycol, Citric Acid, Potassium Sorbate, Sodium Benzoate, Sodium Hydroxide, Lactic Acid, Lecithin, 1,2-Hexanediol, Ethylhexylglycerin, Phenoxyethanol",lactic-acid,,,,,,,,,,,,,brand_direct,true,https://naturium.com/products/the-revealer-sulfur-body-wash,/product-images/brand-direct/natr-40024.webp
NATR-10096,brightening-texture,Multi-Peptide Advanced Serum - Jumbo,Naturium,,"Aqua/Water/Eau, Propanediol, Caprylic/Capric Triglyceride, Isopentyldiol, Ethylhexyl Polyhydroxystearate, Squalane, Tetradecane, Glyceryl Stearate Citrate, Butyrospermum Parkii (Shea) Butter, Polyglyceryl-3 Stearate, Helianthus Annuus (Sunflower) Extract, Oryza Sativa (Rice) Bran Extract, Mannitol, Phosphatidylcholine, Ferulic Acid, Arginine, Acetyl Hexapeptide-8, Copper Palmitoyl Heptapeptide-14, Palmitoyl sh-Hexapeptide-13 Serine SP Amide, Hydrolyzed Collagen, Rosmarinus Officinalis (Rosemary) Leaf Extract, Lactic Acid/Glycolic Acid Copolymer, Glycerin, Tocopherol, Pullulan, Lysolecithin, Sclerotium Gum, Hydroxyethyl Acrylate/Sodium Acryloyldimethyl Taurate Copolymer, Dimethicone, Sodium Phytate, Diglycerin, Hydrogenated Lecithin, Silica, Cetyl Alcohol, Hydroxyacetophenone, Polysorbate 60, Sorbitan Isostearate, Sodium Hydroxide, Sodium Benzoate, Potassium Sorbate, Polyvinyl Alcohol, Decyl Glucoside, Xanthan Gum, Tocopheryl Acetate, Sodium Chloride, Citric Acid, Phenoxyethanol",glycolic-acid;squalane;peptides;lactic-acid,,,,,,,,,,,,,brand_direct,true,https://naturium.com/products/multi-peptide-advanced-serum-jumbo,/product-images/brand-direct/natr-10096.webp
NATR-60133,skin-protectant,Phyto-Glow Lip Balm Shimmer Eclipse,Naturium,,"Diisostearyl Malate, Phytosteryl/Isostearyl/Cetyl/Stearyl/Behenyl Dimer Dilinoleate, Hydrogenated Polyisobutene, Polybutene, Polyglyceryl-2 Diisostearate, Butyrospermum Parkii (Shea) Butter, Cera Microcristallina/Microcrystalline Wax/Cire Microcristalline, Aroma/Flavor, Synthetic Wax, Squalane, Theobroma Grandiflorum Seed Butter, Ricinus Communis (Castor) Seed Oil, Tocopherol, Isopropyl Titanium Triisostearate, Synthetic Fluorphlogopite, Calcium Aluminum Borosilicate, Aluminum Calcium Sodium Silicate, Tin Oxide, Mica, Vanillin, Citric Acid, BHT. MAY CONTAIN: Titanium Dioxide (CI 77891), Iron Oxides (CI 77491), Iron Oxides (CI 77492), Iron Oxides (CI 77499), Red 7 Lake (CI 15850), Yellow 5 Lake (CI 19140), Blue 1 Lake (CI 42090)",squalane,,,,,,,,,,,,,brand_direct,true,https://naturium.com/products/phyto-glow-lip-balm-shimmer-eclipse,/product-images/brand-direct/natr-60133.webp
NATR-10136,skin-protectant,Phyto-Glow Lip Balm Shimmer Supernova,Naturium,,"Diisostearyl Malate, Phytosteryl/Isostearyl/Cetyl/Stearyl/Behenyl Dimer Dilinoleate, Hydrogenated Polyisobutene, Polybutene, Polyglyceryl-2 Diisostearate, Butyrospermum Parkii (Shea) Butter, Cera Microcristallina/Microcrystalline Wax/Cire Microcristalline, Aroma/Flavor, Synthetic Wax, Squalane, Theobroma Grandiflorum Seed Butter, Ricinus Communis (Castor) Seed Oil, Tocopherol, Isopropyl Titanium Triisostearate, Synthetic Fluorphlogopite, Calcium Aluminum Borosilicate, Aluminum Calcium Sodium Silicate, Tin Oxide, Mica, Vanillin, Citric Acid, BHT. MAY CONTAIN: Titanium Dioxide (CI 77891), Iron Oxides (CI 77491), Iron Oxides (CI 77492), Iron Oxides (CI 77499), Red 7 Lake (CI 15850), Yellow 5 Lake (CI 19140), Blue 1 Lake (CI 42090)",squalane,,,,,,,,,,,,,brand_direct,true,https://naturium.com/products/phyto-glow-lip-balm-shimmer-supernova,/product-images/brand-direct/natr-10136.webp
NATR-60135,skin-protectant,Phyto-Glow Lip Balm Shimmer Orbit,Naturium,,"Diisostearyl Malate, Phytosteryl/Isostearyl/Cetyl/Stearyl/Behenyl Dimer Dilinoleate, Hydrogenated Polyisobutene, Polybutene, Polyglyceryl-2 Diisostearate, Butyrospermum Parkii (Shea) Butter, Cera Microcristallina/Microcrystalline Wax/Cire Microcristalline, Aroma/Flavor, Synthetic Wax, Squalane, Theobroma Grandiflorum Seed Butter, Ricinus Communis (Castor) Seed Oil, Tocopherol, Isopropyl Titanium Triisostearate, Synthetic Fluorphlogopite, Calcium Aluminum Borosilicate, Aluminum Calcium Sodium Silicate, Tin Oxide, Mica, Vanillin, Citric Acid, BHT. MAY CONTAIN: Titanium Dioxide (CI 77891), Iron Oxides (CI 77491), Iron Oxides (CI 77492), Iron Oxides (CI 77499), Red 7 Lake (CI 15850), Yellow 5 Lake (CI 19140), Blue 1 Lake (CI 42090)",squalane,,,,,,,,,,,,,brand_direct,true,https://naturium.com/products/phyto-glow-lip-balm-shimmer-orbit,/product-images/brand-direct/natr-60135.webp
NATR-10137,skin-protectant,Phyto-Glow Lip Balm Shimmer Galaxy,Naturium,,"Diisostearyl Malate, Phytosteryl/Isostearyl/Cetyl/Stearyl/Behenyl Dimer Dilinoleate, Hydrogenated Polyisobutene, Polybutene, Polyglyceryl-2 Diisostearate, Butyrospermum Parkii (Shea) Butter, Cera Microcristallina/Microcrystalline Wax/Cire Microcristalline, Aroma/Flavor, Synthetic Wax, Squalane, Theobroma Grandiflorum Seed Butter, Ricinus Communis (Castor) Seed Oil, Tocopherol, Isopropyl Titanium Triisostearate, Synthetic Fluorphlogopite, Calcium Aluminum Borosilicate, Aluminum Calcium Sodium Silicate, Tin Oxide, Mica, Vanillin, Citric Acid, BHT. MAY CONTAIN: Titanium Dioxide (CI 77891), Iron Oxides (CI 77491), Iron Oxides (CI 77492), Iron Oxides (CI 77499), Red 7 Lake (CI 15850), Yellow 5 Lake (CI 19140), Blue 1 Lake (CI 42090)",squalane,,,,,,,,,,,,,brand_direct,true,https://naturium.com/products/phyto-glow-lip-balm-shimmer-galaxy,/product-images/brand-direct/natr-10137.webp
NATR-10134,skin-protectant,Phyto-Glow Lip Balm Shimmer Cosmic,Naturium,,"Diisostearyl Malate, Phytosteryl/Isostearyl/Cetyl/Stearyl/Behenyl Dimer Dilinoleate, Hydrogenated Polyisobutene, Polybutene, Polyglyceryl-2 Diisostearate, Butyrospermum Parkii (Shea) Butter, Cera Microcristallina/Microcrystalline Wax/Cire Microcristalline, Aroma/Flavor, Synthetic Wax, Squalane, Theobroma Grandiflorum Seed Butter, Ricinus Communis (Castor) Seed Oil, Tocopherol, Isopropyl Titanium Triisostearate, Synthetic Fluorphlogopite, Calcium Aluminum Borosilicate, Aluminum Calcium Sodium Silicate, Tin Oxide, Mica, Vanillin, Citric Acid, BHT. MAY CONTAIN: Titanium Dioxide (CI 77891), Iron Oxides (CI 77491), Iron Oxides (CI 77492), Iron Oxides (CI 77499), Red 7 Lake (CI 15850), Yellow 5 Lake (CI 19140), Blue 1 Lake (CI 42090)",squalane,,,,,,,,,,,,,brand_direct,true,https://naturium.com/products/phyto-glow-lip-balm-shimmer-cosmic,/product-images/brand-direct/natr-10134.webp
NATR-10131,skin-protectant,Phyto-Glow Lip Balm Shimmer Stardust,Naturium,,"Diisostearyl Malate, Phytosteryl/Isostearyl/Cetyl/Stearyl/Behenyl Dimer Dilinoleate, Hydrogenated Polyisobutene, Polybutene, Polyglyceryl-2 Diisostearate, Butyrospermum Parkii (Shea) Butter, Cera Microcristallina/Microcrystalline Wax/Cire Microcristalline, Aroma/Flavor, Synthetic Wax, Squalane, Theobroma Grandiflorum Seed Butter, Ricinus Communis (Castor) Seed Oil, Tocopherol, Isopropyl Titanium Triisostearate, Synthetic Fluorphlogopite, Calcium Aluminum Borosilicate, Aluminum Calcium Sodium Silicate, Tin Oxide, Mica, Vanillin, Citric Acid, BHT. MAY CONTAIN: Titanium Dioxide (CI 77891), Iron Oxides (CI 77491), Iron Oxides (CI 77492), Iron Oxides (CI 77499), Red 7 Lake (CI 15850), Yellow 5 Lake (CI 19140), Blue 1 Lake (CI 42090)",squalane,,,,,,,,,,,,,brand_direct,true,https://naturium.com/products/phyto-glow-lip-balm-shimmer-stardust,/product-images/brand-direct/natr-10131.webp
NATR-40026,skin-protectant,Urea 5% Body Serum,Naturium,,"Aqua/Water/Eau, Glycerin, Caprylic/Capric Triglyceride, Urea, Limnanthes Alba (Meadowfoam) Seed Oil, Propanediol, Haematococcus Pluvialis Extract, Magnesium PCA, Collagen Amino Acids, Lecithin, Cetearyl Alcohol, Sodium Stearoyl Glutamate, Rosmarinus Officinalis (Rosemary) Leaf Extract, Sodium Hyaluronate, Hydroxyacetophenone, Acrylates/C10-30 Alkyl Acrylate Crosspolymer, Citric Acid, Sodium Citrate, Sodium Hydroxide, Tetrasodium Glutamate Diacetate, Ethylhexylglycerin, Phenoxyethanol",hyaluronic-acid,,,,,,,,,,,,,brand_direct,true,https://naturium.com/products/urea-5-body-serum,/product-images/brand-direct/natr-40026.webp
NATR-40025,brightening-texture,The Calmer Ceramide Body Wash,Naturium,,"Aqua/Water/Eau, Sodium Cocoyl Isethionate, Glycerin, Cocamidopropyl Betaine, Hydroxypropyl Starch Phosphate, Caprylic/Capric Triglyceride, Cocamide MIPA, Coco-Glucoside, Propanediol, Avena Sativa (Oat) Kernel Flour, Sodium PCA, Theobroma Cacao (Cocoa) Seed Butter, Allantoin, Polyquaternium-10, Potassium Cocoyl Glycinate, Phytosphingosine, Ceramide NP, Ceramide AP, Ceramide EOP, Chlorella Vulgaris Extract, Sodium Lauroyl Methyl Isethionate, Potassium Cocoate, Cholesterol, Sodium Lauroyl Lactylate, Lauryl Glucoside, Sodium Methyl Oleoyl Taurate, Titanium Dioxide, Trisodium Ethylenediamine Disuccinate, Carbomer, Xanthan Gum, Sodium Benzoate, Lactic Acid, Hydroxyacetophenone, Sodium Metabisulfite, Sodium Chloride, Sodium Hydroxide, Citric Acid, Ethylhexylglycerin, Phenoxyethanol",ceramides;lactic-acid,,,,,,,,,,,,,brand_direct,true,https://naturium.com/products/the-calmer-ceramide-body-wash,/product-images/brand-direct/natr-40025.webp
NATR-10173,skin-protectant,Quadruple Hyaluronic Acid Serum 5% - Jumbo,Naturium,,"Aqua, Glycerin, Propanediol, Hydrolyzed Hyaluronic Acid, Sodium Hyaluronate, Apricot Kernel Oil Polyglyceryl-6 Esters, Polyglyceryl-6 Oleate, Caprylyl Glycol, Polyglyceryl-10 Oleate, Acrylates/C10-30 Alkyl Acrylate Crosspolymer, Magnolol, Kaempferol, Tetrahexyldecyl Ascorbate, Glycolipids, Glycine Soja (Soybean) Sterols, Tocopheryl Acetate, Phenoxyethanol, Sorbitan Palmate, Potassium Sorbate, Sodium Hydroxide, Glyceryl Polyacrylate, Xanthan Gum, Hexylene Glycol. *Please note, packaging and formula may vary. Original formula contained a very low percentage of ethically-sourced honey, which has since been removed",hyaluronic-acid,,,,,,,,,,,,,brand_direct,true,https://naturium.com/products/quadruple-hyaluronic-acid-serum-5-jumbo,/product-images/brand-direct/natr-10173.webp
NATR-10166,brightening-texture,Multi-Peptide Rich Cream,Naturium,,"Aqua/Water/Eau, Caprylic/Capric Triglyceride, Glycerin, Octyldodecanol, Butylene Glycol, Polyglyceryl-3 Polyricinoleate, Cera Microcristallina/Microcrystalline Wax/Cire Microcristalline, Magnesium Stearate, Polyglyceryl-3 Oleate, Undecane, 1,2-Hexanediol, Polyglyceryl-20 Octadecabehenate/Hydroxystearate, Sorbitan Olivate, Stearalkonium Bentonite, Magnesium Sulfate, Linum Usitatissimum (Linseed) Seed Extract, Sodium Hyaluronate, Mannitol, Phosphatidylcholine, Palmitoyl Pentapeptide-4, Copper Tripeptide-1, Ferulic Acid, Gold, Tocopherol, Tridecane, Asiaticoside, Propylene Carbonate, Glyceryl Caprylate, Cetyl Alcohol, Decyl Glucoside, P-anisic Acid, Xanthan Gum, Tocopheryl Acetate, Sodium Chloride, Sodium Benzoate, Potassium Sorbate, Phenoxyethanol",hyaluronic-acid;peptides,,,,,,,,,,,,,brand_direct,true,https://naturium.com/products/multi-peptide-rich-cream,/product-images/brand-direct/natr-10166.webp
NATR-10118,skin-protectant,Phyto-Glow Lip Balm Midnight,Naturium,,"Ingredients: Phytosteryl/Isostearyl/Cetyl/Stearyl/Behenyl Dimer Dilinoleate, Diisostearyl Malate, Hydrogenated Polyisobutene, Polybutene, Polyglyceryl-2 Diisostearate, Butyrospermum Parkii (Shea) Butter, Cera Microcristallina/Microcrystalline Wax/Cire Microcristalline, Aroma/Flavor, Synthetic Wax, Mica, Squalane, Theobroma Grandiflorum Seed Butter, Ricinus Communis (Castor) Seed Oil, BHT, Vanillin, Isopropyl Titanium Triisostearate, Citric Acid. May Contain/Peut Contenir (+/-) Iron Oxides (CI 77491), Iron Oxides (CI 77492), Iron Oxides (CI 77499), Red 7 Lake (CI 15850), Red 33 Lake (CI 17200), Blue 1 Lake (CI 42090)",squalane,,,,,,,,,,,,,brand_direct,true,https://naturium.com/products/phyto-glow-lip-balm-midnight,/product-images/brand-direct/natr-10118.webp
NATR-10122,skin-protectant,Phyto-Glow Lip Balm Crimson,Naturium,,"Ingredients: Phytosteryl/Isostearyl/Cetyl/Stearyl/Behenyl Dimer Dilinoleate, Diisostearyl Malate, Hydrogenated Polyisobutene, Polybutene, Polyglyceryl-2 Diisostearate, Butyrospermum Parkii (Shea) Butter, Cera Microcristallina/Microcrystalline Wax/Cire Microcristalline, Aroma/Flavor, Synthetic Wax, Mica, Squalane, Theobroma Grandiflorum Seed Butter, Ricinus Communis (Castor) Seed Oil, BHT, Vanillin, Isopropyl Titanium Triisostearate, Citric Acid. May Contain/Peut Contenir (+/-) Iron Oxides (CI 77491), Iron Oxides (CI 77492), Iron Oxides (CI 77499), Red 7 Lake (CI 15850), Red 33 Lake (CI 17200), Blue 1 Lake (CI 42090)",squalane,,,,,,,,,,,,,brand_direct,true,https://naturium.com/products/phyto-glow-lip-balm-crimson,/product-images/brand-direct/natr-10122.webp
NATR-10123,skin-protectant,Phyto-Glow Lip Balm Ruby,Naturium,,"Ingredients: Phytosteryl/Isostearyl/Cetyl/Stearyl/Behenyl Dimer Dilinoleate, Diisostearyl Malate, Hydrogenated Polyisobutene, Polybutene, Polyglyceryl-2 Diisostearate, Butyrospermum Parkii (Shea) Butter, Cera Microcristallina/Microcrystalline Wax/Cire Microcristalline, Aroma/Flavor, Synthetic Wax, Mica, Squalane, Theobroma Grandiflorum Seed Butter, Ricinus Communis (Castor) Seed Oil, BHT, Vanillin, Isopropyl Titanium Triisostearate, Citric Acid. May Contain/Peut Contenir (+/-) Iron Oxides (CI 77491), Iron Oxides (CI 77492), Iron Oxides (CI 77499), Red 7 Lake (CI 15850), Red 33 Lake (CI 17200), Blue 1 Lake (CI 42090)",squalane,,,,,,,,,,,,,brand_direct,true,https://naturium.com/products/phyto-glow-lip-balm-ruby,/product-images/brand-direct/natr-10123.webp
NATR-10099,brightening-texture,AHA Exfoliating Mask 10%,Naturium,,"Aqua/Water/Eau, Kaolin, Butylene Glycol, Glycerin, Bentonite, Dicaprylyl Carbonate, Lactic Acid, Glycolic Acid, Potassium Hydroxide, Cetearyl Olivate, 1,2-Hexanediol, Sorbitan Olivate, Cellulose Acetate, Glyceryl Stearate, Maltodextrin, Polyacrylate Crosspolymer-6, Acacia Senegal Gum, Oryza Sativa (Rice) Powder, Lipase, Protease, Biosaccharide Gum-1, t-Butyl Alcohol, Sodium Levulinate, Glyceryl Caprylate, Sodium Anisate, Sodium Phytate, Tocopherol",glycolic-acid;lactic-acid,,,,,,,,,,,,,brand_direct,true,https://naturium.com/products/aha-exfoliating-mask-10,/product-images/brand-direct/natr-10099.webp
NATR-10119,skin-protectant,Phyto-Glow Lip Balm Strawberry,Naturium,,"Ingredients: Phytosteryl/Isostearyl/Cetyl/Stearyl/Behenyl Dimer Dilinoleate, Diisostearyl Malate, Hydrogenated Polyisobutene, Polybutene, Polyglyceryl-2 Diisostearate, Butyrospermum Parkii (Shea) Butter, Cera Microcristallina/Microcrystalline Wax/Cire Microcristalline, Aroma/Flavor, Synthetic Wax, Mica, Squalane, Theobroma Grandiflorum Seed Butter, Ricinus Communis (Castor) Seed Oil, Siraitia Grosvenorii Fruit Extract, Isopropyl Titanium Triisostearate, Citric Acid, BHT, Vanillin, Red 6 Lake (CI 15850), Yellow 5 Lake (CI 19140)",squalane,,,,,,,,,,,,,brand_direct,true,https://naturium.com/products/phyto-glow-lip-balm-strawberry,/product-images/brand-direct/natr-10119.webp
NATR-10117,skin-protectant,Phyto-Glow Lip Balm Watermelon,Naturium,,"Ingredients: Phytosteryl/Isostearyl/Cetyl/Stearyl/Behenyl Dimer Dilinoleate, Diisostearyl Malate, Hydrogenated Polyisobutene, Polybutene, Polyglyceryl-2 Diisostearate, Butyrospermum Parkii (Shea) Butter, Cera Microcristallina/Microcrystalline Wax/Cire Microcristalline, Aroma/Flavor, Synthetic Wax, Mica, Squalane, Theobroma Grandiflorum Seed Butter, Ricinus Communis (Castor) Seed Oil, Siraitia Grosvenorii Fruit Extract, Isopropyl Titanium Triisostearate, Citric Acid, BHT, Amyl Cinnamal, Citrus Aurantium Amara (Bitter Orange) Peel Oil, Citrus Limon (Lemon) Peel Oil, Limonene, Vanillin, Titanium Dioxide (CI 77891), Red 7 Lake (CI 15850), Yellow 5 Lake (CI 19140)",squalane,,,,,,,,,,,,,brand_direct,true,https://naturium.com/products/phyto-glow-lip-balm-watermelon,/product-images/brand-direct/natr-10117.webp
NATR-10120,skin-protectant,Phyto-Glow Lip Balm Mango,Naturium,,"Ingredients: Phytosteryl/Isostearyl/Cetyl/Stearyl/Behenyl Dimer Dilinoleate, Diisostearyl Malate, Hydrogenated Polyisobutene, Polybutene, Polyglyceryl-2 Diisostearate, Butyrospermum Parkii (Shea) Butter, Cera Microcristallina/Microcrystalline Wax/Cire Microcristalline, Aroma/Flavor, Synthetic Wax, Mica, Squalane, Theobroma Grandiflorum Seed Butter, Ricinus Communis (Castor) Seed Oil, Siraitia Grosvenorii Fruit Extract, Isopropyl Titanium Triisostearate, Citric Acid, BHT, Linalool, Limonene, Terpineol, Vanillin, Citrus Aurantium Amara (Bitter Orange) Peel Oil, Titanium Dioxide (CI 77891), Red 6 Lake (CI 15850), Yellow 5 Lake (CI 19140)",squalane,,,,,,,,,,,,,brand_direct,true,https://naturium.com/products/phyto-glow-lip-balm-mango,/product-images/brand-direct/natr-10120.webp
NATR-10121,skin-protectant,Phyto-Glow Lip Balm Peach,Naturium,,"Ingredients: Phytosteryl/Isostearyl/Cetyl/Stearyl/Behenyl Dimer Dilinoleate, Diisostearyl Malate, Hydrogenated Polyisobutene, Polybutene, Polyglyceryl-2 Diisostearate, Butyrospermum Parkii (Shea) Butter, Cera Microcristallina/Microcrystalline Wax/Cire Microcristalline, Aroma/Flavor, Synthetic Wax, Mica, Squalane, Theobroma Grandiflorum Seed Butter, Ricinus Communis (Castor) Seed Oil, Siraitia Grosvenorii Fruit Extract, Isopropyl Titanium Triisostearate, Citric Acid, BHT, Linalool, Beta-Caryophyllene, Carvone, Citral, Limonene, Terpineol, Titanium Dioxide (CI 77891), Iron Oxides (CI 77492), Red 7 Lake (CI 15850)",squalane,,,,,,,,,,,,,brand_direct,true,https://naturium.com/products/phyto-glow-lip-balm-peach,/product-images/brand-direct/natr-10121.webp
NATR-10103,brightening-texture,Dew-Glow Tinted Moisturizer SPF 50+,Naturium,,"Active Ingredients: Homosalate 10.0% Octisalate 5.0% Avobenzone 3.0% Inactive Ingredients: Aqua/Water/Eau, Butyloctyl Salicylate, C12-15 Alkyl Benzoate, Calcium Sodium Borosilicate, Glycerin, Glyceryl Stearate, Ethylhexyl Methoxycrylene, VP/Eicosene Copolymer, Stearyl Dimethicone, Argania Spinosa Kernel Oil, Tocopheryl Acetate, 1,2-Hexanediol, Niacinamide, Sodium Stearoyl Glutamate, Tocopherol, Cetearyl Olivate, Bisabolol, 3-O-Ethyl Ascorbic Acid, Sodium Hyaluronate, Squalane, Ammonium Acryloyldimethyltaurate/VP Copolymer, Hydroxyacetophenone, Silica, Octadecene, Sorbitan Olivate, Sorbitan Oleate, Caprylyl/Capryl Glucoside, Xanthan Gum, Sodium Acrylate/Sodium Acryloyldimethyl Taurate Copolymer, Trisodium Ethylenediamine Disuccinate, Polyisobutene, Citric Acid, Sodium Hydroxide, Iron Oxides (CI 77491), Iron Oxides (CI 77492), Iron Oxides (CI 77499)",niacinamide;vitamin-c;hyaluronic-acid;squalane,,,,,,,,,,,,,brand_direct,true,https://naturium.com/products/dew-glow-tinted-moisturizer-spf-50,/product-images/brand-direct/natr-10103.webp
NATR-60068,skin-protectant,Phyto-Glow Lip Balm Jam,Naturium,,"Ingredients: Phytosteryl/Isostearyl/Cetyl/Stearyl/Behenyl Dimer Dilinoleate, Diisostearyl Malate, Hydrogenated Polyisobutene, Polybutene, Polyglyceryl-2 Diisostearate, Butyrospermum Parkii (Shea) Butter, Microcrystalline Wax, Flavor, Synthetic Wax, Mica, Ricinus Communis Seed Oil, Squalane, Theobroma Grandiflorum Seed Butter, Isopropyl Titanium Triisostearate, Tocopherol, Citric Acid. MAY CONTAIN: Titanium Dioxide, Iron Oxides, Red 7 Lake, Blue 1 Lake, Red 6 Lake, Yellow 5 Lake, Red 33 Lake",squalane,,,,,,,,,,,,,brand_direct,true,https://naturium.com/products/phyto-glow-lip-balm-jam,/product-images/brand-direct/natr-60068.webp
NATR-10115,skin-protectant,The Glow Getter Body Oil,Naturium,,"Carthamus Tinctorius (Safflower) Seed Oil, Ricinus Communis (Castor) Seed Oil, Caprylic/Capric Triglyceride, Squalane, Hydrogenated Ethylhexyl Olivate, Cocos Nucifera (Coconut) Oil, Cocos Nucifera (Coconut) Fruit Extract, Simmondsia Chinensis (Jojoba) Seed Oil, Tetrahexyldecyl Ascorbate, Hippophae Rhamnoides Fruit/Seed Oil, Linoleic Acid, Phospholipids, Phytosterols, Rosa Canina Fruit Oil, Vanilla Planifolia Fruit Extract, Hydrogenated Olive Oil Unsaponifiables, Gamma-Decalactone, Benzotriazolyl Dodecyl P-Cresol, Gamma-Nonalactone, Delta-Decalactone, Delta Dodecalactone, Gamma-Dodecalactone, Gamma-Undecalactone, Gamma-Nonalactone, Limonene",squalane,,,,,,,,,,,,,brand_direct,true,https://naturium.com/products/the-glow-getter-body-oil,/product-images/brand-direct/natr-10115.webp
NATR-10156,brightening-texture,Dew-Glow Moisturizer SPF 50 - Jumbo,Naturium,,"Active Ingredients: Homosalate 10.0% Octisalate 5.0% Avobenzone 3.0% Inactive Ingredients: Aqua (Water), Butyloctyl Salicylate, C12-15 Alkyl Benzoate, Calcium Sodium Borosilicate, Glycerin, Glyceryl Stearate, Ethylhexyl Methoxycrylene, VP/Eicosene Copolymer, Stearyl Dimethicone, Argania Spinosa Kernel Oil, Tocopheryl Acetate, 1,2-Hexanediol, Niacinamide, Tocopherol, Cetearyl Olivate, Bisabolol, 3-O-Ethyl Ascorbic Acid, Sodium Hyaluronate, Squalane, Ammonium Acryloyldimethyltaurate/VP Copolymer, Hydroxyacetophenone, Silica, Sodium Stearoyl Glutamate, Octadecene, Sorbitan Olivate, Sorbitan Oleate, Caprylyl/Capryl Glucoside, Xanthan Gum, Sodium Acrylate/Sodium Acryloyldimethyl Taurate Copolymer, Trisodium Ethylenediamine Disuccinate, Polyisobutene, Citric Acid, Sodium Hydroxide",niacinamide;vitamin-c;hyaluronic-acid;squalane,,,,,,,,,,,,,brand_direct,true,https://naturium.com/products/dew-glow-moisturizer-spf-50-jumbo,/product-images/brand-direct/natr-10156.webp
NATR-10157,brightening-texture,Dew-Glow Moisturizer SPF 50 - Travel Size,Naturium,,"Active Ingredients: Homosalate 10.0% Octisalate 5.0% Avobenzone 3.0% Inactive Ingredients: Aqua (Water), Butyloctyl Salicylate, C12-15 Alkyl Benzoate, Calcium Sodium Borosilicate, Glycerin, Glyceryl Stearate, Ethylhexyl Methoxycrylene, VP/Eicosene Copolymer, Stearyl Dimethicone, Argania Spinosa Kernel Oil, Tocopheryl Acetate, 1,2-Hexanediol, Niacinamide, Tocopherol, Cetearyl Olivate, Bisabolol, 3-O-Ethyl Ascorbic Acid, Sodium Hyaluronate, Squalane, Ammonium Acryloyldimethyltaurate/VP Copolymer, Hydroxyacetophenone, Silica, Sodium Stearoyl Glutamate, Octadecene, Sorbitan Olivate, Sorbitan Oleate, Caprylyl/Capryl Glucoside, Xanthan Gum, Sodium Acrylate/Sodium Acryloyldimethyl Taurate Copolymer, Trisodium Ethylenediamine Disuccinate, Polyisobutene, Citric Acid, Sodium Hydroxide",niacinamide;vitamin-c;hyaluronic-acid;squalane,,,,,,,,,,,,,brand_direct,true,https://naturium.com/products/dew-glow-moisturizer-spf-50-travel-size,/product-images/brand-direct/natr-10157.webp
NATR-10165,brightening-texture,Multi-Peptide Moisturizer - Jumbo,Naturium,,"Aqua, Glycerin, Dimethicone, Simmondsia Chinensis (Jojoba) Seed Oil, Squalane, Glyceryl Stearate, Cetyl Alcohol, Niacinamide, Stearyl Alcohol, Palmitoyl Tripeptide-5, Pantolactone, Palmitoyl Tripeptide-1, Palmitoyl Tetrapeptide-7, Hydrolyzed Plukenetia Volubilis Seed Extract, Dunaliella Salina Extract, Sodium Hyaluronate, 3-O-Ethyl Ascorbic Acid, Panthenol, Caryodendron Orinocense Seed Oil, Honokiol, Magnolol, Palmitic Acid, Sorbitan Oleate, Aluminum Starch Octenylsuccinate, Hydroxyacetophenone, Stearic Acid, Acrylamide/Sodium Acryloyldimethyltaurate Copolymer, Polyglyceryl-6 Laurate, 1,2-Hexanediol, Boron Nitride, Caprylyl Glycol, Polyglyceryl-10 Oleate, Isohexadecane, Butylene Glycol, Chlorphenesin, Acrylates/C10-30 Alkyl Acrylate Crosspolymer, Tocopheryl Acetate, Polysorbate 80, Sorbitan Palmitate, Sodium Hydroxide, Sodium Benzoate, Carbomer, Sodium Lactate, Phenoxyethanol, Polysorbate 20, Citric Acid, Ethylhexylglycerin, Potassium Sorbate",niacinamide;vitamin-c;hyaluronic-acid;squalane;peptides;panthenol,,,,,,,,,,,,,brand_direct,true,https://naturium.com/products/multi-peptide-moisturizer-jumbo,/product-images/brand-direct/natr-10165.webp
NATR-40019,skin-protectant,The Booster Hyaluronic Acid Body Wash,Naturium,,"Aqua/Water/Eau, Glycerin, Cocamidopropyl Hydroxysultaine, Guar Hydroxypropyltrimonium Chloride, Coco-Glucoside, Sodium Lauroyl Glutamate, Sodium Methyl Cocoyl Taurate, Panthenol, Hydrolyzed Hyaluronic Acid, Sodium Hyaluronate, Cyanocobalamin, Nelumbo Nucifera Root Water, Beta-Glucan, Cocamidopropylamine Oxide, Hydroxyacetophenone, Trisodium Ethylenediamine Disuccinate, Caprylyl Glycol, 1,2-Hexanediol, Citric Acid, Sodium Benzoate, Sodium Hydroxide, Phenoxyethanol",hyaluronic-acid;panthenol,,,,,,,,,,,,,brand_direct,true,https://naturium.com/products/the-booster-hyaluronic-acid-body-wash,/product-images/brand-direct/natr-40019.webp
NATR-10093,brightening-texture,Vitamin C Super Eye Cream Plus,Naturium,,"Aqua/Water/Eau, Dimethicone, Isododecane, Hydrogenated Polydecene, Propanediol, Glycerin, Isopentyldiol, Butyrospermum Parkii (Shea) Butter, Caprylic/Capric/Myristic/Stearic Triglyceride, Stearoxymethicone/Dimethicone Copolymer, Ethyl Ascorbic Acid, Cetearyl Olivate, Cetyl Alcohol, Stearyl Alcohol, Sorbitan Olivate, Dimethicone Crosspolymer, Squalane, Ascorbic Acid, Oryza Sativa (Rice) Bran Extract, Sorbitol, Mannitol, Retinol, Tricaprylin, Aloe Barbadensis Leaf Juice, Sodium Phytate, Phosphatidylcholine, Rosmarinus Officinalis (Rosemary) Leaf Extract, Sodium Ascorbyl Phosphate, Helianthus Annuus (Sunflower) Extract, Hyaluronic Acid, Tocopherol, Glutathione, Decyl Glucoside, Gold, Pentaerythrityl Tetra-Di-T-Butyl Hydroxyhydrocinnamate, HDI/Trimethylol Hexyllactone Crosspolymer, Hexadecene, Polymethylsilsesquioxane, Ammonium Acryloyldimethyltaurate/VP Copolymer, Cetyl Diglyceryl Tris(Trimethylsiloxy)silyethyl Dimethicone, Polysilicone-11, Dipropylene Glycol, Cellulose Acetate Butyrate, Caprylyl Glycol, Silica, Xanthan Gum, Citric Acid, Silica Silylate, Potassium Sorbate, Sodium Benzoate, Magnesium Stearate, 1,2-Hexanediol, Sodium Chloride, Phenoxyethanol",vitamin-c;hyaluronic-acid;retinol-cosmetic;squalane,,,,,,,,,,,,,brand_direct,true,https://naturium.com/products/vitamin-c-super-eye-cream-plus,/product-images/brand-direct/natr-10093.webp
NATR-10101,skin-protectant,Barrier Bounce Serum,Naturium,,"Aqua/Water/Eau, Octyldodecanol, Squalane, Shea Butter Ethyl Esters, Polyglyceryl-4 Diisostearate/Polyhydroxystearate/Sebacate, Propanediol, C13-15 Alkane, Crambe Abyssinica Seed Oil Phytosterol Esters, Urea, Glycerin, Silica, Polyglyceryl-3 Polyricinoleate, Sodium Chloride, Simmondsia Chinensis (Jojoba) Seed Oil, Silybum Marianum Seed Oil, Ceramide NP, Cholesterol, Oleic Acid, Blakeslea Trispora Mycelium Extract, Salicornia Herbacea Extract, Sodium Hyaluronate, Caprylic/Capric Triglyceride, Disteardimonium Hectorite, Phytosphingosine, Hydrogenated Poly(C6-14 Olefin), Benzotriazolyl Dodecyl P-Cresol, Hydrogenated Lecithin, Lactic Acid, Butylene/Ethylene/Styrene Copolymer, Ethylene/Propylene/Styrene Copolymer, Stearic Acid, Sodium Hydroxide, Citric Acid, Ethylhexylglycerin, Pentaerythrityl Tetra-di-t-butyl Hydroxyhydrocinnamate, Sodium Sulfate, Sodium Carbonate, Tocopherol, Caprylyl Glycol, Caprylhydroxamic Acid, 1,2-Hexanediol, Phenoxyethanol, Manganese Violet (CI 77742)",hyaluronic-acid;ceramides;squalane;lactic-acid,,,,,,,,,,,,,brand_direct,true,https://naturium.com/products/barrier-bounce,/product-images/brand-direct/natr-10101.webp
NATR-10112,brightening-texture,Vitamin C Complex Cleanser,Naturium,,"Aqua/Water/Eau, Sodium Cocoyl Glutamate, Glycerin, Citric Acid, Disodium Cocoamphodiacetate, Decyl Glucoside, Xanthan Gum, Glucose, Phytic Acid, Bromelain, Papain, Aloe Barbadensis Leaf Juice, Sodium Glycolate, Citrus Aurantium Dulcis (Orange) Fruit Water, Ananas Sativus (Pineapple) Fruit Extract, Carica Papaya (Papaya) Fruit Extract, Mangifera Indica (Mango) Fruit Extract, Ascorbic Acid, Ethyl Ascorbic Acid, Lecithin, Tocopherol, Haematococcus Pluvialis Extract, Sucrose Stearate, Sodium Hyaluronate, Helianthus Annuus (Sunflower) Seed Oil, Polyglyceryl-10 Laurate, Caprylic/Capric Triglyceride, Sodium Chloride, Ethylhexylglycerin, Sodium Benzoate, Potassium Sorbate, Phenoxyethanol",vitamin-c;hyaluronic-acid,,,,,,,,,,,,,brand_direct,true,https://naturium.com/products/vitamin-c-complex-cleanser,/product-images/brand-direct/natr-10112.webp
NATR-40018,brightening-texture,Skin-Renewing Retinol Body Lotion - Jumbo,Naturium,,"AQUA/WATER/EAU, ISOPROPYL PALMITATE, CARTHAMUS TINCTORIUS (SAFFLOWER) SEED OIL, GLYCERIN, CETYL ALCOHOL, DIMETHICONE, CETEARYL OLIVATE, BUTYROSPERMUM PARKII (SHEA) BUTTER, SORBITAN OLIVATE, TRIDECYL STEARATE, NEOPENTYL GLYCOL DICAPRYLATE/DICAPRATE, ALLANTOIN, RETINOL, CELLULOSE ACETATE BUTYRATE, LINOLEIC ACID, PHOSPHOLIPIDS, PHYTOSTEROLS, SODIUM HYALURONATE, XANTHAN GUM, TRIDECYL TRIMELLITATE, CAPRYLIC/CAPRIC TRIGLYCERIDE, TETRASODIUM GLUTAMATE DIACETATE, TRICAPRYLIN, SODIUM PCA, PENTAERYTHRITYL TETRA-DI-T-BUTYL HYDROXYHYDROCINNAMATE, SILICA SILYLATE, SILICA, MAGNESIUM STEARATE, SODIUM HYDROXIDE, SODIUM BENZOATE, CITRIC ACID, ETHYLHEXYLGLYCERIN, PHENOXYETHANOL",hyaluronic-acid;retinol-cosmetic,,,,,,,,,,,,,brand_direct,true,https://naturium.com/products/skin-renewing-retinol-body-lotion-jumbo,/product-images/brand-direct/natr-40018.webp
NATR-60110,skin-protectant,Phyto-Glow Lip Balm Latte,Naturium,,"Ingredients: Phytosteryl/Isostearyl/Cetyl/Stearyl/Behenyl Dimer Dilinoleate, Diisostearyl Malate, Hydrogenated Polyisobutene, Polybutene, Polyglyceryl-2 Diisostearate, Butyrospermum Parkii (Shea) Butter, Microcrystalline Wax, Flavor, Synthetic Wax, Mica, Ricinus Communis Seed Oil, Squalane, Theobroma Grandiflorum Seed Butter, Isopropyl Titanium Triisostearate, Tocopherol, Citric Acid. MAY CONTAIN: Titanium Dioxide, Iron Oxides, Red 7 Lake, Blue 1 Lake, Red 6 Lake, Yellow 5 Lake, Red 33 Lake",squalane,,,,,,,,,,,,,brand_direct,true,https://naturium.com/products/phyto-glow-lip-balm-latte,/product-images/brand-direct/natr-60110.webp
NATR-40015,skin-protectant,The Glow Getter Multi-Oil Body Butter,Naturium,,"Aqua/Water/Eau, Oryza Sativa Bran Oil, Caprylic/Capric Triglyceride, Cocos Nucifera (Coconut) Oil, Carthamus Tinctorius (Safflower) Seed Oil, Butyrospermum Parkii (Shea) Butter, Glycerin, Glyceryl Stearate, Coco-Caprylate/Caprate, Sodium Acrylate/Sodium Acryloyldimethyl Taurate Copolymer, C15-19 Alkane, Pyrus Malus (Apple) Fruit Extract, Cocos Nucifera (Coconut) Fruit Extract, Rosa Canina Fruit Oil, Simmondsia Chinensis (Jojoba) Seed Oil, Squalane, Hydrolyzed Rice Protein, Hippophae Rhamnoides Fruit/Seed Oil, Stearyl Phosphate, Potassium Cetyl Phosphate, Gamma-Decalactone, Gamma-Nonalactone, Vanillin, Vanilla Planifolia Fruit Extract, Sodium Hydroxide, Sodium Benzoate, Citric Acid, Tetrasodium Glutamate Diacetate, Ethylhexylglycerin, Lauryl Glucoside, Limonene, Phenoxyethanol",squalane,,,,,,,,,,,,,brand_direct,true,https://naturium.com/products/the-glow-getter-multi-oil-body-butter,/product-images/brand-direct/natr-40015.webp
NATR-10111,skin-protectant,Phyto-Glow Lip Balm Chai,Naturium,,"Ingredients: Phytosteryl/Isostearyl/Cetyl/Stearyl/Behenyl Dimer Dilinoleate, Diisostearyl Malate, Hydrogenated Polyisobutene, Polybutene, Polyglyceryl-2 Diisostearate, Butyrospermum Parkii (Shea) Butter, Microcrystalline Wax, Flavor, Synthetic Wax, Mica, Ricinus Communis Seed Oil, Squalane, Theobroma Grandiflorum Seed Butter, Isopropyl Titanium Triisostearate, Tocopherol, Citric Acid. MAY CONTAIN: Titanium Dioxide, Iron Oxides, Red 7 Lake, Blue 1 Lake, Red 6 Lake, Yellow 5 Lake, Red 33 Lake",squalane,,,,,,,,,,,,,brand_direct,true,https://naturium.com/products/phyto-glow-lip-balm-chai,/product-images/brand-direct/natr-10111.webp
NATR-10114,skin-protectant,Phyto-Glow Lip Balm Mocha,Naturium,,"Ingredients: Phytosteryl/Isostearyl/Cetyl/Stearyl/Behenyl Dimer Dilinoleate, Diisostearyl Malate, Hydrogenated Polyisobutene, Polybutene, Polyglyceryl-2 Diisostearate, Butyrospermum Parkii (Shea) Butter, Microcrystalline Wax, Flavor, Synthetic Wax, Mica, Ricinus Communis Seed Oil, Squalane, Theobroma Grandiflorum Seed Butter, Isopropyl Titanium Triisostearate, Tocopherol, Citric Acid. MAY CONTAIN: Titanium Dioxide, Iron Oxides, Red 7 Lake, Blue 1 Lake, Red 6 Lake, Yellow 5 Lake, Red 33 Lake",squalane,,,,,,,,,,,,,brand_direct,true,https://naturium.com/products/phyto-glow-lip-balm-mocha,/product-images/brand-direct/natr-10114.webp
NATR-10132,brightening-texture,Vitamin C Super Serum Plus - Jumbo,Naturium,,"Water, Niacinamide, Propanediol, Glycerin, Ascorbic Acid, Glutathione, Aloe Barbadensis Leaf Juice, Retinol, Sodium Hyaluronate, Caprylyl Glycol, Hydroxyethylcellulose, Carbomer, Salicylic Acid, Tocopheryl Acetate, Humulus Lupulus (Hops) Cone Extract, Glyceryl Polyacrylate, Potassium Sorbate, Copernicia Cerifera (Carnauba) Wax, Hexylene Glycol, Sorbitol, Sodium Hydroxide, Sorbitan Oleate, Acrylamide/Sodium Acryloyldimethyltaurate Copolymer, Helianthus Annuus (Sunflower) Seed Oil, Phenoxyethanol, Isohexadecane, Polysorbate 80, Polysorbate 20, 1,2-Hexanediol, Amylopectin, Dextrin, Polydextrose, Disodium Cocoamphodiacetate, Xanthan Gum, Tocopherol, Citric Acid, Sodium Benzoate, Disodium Phosphate, Gold, Polysorbate 60, Ethyl Ferulate, Sodium Phosphate",niacinamide;vitamin-c;hyaluronic-acid;retinol-cosmetic,,,,,,,,,,,,,brand_direct,true,https://naturium.com/products/vitamin-c-super-serum-plus-jumbo,/product-images/brand-direct/natr-10132.webp
NATR-10102,brightening-texture,Multi-Peptide Advanced Serum,Naturium,,"Aqua/Water/Eau, Propanediol, Caprylic/Capric Triglyceride, Isopentyldiol, Ethylhexyl Polyhydroxystearate, Squalane, Tetradecane, Glyceryl Stearate Citrate, Butyrospermum Parkii (Shea) Butter, Polyglyceryl-3 Stearate, Helianthus Annuus (Sunflower) Extract, Oryza Sativa (Rice) Bran Extract, Mannitol, Phosphatidylcholine, Ferulic Acid, Arginine, Acetyl Hexapeptide-8, Copper Palmitoyl Heptapeptide-14, Palmitoyl sh-Hexapeptide-13 Serine SP Amide, Hydrolyzed Collagen, Rosmarinus Officinalis (Rosemary) Leaf Extract, Lactic Acid/Glycolic Acid Copolymer, Glycerin, Tocopherol, Pullulan, Lysolecithin, Sclerotium Gum, Hydroxyethyl Acrylate/Sodium Acryloyldimethyl Taurate Copolymer, Dimethicone, Sodium Phytate, Diglycerin, Hydrogenated Lecithin, Silica, Cetyl Alcohol, Hydroxyacetophenone, Polysorbate 60, Sorbitan Isostearate, Sodium Hydroxide, Sodium Benzoate, Potassium Sorbate, Polyvinyl Alcohol, Decyl Glucoside, Xanthan Gum, Tocopheryl Acetate, Sodium Chloride, Citric Acid, Phenoxyethanol",glycolic-acid;squalane;peptides;lactic-acid,,,,,,,,,,,,,brand_direct,true,https://naturium.com/products/multi-peptide-advanced-serum,/product-images/brand-direct/natr-10102.webp
NATR-10086,skin-protectant,Vitamin Bright Illuminating Eye Cream,Naturium,,"Ingredients (Light Medium): Aqua/Water/Eau, Caprylic/Capric Triglyceride, Butyrospermum Parkii (Shea) Butter, Glycerin, Candelilla/Jojoba/Rice Bran Polyglyceryl-3 Esters, Dimethicone, Isododecane, Acetyl Ethylhexyl Polyhydroxystearate, Glyceryl Stearate, Hydrogenated Polydecene, Stearyl Alcohol, Butylene Glycol, Cetearyl Alcohol, Phytonadione, Simmondsia Chinensis (Jojoba) Seed Oil, Phospholipids, Melia Azadirachta Flower Extract, Oryza Sativa (Rice) Bran Extract, Ocimum Sanctum Leaf Extract, Sorbitan Oleate, Melia Azadirachta Leaf Extract, Algin, Aloe Barbadensis Leaf Juice Powder, Cellulose, Sodium Phytate, Escin, Leuconostoc/Radish Root Ferment Filtrate, Curcuma Longa (Turmeric) Root Extract, Ocimum Basilicum (Basil) Flower/Leaf Extract, Corallina Officinalis Extract, Ruscus Aculeatus Root Extract, Ammonium Glycyrrhizate, Helianthus Annuus (Sunflower) Extract, Centella Asiatica Extract, Hydrolyzed Yeast Protein, Calendula Officinalis Flower Extract, Rosmarinus Officinalis (Rosemary) Leaf Extract, Tocopherol, Isopropyl Titanium Triisostearate, Panthenol, Caprylyl/Capryl Glucoside, Sodium Stearoyl Lactylate, Ammonium Acryloyldimethyltaurate/VP Copolymer, Microcrystalline Cellulose, Sodium Acrylate/Sodium Acryloyldimethyl Taurate, HDI/Trimethylol Hexyllactone Crosspolymer, Dimethicone Crosspolymer, Hydroxyacetophenone, Polyisobutene, Polymethylsilsesquioxane, Cetyl Alcohol, Citric Acid, Sodium Citrate, Mica, Tin Oxide, Phenoxyethanol, Titanium Dioxide (CI 77891), Iron Oxides (CI 77491)",centella-asiatica;panthenol,,,,,,,,,,,,,brand_direct,true,https://naturium.com/products/vitamin-bright-illuminating-eye-cream,/product-images/brand-direct/natr-10086.webp
NATR-10106,skin-protectant,Phyto-Glow Lip Balm Plum,Naturium,,"Ingredients: Phytosteryl/Isostearyl/Cetyl/Stearyl/Behenyl Dimer Dilinoleate, Diisostearyl Malate, Hydrogenated Polyisobutene, Polybutene, Polyglyceryl-2 Diisostearate, Butyrospermum Parkii (Shea) Butter, Microcrystalline Wax, Flavor, Synthetic Wax, Mica, Ricinus Communis Seed Oil, Squalane, Theobroma Grandiflorum Seed Butter, Isopropyl Titanium Triisostearate, Tocopherol, Citric Acid. MAY CONTAIN: Titanium Dioxide, Iron Oxides, Red 7 Lake, Blue 1 Lake, Red 6 Lake, Yellow 5 Lake, Red 33 Lake",squalane,,,,,,,,,,,,,brand_direct,true,https://naturium.com/products/phyto-glow-lip-balm-plum,/product-images/brand-direct/natr-10106.webp
NATR-10092,skin-protectant,UV Reflect Antioxidant SPF 50,Naturium,,"Active Ingredients: Avobenzone 3.0% Homosalate 10.0% Octisalate 5.0% Inactive Ingredients: Aqua/Water/Eau, Isododecane, Polymethyl Methacrylate, Butyloctyl Salicylate, Acrylates Copolymer, Saccharomyces Ferment, Aluminum Starch Octenylsuccinate, Butylene Glycol, Polyglyceryl-6 Polyricinoleate, C24-28 Alkyldimethylsiloxy Trimethylsiloxysilicate, Polyglyceryl-2 Dipolyhydroxystearate, Disteardimonium Hectorite, Sodium Chloride, Caesalpinia Spinosa Fruit Extract, Helianthus Annuus (Sunflower) Sprout Extract, Sodium Stearoyl Glutamate, Glycine Soja (Soybean) Oil, Squalane, Raspberry Ketone, Lauroyl Lysine, Caprylyl/Capryl Glucoside, Triethyl Citrate, Polyglyceryl-10 Dioleate, Hydroxyethylcellulose, Octyldodecanol, Tocopherol, Sodium Phytate, Polysorbate 60, Disodium Phosphate, Sodium Phosphate, Sodium Benzoate, Caprylyl Glycol, Propylene Glycol, Citric Acid, Phenoxyethanol",squalane,,,,,,,,,,,,,brand_direct,true,https://naturium.com/products/uv-reflect-antioxidant-spf-50,/product-images/brand-direct/natr-10092.webp
NATR-40014,brightening-texture,The Smoother Glycolic Acid Body Lotion,Naturium,,"Aqua/Water/Eau, Glycolic Acid, C12-15 Alkyl Benzoate, Cetearyl Alcohol, Isopropyl Palmitate, Sodium Hydroxide, Olus Oil/Vegetable Oil/Huile Vegetale, Butyrospermum Parkii (Shea) Butter, Glycerin, Dimethicone, Glyceryl Stearate, C13-15 Alkane, Magnesium Aluminum Silicate, Potassium Cetyl Phosphate, Hippophae Rhamnoides Fruit/Seed Oil, Candelilla Cera/Euphorbia Cerifera (Candelilla) Wax/Cire de Candelilla, Allantoin, Xanthan Gum, Hydrogenated Vegetable Oil, Xylitylglucoside, Anhydroxylitol, Xylitol, Tetrasodium Glutamate Diacetate, Ethylhexylglycerin, Phenoxyethanol",glycolic-acid,,,,,,,,,,,,,brand_direct,true,https://naturium.com/products/the-smoother-glycolic-acid-body-lotion,/product-images/brand-direct/natr-40014.webp
NATR-10098,brightening-texture,Azelaic Acid Derivative Complex 10% - Jumbo,Naturium,,"Water, Propanediol, Potassium Azeloyl Diglycinate, Polyacrylate Crosspolymer-6, Niacinamide, Ethyl Ascorbic Acid, Caprylyl Glycol, Coffea Arabica (Coffee) Seed Extract, Sodium Hyaluronate, Phenylpropanol, Phenoxyethanol, Citric Acid, Potassium Chloride, Glycerin, Chlorphenesin, Tocopherol, Potassium Sorbate, Sodium Benzoate",niacinamide;vitamin-c;hyaluronic-acid,,,,,,,,,,,,,brand_direct,true,https://naturium.com/products/azelaic-acid-derivative-complex-10-jumbo,/product-images/brand-direct/natr-10098.webp
NATR-10097,brightening-texture,Tranexamic Topical Acid 5% - Jumbo,Naturium,,"Water, Isopentyldiol, Tranexamic Acid, Propanediol, Citric Acid, Kojic Acid, Niacinamide, Hydroxyacetophenone, Isododecane, Polyacrylate Crosspolymer-6, Glycyrrhiza Glabra (Licorice) Root Extract, Panthenol, Glycerin, Xanthan Gum, Tremella Fuciformis Sporocarp Extract, Phenoxyethanol, Ethylhexylglycerin, Betaine, Sodium Hyaluronate, Sodium Phytate, Potassium Sorbate, Tocopherol",niacinamide;hyaluronic-acid;tranexamic-acid;panthenol;kojic-acid,,,,,,,,,,,,,brand_direct,true,https://naturium.com/products/tranexamic-topical-acid-5-jumbo,/product-images/brand-direct/natr-10097.webp
NATR-60067,skin-protectant,Phyto-Glow Lip Balm Petal,Naturium,,"Ingredients: Phytosteryl/Isostearyl/Cetyl/Stearyl/Behenyl Dimer Dilinoleate, Diisostearyl Malate, Hydrogenated Polyisobutene, Polybutene, Polyglyceryl-2 Diisostearate, Butyrospermum Parkii (Shea) Butter, Microcrystalline Wax, Flavor, Synthetic Wax, Mica, Ricinus Communis Seed Oil, Squalane, Theobroma Grandiflorum Seed Butter, Isopropyl Titanium Triisostearate, Tocopherol, Citric Acid. MAY CONTAIN: Titanium Dioxide, Iron Oxides, Red 7 Lake, Blue 1 Lake, Red 6 Lake, Yellow 5 Lake, Red 33 Lake",squalane,,,,,,,,,,,,,brand_direct,true,https://naturium.com/products/phyto-glow-lip-balm-petal,/product-images/brand-direct/natr-60067.webp
NATR-60072,skin-protectant,Phyto-Glow Lip Balm Lychee,Naturium,,"Ingredients: Phytosteryl/Isostearyl/Cetyl/Stearyl/Behenyl Dimer Dilinoleate, Diisostearyl Malate, Hydrogenated Polyisobutene, Polybutene, Polyglyceryl-2 Diisostearate, Butyrospermum Parkii (Shea) Butter, Microcrystalline Wax, Flavor, Synthetic Wax, Mica, Ricinus Communis Seed Oil, Squalane, Theobroma Grandiflorum Seed Butter, Isopropyl Titanium Triisostearate, Tocopherol, Citric Acid. MAY CONTAIN: Titanium Dioxide, Iron Oxides, Red 7 Lake, Blue 1 Lake, Red 6 Lake, Yellow 5 Lake, Red 33 Lake",squalane,,,,,,,,,,,,,brand_direct,true,https://naturium.com/products/phyto-glow-lip-balm-lychee,/product-images/brand-direct/natr-60072.webp
NATR-60066,skin-protectant,Phyto-Glow Lip Balm Clear,Naturium,,"Ingredients: Phytosteryl/Isostearyl/Cetyl/Stearyl/Behenyl Dimer Dilinoleate, Diisostearyl Malate, Hydrogenated Polyisobutene, Polybutene, Polyglyceryl-2 Diisostearate, Butyrospermum Parkii (Shea) Butter, Microcrystalline Wax, Flavor, Synthetic Wax, Mica, Squalane, Theobroma Grandiflorum Seed Butter, Tocopherol, Citric Acid",squalane,,,,,,,,,,,,,brand_direct,true,https://naturium.com/products/phyto-glow-lip-balm-clear,/product-images/brand-direct/natr-60066.webp
NATR-40008,brightening-texture,Skin-Renewing Retinol Body Lotion,Naturium,,"AQUA/WATER/EAU, ISOPROPYL PALMITATE, CARTHAMUS TINCTORIUS (SAFFLOWER) SEED OIL, GLYCERIN, CETYL ALCOHOL, DIMETHICONE, CETEARYL OLIVATE, BUTYROSPERMUM PARKII (SHEA) BUTTER, SORBITAN OLIVATE, TRIDECYL STEARATE, NEOPENTYL GLYCOL DICAPRYLATE/DICAPRATE, ALLANTOIN, RETINOL, CELLULOSE ACETATE BUTYRATE, LINOLEIC ACID, PHOSPHOLIPIDS, PHYTOSTEROLS, SODIUM HYALURONATE, XANTHAN GUM, TRIDECYL TRIMELLITATE, CAPRYLIC/CAPRIC TRIGLYCERIDE, TETRASODIUM GLUTAMATE DIACETATE, TRICAPRYLIN, SODIUM PCA, PENTAERYTHRITYL TETRA-DI-T-BUTYL HYDROXYHYDROCINNAMATE, SILICA SILYLATE, SILICA, MAGNESIUM STEARATE, SODIUM HYDROXIDE, SODIUM BENZOATE, CITRIC ACID, ETHYLHEXYLGLYCERIN, PHENOXYETHANOL",hyaluronic-acid;retinol-cosmetic,,,,,,,,,,,,,brand_direct,true,https://naturium.com/products/skin-renewing-retinol-body-lotion,/product-images/brand-direct/natr-40008.webp
NATR-40011,brightening-texture,KP Body Scrub & Mask,Naturium,,"Aqua, Pumice, Glycolic Acid, Stearic Acid, Cetearyl Alcohol, CI 77891 (Titanium Dioxide), Sodium Hydroxide, Jojoba Esters, Gluconolactone, Glycerin, Sodium Cocoyl Isethionate, Dimethicone, Salicylic Acid, Simmondsia Chinensis Seed Oil, Squalane, Sodium Hyaluronate, Leuconostoc/Radish Root Ferment Filtrate, Bisabolol, C12-15 Alkyl Benzoate, Hippophae Rhamnoides Fruit/Seed Oil, Niacinamide, Rosa Canina Fruit Oil, Camellia Sinensis Leaf Extract, Glycyrrhiza Glabra Root Extract, Glycine Soja Oil, Steareth-20, Xanthan Gum, Steareth-21, Phenoxyethanol, Ethylhexylglycerin, Tetrasodium Glutamate Diacetate, Tocopherol",niacinamide;hyaluronic-acid;glycolic-acid;squalane,,,,,,,,,,,,,brand_direct,true,https://naturium.com/products/kp-body-scrub-mask,/product-images/brand-direct/natr-40011.webp
NATR-10095,brightening-texture,Niacinamide Gel Cream 5%,Naturium,,"Aqua, Dimethicone, Niacinamide, Propanediol, Cocos Nucifera (Coconut) Fruit Juice, Acrylamide/Sodium Acryloyldimethyltaurate Copolymer, Ammonium Acryloyldimethyltaurate/VP Copolymer, Dimethicone Crosspolymer, Kappaphycus Alvarezii Extract, Alteromonas Ferment Extract, Sodium Hyaluronate, Sea Water, Hydroxyacetophenone, Glycerin, Isohexadecane, Sorbitan Oleate, Butylene Glycol, Phenoxyethanol, Cetyl Diglyceryl Tris (Trimethylsiloxy) Silylethyl Dimethicone, 1,2-Hexanediol, Caprylyl Glycol, Polysorbate 80, Hexadecene, Sodium Hydroxide, Sodium Benzoate, Potassium Sorbate, Tocopherol",niacinamide;hyaluronic-acid,,,,,,,,,,,,,brand_direct,true,https://naturium.com/products/niacinamide-gel-cream-5,/product-images/brand-direct/natr-10095.webp
NATR-40001,skin-protectant,The Glow Getter Multi-Oil Hydrating Body Wash,Naturium,,"Glycerin, Aqua/Water/Eau, Cocamidopropyl Betaine, Disodium Cocoamphodiacetate, Sodium Chloride, Citric Acid, Phenoxyethanol, Caprylyl/Capryl Glucoside, Polyquaternium-10, 1,2-Hexanediol, Caprylyl Glycol, Hexylene Glycol, Ethylhexylglycerin, Tetrasodium Glutamate Diacetate, Cocos Nucifera (Coconut) Fruit Extract, Pyrus Malus (Apple) Fruit Extract, Vanilla Planifolia Fruit Extract, Gamma-Nonalactone, Gamma-Undecalactone, Maltodextrin, Sodium Hydroxide, Tocopherol, Hippophae Rhamnoides Seed Oil, Rosa Canina Fruit Oil, Simmondsia Chinensis (Jojoba) Seed Oil, Squalane, Gardenia Jasminoides Fruit Extract",squalane,,,,,,,,,,,,,brand_direct,true,https://naturium.com/products/the-glow-getter-multi-oil-hydrating-body-wash,/product-images/brand-direct/natr-40001.webp
NATR-10042,skin-protectant,Marshmallow Root Barrier Balm,Naturium,,"Aqua (Water), Propanediol, Cetearyl Alcohol, Dimethicone, Butyrospermum Parkii Butter, Undecane, Glycerin, Dipentaerythrityl Hexahydroxystearate/Hexastearate/Hexarosinate, Cetearyl Olivate, Tridecane, Sorbitan Olivate, Althaea Officinalis Root, Colloidal Oatmeal, Centella Asiatica Extract, Arnica Montana Flower Extract, Silybum Marianum Seed Oil, Allantoin, Bisabolol, Magnesium Carboxymethyl Beta-Glucan, Chamomilla Recutita Flower Extract, Squalane, Fructooligosaccharides, Beta Vulgaris Root Extract, Nigella Sativa Seed Oil, Panthenol, Rosa Canina Fruit Oil, Sambucus Nigra Seed Oil, Oenothera Biennis Oil, Aloe Barbadensis Leaf Juice, Tocopheryl Acetate, Olea Europaea Fruit Oil, Leuconostoc/Radish Root Ferment Filtrate, Calendula Officinalis Flower Extract, Sodium Hyaluronate, Helianthus Annuus Seed Oil, Ethylhexylglycerin, Ammonium Acryloyldimethyltaurate/VP Copolymer, Xanthan Gum, Phenoxyethanol, Sodium Phytate, Potassium Lactate, Lactic Acid, Melia Azadirachta Leaf Extract, Melia Azadirachta Flower Extract, Corallina Officinalis Extract, Eclipta Prostrata Extract, Ocimum Sanctum Leaf Extract, Tocopherol, Moringa Oleifera Seed Oil, Amber Powder, Coccinia Indica Fruit Extract, Solanum Melongena Fruit Extract, Curcuma Longa Leaf Extract, Glycolic Acid, Citric Acid, Potassium Sorbate, Sodium Benzoate, Rosmarinus Officinalis Leaf Extract",hyaluronic-acid;glycolic-acid;squalane;centella-asiatica;panthenol;lactic-acid,,,,,,,,,,,,,brand_direct,true,https://naturium.com/products/marshmallow-root-barrier-balm,/product-images/brand-direct/natr-10042.webp
NATR-40007,skin-protectant,Bio-Lipid Restoring Body Lotion,Naturium,,"Aqua (Water), Carthamus Tinctorius Seed Oil, Cetyl Alcohol, Glycerin, Caprylic/Capric Triglyceride, Butyrospermum Parkii Butter, Dimethicone, C10-18 Triglycerides, Moringa Oleifera Seed Oil, Niacinamide, Rosa Canina Fruit Oil, Panthenol, Sodium PCA, Sodium Stearoyl Glutamate, Squalane, Vaccinium Myrtillus Fruit Extract, Saccharum Officinarum Extract, Riboflavin, Tocopherol, Citrus Aurantium Dulcis Fruit Extract, Citrus Limon Fruit Extract, Sodium Glycolate, Camellia Sinensis Leaf Extract, Spilanthes Acmella Flower Extract, Sodium Formate, Acer Saccharum Extract, Sodium Hyaluronate, Cetearyl Olivate, Sorbitan Olivate, Phenoxyethanol, Carbomer, Tocopheryl Acetate, Ethylhexylglycerin, Sodium Hydroxide, Tetrasodium Glutamate Diacetate, Citric Acid, Potassium Sorbate, Sodium Benzoate",niacinamide;hyaluronic-acid;squalane;panthenol,,,,,,,,,,,,,brand_direct,true,https://naturium.com/products/bio-lipid-restoring-body-lotion,/product-images/brand-direct/natr-40007.webp
NATR-40004,brightening-texture,The Brightener Vitamin C Brightening Body Wash,Naturium,,"Aqua, Sodium Cocoyl Isethionate, Cocamidopropyl, Hydroxysultaine, Glycerin, Coco-Glucoside, Sodium Methyl Cocoyl Taurate, Sodium Hyaluronate, Acrylates/C10-30 Alkyl Acrylate Crosspolymer, Ascorbyl Glucoside, Papain, Niacinamide, Bromelain, Sodium PCA, Vaccinium Myrtillus (Bilberry) Extract, Saccharum Officinarum (Sugar Cane) Extract, Citrus Limon (Lemon) Fruit Extract, Acer Saccharum (Sugar Maple) Extract, Citrus Aurantium Dulcis (Orange) Fruit Extract, Glycol Distearate, Polyquaternium-51, Caprylic/Capric Triglyceride, Citrus Aurantium Amara (Orange) Leaf/Twig Extract, Phenoxyethanol, Cocamide MIPA, Triethyl Citrate, Sodium Hydroxide, Ethylhexylglycerin, Urea, Tetrasodium Glutamate Diacetate, Trehalose, Maltodextrin",niacinamide;vitamin-c;hyaluronic-acid,,,,,,,,,,,,,brand_direct,true,https://naturium.com/products/the-brightener-vitamin-c-brightening-body-wash,/product-images/brand-direct/natr-40004.webp
NATR-40006,brightening-texture,The Multi-Vitamin Daily Nutrients Body Wash,Naturium,,"Aqua, Sodium Cocoyl Methyl Isethionate, Sodium Cocoyl Isethionate, Cocamidopropyl Hydroxysultaine, Cocamidopropyl Betaine, Glycerin, Coco-Glucoside, Polyquaternium-73, Anthemis Nobilis Flower Oil, Niacinamide, Panthenol, Camellia Sinensis Leaf Extract, Ascorbyl Glucoside, Hippophae Rhamnoides Fruit/Seed Oil, Pyrus Malus (Apple) Fruit Extract, Polyquaternium-10, Magnesium PCA, Manganese PCA, Zinc PCA, Sodium PCA, Sodium Lactate, PCA, Serine, Alanine, Glycine, Glutamic Acid, Lysine HCL, Threonine, Arginine, Proline, Lauryl Glucoside, Tocopheryl Acetate, Betaine, Caprylyl Glycol, Didecydimonium Chloride, Methylpropanediol, Polyquaternium-80, Chamomilla Recutita (Matricaria) Flower Extract, Citrus Aurantium Bergamia (Bergamot) Fruit Extract, Citrus Limon (Lemon) Peel Extract, Lavandula Angustifolia (Lavender) Flower/Leaf/Stem Extract, Rosmarinus Officinalis (Rosemary) Leaf Extract, Rubus Idaeus (Raspberry) Fruit Extract, Salvia Officinalis (Sage) Leaf Extract, Vanilla Planifolia Fruit Extract, Decyl Glucoside, Tetrasodium Glutamate Diacetate, Citric Acid",niacinamide;vitamin-c;panthenol,,,,,,,,,,,,,brand_direct,true,https://naturium.com/products/the-multi-vitamin-daily-nutrients-body-wash,/product-images/brand-direct/natr-40006.webp
NATR-10047,skin-protectant,Plant Ceramide Rich Moisture Cream - Jumbo,Naturium,,"Water, Glycerin, Oleic/Linoleic/Linolenic Polyglycerides, Ethylhexyl Olivate, Behenyl Alcohol, C12-16 Alcohols, Butyrospermum Parkii (Shea) Butter, Caprylic/Capric Triglyceride, Hydrogenated Olive Oil Decyl Esters, Isostearyl Alcohol, C13-15 Alkane, Butylene Glycol Cocoate, Hydrogenated Lecithin, Palmitic Acid, Phospholipids, Sphingolipids, Crambe Abyssinica Seed Oil, Squalane, Linoleic Acid, Linolenic Acid, Microcrystalline Cellulose, Citric Acid, Oryza Sativa (Rice) Bran Extract, Caprylyl Glycol, Ethylcellulose, Helianthus Annuus (Sunflower) Extract, Sodium Hyaluronate, Tocopherol, Caprylhydroxamic Acid, Xanthan Gum, Phenoxyethanol, Sodium Phytate, Potassium Sorbate, Rosmarinus Officinalis (Rosemary) Leaf Extract, Sodium Citrate",hyaluronic-acid;squalane,,,,,,,,,,,,,brand_direct,true,https://naturium.com/products/plant-ceramide-rich-moisture-cream-jumbo,/product-images/brand-direct/natr-10047.webp
NATR-10046,skin-protectant,Intense Overnight Sleeping Cream - Jumbo,Naturium,,"Aqua, Caprylic/Capric Triglyceride, Glycerin, Caprylic/Capric/Myristic/Stearic Triglyceride, Cetearyl Alcohol, Squalane, Propanediol, Glyceryl Stearate, Polymethyl Methacrylate, Terminalia Ferdinandiana Fruit Extract, Ammonium Acryloyldimethyltaurate/VP Copolymer, Caprylyl Glycol, Acrylates/C10-30 Alkyl Acrylate Crosspolymer, Tremella Fuciformis Sporocarp Extract, Glycolipids, Sodium Hyaluronate, Glycine Soja Sterols, Sodium Hydroxide, Phenoxyethanol, Betaine, Potassium Sorbate, Polysorbate 20, Hexylene Glycol",hyaluronic-acid;squalane,,,,,,,,,,,,,brand_direct,true,https://naturium.com/products/intense-overnight-sleeping-cream-jumbo,/product-images/brand-direct/natr-10046.webp
NATR-10057,brightening-texture,Niacinamide Serum 12% Plus Zinc 2%  - Jumbo,Naturium,,"Water, Niacinamide, Propanediol, Glycerin, Zinc PCA, Polyacrylate Crosspolymer-11, Sodium Hyaluronate, Dimethicone, Caprylyl Glycol, Phenoxyethanol, Xanthan Gum, Potassium Sorbate, Glyceryl Polyacrylate, Tocopheryl Acetate, Hexylene Glycol, Citric Acid",niacinamide;hyaluronic-acid,,,,,,,,,,,,,brand_direct,true,https://naturium.com/products/niacinamide-serum-12-plus-zinc-2-jumbo,/product-images/brand-direct/natr-10057.webp
NATR-10020,brightening-texture,Tranexamic Topical Acid 5%,Naturium,,"Water, Isopentyldiol, Tranexamic Acid, Propanediol, Citric Acid, Kojic Acid, Niacinamide, Hydroxyacetophenone, Isododecane, Polyacrylate Crosspolymer-6, Glycyrrhiza Glabra (Licorice) Root Extract, Panthenol, Glycerin, Xanthan Gum, Tremella Fuciformis Sporocarp Extract, Phenoxyethanol, Ethylhexylglycerin, Betaine, Sodium Hyaluronate, Sodium Phytate, Potassium Sorbate, Tocopherol",niacinamide;hyaluronic-acid;tranexamic-acid;panthenol;kojic-acid,,,,,,,,,,,,,brand_direct,true,https://naturium.com/products/tranexamic-topical-acid-5,/product-images/brand-direct/natr-10020.webp
NATR-10032,brightening-texture,Vitamin C Super Serum Plus,Naturium,,"Water, Niacinamide, Propanediol, Glycerin, Ascorbic Acid, Glutathione, Aloe Barbadensis Leaf Juice, Retinol, Sodium Hyaluronate, Caprylyl Glycol, Hydroxyethylcellulose, Carbomer, Salicylic Acid, Tocopheryl Acetate, Humulus Lupulus (Hops) Cone Extract, Glyceryl Polyacrylate, Potassium Sorbate, Copernicia Cerifera (Carnauba) Wax, Hexylene Glycol, Sorbitol, Sodium Hydroxide, Sorbitan Oleate, Acrylamide/Sodium Acryloyldimethyltaurate Copolymer, Helianthus Annuus (Sunflower) Seed Oil, Phenoxyethanol, Isohexadecane, Polysorbate 80, Polysorbate 20, 1,2-Hexanediol, Amylopectin, Dextrin, Polydextrose, Disodium Cocoamphodiacetate, Xanthan Gum, Tocopherol, Citric Acid, Sodium Benzoate, Disodium Phosphate, Gold, Polysorbate 60, Ethyl Ferulate, Sodium Phosphate",niacinamide;vitamin-c;hyaluronic-acid;retinol-cosmetic,,,,,,,,,,,,,brand_direct,true,https://naturium.com/products/vitamin-c-super-serum-plus,/product-images/brand-direct/natr-10032.webp
NATR-10065,brightening-texture,Multi-Peptide Moisturizer,Naturium,,"Aqua, Glycerin, Dimethicone, Simmondsia Chinensis (Jojoba) Seed Oil, Squalane, Glyceryl Stearate, Cetyl Alcohol, Niacinamide, Stearyl Alcohol, Palmitoyl Tripeptide-5, Pantolactone, Palmitoyl Tripeptide-1, Palmitoyl Tetrapeptide-7, Hydrolyzed Plukenetia Volubilis Seed Extract, Dunaliella Salina Extract, Sodium Hyaluronate, 3-O-Ethyl Ascorbic Acid, Panthenol, Caryodendron Orinocense Seed Oil, Honokiol, Magnolol, Palmitic Acid, Sorbitan Oleate, Aluminum Starch Octenylsuccinate, Hydroxyacetophenone, Stearic Acid, Acrylamide/Sodium Acryloyldimethyltaurate Copolymer, Polyglyceryl-6 Laurate, 1,2-Hexanediol, Boron Nitride, Caprylyl Glycol, Polyglyceryl-10 Oleate, Isohexadecane, Butylene Glycol, Chlorphenesin, Acrylates/C10-30 Alkyl Acrylate Crosspolymer, Tocopheryl Acetate, Polysorbate 80, Sorbitan Palmitate, Sodium Hydroxide, Sodium Benzoate, Carbomer, Sodium Lactate, Phenoxyethanol, Polysorbate 20, Citric Acid, Ethylhexylglycerin, Potassium Sorbate",niacinamide;vitamin-c;hyaluronic-acid;squalane;peptides;panthenol,,,,,,,,,,,,,brand_direct,true,https://naturium.com/products/multi-peptide-moisturizer,/product-images/brand-direct/natr-10065.jpg
NATR-10063,skin-protectant,Fermented Rice Enzyme Cleanser,Naturium,,"Aqua, Glycerin, Sodium Cocoyl Isethionate, Cocamidopropyl Betaine, Hydrogenated Castor Oil, Niacinamide, Acrylates Crosspolymer-4, Coco-Glucoside, Disodium Cocoyl Glutamate, Xanthan Gum, Saccharomyces/Rice Ferment Filtrate, Cocos Nucifera Fruit Extract, Lactobacillus/Pumpkin Fruit Ferment Filtrate, Punica Granatum Extract, Aloe Barbadensis Leaf Juice, Sodium Hyaluronate, Glyceryl Laurate, Glyceryl Undecylenate, Panthenol, Pyrus Malus Fruit Extract, Squalane, Hydroxyethylcellulose, Chlorella Vulgaris Extract, Camellia Oleifera Leaf Extract, Caprylyl Glycol, Jojoba Esters, Oryza Sativa Germ Powder, Lactic Acid, Butylene Glycol, Pentylene Glycol, Sodium Chloride, Propanediol, Phenoxyethanol, Citric Acid, Leuconostoc/Radish Root Ferment Filtrate, Tocopherol, Ethylhexylglycerin",niacinamide;hyaluronic-acid;squalane;panthenol;lactic-acid,,,,,,,,,,,,,brand_direct,true,https://naturium.com/products/fermented-rice-enzyme-cleanser,/product-images/brand-direct/natr-10063.webp
NATR-10062,brightening-texture,Azelaic Acid Emulsion 10%,Naturium,,"Aqua, Azelaic Acid, Butylene Glycol, C12-15 Alkyl Benzoate, Glycerin, Caprylic/Capric Triglyceride, Methylpropanediol, Pentylene Glycol, Isostearyl Alcohol, C13-15 Alkane, Ethylhexyl Olivate, Butylene Glycol Cocoate, Niacinamide, Allantoin, Sebacic Acid, Acetyl Rheum Rhaponticum Root Extract, Astrocaryum Murumuru Seed Butter, Gossypium Herbaceum (Cotton) Seed Oil, Bidens Pilosa Extract, Linum Usitatissimum (Linseed) Seed Oil, Avena Sativa (Oat) Kernel Extract, Carbomer, Hydroxyacetophenone, Silica, Benzyl Alcohol, Panthenyl Triacetate, Xanthan Gum, Sodium Hydroxide, Ethylcellulose, Squalane, Ethylhexylglycerin, Lactobacillus Ferment, Sodium Benzoate, Potassium Sorbate, Tocopherol",niacinamide;azelaic-acid;squalane,,,,,,,,,,,,,brand_direct,true,https://naturium.com/products/azelaic-acid-emulsion-10,/product-images/brand-direct/natr-10062.webp
NATR-10018,brightening-texture,Niacinamide Cleansing Gelée 3%,Naturium,,"Aqua, Disodium Cocoyl Glutamate, Niacinamide, Glycerin, Disodium Cocoamphodiacetate, Decyl Glucoside, Xanthan Gum, Sodium Hyaluronate, Myrciaria Dubia Fruit Extract, Sodium Ascorbyl Phosphate, Phenoxyethanol, Citric Acid, Ethylhexylglycerin, Potassium Sorbate, Tocopherol",niacinamide;hyaluronic-acid,,,,,,,,,,,,,brand_direct,true,https://naturium.com/products/niacinamide-cleansing-gelee-3,/product-images/brand-direct/natr-10018.webp
NATR-10026,brightening-texture,Glycolic Acid Resurfacing Gel 10%,Naturium,,"Water, Glycolic Acid, Propanediol, Sodium Hydroxide, Glycerin, Polyacrylate Crosspolymer-11, Vaccinium Myrtillus Fruit/Leaf Extract, Saccharum Officinarum (Sugar Cane) Extract, Citrus Aurantium Dulcis (Orange) Fruit Extract, Citrus Limon (Lemon) Fruit Extract, Acer Saccharum (Sugar Maple) Extract, Microcitrus Australis Fruit Extract, Sodium Hyaluronate, Hydroxyacetophenone, Phenoxyethanol, Hydroxyethylcellulose, Tocopheryl Acetate, Ethylhexylglycerin, Disodium EDTA, Tocopherol",hyaluronic-acid;glycolic-acid,,,,,,,,,,,,,brand_direct,true,https://naturium.com/products/glycolic-acid-resurfacing-gel-10,/product-images/brand-direct/natr-10026.webp
NATR-10021,brightening-texture,Mandelic Topical Acid 12%,Naturium,,"Water, Mandelic Acid, Propanediol, Aminomethyl Propanol, Niacinamide, Polyacrylate Crosspolymer-11, Caprylyl Glycol, Vaccinium Myrtillus Fruit/Leaf Extract, Saccharum Officinarum (Sugar Cane) Extract, Sodium Hyaluronate, Citrus Aurantium Dulcis (Orange) Fruit Extract, Citrus Limon (Lemon) Fruit Extract, Acer Saccharum (Sugar Maple) Extract, Phenoxyethanol, Potassium Sorbate, Xanthan Gum, Hexylene Glycol, Phenylpropanol, Tocopherol",niacinamide;hyaluronic-acid;mandelic-acid,,,,,,,,,,,,,brand_direct,true,https://naturium.com/products/mandelic-topical-acid-12,/product-images/brand-direct/natr-10021.webp
NATR-10023,brightening-texture,Azelaic Acid Derivative Complex 10%,Naturium,,"Water, Propanediol, Potassium Azeloyl Diglycinate, Polyacrylate Crosspolymer-6, Niacinamide, Ethyl Ascorbic Acid, Caprylyl Glycol, Coffea Arabica (Coffee) Seed Extract, Sodium Hyaluronate, Phenylpropanol, Phenoxyethanol, Citric Acid, Potassium Chloride, Glycerin, Chlorphenesin, Tocopherol, Potassium Sorbate, Sodium Benzoate",niacinamide;vitamin-c;hyaluronic-acid,,,,,,,,,,,,,brand_direct,true,https://naturium.com/products/azelaic-acid-derivative-complex-10,/product-images/brand-direct/natr-10023.webp
NATR-10024,brightening-texture,Alpha Arbutin Serum 2%,Naturium,,"Water, Butylene Glycol, Alpha-Arbutin, Niacinamide, Sodium Hyaluronate, Hydroxyacetophenone, Citrus Limon (Lemon) Fruit Extract, Polyacrylate Crosspolymer-6, Glycerin, Panthenol, Tremella Fuciformis Sporocarp Extract, Phenoxyethanol, Xanthan Gum, Ethylhexylglycerin, Sodium Phytate, Citric Acid, Disodium EDTA, Betaine, Potassium Sorbate, Tocopherol",niacinamide;hyaluronic-acid;alpha-arbutin;panthenol,,,,,,,,,,,,,brand_direct,true,https://naturium.com/products/alpha-arbutin-serum-2,/product-images/brand-direct/natr-10024.webp
NATR-10082,skin-protectant,Intense Overnight Sleeping Cream,Naturium,,"Aqua, Caprylic/Capric Triglyceride, Glycerin, Caprylic/Capric/Myristic/Stearic Triglyceride, Cetearyl Alcohol, Squalane, Propanediol, Glyceryl Stearate, Polymethyl Methacrylate, Terminalia Ferdinandiana Fruit Extract, Ammonium Acryloyldimethyltaurate/VP Copolymer, Caprylyl Glycol, Acrylates/C10-30 Alkyl Acrylate Crosspolymer, Tremella Fuciformis Sporocarp Extract, Glycolipids, Sodium Hyaluronate, Glycine Soja Sterols, Sodium Hydroxide, Phenoxyethanol, Betaine, Potassium Sorbate, Polysorbate 20, Hexylene Glycol",hyaluronic-acid;squalane,,,,,,,,,,,,,brand_direct,true,https://naturium.com/products/intense-overnight-sleeping-cream,/product-images/brand-direct/natr-10082.webp
NATR-10017,skin-protectant,Plant Ceramide Rich Moisture Cream,Naturium,,"Water, Glycerin, Oleic/Linoleic/Linolenic Polyglycerides, Ethylhexyl Olivate, Behenyl Alcohol, C12-16 Alcohols, Butyrospermum Parkii (Shea) Butter, Caprylic/Capric Triglyceride, Hydrogenated Olive Oil Decyl Esters, Isostearyl Alcohol, C13-15 Alkane, Butylene Glycol Cocoate, Hydrogenated Lecithin, Palmitic Acid, Phospholipids, Sphingolipids, Crambe Abyssinica Seed Oil, Squalane, Linoleic Acid, Linolenic Acid, Microcrystalline Cellulose, Citric Acid, Oryza Sativa (Rice) Bran Extract, Caprylyl Glycol, Ethylcellulose, Helianthus Annuus (Sunflower) Extract, Sodium Hyaluronate, Tocopherol, Caprylhydroxamic Acid, Xanthan Gum, Phenoxyethanol, Sodium Phytate, Potassium Sorbate, Rosmarinus Officinalis (Rosemary) Leaf Extract, Sodium Citrate",hyaluronic-acid;squalane,,,,,,,,,,,,,brand_direct,true,https://naturium.com/products/plant-ceramide-rich-moisture-cream,/product-images/brand-direct/natr-10017.webp
NATR-10007,brightening-texture,Niacinamide Serum 12% Plus Zinc 2%,Naturium,,"Water, Niacinamide, Propanediol, Glycerin, Zinc PCA, Polyacrylate Crosspolymer-11, Sodium Hyaluronate, Dimethicone, Caprylyl Glycol, Phenoxyethanol, Xanthan Gum, Potassium Sorbate, Glyceryl Polyacrylate, Tocopheryl Acetate, Hexylene Glycol, Citric Acid",niacinamide;hyaluronic-acid,,,,,,,,,,,,,brand_direct,true,https://naturium.com/products/niacinamide-serum-12-plus-zinc-2,/product-images/brand-direct/natr-10007.webp
NATR-10034,brightening-texture,Retinol Complex Serum,Naturium,,"Water, Propanediol, Astrocaryum Murumuru Seed Butter, Gossypium Herbaceum (Cotton) Fruit Water, Retinol, Glycerin, Bakuchiol, Bidens Pilosa Extract, Linum Usitatissimum (Linseed) Seed Oil, Humulus Lupulus (Hops) Cone Extract, Sodium Hyaluronate, Tocopherol, Caprylyl Glycol, Helianthus Annuus (Sunflower) Seed Oil, Copernicia Cerifera (Carnauba) Wax, Phenoxyethanol, Carbomer, Potassium Sorbate, Xanthan Gum, Disodium Cocoamphodiacetate, Hexylene Glycol, Citric Acid, Sodium Hydroxide, Polysorbate 20, Glyceryl Polyacrylate, 1,2-Hexanediol, Ethyl Ferulate",hyaluronic-acid;retinol-cosmetic;bakuchiol,,,,,,,,,,,,,brand_direct,true,https://naturium.com/products/retinol-complex-serum,/product-images/brand-direct/natr-10034.webp
NATR-10161,brightening-texture,Vitamin C Complex Serum,Naturium,,"Water (Aqua), Glycerin, Propanediol, Sodium Ascorbyl Phosphate, Ascorbic Acid, Glutathione, Ananas Sativus (Pineapple) Fruit Extract, Carica Papaya (Papaya) Fruit Extract, Mangifera Indica (Mango) Fruit Extract, Terminalia Ferdinandiana Fruit Extract, Pleiogynium Timoriense Fruit Extract, Podocarpus Elatus Fruit Extract, Aloe Barbadensis Leaf Juice, Sodium Hyaluronate, Carbomer, Tocopheryl Acetate, Phenoxyethanol, Caprylyl Glycol, Citric Acid, Hydroxyethylcellulose, Sodium Hydroxide, Beta-Glucan, Potassium Sorbate, Hexylene Glycol, Sorbitol, Xanthan Gum, Algin, Benzoic Acid, Sorbic Acid, 1,2-Hexanediol, Sodium Benzoate, Disodium Phosphate, Gold, Polysorbate 60, Sodium Phosphate",vitamin-c;hyaluronic-acid,,,,,,,,,,,,,brand_direct,true,https://naturium.com/products/vitamin-c-complex-serum,/product-images/brand-direct/natr-10161.webp
NATR-10073,skin-protectant,Quadruple Hyaluronic Acid Serum 5%,Naturium,,"Aqua, Glycerin, Propanediol, Hydrolyzed Hyaluronic Acid, Sodium Hyaluronate, Apricot Kernel Oil Polyglyceryl-6 Esters, Polyglyceryl-6 Oleate, Caprylyl Glycol, Polyglyceryl-10 Oleate, Acrylates/C10-30 Alkyl Acrylate Crosspolymer, Magnolol, Kaempferol, Tetrahexyldecyl Ascorbate, Glycolipids, Glycine Soja (Soybean) Sterols, Tocopheryl Acetate, Phenoxyethanol, Sorbitan Palmate, Potassium Sorbate, Sodium Hydroxide, Glyceryl Polyacrylate, Xanthan Gum, Hexylene Glycol. *Please note, packaging and formula may vary. Original formula contained a very low percentage of ethically-sourced honey, which has since been removed",hyaluronic-acid,,,,,,,,,,,,,brand_direct,true,https://naturium.com/products/quadruple-hyaluronic-acid-serum-5,/product-images/brand-direct/natr-10073.webp
NATR-10076,skin-protectant,Multi-Peptide Eye Cream,Naturium,,"Aqua, Glycerin, Simmondsia Chinensis Seed Oil, Stearic Acid, Squalane, Glyceryl Stearate, Cetyl Alcohol, Stearyl Alcohol, Palmitic Acid, Acetyl Hexapeptide-8, Palmitoyl Tetrapeptide-7, Palmitoyl Tripeptide-1, Palmitoyl Tripeptide-5, Dunaliella Salina Extract, Panthenol, Sodium Hyaluronate, Hydroxyacetophenone, Sorbitan Oleate, Aluminum Starch Octenylsuccinate, Acrylamide/Sodium Acryloyldimethyltaurate Copolymer, Phenoxyethanol, Butylene Glycol, 1,2-Hexanediol, Boron Nitride, Caprylyl Glycol, Tocopheryl Acetate, Isohexadecane, Chlorphenesin, Acrylates/C10-30 Alkyl Acrylate Crosspolymer, Sodium Hydroxide, Polysorbate 80, Carbomer, Sodium Lactate, Polysorbate 20, Citric Acid, Ethylhexylglycerin, Pantolactone, Sodium Benzoate, Potassium Sorbate",hyaluronic-acid;squalane;peptides;panthenol,,,,,,,,,,,,,brand_direct,true,https://naturium.com/products/multi-peptide-eye-cream,/product-images/brand-direct/natr-10076.webp
NATR-10035,brightening-texture,Retinol Complex Cream,Naturium,,"Water, Glycerin, Butyrospermum Parkii (Shea) Butter, Dimethicone, Caprylic/Capric Triglyceride, Astrocaryum Murumuru Seed Butter, Retinol, Squalane, Gossypium Herbaceum (Cotton) Seed Oil, Bakuchiol, Ethylhexyl Olivate, Phytosteryl/Octyldodecyl Lauroyl Glutamate, Sodium Acrylates Copolymer, Hydroxyacetophenone, Polyacrylate Crosspolymer-6, Bidens Pilosa Extract, Humulus Lupulus (Hops) Cone Extract, Sodium Hyaluronate, Lecithin, Glyceryl Polyacrylate, Linum Usitatissimum (Linseed) Seed Oil, Glyceryl Behenate, Linoleic Acid, Potassium Sorbate, Phytosteryl Canola Glycerides, Caprylyl Glycol, Phenoxyethanol, Copernicia Cerifera (Carnauba) Wax, Hexylene Glycol, Oleic Acid, Palmitic Acid, Helianthus Annuus (Sunflower) Seed Oil, Polysorbate 20, Propanediol, Tocopherol, Stearic Acid, Tocopheryl Acetate, Triolein, 1,2-Hexanediol, Disodium Cocoamphodiacetate, Xanthan Gum, Ethyl Ferulate",hyaluronic-acid;retinol-cosmetic;squalane;bakuchiol,,,,,,,,,,,,,brand_direct,true,https://naturium.com/products/retinol-complex-cream,/product-images/brand-direct/natr-10035.webp
NATR-10167,skin-protectant,Barrier Bounce Bi-Phase Mist,Naturium,,"Aqua/Water/Eau, Ethylhexyl Palmitate, Helianthus Annuus (Sunflower) Seed Oil, Propanediol, Sodium Chloride, 1,2-Hexanediol, Glycerin, Squalane, Urea, Simmondsia Chinensis (Jojoba) Seed Oil, Silybum Marianum Seed Oil, Sodium Gluconate, Rosa Damascena Flower Water, Erythritol, Camellia Sinensis Leaf Extract, Melia Azadirachta Leaf Extract, Hibiscus Sabdariffa Fruit Extract, Melia Azadirachta Flower Extract, Corallina Officinalis Extract, Blakeslea Trispora Mycelium Extract, Coccinia Indica Fruit Extract, Aloe Barbadensis Leaf Juice, Solanum Melongena (Eggplant) Fruit Extract, Aloe Barbadensis Flower Extract, Curcuma Longa (Turmeric) Root Extract, Ocimum Basilicum (Basil) Flower/Leaf Extract, Ocimum Sanctum Leaf Extract, Sphingolipids, Ceramide NP, Pentylene Glycol, Hydroxyacetophenone, Sodium Hydroxide, Potassium Sorbate, Sodium Benzoate, p-Anisic acid, Sodium Citrate, Sorbic Acid, Tocopherol, Phenoxyethanol E-00140",ceramides;squalane,,,,,,,,,,,,,brand_direct,true,https://naturium.com/products/barrier-bounce-bi-phase-mist,/product-images/brand-direct/natr-10167.webp
NATR-60145,skin-protectant,Phyto-Glow Lip Balm Shimmer Solar,Naturium,,"Diisostearyl Malate, Phytosteryl/Isostearyl/Cetyl/Stearyl/Behenyl Dimer Dilinoleate, Hydrogenated Polyisobutene, Polybutene, Polyglyceryl-2 Diisostearate, Butyrospermum Parkii (Shea) Butter, Cera Microcristallina/Microcrystalline Wax/Cire Microcristalline, Aroma/Flavor, Synthetic Wax, Squalane, Theobroma Grandiflorum Seed Butter, Ricinus Communis (Castor) Seed Oil, Tocopherol, Isopropyl Titanium Triisostearate, Synthetic Fluorphlogopite, Calcium Aluminum Borosilicate, Aluminum Calcium Sodium Silicate, Tin Oxide, Mica, Vanillin, Citric Acid, BHT. MAY CONTAIN: Titanium Dioxide (CI 77891), Iron Oxides (CI 77491), Iron Oxides (CI 77492), Iron Oxides (CI 77499), Red 7 Lake (CI 15850), Yellow 5 Lake (CI 19140), Blue 1 Lake (CI 42090)",squalane,,,,,,,,,,,,,brand_direct,true,https://naturium.com/products/phyto-glow-lip-balm-shimmer-solar,/product-images/brand-direct/natr-60145.webp
NATR-40028,skin-protectant,The Glow Getter Multi-Oil Body Scrub,Naturium,,"Sucrose, Glycerin, Aqua/Water/Eau, Propanediol, Carthamus Tinctorius (Safflower) Seed Oil, Caprylic/Capric Triglyceride, Hydroxyethyl Acrylate/Sodium Acryloydimethyl Taurate Copolymer, Cocos Nucifera (Coconut) Oil, Hippophae Rhamnoides Seed Oil, Cocos Nucifera (Coconut) Fruit Extract, Simmondsia Chinensis (Jojoba) Seed Oil, Squalane, Pyrus Malus (Apple) Fruit Extract, Rosa Canina Seed Oil, Gardenia Jasminoides Fruit Extract, Vanilla Planifolia Fruit Extract, Butyrospermum Parkii (Shea) Butter, Sodium Lauroyl Methyl Isethionate, C13-14 Alkane, Polyglyceryl-10 Tristearate, C15-23 Alkane, Decyl Glucoside, Gamma Decalactone, Gamma-Nonalactone, Tetrasodium Glutamate Diacetate, Maltodextrin,Trisodium Ethylenediamine Disuccinate, Ethylhexylglycerin, Sodium Benzoate, Phenoxyethanol, Limonene, Vanillin. E-00128",squalane,,,,,,,,,,,,,brand_direct,true,https://naturium.com/products/the-glow-getter-multi-oil-body-scrub,/product-images/brand-direct/natr-40028.jpg
NATR-10143,skin-protectant,Multi-Calm Cream Cleanser,Naturium,,"Aqua/Water/Eau, C12-15 Alkyl Benzoate, Glycerin, Decyl Glucoside, Cetearyl Alcohol, Squalane, Polysorbate 60, Niacinamide, Sodium Cocoyl Glutamate, Althaea Officinalis Root Extract, Arnica Montana Flower Extract, Calendula Officinalis Flower Extract, Avena Sativa (Oat) Kernel Flour, Panthenol, Acrylates/C10-30 Alkyl Acrylate Crosspolymer, Xanthan Gum, Potassium Sorbate, Trisodium Ethylenediamine Disuccinate, Butylene Glycol, Tocopherol, Ethylhexylglycerin, Phenoxyethanol. E-00085",niacinamide;squalane;panthenol,,,,,,,,,,,,,brand_direct,true,https://naturium.com/products/multi-calm-cream-cleanser-1,/product-images/brand-direct/natr-10143.webp
NATR-10139,skin-protectant,Multi-Bright Milky Toner,Naturium,,"Aqua/Water/Eau, Isopropyl Palmitate, Sorbitol, Triethylhexanoin, Methyl Glucose Dioleate, Glycerin, Propanediol, Squalane, Hydrogenated Polyisobutene, Potassium Azeloyl Diglycinate, Saccharomyces Ferment, Vitis Vinifera (Grape) Fruit Extract, Glycyrrhiza Glabra (Licorice) Root Extract, Hydrogenated Lecithin, Arginine, Oryza Sativa (Rice) Extract, Oryza Sativa (Rice) Bran Oil, Gluconolactone, Zea Mays (Corn) Starch, Lauryl Glucoside, Calcium Gluconate, Tocopherol, Acacia Senegal Gum, Polyquaternium-39, Polyglyceryl-6 Laurate, Polyglyceryl-4 Caprate, Myristyl Glucoside, Acrylates/C10-30 Alkyl Acrylate Crosspolymer, Polyquaternium-51, Xanthan Gum, Tetrasodium Glutamate Diacetate, Ethylhexylglycerin, Potassium Sorbate, Sodium Benzoate, Sodium Hydroxide, Phenoxyethanol",squalane,,,,,,,,,,,,,brand_direct,true,https://naturium.com/products/multi-bright-milky-toner,/product-images/brand-direct/natr-10139.webp
NATR-10138,brightening-texture,Multi-Bright Advanced Serum,Naturium,,"Aqua/Water/Eau, Propanediol, Lactic Acid, Glycerin, Glycolic Acid, Caprylic/Capric Triglyceride, Hydroxyethyl Acrylate/Sodium Acryloyldimethyl Taurate Copolymer, C11-12 Isoalkane, Sodium Hydroxide, Squalane, C15-23 Alkane, Arginine, Vaccinium Myrtillus Fruit Extract, Allantoin, Saccharum Officinarum (Sugarcane) Extract, Citrus Limon (Lemon) Fruit Extract, Citrus Aurantium Dulcis (Orange) Fruit Extract, Olea Europaea (Olive) Fruit Extract, Isodecyl Neopentanoate, Acer Saccharum (Sugar Maple) Extract, Bisabolol, Brassica Oleracea Acephala Leaf Extract, C13-14 Alkane, Decyl Glucoside, Hydroxyethylcellulose, Hydroxyacetophenone, Sodium Stearoyl Glutamate, Tetrasodium Glutamate Diacetate, Disodium Phosphate, Sodium Phosphate, Xanthan Gum, Tocopherol, Ethylhexylglycerin, Phenoxyethanol",glycolic-acid;squalane;lactic-acid,,,,,,,,,,,,,brand_direct,true,https://naturium.com/products/multi-bright-advanced-serum,/product-images/brand-direct/natr-10138.webp
113020170,skin-protectant,Full Fit Propolis Nourishing Magnet Sheet Mask (1ea),COSRX,,"Water, Dipropylene Glycol, Glycereth-26m Glycerin, Butylene Glycol, 1,2-Hexanediol, Panthenol, Trehalose, Hexylene Glycol, Hydroxyacetophenone, Xanthan Gum, Propolis Extract, Royal Jelly Extract, Honey Extract, Disodium EDTA, Polyglyceryl-10 Myristate, Polyglyceryl-10 Laurate , Pimpinella Anisum(Anise) Fruit Extract, Vanilla Planifolia Fruit Extract, Camiellia Sinensis Leaf Extract, Rosa Centifolia Flower Water, Pyrus Communis (Pear) Fruit Extract, Cocos Nucifera (Coconut) Oil, Fragaria Chiloensis (Strawberry) Fruit Extract, Rosa Damascena Flower Water",panthenol,,,,,,,,,,,,,brand_direct,true,https://www.cosrx.com/products/80-free-gift-full-fit-propolis-nourishing-magnet-sheet-mask-1ea,/product-images/brand-direct/113020170.jpg
113021209,skin-protectant,COSRX PEPTIDE-132 Ultra Perfect Hair Bonding Treatment 60mL,COSRX,,"Aqua/Water, Glycerin, Dimethicone, Cetyl Ethylhexanoate, Isopentyldiol, Cetyl Alcohol, Stearyl Alcohol, Behentrimonium Chloride, Coco-Caprylate/Caprate, Stearamidopropyl Dimethylamine, Sorbitol, Dipropylene Glycol, Dimethiconol, Hydroxypropyl Starch Phosphate, Amodimethicone, Lactic Acid, Maltitol, Fragrance/Parfum, Caprylyl Glycol, Trideceth-10, Sodium Gluconate, Ethylhexylglycerin, Anthemis Nobilis Flower Water, 1,2-Hexanediol, Propanediol, Argania Spinosa Kernel Oil, Olea Europaea (Olive) Fruit Oil, Camellia Japonica Seed Oil, Simmondsia Chinensis (Jojoba) Seed Oil, Oryza Sativa (Rice) Bran Oil, Vitis Vinifera (Grape) Seed Oil, Biotin, Tripeptide-132 HCl, Macadamia Ternifolia Seed Oil, Sodium Hyaluronate, Tocopherol, Laminaria Japonica Extract, Sodium Metaphosphate, Avena Sativa (Oat) Peptide, Arginine, Serine, Glutamic Acid, Threonine, Leucine, Proline, Aspartic Acid, Isoleucine, Glycine, Soluble Collagen, Hydrolyzed Hyaluronic Acid, Phenylalanine, Alanine, Tyrosine, Lysine, Sodium Hyaluronate Crosspolymer, Histidine, Hyaluronic Acid, Caffeine, Panthenol, Niacinamide, Hydrogenated Lecithin, Butylene Glycol, Cetearyl Alcohol, Valine, Sodium Acetylated Hyaluronate, Stearic Acid, Methionine, Cystine, Tryptophan, Ceramide NP, Hydrolyzed Vegetable Protein, Ceramide NS, Phytosphingosine, Cholesterol, Ceramide AP, Ceramide AS, Ceramide EOP",niacinamide;hyaluronic-acid;ceramides;panthenol;lactic-acid,,,,,,,,,,,,,brand_direct,true,https://www.cosrx.com/products/100-free-gift-cosrx-peptide-132-ultra-perfect-hair-bonding-treatment-60ml-1,/product-images/brand-direct/113021209.webp
113021169,skin-protectant,AC Collection Acne Patch,COSRX,,"Carboxymethylcellulose sodium, Polyisobutene, Rosin, Polybutene, Mineral oil, Centella Asiatica Extract, Polyuethane film",centella-asiatica,,,,,,,,,,,,,brand_direct,true,https://www.cosrx.com/products/60-free-gift-ac-collection-acne-patch,/product-images/brand-direct/113021169.jpg
113021246,skin-protectant,The Vitamin C 13 Serum,COSRX,,"Water, Ascorbic Acid(13%), Butylene Glycol, Dipropylene Glycol, Tromethamine, 3-0-Ethyl Ascorbic Acid, Panthenol, Acetyl Glucosamine, Caffeine, Sodium Hyaluronate, Sodium Sulfite, Disodium EDTA, Glutathione, Adenosine, Gardenia Florida Fruit Extract, Allantoin, Dextrin, Squalane, Tocotrienols, Tocopherol, Elaeis Guineensis (Palm) Oil, Arginine, Niacinamide, Pentylene Glycol, Glycyrrhiza Glabra (Licorice) Root Extract",niacinamide;vitamin-c;hyaluronic-acid;squalane;panthenol,,,,,,,,,,,,,brand_direct,true,https://www.cosrx.com/products/the-vitamin-c-13-serum-copy,/product-images/brand-direct/113021246.webp
113021198,brightening-texture,COSRX 5 PDRN Hyaluronic Acid Vital Hydrating Hydrogel Mask,COSRX,,"Aqua/Water, Glycerin, Acrylates Copolymer, Niacinamide, 1,2-Hexanediol, Ceratonia Siliqua (Carob) Gum, Chondrus Crispus, Agar, Sclerotium Gum, Potassium Chloride, Sucrose, Butylene Glycol, Sodium Hyaluronate, Cellulose Gum, Polyglyceryl-10 Laurate, Panthenol, Allantoin, Xanthan Gum, Ethylhexylglycerin, Adenosine, Coptis Japonica Root Extract, Sodium Phytate, Sodium DNA, Alpha-Arbutin, Cyanocobalamin, Lactobacillus Ferment, Hydrolyzed Collagen, Centella Asiatica Extract, Caprylyl Glycol, Hydroxypropyltrimonium Hyaluronate, Hydrolyzed Hyaluronic Acid, Hydrolyzed Sodium Hyaluronate, Hyaluronic Acid, Potassium Hyaluronate, Sodium Hyaluronate Crosspolymer, Tocopherol, Acetyl Hexapeptide-8, Propanediol, Pentylene Glycol, Sodium Acetylated Hyaluronate, Hydrolyzed DNA",niacinamide;hyaluronic-acid;alpha-arbutin;peptides;centella-asiatica;panthenol,,,,,,,,,,,,,brand_direct,true,https://www.cosrx.com/products/cosrx-5-pdrn-hyaluronic-acid-vital-hydrating-hydrogel-mask-copy,/product-images/brand-direct/113021198.webp
113027222,skin-protectant,COSRX The Ceramide Skin Barrier Moisturizer 1.5ml,COSRX,,"Aqua/Water, Glycerin, Acrylates Copolymer, Niacinamide, 1,2-Hexanediol, Ceratonia Siliqua (Carob) Gum, Chondrus Crispus, Agar, Erythritol, Sclerotium Gum, Potassium Chloride, Sucrose, Cellulose Gum, Polyglyceryl-10 Laurate, Panthenol, Ethylhexylglycerin, Allantoin, Xanthan Gum, Adenosine, Sodium Phytate, Hydrolyzed Collagen, Hydrogenated Lecithin, Cetearyl Alcohol, Cyanocobalamin, Stearic Acid, Tocopherol, Acetyl Hexapeptide-8, Butylene Glycol, Pentylene Glycol, Acetyl Glucosamine, Ceramide NP, Sodium Hyaluronate, Sodium Hyaluronate Crosspolymer, Hydrolyzed Hyaluronic Acid, Ceramide NS, Palmitoyl Tripeptide-5, Phytosphingosine, Cholesterol, Hyaluronic Acid, Ceramide AP, Ceramide AS, Caprylyl Glycol, Dipeptide Diaminobutyroyl Benzylamide Diacetate, Hydrolyzed Sodium Hyaluronate, Copper Tripeptide-1, Acetyl Tetrapeptide-2, Dextran, Palmitoyl Tripeptide-8, Ceramide EOP",niacinamide;hyaluronic-acid;ceramides;peptides;panthenol,,,,,,,,,,,,,brand_direct,true,https://www.cosrx.com/products/30-free-gift-cosrx-the-ceramide-skin-barrier-moisturizer-1-5ml,/product-images/brand-direct/113027222.jpg
113021347,brightening-texture,The 6 Peptide Skin Booster Serum Mini (50ml),COSRX,,"Water, Dipropylene Glycol, Glycerin, Pentylene Glycol, 1,2-Hexanediol, Niacinamide, Acetyl Hexapeptide-8, Copper Tripeptide-1, sh-Polypeptide-121, Dipeptide Diaminobutyroyl Benzylamide Diacetate, Oligopeptide-68, Palmitoyl Tripeptide-8, Allantoin, Sodium Hyaluronate, Acetyl Glucosamine, Serine, Alanine, Glycine, Threonine, Arginine, Proline, Betaine, Sodium PCA, Sodium Lactate, PCA, Glutamic Acid, Lysine HCl, Tocopherol, Dextran, Glycine Soja (Soybean) Oil, Hydrogenated Lecithin, Ammonium Acryloyldimethyltaurate/VP Copolymer, Polyacrylate Crosspolymer-6, Butylene Glycol, Xanthan Gum, Ethylhexylglycerin, Adenosine, Polyquaternium-51, Disodium EDTA, Citric Acid, Caprylyl Glycol, t-Butyl Alcohol, Potassium Sorbate, Sodium Oleate",niacinamide;hyaluronic-acid;peptides,,,,,,,,,,,,,brand_direct,true,https://www.cosrx.com/products/the-6-peptide-skin-booster-serum-mini-50ml,/product-images/brand-direct/113021347.jpg
113021067,skin-protectant,COSRX The Alpha-Arbutin Discoloration Care Hydrogel Mask_1ea,COSRX,,"Aqua/Water, Glycerin, Acrylates Copolymer, Niacinamide, 1,2-Hexanediol, Ceratonia Siliqua (Carob) Gum, Chondrus Crispus, Agar, Betaine, Sclerotium Gum, Potassium Chloride, Alpha-Arbutin, Erythritol, Sucrose, Cellulose Gum, Polyglyceryl-10 Laurate, Panthenol, Allantoin, Acetyl Glucosamine, Xanthan Gum, Ethylhexylglycerin, Adenosine, Theobroma Cacao (Cocoa) Seed Extract, Hydrolyzed Collagen, Sodium Phytate, Hydrogenated Lecithin, Cetearyl Alcohol, Stearic Acid, Pentylene Glycol, Ferulic Acid, Ceramide NP, Sodium Hyaluronate, Tocopherol, Sodium Hyaluronate Crosspolymer, Hydrolyzed Hyaluronic Acid, Ceramide NS, Cholesterol, Phytosphingosine, Hyaluronic Acid, Ceramide AP, Ceramide AS, Hydrolyzed Sodium Hyaluronate, Glutathione, Ceramide EOP",niacinamide;hyaluronic-acid;ceramides;alpha-arbutin;panthenol,,,,,,,,,,,,,brand_direct,true,https://www.cosrx.com/products/100-free-gift-cosrx-the-alpha-arbutin-discoloration-care-hydrogel-mask_1ea,/product-images/brand-direct/113021067.webp
113021334,skin-protectant,The Ceramide Skin Barrier Moisturizer 40mL,COSRX,,"Water/Aqua, Butylene Glycol, Glycerin, Cetyl Ethylhexanoate, Butylene Glycol Dicaprylate/Dicaprate, Squalane, Pentaerythrityl Tetraisostearate, Dicaprylyl Carbonate, Behenyl Alcohol, Dimethicone, Betaine, Hydroxypropyl Bispalmitamide MEA, C14-22 Alcohols, Palmitic Acid, Stearic Acid, Hydroxypropyl Bislauramide MEA, Arachidyl Alcohol, Cholesterol, Polyacrylate-13, C12-20 Alkyl Glucoside, Allantoin, Arachidyl Glucoside, Caprylyl Glycol, Glyceryl Caprylate, Ethylhexylglycerin, Hydrogenated Polyisobutene, Carbomer, Tromethamine, Hydrogenated Lecithin, Dimethiconol, Cetearyl Alcohol, Polyglyceryl-10 Laurate, Ethylhexyl Palmitate, Sorbitan Isostearate, Phytosphingosine, Panthenol, Propanediol, Tocopherol, Ceramide NP, Sodium Hyaluronate, Ceramide NS, 1,2-Hexanediol, Hydrolyzed Hyaluronic Acid, Ceramide AP, Ceramide AS, Sodium Hyaluronate Crosspolymer, Hyaluronic Acid, Sodium Acetylated Hyaluronate, Ceramide EOP",hyaluronic-acid;ceramides;squalane;panthenol,,,,,,,,,,,,,brand_direct,true,https://www.cosrx.com/products/70-free-gift-the-ceramide-skin-barrier-moisturizer-40ml,/product-images/brand-direct/113021334.jpg
113020927,skin-protectant,COSRX The Peptide Collagen Lifting Glow Hydrogel Mask_3ea,COSRX,,"Aqua/Water, Glycerin, Acrylates Copolymer, Niacinamide, 1,2-Hexanediol, Ceratonia Siliqua (Carob) Gum, Chondrus Crispus, Agar, Erythritol, Sclerotium Gum, Potassium Chloride, Sucrose, Cellulose Gum, Polyglyceryl-10 Laurate, Panthenol, Ethylhexylglycerin, Allantoin, Xanthan Gum, Adenosine, Sodium Phytate, Hydrolyzed Collagen, Hydrogenated Lecithin, Cetearyl Alcohol, Cyanocobalamin, Stearic Acid, Tocopherol, Acetyl Hexapeptide-8, Butylene Glycol, Pentylene Glycol, Acetyl Glucosamine, Ceramide NP, Sodium Hyaluronate, Sodium Hyaluronate Crosspolymer, Hydrolyzed Hyaluronic Acid, Ceramide NS, Palmitoyl Tripeptide-5, Phytosphingosine, Cholesterol, Hyaluronic Acid, Ceramide AP, Ceramide AS, Caprylyl Glycol, Dipeptide Diaminobutyroyl Benzylamide Diacetate, Hydrolyzed Sodium Hyaluronate, Copper Tripeptide-1, Acetyl Tetrapeptide-2, Dextran, Palmitoyl Tripeptide-8, Ceramide EOP",niacinamide;hyaluronic-acid;ceramides;peptides;panthenol,,,,,,,,,,,,,brand_direct,true,https://www.cosrx.com/products/40-free-gift-cosrx-the-peptide-collagen-lifting-glow-hydrogel-mask_3ea,/product-images/brand-direct/113020927.webp
113021337,skin-protectant,COSRX The Peptide Collagen Lifting Glow Hydrogel Mask_1ea,COSRX,,"Aqua/Water, Glycerin, Acrylates Copolymer, Niacinamide, 1,2-Hexanediol, Ceratonia Siliqua (Carob) Gum, Chondrus Crispus, Agar, Erythritol, Sclerotium Gum, Potassium Chloride, Sucrose, Cellulose Gum, Polyglyceryl-10 Laurate, Panthenol, Ethylhexylglycerin, Allantoin, Xanthan Gum, Adenosine, Sodium Phytate, Hydrolyzed Collagen, Hydrogenated Lecithin, Cetearyl Alcohol, Cyanocobalamin, Stearic Acid, Tocopherol, Acetyl Hexapeptide-8, Butylene Glycol, Pentylene Glycol, Acetyl Glucosamine, Ceramide NP, Sodium Hyaluronate, Sodium Hyaluronate Crosspolymer, Hydrolyzed Hyaluronic Acid, Ceramide NS, Palmitoyl Tripeptide-5, Phytosphingosine, Cholesterol, Hyaluronic Acid, Ceramide AP, Ceramide AS, Caprylyl Glycol, Dipeptide Diaminobutyroyl Benzylamide Diacetate, Hydrolyzed Sodium Hyaluronate, Copper Tripeptide-1, Acetyl Tetrapeptide-2, Dextran, Palmitoyl Tripeptide-8, Ceramide EOP",niacinamide;hyaluronic-acid;ceramides;peptides;panthenol,,,,,,,,,,,,,brand_direct,true,https://www.cosrx.com/products/free-gift-cosrx-the-peptide-collagen-lifting-glow-hydrogel-mask_1ea-1,/product-images/brand-direct/113021337.webp
113020146,brightening-texture,AC Collection Calming Liquid Intensive,COSRX,,"Propolis Extract, Butylene Glycol, 1,2-Hexanediol, Ethyl Hexanediol, Asiaticoside, Asiatic Acid Madecassic Acid, Cassia Obtusifolia Seed Extract, Butylene Glycol, 1,2-Hexanediol, Hydroxyethylcellulose Panthenol, Butylene Glycol, Betaine, Dimethyl Sulfone, Betaine Salicylate, Zinc PCA, Polysorbate 20 Allantoin, Sodium Lactate, Water, Lactic Acid, Alcohol, Glycolic Acid, Sodium Hyaluronate, Melaleuca Alternifolia (Tea Tree) Leaf Oil, Polysorbate 60",hyaluronic-acid;glycolic-acid;panthenol;lactic-acid,,,,,,,,,,,,,brand_direct,true,https://www.cosrx.com/products/ac-collection-calming-liquid-intensive,/product-images/brand-direct/113020146.jpg
cosrx-5-pdrn-collagen-vitalizing-hydrogel-eye-patch,brightening-texture,COSRX 5 PDRN Collagen Vitalizing Hydrogel Eye Patch,COSRX,,"AQUA/WATER, GLYCERIN, DIPROPYLENE GLYCOL, NIACINAMIDE, CERATONIA SILIQUA (CAROB) GUM, METHYLPROPANEDIOL, CHONDRUS CRISPUS POWDER, CHONDRUS CRISPUS, CELLULOSE GUM, HYDROXYACETOPHENONE, PANTHENOL, ALGIN, CAPRYLYL GLYCOL, POTASSIUM CHLORIDE, SUCROSE, ETHYLHEXYLGLYCERIN, SODIUM POLYACRYLATE, ADENOSINE, POLYGLYCERYL-10 LAURATE, POLYGLYCERYL-10 MYRISTATE, BUTYLENE GLYCOL, GARDENIA FLORIDA FRUIT EXTRACT, 1,2-HEXANEDIOL, SODIUM DNA, CAFFEINE, MALTODEXTRIN, ALLANTOIN, COLLAGEN, DEXTRIN, PANTOLACTONE, CYANOCOBALAMIN, DIPOTASSIUM GLYCYRRHIZATE, ASCORBIC ACID, SODIUM HYALURONATE, GLUTATHIONE, ORYZA SATIVA (RICE) EXTRACT, COPTIS JAPONICA ROOT EXTRACT, CAULERPA LENTILLIFERA EXTRACT, HYDROLYZED HYALURONIC ACID, HYALURONIC ACID, POTASSIUM HYALURONATE, HYDROLYZED SODIUM HYALURONATE, ACETYL HEXAPEPTIDE-8, LACTOBACILLUS FERMENT LYSATE, HYDROLYZED RICE PROTEIN, CENTELLA ASIATICA LEAF EXTRACT, DISODIUM EDTA",niacinamide;vitamin-c;hyaluronic-acid;peptides;centella-asiatica;panthenol,,,,,,,,,,,,,brand_direct,true,https://www.cosrx.com/products/cosrx-5-pdrn-collagen-vitalizing-hydrogel-eye-patch,/product-images/brand-direct/cosrx-5-pdrn-collagen-vitalizing-hydrogel-eye-patch.webp
the-alpha-arbutin-2-discoloration-care-serum,brightening-texture,The Alpha-Arbutin 2 Discoloration Care Serum,COSRX,,"Aqua/Water, Propanediol, Glycerin, Niacinamide, Tranexamic Acid, Acetyl Glucosamine, Alpha-Arbutin(2%), 1,2-Hexanediol, Dimethicone, Dimethyl Isosorbide, Diethoxyethyl Succinate, Butylene Glycol, Citric Acid, Alcohol, Sodium Polyacryloyldimethyl Taurate, Hydrogenated Lecithin, Xanthan Gum, Sodium Metabisulfite, Disodium EDTA, Ethylhexylglycerin, Dextrin, Theobroma Cacao (Cocoa) Extract, Sodium Citrate, Madecassoside, Sodium Methyl Stearoyl Taurate, Sodium Hyaluronate, Tocopherol, Hydrolyzed Hyaluronic Acid, Sodium Hyaluronate Crosspolymer, Hyaluronic Acid, Ferulic Acid, Glycyrrhiza Glabra (Licorice) Root Extract, Panthenol, Arginine, Methyl Trimethicone, Allantoin, Glutathione, Sodium Acetylated Hyaluronate",niacinamide;hyaluronic-acid;alpha-arbutin;tranexamic-acid;panthenol,,,,,,,,,,,,,brand_direct,true,https://www.cosrx.com/products/the-alpha-arbutin-2-discoloration-care-serum,/product-images/brand-direct/the-alpha-arbutin-2-discoloration-care-serum.jpg
the-retinol-0-1-cream-1,brightening-texture,The Retinol 0.1 Cream,COSRX,,"Water, Caprylic/Capric Triglyceride, Propanediol, Glycerin, Tocopheryl Acetate, Cetearyl Alcohol, Trehalose, Panthenol, Butyrospermum Parkii (Shea) Butter, Glycine Soja (Soybean) Oil, Ammonium Acryloyldimethyltaurate/VP Copolymer, Dimethicone, Glyceryl Polymethacrylate, Helianthus Annuus (Sunflower) Seed Oil, Polyglyceryl-10 Stearate, Hydrogenated Lecithin, Hydroxyethyl Acrylate/Sodium Acryloyldimethyl Taurate Copolymer, Carbomer, Tromethamine, Glyceryl Stearate, Polysilicone-11, Sodium Sulfite, Tocopherol, Daucus Carota Sativa (Carrot) Root Extract, Retinol(0.1%), Allantoin, Glyceryl Caprylate, Oryza Sativa (Rice) Bran Wax, Tocotrienols, Stearic Acid, Polyglyceryl-3 Methylglucose Distearate, Palmitic Acid, Disodium EDTA, Ethylhexylglycerin, Adenosine, Sorbitan Isostearate, Elaeis Guineensis (Palm) Oil, BHT, Beta-Carotene, Myristic Acid, Lauric Acid, Ascorbic Acid, Limnanthes Alba (Meadowfoam) Seed Oil, 3-O-Ethyl Ascorbic Acid, Glutathione, Sodium Hyaluronate, 1,2-Hexanediol, Hydrolyzed Hyaluronic Acid, Sodium Hyaluronate Crosspolymer, Hyaluronic Acid, Sodium Acetylated Hyaluronate",vitamin-c;hyaluronic-acid;retinol-cosmetic;panthenol,,,,,,,,,,,,,brand_direct,true,https://www.cosrx.com/products/the-retinol-0-1-cream-1,/product-images/brand-direct/the-retinol-0-1-cream-1.jpg
the-6-peptide-skin-booster-serum-bundle,brightening-texture,The 6 Peptide Skin Booster Serum,COSRX,,"Water, Dipropylene Glycol, Glycerin, Pentylene Glycol, 1,2-Hexanediol, Niacinamide, Acetyl Hexapeptide-8, Copper Tripeptide-1, sh-Polypeptide-121, Dipeptide Diaminobutyroyl Benzylamide Diacetate, Oligopeptide-68, Palmitoyl Tripeptide-8, Allantoin, Sodium Hyaluronate, Acetyl Glucosamine, Serine, Alanine, Glycine, Threonine, Arginine, Proline, Betaine, Sodium PCA, Sodium Lactate, PCA, Glutamic Acid, Lysine HCl, Tocopherol, Dextran, Glycine Soja (Soybean) Oil, Hydrogenated Lecithin, Ammonium Acryloyldimethyltaurate/VP Copolymer, Polyacrylate Crosspolymer-6, Butylene Glycol, Xanthan Gum, Ethylhexylglycerin, Adenosine, Polyquaternium-51, Disodium EDTA, Citric Acid, Caprylyl Glycol, t-Butyl Alcohol, Potassium Sorbate, Sodium Oleate",niacinamide;hyaluronic-acid;peptides,,,,,,,,,,,,,brand_direct,true,https://www.cosrx.com/products/the-6-peptide-skin-booster-serum-bundle,/product-images/brand-direct/the-6-peptide-skin-booster-serum-bundle.webp
the-peptide-collagen-hydrogel-eye-patch,brightening-texture,The Peptide Collagen Hydrogel Eye Patch,COSRX,,"Water, Dipropylene Glycol, Glycerin, Niacinamide, Ceratonia Siliqua (Carob) Gum, Chondrus Crispus Powder, Chondrus Crispus, Cellulose Gum, Hydroxyacetophenone, Algin, Caprylyl Glycol, Potassium Chloride, Betaine, Panthenol, Sucrose, Ethylhexylglycerin, Sodium Polyacrylate, Polyglyceryl-10 Laurate, Adenosine, Polyglyceryl-10 Myristate, Maltodextrin, Caffeine, Collagen, Butylene Glycol, Cyanocobalamin, 1,2-Hexanediol, Sodium Hyaluronate, Dipotassium Glycyrrhizate, Pantolactone, Pentylene Glycol, Acetyl Hexapeptide-8, Dunaliella Salina Extract, sh Polypeptide-121, Palmitoyl Tripeptide-5, Hydrolyzed Hyaluronic Acid, Hyaluronic Acid, Potassium Hyaluronate, Hydrolyzed Sodium Hyaluronate, Acetyl Tetrapeptide-5, Citric Acid, Disodium EDTA",niacinamide;hyaluronic-acid;peptides;panthenol,,,,,,,,,,,,,brand_direct,true,https://www.cosrx.com/products/the-peptide-collagen-hydrogel-eye-patch,/product-images/brand-direct/the-peptide-collagen-hydrogel-eye-patch.webp
the-vitamin-c-23-serum,skin-protectant,Advanced The Vitamin C 23 Serum,COSRX,,"Aqua/Water, Ascorbic Acid(23%), Butylene Glycol, Dimethicone, Panthenol, 3-O-Ethyl Ascorbic Acid, Squalane, Sodium Hydroxide, Caffeine, Sodium Hyaluronate, Sodium Metaphosphate, Adenosine, Acetyl Glucosamine, Gardenia Florida Fruit Extract, Allantoin, Dextrin, Tocotrienols, Tocopherol, Elaeis Guineensis (Palm) Oil, Arginine, Niacinamide, Pentylene Glycol, Glutathione, Helianthus Annuus (Sunflower) Seed Oil, Methyl Trimethicone, Carthamus Tinctorius (Safflower) Seed Oil, Camellia Japonica Seed Oil, Daucus Carota Sativa (Carrot) Root Extract, Glycyrrhiza Glabra (Licorice) Root Extract, Beta-Carotene",niacinamide;vitamin-c;hyaluronic-acid;squalane;panthenol,,,,,,,,,,,,,brand_direct,true,https://www.cosrx.com/products/the-vitamin-c-23-serum,/product-images/brand-direct/the-vitamin-c-23-serum.webp
113021260,skin-protectant,5 Peptide B5 Sensitive Repair Salve Lip Balm,COSRX,,"CAPRYLIC/CAPRIC TRIGLYCERIDE, PEG-5 PENTAERYTHRITYL ETHER, PPG-5 PENTAERYTHRITYL ETHER, MICROCRYSTALLINE WAX / CERA MICROCRISTALLINA / CIRE MICROCRISTALLINE, BUTYROSPERMUM PARKII (SHEA) BUTTER, HYDROGENATED VEGETABLE OIL, PANTHENOL, SILICA DIMETHYL SILYLATE, GLYCINE SOJA (SOYBEAN) STEROLS, WATER / AQUA / EAU, SYNTHETIC WAX, XYLITOL, TOCOPHERYL ACETATE, ALLANTOIN, LECITHIN, ETHYLHEXYL PALMITATE, MADECASSOSIDE, TRIBEHENIN, HYALURONIC ACID, SQUALANE, SORBITAN ISOSTEARATE, GLUCONOLACTONE, GLYCERIN, LACTIC ACID, PROPANEDIOL, 1,2-HEXANEDIOL, PALMITOYL TRIPEPTIDE-1, BETA-GLUCAN, ORYZA SATIVA (RICE) BRAN EXTRACT, ETHYLHEXYLGLYCERIN, SODIUM PHYTATE, SODIUM DNA, ACETYL HEXAPEPTIDE-8, SOLUBLE COLLAGEN, TRIPEPTIDE-1, PALMITOYL TETRAPEPTIDE-7, PALMITOYL HEXAPEPTIDE-12",hyaluronic-acid;squalane;peptides;panthenol;lactic-acid,,,,,,,,,,,,,brand_direct,true,https://www.cosrx.com/products/5-peptide-b5-sensitive-repair-salve-lip-balm,/product-images/brand-direct/113021260.webp
113021259,skin-protectant,5 Peptide Ceramide Barrier Comfort Lip Mask,COSRX,,"DIISOSTEARYL MALATE, HYDROGENATED POLYISOBUTENE, PHYTOSTERYL/ISOSTEARYL/CETYL/STEARYL/BEHENYL DIMER DILINOLEATE, POLYBUTENE, OCTYLDODECYL NEOPENTANOATE, HYDROGENATED POLY(C6-14 OLEFIN), MICROCRYSTALLINE WAX / CERA MICROCRISTALLINA / CIRE MICROCRISTALLINE, BUTYROSPERMUM PARKII (SHEA) BUTTER, ETHYLENE/PROPYLENE/STYRENE COPOLYMER, SYNTHETIC WAX, SUCROSE TETRASTEARATE TRIACETATE, MAGNESIUM POTASSIUM FLUOROSILICATE, EUPHORBIA CERIFERA (CANDELILLA) WAX / CANDELILLA CERA / CIRE DE CANDELILLA, SILICA, FRAGRANCE / PARFUM, ASTROCARYUM MURUMURU SEED BUTTER, CANDELILLA WAX ESTERS, TOCOPHERYL ACETATE, ETHYLENE/PROPYLENE COPOLYMER, GLYCERYL CAPRYLATE, BUTYLENE/ETHYLENE/STYRENE COPOLYMER, ETHYLHEXYL PALMITATE, TITANIUM DIOXIDE (CI 77891), POLYGLYCERYL-2 TRIISOSTEARATE, COPERNICIA CERIFERA (CARNAUBA) WAX / COPERNICIA CERIFERA CERA / CIRE DE CARNAUBA, DIMETHICONE, TRIBEHENIN, PENTAERYTHRITYL TETRA-DI-T-BUTYL HYDROXYHYDROCINNAMATE, WATER / AQUA / EAU, HYALURONIC ACID, YELLOW 6 LAKE (CI 15985), SQUALANE, SORBITAN ISOSTEARATE, RED 7 (CI 15850), RED 6 (CI 15850), CERAMIDE NP, GLUCONOLACTONE, GLYCERIN, TOCOPHEROL, LACTIC ACID, PROPANEDIOL, 1,2-HEXANEDIOL, PALMITOYL TRIPEPTIDE-1, BETA-GLUCAN, ORYZA SATIVA (RICE) BRAN EXTRACT, ETHYLHEXYLGLYCERIN, SODIUM PHYTATE, SODIUM DNA, ACETYL HEXAPEPTIDE-8, SOLUBLE COLLAGEN, TRIPEPTIDE-1, PALMITOYL TETRAPEPTIDE-7, PALMITOYL HEXAPEPTIDE-12, VANILLIN",hyaluronic-acid;ceramides;squalane;peptides;lactic-acid,,,,,,,,,,,,,brand_direct,true,https://www.cosrx.com/products/5-peptide-ceramide-barrier-comfort-lip-mask,/product-images/brand-direct/113021259.jpg
the-ceramide-skin-barrier-moisturizer,skin-protectant,The Ceramide Skin Barrier Moisturizer,COSRX,,"Water/Aqua, Butylene Glycol, Glycerin, Cetyl Ethylhexanoate, Butylene Glycol Dicaprylate/Dicaprate, Squalane, Pentaerythrityl Tetraisostearate, Dicaprylyl Carbonate, Behenyl Alcohol, Dimethicone, Betaine, Hydroxypropyl Bispalmitamide MEA, C14-22 Alcohols, Palmitic Acid, Stearic Acid, Hydroxypropyl Bislauramide MEA, Arachidyl Alcohol, Cholesterol, Polyacrylate-13, C12-20 Alkyl Glucoside, Allantoin, Arachidyl Glucoside, Caprylyl Glycol, Glyceryl Caprylate, Ethylhexylglycerin, Hydrogenated Polyisobutene, Carbomer, Tromethamine, Hydrogenated Lecithin, Dimethiconol, Cetearyl Alcohol, Polyglyceryl-10 Laurate, Ethylhexyl Palmitate, Sorbitan Isostearate, Phytosphingosine, Panthenol, Propanediol, Tocopherol, Ceramide NP, Sodium Hyaluronate, Ceramide NS, 1,2-Hexanediol, Hydrolyzed Hyaluronic Acid, Ceramide AP, Ceramide AS, Sodium Hyaluronate Crosspolymer, Hyaluronic Acid, Sodium Acetylated Hyaluronate, Ceramide EOP",hyaluronic-acid;ceramides;squalane;panthenol,,,,,,,,,,,,,brand_direct,true,https://www.cosrx.com/products/the-ceramide-skin-barrier-moisturizer,/product-images/brand-direct/the-ceramide-skin-barrier-moisturizer.jpg
the-hyaluronic-acid-3-serum-bundle,skin-protectant,The Hyaluronic Acid 3 Serum,COSRX,,"Water, Butylene Glycol, Propanediol, Glycerin, Sodium Hyaluronate(3%), Pentylene Glycol, 1,2-Hexanediol, Diethoxyethyl Succinate, Sodium Polyacryloyldimethyl Taurate, Betaine, Xanthan Gum, Dimethicone, Hydroxyethyl Acrylate/Sodium Acryloyldimethyl Taurate Copolymer, Sodium PCA, Sodium Lactate, PCA, Glyceryl Acrylate/Acrylic Acid Copolymer, Hydrogenated Lecithin, Ethylhexylglycerin, Serine, Alanine, Glycine, Sodium Phytate, Sorbitan Isostearate, PVM/MA Copolymer, Glutamic Acid, Citric Acid, Lysine HCl, Threonine, Arginine, Sodium Methyl Stearoyl Taurate, Proline, Ceramide NP, Cholesterol, Caprylic/Capric Triglyceride, Phytosphingosine, Stearic Acid, Oleic Acid, Alcohol, Tocopherol, Lactic Acid, Caprylyl Glycol, Caprylhydroxamic Acid",hyaluronic-acid;ceramides;lactic-acid,,,,,,,,,,,,,brand_direct,true,https://www.cosrx.com/products/the-hyaluronic-acid-3-serum-bundle,/product-images/brand-direct/the-hyaluronic-acid-3-serum-bundle.jpg
113020485,skin-protectant,BHA Blackhead Power Liquid,COSRX,,"Salix Alba (Willow) Bark Water, Butylene Glycol, Betaine Salicylate, Niacinamide, 1,2-Hexanediol, Arginine, Panthenol, Sodium Hyaluronate, Xanthan Gum, Ethyl Hexanediol",niacinamide;hyaluronic-acid;panthenol,,,,,,,,,,,,,brand_direct,true,https://www.cosrx.com/products/bha-blackhead-power-liquid,/product-images/brand-direct/113020485.jpg
113021305,brightening-texture,COSRX Azelaic Acid 10 B5 Redness Soothing Cream,COSRX,,"AQUA/WATER, AZELAIC ACID, PROPANEDIOL, GLYCERIN, COCO-CAPRYLATE/CAPRATE, C9-12 ALKANE, CETEARYL ALCOHOL, C12-15 ALKYL BENZOATE, SORBITAN STEARATE, CETEARYL OLIVATE, 1,2-HEXANEDIOL, DIMETHICONOL, AMMONIUM ACRYLOYLDIMETHYLTAURATE/VP COPOLYMER, SORBITAN OLIVATE, HYDROXYETHYL ACRYLATE/SODIUM ACRYLOYLDIMETHYL TAURATE COPOLYMER, TROMETHAMINE, SUCROSE COCOATE, SODIUM POLYACRYLOYLDIMETHYL TAURATE, SODIUM METAPHOSPHATE, ETHYLHEXYLGLYCERIN, SORBITAN ISOSTEARATE, PANTHENOL, TOCOPHEROL, MADECASSOSIDE, NIACINAMIDE, ALLANTOIN, DIPOTASSIUM GLYCYRRHIZATE, ZINC PCA, GLUCONOLACTONE, ALPHA-ARBUTIN, ASIATICOSIDE, MADECASSIC ACID, ASIATIC ACID, SODIUM HYALURONATE, HYDROLYZED HYALURONIC ACID, SODIUM HYALURONATE CROSSPOLYMER, GLYCYRRHIZA URALENSIS (LICORICE) ROOT EXTRACT, HYALURONIC ACID, DISODIUM EDTA, SODIUM ACETYLATED HYALURONATE",niacinamide;azelaic-acid;hyaluronic-acid;alpha-arbutin;panthenol,,,,,,,,,,,,,brand_direct,true,https://www.cosrx.com/products/cosrx-azelaic-acid10-b5-redness-soothing-cream,/product-images/brand-direct/113021305.webp
113020249,skin-protectant,One Step Moisture Up Pad,COSRX,,"Water, Butylene Glycol, Propanediol, Glycerin, 1,2-Hexanediol, Betaine Salicylate, Betaine, Panthenol, Allantoin, Polyglyceryl-10 Myristate, Polyglyceryl-10 Laurate, Sodium Hydroxide, Gluconolactone, Sodium Hyaluronate, Citrus Aurantium Bergamia (Bergamot) Fruit Oil, Carbomer, Arginine, Citrus Limon (Lemon) Peel Oil, Pentylene Glycol, Sodium Hyaluronate Crosspolymer, Hydrolyzed Hyaluronic Acid, Hydrolyzed Sodium Hyaluronate, Hyaluronic Acid, Ethylhexylglycerin, Squalane",hyaluronic-acid;squalane;panthenol,,,,,,,,,,,,,brand_direct,true,https://www.cosrx.com/products/one-step-moisture-up-pad,/product-images/brand-direct/113020249.jpg
113021314,skin-protectant,COSRX The Blue Peptide Bakuchiol Plump Bounce Cream,COSRX,,"AQUA/WATER, BUTYLENE GLYCOL, GLYCERIN, METHYL TRIMETHICONE, NIACINAMIDE, 1,2-HEXANEDIOL, CETEARYL ALCOHOL, SQUALANE, DIMETHICONE, CAPRYLYL METHICONE, COPPER TRIPEPTIDE-1 (GHK-Cu), CAPRYLIC/CAPRIC TRIGLYCERIDE, AMMONIUM ACRYLOYLDIMETHYLTAURATE/VP COPOLYMER, AMMONIUM ACRYLOYLDIMETHYLTAURATE/BEHENETH-25 METHACRYLATE CROSSPOLYMER, POLYACRYLATE CROSSPOLYMER-6, GLYCERYL STEARATE, C30-45 ALKYL CETEARYL DIMETHICONE CROSSPOLYMER, CETEARYL GLUCOSIDE, HYDROGENATED LECITHIN, GLYCERYL CAPRYLATE, ETHYLHEXYLGLYCERIN, STEARIC ACID, POLYGLYCERYL-3 METHYLGLUCOSE DISTEARATE, PALMITIC ACID, SODIUM GLUCONATE, BAKUCHIOL, ADENOSINE, MYRISTIC ACID, LAURIC ACID, CAPRYLYL GLYCOL, TOCOPHEROL, DIPEPTIDE DIAMINOBUTYROYL BENZYLAMIDE DIACETATE, ACETYL HEXAPEPTIDE-1, ACETYL HEPTAPEPTIDE-4, PANTHENOL, BETAINE, INOSITOL, ACETYL HEXAPEPTIDE-8, SODIUM HYDROXIDE, PROPANEDIOL, SYNTHETIC WAX, SODIUM HYALURONATE, ACETYL OCTAPEPTIDE-3, POLYGLYCERYL-10 STEARATE, HYDROLYZED HYALURONIC ACID, BETA-GLUCAN, SODIUM HYALURONATE CROSSPOLYMER, CERAMIDE NP, HYALURONIC ACID, CHOLESTEROL, HYDROLYZED COLLAGEN, SODIUM ACETYLATED HYALURONATE",niacinamide;hyaluronic-acid;ceramides;squalane;peptides;bakuchiol;panthenol,,,,,,,,,,,,,brand_direct,true,https://www.cosrx.com/products/the-blue-peptide-bakuchiol-plump-bounce-cream,/product-images/brand-direct/113021314.webp
113021188,brightening-texture,COSRX The Blue Peptide Bakuchiol Plump Glow Serum,COSRX,,"AQUA/WATER, BUTYLENE GLYCOL, GLYCERIN, DIPROPYLENE GLYCOL, NIACINAMIDE, 1,2-HEXANEDIOL, BETAINE, DIETHOXYETHYL SUCCINATE, AMMONIUM ACRYLOYLDIMETHYLTAURATE/VP COPOLYMER, DIMETHICONE, COPPER TRIPEPTIDE-1(GHK-Cu), POLYGLYCERYL-6 CAPRYLATE, POLYGLYCERYL-4 CAPRATE, BAKUCHIOL, HYDROGENATED LECITHIN, ALCOHOL, SODIUM METHYL STEAROYL TAURATE, ETHYLHEXYLGLYCERIN, HYDROXYPROPYL STARCH PHOSPHATE, DISODIUM EDTA, ADENOSINE, CAPRYLYL GLYCOL, TOCOPHEROL, DIPEPTIDE DIAMINOBUTYROYL BENZYLAMIDE DIACETATE, ACETYL HEXAPEPTIDE-1, ACETYL HEPTAPEPTIDE-4, PANTHENOL, INOSITOL, ACETYL HEXAPEPTIDE-8, SODIUM HYDROXIDE, PROPANEDIOL, BETA-GLUCAN, SODIUM HYALURONATE, HYALURONIC ACID, SODIUM HYALURONATE CROSSPOLYMER, HYDROLYZED COLLAGEN, HYDROLYZED HYALURONIC ACID, SODIUM ACETYLATED HYALURONATE, ACETYL OCTAPEPTIDE-3",niacinamide;hyaluronic-acid;peptides;bakuchiol;panthenol,,,,,,,,,,,,,brand_direct,true,https://www.cosrx.com/products/cosrx-the-blue-peptide-bakuchiol-plump-glow-serum,/product-images/brand-direct/113021188.jpg
113021301,skin-protectant,COSRX RED RICE INOSITOL Pore Clarifying Deep Cleanser,COSRX,,"AQUA/WATER, GLYCERIN, SODIUM COCOYL GLYCINATE, CELLULOSE, SODIUM LAUROYL GLUTAMATE, HYDRATED SILICA, KAOLIN, DISODIUM COCOAMPHODIACETATE, 1,2-HEXANEDIOL, ORYZA SATIVA (RICE) SEED WATER, BETAINE, SODIUM CHLORIDE, SODIUM SWEETALMONDAMPHOACETATE, LAURYL BETAINE, SODIUM METHYL COCOYL TAURATE, GLYCOL DISTEARATE, SODIUM POLYACRYLATE, GLYCOL STEARATE, ETHYLHEXYLGLYCERIN, HYDROXYACETOPHENONE, ACRYLATES/C10-30 ALKYL ACRYLATE CROSSPOLYMER, CITRIC ACID, INOSITOL, POLYGLYCERIN-3, PHYTOSTERYL/OCTYLDODECYL LAUROYL GLUTAMATE, GARDENIA FLORIDA FRUIT EXTRACT, DEXTRIN, CYANOCOBALAMIN, HEXYLENE GLYCOL, BUTYLENE GLYCOL, PANTHENOL, ORYZA SATIVA (RICE) SEED EXTRACT, NIACINAMIDE, GLUCONOLACTONE, PHYTIC ACID, BETA-GLUCAN, SODIUM HYALURONATE, TOCOPHEROL, CERAMIDE NP, HYDROLYZED HYALURONIC ACID, SODIUM ACETYLATED HYALURONATE",niacinamide;hyaluronic-acid;ceramides;panthenol,,,,,,,,,,,,,brand_direct,true,https://www.cosrx.com/products/cosrx-red-rice-inositol-pore-clarifying-deep-cleanser,/product-images/brand-direct/113021301.webp
113021302,skin-protectant,COSRX RED RICE INOSITOL Exfoliating Care Pore Wash-Off Peel Serum,COSRX,,"AQUA/WATER, DIPROPYLENE GLYCOL, TRIPROPYLENE GLYCOL, CELLULOSE, PROPANEDIOL, GLYCERIN, CARBOMER, STEARTRIMONIUM METHOSULFATE, ORYZA SATIVA (RICE) SEED WATER, ISOPROPYL ALCOHOL, SACCHARIDE ISOMERATE, HYDROXYACETOPHENONE, GLYCERETH-25 PCA ISOSTEARATE, 1,2-HEXANEDIOL, CAPRYLYL GLYCOL, CETYL ETHYLHEXANOATE, ETHYLHEXYL PALMITATE, SQUALANE, INOSITOL, BUTYLENE GLYCOL, HYDROGENATED LECITHIN, HYDROLYZED JOJOBA ESTERS, ETHYLHEXYLGLYCERIN, CAPRYLIC/CAPRIC TRIGLYCERIDE, SODIUM HYALURONATE, SODIUM PHYTATE, CYANOCOBALAMIN, COPTIS JAPONICA ROOT EXTRACT, CITRIC ACID, SODIUM CITRATE, HYDROXYPROPYLTRIMONIUM HYALURONATE, DIPOTASSIUM GLYCYRRHIZATE, ORYZA SATIVA (RICE) EXTRACT, HYDROLYZED HYALURONIC ACID, SODIUM ACETYLATED HYALURONATE, PANTHENOL, GLUCONOLACTONE, NIACINAMIDE, HYALURONIC ACID, GLYCOLIC ACID, PHYTIC ACID, HYDROLYZED SODIUM HYALURONATE, SODIUM HYALURONATE CROSSPOLYMER, TOCOPHEROL, SALICYLIC ACID, CERAMIDE NP, BETAINE, TROMETHAMINE",niacinamide;hyaluronic-acid;ceramides;glycolic-acid;squalane;panthenol,,,,,,,,,,,,,brand_direct,true,https://www.cosrx.com/products/cosrx-red-rice-inositol-exfoliating-care-pore-peel-serum,/product-images/brand-direct/113021302.webp
113021250,skin-protectant,One Step Original Clear Skin Calming Pad,COSRX,,"Camellia Sinensis Leaf Water, Butylene Glycol, Niacinamide, 1,2-Hexanediol, Gluconolactone, Panthenol, Aqua/Water, Allantoin, Arginine, Polyglyceryl-10 Laurate, Polyglyceryl-10 Myristate, Glycerin, Pantothenic Acid, Adenosine, Asiaticoside, Pentylene Glycol, Madecassic Acid, Asiatic Acid, Caprylic/Capric Triglyceride, Sodium Hyaluronate, Madecassoside, Sodium Hyaluronate Crosspolymer, Ceramide Np, Hydrolyzed Hyaluronic Acid, Polyglyceryl-2 Stearate, Polyglyceryl-10 Stearate, Hydrogenated Lecithin, Beta-Glucan, Capryloyl Salicylic Acid, Glyceryl Stearate, Hyaluronic Acid, Stearyl Alcohol, Oleic Acid, Cholesterol, Ethylhexylglycerin, Hydroxyacetophenone, Centella Asiatica Extract, Hydrolyzed Sodium Hyaluronate",niacinamide;hyaluronic-acid;ceramides;centella-asiatica;panthenol,,,,,,,,,,,,,brand_direct,true,https://www.cosrx.com/products/one-step-original-clear-skin-calming-pad,/product-images/brand-direct/113021250.jpg
113021251,brightening-texture,One Step Original Tone Clarifying Moisture Pad,COSRX,,"ORYZA SATIVA (RICE) BRAN WATER, BUTYLENE GLYCOL, AQUA/WATER, GLYCERIN, NIACINAMIDE, 1,2-HEXANEDIOL, GLUCONOLACTONE, XANTHAN GUM, ETHYLHEXYLGLYCERIN, SIMMONDSIA CHINENSIS (JOJOBA) SEED OIL, ADENOSINE, TROMETHAMINE, DISODIUM EDTA, HYDROGENATED LECITHIN, BETAINE, PANTHENOL, PANTOTHENIC ACID, ALLANTOIN, ALPHA-ARBUTIN, GARDENIA JASMINOIDES FRUIT EXTRACT, POLYGLYCERYL-10 LAURATE, 3-O-ETHYL ASCORBIC ACID, HYDROLYZED HYALURONIC ACID, HYALURONIC ACID, SODIUM HYALURONATE, HYDROLYZED SODIUM HYALURONATE, POTASSIUM HYALURONATE, DIMETHYLSILANOL HYALURONATE, HYDROXYPROPYLTRIMONIUM HYALURONATE, SODIUM HYALURONATE CROSSPOLYMER, SODIUM HYALURONATE DIMETHYLSILANOL, SODIUM ACETYLATED HYALURONATE, GLUTATHIONE, SQUALANE, SODIUM PCA, SODIUM LACTATE, PCA, TOCOPHEROL, SERINE, ALANINE, GLYCINE, GLUTAMIC ACID, LYSINE HCL, THREONINE, ARGININE, PROLINE",niacinamide;vitamin-c;hyaluronic-acid;alpha-arbutin;squalane;panthenol,,,,,,,,,,,,,brand_direct,true,https://www.cosrx.com/products/one-step-original-tone-clarifying-moisture-pad,/product-images/brand-direct/113021251.webp
113021248,brightening-texture,One Step Original Peptide Collagen Lifting Glow Pad,COSRX,,"AQUA/WATER, BUTYLENE GLYCOL, GLYCERIN, TRIPROPYLENE GLYCOL, NIACINAMIDE, PENTYLENE GLYCOL, 2,3-BUTANEDIOL, BETAINE, LACTOBACILLUS FERMENT, PROPANEDIOL, DIETHOXYETHYL SUCCINATE, HYDROXYACETOPHENONE, CAPRYLYL GLYCOL, ETHYLHEXYLGLYCERIN, 1,2-HEXANEDIOL, ADENOSINE, ARGININE, CARBOMER, DISODIUM EDTA, XANTHAN GUM, GLYCERYL ACRYLATE/ACRYLIC ACID COPOLYMER, DIPOTASSIUM GLYCYRRHIZATE, ALLANTOIN, PANTHENOL, CYANOCOBALAMIN, PRUNUS PERSICA (PEACH) FLOWER EXTRACT, HYDROLYZED COLLAGEN, PANTOTHENIC ACID, TOCOPHEROL, SODIUM HYALURONATE, HYALURONIC ACID, HYDROLYZED HYALURONIC ACID, PALMITOYL TRIPEPTIDE-5, COPPER TRIPEPTIDE-1, ACETYL HEXAPEPTIDE-8, DIMETHYLSILANOL HYALURONATE, POTASSIUM HYALURONATE, HYDROLYZED SODIUM HYALURONATE, HYDROXYPROPYLTRIMONIUM HYALURONATE, SODIUM HYALURONATE CROSSPOLYMER, COLLAGEN, SODIUM HYALURONATE DIMETHYLSILANOL, SODIUM ACETYLATED HYALURONATE, COLLAGEN EXTRACT",niacinamide;hyaluronic-acid;peptides;panthenol,,,,,,,,,,,,,brand_direct,true,https://www.cosrx.com/products/one-step-original-peptide-collagen-lifting-glow-pad,/product-images/brand-direct/113021248.webp
113021249,skin-protectant,One Step Original Blemish Pore Clear Pad,COSRX,,"Salix Alba (Willow) Bark Water, Butylene Glycol, Glycerin, 1,2-Hexanediol, Betaine Salicylate, PEG-60 Hydrogenated Castor Oil, Ethyl Hexanediol, Panthenol, Sodium Hydroxide, Allantoin, Limonene, Adenosine, Melaleuca Alternifolia (Tea Tree) Leaf Oil, Aqua/Water, Arginine, Pantothenic Acid, Citrus Aurantium Dulcis (Orange) Peel Oil, Sodium Hyaluronate, Gluconolactone, Zinc PCA, Pentylene Glycol, Madecassoside, Capryloyl Salicylic Acid, Sodium Hyaluronate Crosspolymer, Hydrolyzed Hyaluronic Acid, Hyaluronic Acid, Ethylhexylglycerin, Hydrolyzed Sodium Hyaluronate",hyaluronic-acid;panthenol,,,,,,,,,,,,,brand_direct,true,https://www.cosrx.com/products/one-step-original-blemish-pore-clear-pad,/product-images/brand-direct/113021249.jpg
113020114,skin-protectant,Advanced Snail 96 Mucin Power Essence,COSRX,,"Snail Secretion Filtrate, Betaine, Butylene Glycol, 1,2-Hexanediol, Sodium Polyacrylate, Phenoxyethanol, Sodium Hyaluronate, Allantoin, Ethyl Hexanediol, Carbomer, Panthenol, Arginine, Aqua/Water",hyaluronic-acid;panthenol,,,,,,,,,,,,,brand_direct,true,https://www.cosrx.com/products/advanced-snail-96-mucin-power-essence,/product-images/brand-direct/113020114.jpg
113020301,skin-protectant,Advanced Snail 92 All in One Cream,COSRX,,"Snail Secretion Filtrate, Betaine, Caprylic/Capric Triglyceride, Butylene Glycol, Cetearyl Olivate, Sorbitan Olivate, Cetearyl Alcohol, Carbomer, Ethyl Hexanediol, Phenoxyethanol, Arginine, Dimethicone, Sodium Polyacrylate, Sodium Hyaluronate, Allantoin, Palmitic Acid, Panthenol, Xanthan Gum, Stearic acid, Adenosine, Water, Myristic Acid",hyaluronic-acid;panthenol,,,,,,,,,,,,,brand_direct,true,https://www.cosrx.com/products/advanced-snail-92-all-in-one-cream,/product-images/brand-direct/113020301.png
113021145,skin-protectant,The Ceramide Skin Barrier Moisturizing Mist,COSRX,,"Aqua/Water, Glycerin, Butylene Glycol, Caprylic/Capric Triglyceride, Hydrogenated Poly(C6-14 OLEFIN), Dimethicone, Cetyl Ethylhexanoate, Hydroxypropyl Bislauramide MEA, 1,2-Hexanediol, Cholesterol, Sodium Surfactin, Glyceryl Caprylate, Ethylhexylglycerin, Disodium EDTA, Behenic Acid, Squalane, Panthenol, Allantoin, Hydrogenated Lecithin, Cetearyl Alcohol, Tocopherol, Betaine, Stearic Acid, Propanediol, Sodium PCA, Sodium Hyaluronate, Sodium Lactate, PCA, Serine, Alanine, Glycine, Hydrolyzed Hyaluronic Acid, Ceramide NP, Glutamic Acid, Sodium Hyaluronate Crosspolymer, Lysine HCL, Threonine, Arginine, Hyaluronic Acid, Ceramide NS, Phytosphingosine, Ceramide AP, Ceramide AS, Proline, Sodium Acetylated Hyaluronate, Ceramide EOP",hyaluronic-acid;ceramides;squalane;panthenol,,,,,,,,,,,,,brand_direct,true,https://www.cosrx.com/products/cosrx-the-ceramide-skin-barrier-moisturizing-mist,/product-images/brand-direct/113021145.webp
113020073,skin-protectant,COSRX Skin Barrier Moisturizing Body Cream,COSRX,,"Aqua/Water, Glycerin, Cetearyl Alcohol, Caprylic/Capric Triglyceride, Cetyl Alcohol, Ceteareth-20, Behentrimonium Methosulfate, Dimethicone, Petrolatum, Butylene Glycol, Caprylyl Glycol, Potassium Phosphate, Ethylhexylglycerin, Disodium EDTA, Dipotassium Phosphate, Panthenol, Betaine, Synthetic Wax, Hydrogenated Lecithin, Squalane, Propanediol, Sodium PCA, Sodium Lactate, Stearic Acid, PCA, Sodium Hyaluronate, Polyglyceryl-10 Stearate, 1,2-Hexanediol, Serine, Alanine, Glycine, Hydrolyzed Hyaluronic Acid, Glutamic Acid, Lysine HCL, Threonine, Arginine, Ceramide NP, Sodium Hyaluronate Crosspolymer, Cholesterol, Hyaluronic Acid, Tocopherol, Proline, Palmitic Acid, Ceramide NS, Phytosphingosine, Sodium Acetylated Hyaluronate, Ceramide AP, Ceramide AS, Ceramide EOP",hyaluronic-acid;ceramides;squalane;panthenol;petrolatum,,,,,,,,,,,,,brand_direct,true,https://www.cosrx.com/products/cosrx-skin-barrier-moisturizing-body-cream,/product-images/brand-direct/113020073.webp
113021198,brightening-texture,COSRX 5 PDRN Hyaluronic Acid Vital Hydrating Hydrogel Mask,COSRX,,"Aqua/Water, Glycerin, Acrylates Copolymer, Niacinamide, 1,2-Hexanediol, Ceratonia Siliqua (Carob) Gum, Chondrus Crispus, Agar, Sclerotium Gum, Potassium Chloride, Sucrose, Butylene Glycol, Sodium Hyaluronate, Cellulose Gum, Polyglyceryl-10 Laurate, Panthenol, Allantoin, Xanthan Gum, Ethylhexylglycerin, Adenosine, Coptis Japonica Root Extract, Sodium Phytate, Sodium DNA, Alpha-Arbutin, Cyanocobalamin, Lactobacillus Ferment, Hydrolyzed Collagen, Centella Asiatica Extract, Caprylyl Glycol, Hydroxypropyltrimonium Hyaluronate, Hydrolyzed Hyaluronic Acid, Hydrolyzed Sodium Hyaluronate, Hyaluronic Acid, Potassium Hyaluronate, Sodium Hyaluronate Crosspolymer, Tocopherol, Acetyl Hexapeptide-8, Propanediol, Pentylene Glycol, Sodium Acetylated Hyaluronate, Hydrolyzed DNA",niacinamide;hyaluronic-acid;alpha-arbutin;peptides;centella-asiatica;panthenol,,,,,,,,,,,,,brand_direct,true,https://www.cosrx.com/products/cosrx-5-pdrn-hyaluronic-acid-vital-hydrating-hydrogel-mask,/product-images/brand-direct/113021198.webp
113021205,brightening-texture,COSRX 5 PDRN Collagen Intense Vitalizing Serum,COSRX,,"Aqua/Water, Dipropylene Glycol, Butylene Glycol, Pentylene Glycol, Glycerin, Niacinamide, 1,2-Hexanediol, Betaine, Panthenol, Sodium DNA, Ammonium Acryloyldimethyltaurate/VP Copolymer, Polyacrylate Crosspolymer-6, Xanthan Gum, Ethylhexylglycerin, Adenosine, Hydrolyzed Corn Starch, Disodium EDTA, Hydrolyzed Collagen, Sucrose, t-Butyl Alcohol, Lactobacillus Ferment, Allantoin, Alpha-Arbutin, Centella Asiatica Extract, Propanediol, Tocopherol, Sodium Phytate, Sodium Hyaluronate, Hydrolyzed DNA, Caprylyl Glycol, Hydroxypropyltrimonium Hyaluronate, Acetyl Hexapeptide-8, Hydrolyzed Hyaluronic Acid, Sodium Acetylated Hyaluronate, Hyaluronic Acid, Hydrolyzed Sodium Hyaluronate, Sodium Hyaluronate Crosspolymer, Potassium Hyaluronate",niacinamide;hyaluronic-acid;alpha-arbutin;peptides;centella-asiatica;panthenol,,,,,,,,,,,,,brand_direct,true,https://www.cosrx.com/products/cosrx-5-pdrn-collagen-intense-vitalizing-serum,/product-images/brand-direct/113021205.webp
113021204,brightening-texture,COSRX 5 PDRN B5 Vital Soothing Toner,COSRX,,"Aqua/Water, Butylene Glycol, Glycerin, Niacinamide, Pentylene Glycol, 2,3-Butanediol, 1,2-Hexanediol, Betaine, Diethoxyethyl Succinate, Sodium DNA, Carbomer, Arginine, Panthenol, Ethylhexylglycerin, Adenosine, Hydrolyzed Corn Starch, Disodium EDTA, Allantoin, Sucrose, Lactobacillus Ferment, Pantothenic Acid, Alpha-Arbutin, Hydrolyzed Collagen, Centella Asiatica Extract, Propanediol, Tocopherol, Sodium Phytate, Sodium Hyaluronate, Hydrolyzed DNA, Caprylyl Glycol, Hydroxypropyltrimonium Hyaluronate, Acetyl Hexapeptide-8, Hydrolyzed Hyaluronic Acid, Sodium Acetylated Hyaluronate, Hyaluronic Acid, Hydrolyzed Sodium Hyaluronate, Sodium Hyaluronate Crosspolymer, Potassium Hyaluronate",niacinamide;hyaluronic-acid;alpha-arbutin;peptides;centella-asiatica;panthenol,,,,,,,,,,,,,brand_direct,true,https://www.cosrx.com/products/cosrx-5-pdrn-b5-vital-soothing-toner,/product-images/brand-direct/113021204.webp
113021178,skin-protectant,COSRX PDRN EXOSOME Skinplaning Glaze Mask,COSRX,,"Aqua/Water, Polyvinyl Alcohol, Octyldodecanol, Methylpropanediol, Butylene Glycol, Niacinamide, Caprylic/Capric Triglyceride, 1,2-Hexanediol, Algin, Polysorbate 80, Pentaerythrityl Tetraethylhexanoate, Pullulan, Simmondsia Chinensis (Jojoba) Seed Oil, Polyglyceryl-10 Oleate, Glyceryl Stearate, PEG-100 Stearate, Titanium Dioxide, Disteardimonium Hectorite, Synthetic Fluorphlogopite, Mica, Microcrystalline Cellulose, Ethylhexylglycerin, Sphingomonas Ferment Extract, Adenosine, Cellulose Gum, Sodium Phytate, Sodium DNA, Tin Oxide, Glutathione, Acetyl Glucosamine, Allantoin, Panthenol, Hydrolyzed Collagen, Gluconolactone, Mannitol, Centella Asiatica Leaf Extract, Glycerin, Lactobacillus Extracellular Vesicles, Hydrated Silica, Citric Acid, Sodium Hyaluronate, Caprylyl Glycol, Acetyl Hexapeptide-8",niacinamide;hyaluronic-acid;peptides;centella-asiatica;panthenol,,,,,,,,,,,,,brand_direct,true,https://www.cosrx.com/products/cosrx-pdrn-exosome-skinplaning-glaze-mask,/product-images/brand-direct/113021178.jpg
113021057,skin-protectant,Airy-Light Invisible Sun Stick,COSRX,,"Methyl Methacrylate Crosspolymer, Synthetic Wax, Caprylyl Methicone, Vinyl Dimethicone/Methicone Silsesquioxane Crosspolymer, Coco-Caprylate/Caprate, Dicaprylyl Carbonate, Ethylhexyl Palmitate, Butyloctyl Salicylate, Neopentyl Glycol Diheptanoate, Diethylamino Hydroxybenzoyl Hexyl Benzoate, Ethylhexyl Triazone, Ozokerite, Tocopheryl Acetate, Silica, Vinyl Dimethicone, Polysilicone-15, Synthetic Fluorphlogopite, Propylheptyl Caprylate, Bis-Ethylhexyloxyphenol Methoxyphenyl Triazine, Ceresin, Bisabolol, Polyglyceryl-4 Diisostearate/Polyhydroxystearate/Sebacate, Triethoxycaprylylsilane, Glyceryl Caprylate, Caprylyl Glycol, Disteardimonium Hectorite, Ethylhexylglycerin, Triethyl Citrate, Tocopherol, Ceramide NP, Water, Niacinamide, Allantoin, Zinc PCA, Panthenol, 1,2-Hexanediol, Sodium Hyaluronate, Aloe Barbadensis Leaf Water",niacinamide;hyaluronic-acid;ceramides;panthenol,,,,,,,,,,,,,brand_direct,true,https://www.cosrx.com/products/airy-light-invisible-sun-stick,/product-images/brand-direct/113021057.webp
113021058,skin-protectant,COSRX AIRY-LIGHT OIL CONTROL CLEAR SUNSCREEN STICK SPF 50,COSRX,,"Diethylhexyl Carbonate, Homosalate, Methyl Methacrylate Crosspolymer, Synthetic Wax, Octocrylene, Dimethicone, Dimethicone/Vinyl Dimethicone Crosspolymer, Ethylhexyl Salicylate, Butyloctyl Salicylate, Isopropyl Palmitate, Butyl Methoxydibenzoylmethane, Diisostearyl Malate, Dimethiconol, Trisiloxane, Diphenylsiloxy Phenyl Trimethicone, Ethylhexyl Isononanoate, Synthetic Fluorphlogopite, Polyethylene, Polymethylsilsesquioxane, Bis-Behenyl/Isostearyl/Phytosteryl Dimer Dilinoleyl Dimer Dilinoleate, Ethylene/Propylene Copolymer, Camellia Japonica Seed Oil, Silica Dimethyl Silylate, Dimethicone Crosspolymer, Candelilla Wax Esters, Copernicia Cerifera (Carnauba) Wax, 3-O-Ethyl Ascorbic Acid, Panthenol, Sodium Hyaluronate, Tocopheryl Acetate",vitamin-c;hyaluronic-acid;panthenol,,,,,,,,,,,,,brand_direct,true,https://www.cosrx.com/products/cosrx-airy-light-clear-sunscreen-stick,/product-images/brand-direct/113021058.jpg
113020929,skin-protectant,COSRX The Alpha-Arbutin Discoloration Care Hydrogel Mask,COSRX,,"Aqua/Water, Glycerin, Acrylates Copolymer, Niacinamide, 1,2-Hexanediol, Ceratonia Siliqua (Carob) Gum, Chondrus Crispus, Agar, Betaine, Sclerotium Gum, Potassium Chloride, Alpha-Arbutin, Erythritol, Sucrose, Cellulose Gum, Polyglyceryl-10 Laurate, Panthenol, Allantoin, Acetyl Glucosamine, Xanthan Gum, Ethylhexylglycerin, Adenosine, Theobroma Cacao (Cocoa) Seed Extract, Hydrolyzed Collagen, Sodium Phytate, Hydrogenated Lecithin, Cetearyl Alcohol, Stearic Acid, Pentylene Glycol, Ferulic Acid, Ceramide NP, Sodium Hyaluronate, Tocopherol, Sodium Hyaluronate Crosspolymer, Hydrolyzed Hyaluronic Acid, Ceramide NS, Cholesterol, Phytosphingosine, Hyaluronic Acid, Ceramide AP, Ceramide AS, Hydrolyzed Sodium Hyaluronate, Glutathione, Ceramide EOP",niacinamide;hyaluronic-acid;ceramides;alpha-arbutin;panthenol,,,,,,,,,,,,,brand_direct,true,https://www.cosrx.com/products/cosrx-the-alpha-arbutin-discoloration-care-hydrogel-mask,/product-images/brand-direct/113020929.webp
113020521,skin-protectant,Advanced Snail Mucin Glass Glow Hydrogel Mask,COSRX,,"Aqua/Water, Snail Secretion Filtrate, Glycerin, Acrylates Copolymer, Niacinamide, 1,2-Hexanediol, Ceratonia Siliqua (Carob) Gum, Chondrus Crispus, Butylene Glycol, Betaine, Potassium Chloride, Agar, Erythritol, Sclerotium Gum, Sucrose, Cellulose Gum, Allantoin, Polyglyceryl-10 Laurate, Panthenol, Ethylhexylglycerin, Adenosine, Sodium Phytate, Hydrogenated Lecithin, Cetearyl Alcohol, Stearic Acid, Pentylene Glycol, Hydrolyzed Collagen, Gluconolactone, Ceramide NP, Sodium Hyaluronate, Tocopherol, Sodium Hyaluronate Crosspolymer, Hydrolyzed Hyaluronic Acid, Ceramide NS, Cholesterol, Phytosphingosine, Hyaluronic Acid, Ceramide AP, Ceramide AS, Hydrolyzed Sodium Hyaluronate, Ceramide EOP",niacinamide;hyaluronic-acid;ceramides;panthenol,,,,,,,,,,,,,brand_direct,true,https://www.cosrx.com/products/cosrx-advanced-snail-mucin-glass-glow-hydrogel-mask_3ea,/product-images/brand-direct/113020521.jpg
113020154,skin-protectant,Balancium Comfort Ceramide Soft Cream Sheet Mask,COSRX,,"Water, Propanediol, Caprylic/Capric Triglyceride, Glycerin, Polyglyceryl-3 Methylglucose Distearate, 1,2-Hexanediol, Panthenol, Ceramide NP, Hydrogenated Lecithin, Hexylene Glycol, Hydroxyacetophenone, Allantoin, Glyceryl Stearate, Dipropylene Glycol, Hydrolyzed Jojoba Esters, Hydroxyethylcellulose, Carbomer, Sorbitan Stearate, Arginine, Sorbitan Sesquioleate, Dipotassium Glycyrrhizate, Disodium EDTA, Sodium Hyaluronate, Sucrose Cocoate, Olea Europaea (Olive) Fruit Oil, Citrus Aurantium Bergamia (Bergamot) Fruit Oil, Canarium Luzonicum Gum Nonvolatiles, Cupressus Sempervirens Oil",hyaluronic-acid;ceramides;panthenol,,,,,,,,,,,,,brand_direct,true,https://www.cosrx.com/products/comfort-ceramide-soft-cream-sheet-mask,/product-images/brand-direct/113020154.jpg
113020240,skin-protectant,Advanced Snail 92 All in one Cream,COSRX,,"Snail Secretion Filtrate, Betaine, Caprylic/Capric Triglyceride, Cetearyl Olivate, Sorbitan Olivate, Cetearyl Alcohol, Carbomer, Arginine, Dimethicone, Sodium Polyacrylate, Phenoxyethanol, Sodium Hyaluronate, Stearic acid, Allantoin, Panthenol, Xanthan Gum, Ethyl Hexanediol, Adenosine",hyaluronic-acid;panthenol,,,,,,,,,,,,,brand_direct,true,https://www.cosrx.com/products/mini-advanced-snail-92-all-in-one-cream,/product-images/brand-direct/113020240.jpg
113021257,brightening-texture,The AHA BHA PHA LHA 35 Peel,COSRX,,"Water, Glycolic Acid, Lactic Acid, Potassium Hydroxide, Gluconolactone, Mandelic Acid, Dipropylene Glycol, Panthenol, Salicylic Acid(2%), Methylpropanediol, 1,2-Hexanediol, Octyldodeceth-16, Citric Acid, Hydroxyethylcellulose, Pentylene Glycol, Sodium Polyacryloyldimethyl Taurate, Cyanocobalamin, Polyacrylate Crosspolymer-6, Hydroxypropyl Starch Phosphate, Ethylhexylglycerin, Capryloyl Salicylic Acid, Polysorbate 60, Disodium Phosphate, Sodium Phosphate, Tocopherol, Allantoin, Hydrolyzed Hyaluronic Acid",hyaluronic-acid;glycolic-acid;panthenol;mandelic-acid;lactic-acid,,,,,,,,,,,,,brand_direct,true,https://www.cosrx.com/products/the-aha-bha-pha-lha-35-peel,/product-images/brand-direct/113021257.webp
113021135,brightening-texture,The AHA 2 BHA 2 Blemish Treatment Serum,COSRX,,"Water, Propanediol, Polysorbate 20, Glycolic Acid, Salicylic Acid, Gluconolactone, Zinc PCA, Allantoin, Sodium Hyaluronate, Sodium Hydroxide, Dipropylene Glycol, Hydroxyacetophenone, Caprylyl Glycol, Ethylhexylglycerin, Dipotassium Glycyrrhizate, 1,2-Hexanediol, Disodium EDTA",hyaluronic-acid;glycolic-acid,,,,,,,,,,,,,brand_direct,true,https://www.cosrx.com/products/the-aha-2-bha-2-blemish-treatment-serum,/product-images/brand-direct/113021135.jpg
113020145,skin-protectant,AC Collection Calming Liquid Mild,COSRX,,"Camellia Sinensis Leaf Water, Butylene Glycol, Dimethyl Sulfone, Betaine, 1,2-Hexanediol, Betaine Salicylate, Gluconolactone, Polyglyceryl-10 Laurate, Polyglyceryl-10 Myristate, Glycerin, Panthenol, Allantoin, Arginine, Sodium Hyaluronate, Melaleuca Alternifolia (Tea Tree) Leaf Oil , Asiaticoside, Asiatic Acid, Madecassic Acid",hyaluronic-acid;panthenol,,,,,,,,,,,,,brand_direct,true,https://www.cosrx.com/products/ac-collection-calming-liquid-mild,/product-images/brand-direct/113020145.jpg
113020186,skin-protectant,Lip Plump - Refresh AHA BHA Vitamin C Lip Plumper,COSRX,,"Petrolatum, Hydrogenated Polyisobutene, Polyisobutene, Phytosteryl/Isostearyl/Cetyl/Stearyl/Behenyl Dimer Dilinoleate, Butyrospermum Parkii (Shea) Butter, Diisostearyl Malate, Ethylene/Propylene/Styrene Copolymer, Sorbitan Sesquioleate, Microcrystalline Wax, Vanillyl Butyl Ether ,Butylene/Ethylene/Styrene Copolymer, Ethylhexylglycerin, Water, Pentaerythrityl Tetra-di-t-butyl Hydroxyhydrocinnamate, Butylene Glycol, Melia Azadirachta Leaf Extract, Melia Azadirachta Flower Extract, Coccinia Indica Fruit Extract, Amber Powder, Mentha Piperita (Peppermint) Leaf Extract, Solanum Melongena (Eggplant) Fruit Extract, Ocimum Sanctum Leaf Extract, Curcuma Longa (Turmeric) Root Extract, Corallina Officinalis Extract, Moringa Oleifera Seed Oil, Magnesium Ascorbyl Phosphate, Citric Acid, Betaine Salicylate, Anemarrhena Asphodeloides Root Extract",petrolatum,,,,,,,,,,,,,brand_direct,true,https://www.cosrx.com/products/lip-plump-refresh-aha-bha-viamin-c-lip-plumper,/product-images/brand-direct/113020186.jpg
113020131,skin-protectant,Hydrium Watery Toner,COSRX,,"Water, Butylene Glycol, Glycerin, 1,2-Hexanediol, Allantoin, Panthenol, Sodium Hyaluronate, Pentylene Glycol, Sodium hyaluronate Crosspolymer, Hydrolyzed Hyaluronic Acid, Hyaluronic Acid, Ethylhexylglycerin, Hydrolyzed Sodium Hyaluronate",hyaluronic-acid;panthenol,,,,,,,,,,,,,brand_direct,true,https://www.cosrx.com/products/hydrium-watery-toner,/product-images/brand-direct/113020131.jpg
113020193,skin-protectant,Balancium Comfort Ceramide Cream,COSRX,,"Centella Asiatica Leaf Water, Butylene Glycol, Glycerin, Helianthus Annuus (Sunflower) Seed Oil, Caprylic/Capric Triglyceride, Cetearyl Alcohol , Betaine, 1,2-Hexanediol, Cetearyl Olivate, Elaeis Guineensis (Palm) oil,Ceramide NP,Sorbitan Olivate,Hydrogenated Lecithin,Triethylhexanoin, Beeswax,Elaeis Guineensis (Palm) Kernel Oil,Hydroxyethyl Acrylate/Sodium Acryloyldimethyl Taurate Copolymer, Ethylhexylglycerin, Cyclohexasiloxane, Cassia Obtusifolia Seed Extract,Sucrose Distearate,Dipropylene Glycol, Panthenol, Niacinamide, Dimethicone/Vinyl Dimethicone Crosspolymer, Glyceryl Stearate,Xanthan Gum,Sodium Hyaluronate, ,Limonene, Citrus Aurantium Bergamia (Bergamot) Fruit Oil, Asiaticoside, Asiatic Acid, Madecassic Acid, Linalool",niacinamide;hyaluronic-acid;ceramides;centella-asiatica;panthenol,,,,,,,,,,,,,brand_direct,true,https://www.cosrx.com/products/balancium-comfort-ceramide-cream,/product-images/brand-direct/113020193.jpg
113020119,skin-protectant,Two in One Poreless Power Liquid,COSRX,,"Salix Alba (Willow) Bark Water, Butylene Glycol, Hydroxypropyl Cyclodextrin, Water, Pentylene Glycol, 1,2-Hexanediol, Betaine Salicylate, Arginine, Betaine, PEG-60 Hydrogenated Castor Oil, Allantoin, Panthenol, Ethylhexylglycerin, Sodium Hyaluronate, Carbomer, Cassia Obtusifolia Seed Extract, Menthyl Lactate, Mentha Haplocalix Extract",hyaluronic-acid;panthenol,,,,,,,,,,,,,brand_direct,true,https://www.cosrx.com/products/two-in-one-poreless-power-liquid,/product-images/brand-direct/113020119.jpg
113020110,brightening-texture,AHA/BHA Clarifying Treatment Toner,COSRX,,"Water, Salix Alba (Willow) Bark Water, Pyrus Malus (Apple) Fruit Water, Butylene Glycol, 1,2-Hexanediol, Sodium Lactate, Glycolic Acid, Betaine Salicylate, Allantoin, Panthenol, Ethyl Hexanediol",glycolic-acid;panthenol,,,,,,,,,,,,,brand_direct,true,https://www.cosrx.com/products/aha-bha-clarifying-treatment-toner,/product-images/brand-direct/113020110.jpg
113020106,skin-protectant,Centella Water Alcohol-Free Toner,COSRX,,"Water, Centella Asiatica Leaf Water, Butylene Glycol , 1,2-Hexanediol, Betaine, Panthenol, Allantoin, Ethyl Hexanediol, Sodium Hyaluronate",hyaluronic-acid;centella-asiatica;panthenol,,,,,,,,,,,,,brand_direct,true,https://www.cosrx.com/products/centella-water-alcohol-free-toner,/product-images/brand-direct/113020106.jpg
113020100,brightening-texture,Refresh ABC Daily Toner (AHA BHA Vitamin C),COSRX,,"Actinidia Chinensis (Kiwi) Fruit Extract, Hylocereus Undatus Fruit Extract, Salix Alba (Willow) Bark Water, Pyrus Malus (Apple) Fruit Water, Butylene Glycol, Niacinamide, 1,2-Hexanediol, Ethyl Hexanediol, Sodium Lactate, Water, Glycolic Acid, Allantoin, Panthenol, Adenosine, Betaine Salicylate, Ascorbyl Glucoside",niacinamide;vitamin-c;glycolic-acid;panthenol,,,,,,,,,,,,,brand_direct,true,https://www.cosrx.com/products/refresh-abc-daily-toner-aha-bha-vitamin-c,/product-images/brand-direct/113020100.jpg
113020124,skin-protectant,Full Fit Propolis Synergy Toner,COSRX,,"Propolis Extract, Honey Extract, Butylene Glycol, 1,2-Hexanediol, Glycerin, Betaine, Cassia Obtusifolia Seed Extract, Panthenol, Polyglyceryl-10 Laurate, Polyglyceryl-10 Myristate, Ethylhexylglycerin, Sodium Hyaluronate, Hydroxyethyl Acrylate/Sodium Acryloyldimethyl Taurate Copolymer, Caprylic/Capric Triglyceride",hyaluronic-acid;panthenol,,,,,,,,,,,,,brand_direct,true,https://www.cosrx.com/products/full-fit-propolis-synergy-toner,/product-images/brand-direct/113020124.jpg
113020184,skin-protectant,Lip Sleep - Balancium Ceramide Lip Butter Sleeping Mask,COSRX,,"Bis-Diglyceryl Polyacyladipate-2, Butyrospermum Parkii (Shea) Butter, Cocos Nucifera (Coconut) Oil, Ricinus Communis (Castor) Seed Oil, Polyglyceryl-3 Distearate, Phytosteryl/Isostearyl/Cetyl/Stearyl/Behenyl Dimer Dilinoleate, Simmondsia Chinensis (Jojoba) Seed Oil, Caprylic/Capric Triglyceride, Beeswax, Ozokerite, Polyethylene, Mangifera Indica (Mango) Seed Butter, Euphorbia Cerifera (Candelilla) Wax, Glyceryl Stearate Citrate, Ethylhexylglycerin, Glycerin, Ceramide NP, Phytosphingosine",ceramides,,,,,,,,,,,,,brand_direct,true,https://www.cosrx.com/products/lip-sleep-balancium-ceramide-lip-butter-sleeping-mask,/product-images/brand-direct/113020184.jpg
113020295,skin-protectant,Oil-Free Ultra-Moisturizing Lotion with Birch Sap,COSRX,,"Betula Platyphylla Japonica Juice, Butylene Glycol, Glycerin, Dimethicone, Betaine, Cetearyl Alcohol, 1,2-Hexanediol, Cetearyl Olivate, Sorbitan Olivate, Ethylhexylglycerin, Hydroxyethyl Acrylate/Sodium Acryloyldimethyl Taurate Copolymer, Ethyl Hexanediol, Xanthan Gum, Allantoin, Panthenol, Water, Sodium Hyaluronate, Sodium Lactate, Sorbitan Isostearate, Polysorbate 60, Tocopherol, 4-Terpineol",hyaluronic-acid;panthenol,,,,,,,,,,,,,brand_direct,true,https://www.cosrx.com/products/oil-free-ultra-moisturizing-lotion-with-birch-sap,/product-images/brand-direct/113020295.png
113020248,skin-protectant,One Step Original Clear Pad,COSRX,,"Salix Alba (Willow) Bark Water, Butylene Glycol, Glycerin, Betaine Salicylate, 1,2-Hexanediol, Arginine, PEG-60 Hydrogenated Castor Oil, Panthenol, Allantoin, Ethyl Hexanediol, Citrus Aurantium Dulcis (Orange) Peel Oil, Melaleuca Alternifolia (Tea Tree) Leaf Oil, Sodium Hydroxide, Sodium Hyaluronate",hyaluronic-acid;panthenol,,,,,,,,,,,,,brand_direct,true,https://www.cosrx.com/products/one-step-original-clear-pad,/product-images/brand-direct/113020248.jpg
113020143,skin-protectant,Hydrium Triple Hyaluronic Moisturizing Cleanser,COSRX,,"Water, Glycerin, Stearic Acid, Myristic Acid, Lauric Acid, Potassium Hydroxide,Palmitic Acid, PotassiumCocoylGlycinate, Coco-Glucoside, Glyceryl Stearate,Fragrance(Parfum), Polyquaternium-7, Acrylates/C10-30 Alkyl AcrylateCrosspolymer, SodiumCocoylIsethionate, Arachidic Acid, Disodium EDTA, 1,2-Hexanediol, Oleic Acid, Sodium Benzoate,QuillajaSaponaria Bark Extract, CitricAcid, Butylene Glycol, Panthenol, Hyaluronic Acid,Ethylhexylglycerin, Hydrolyzed Hyaluronic Acid, Sodium Hyaluronate",hyaluronic-acid;panthenol,,,,,,,,,,,,,brand_direct,true,https://www.cosrx.com/products/triple-hyaluronic-moisturizing-cleanser,/product-images/brand-direct/113020143.jpg
113020575,skin-protectant,Advanced Snail Radiance Dual Essence,COSRX,,"Snail Secretion Filtrate, Butylene Glycol, Niacinamide, 1,2-Hexanediol, Betaine, Panthenol, Water, Glycerin, Limnanthes Alba (Meadowfoam) Seed Oil, Helianthus Annuus (Sunflower) Seed Oil, Allantoin, Carbomer, Macadamia Ternifolia Seed Oil, Sodium Polyacrylate, Sodium Hyaluronate, Inulin Lauryl Carbamate, Arginine, Argania Spinosa Kernel Oil, Xanthan Gum, Sodium Surfactin, Ethylhexylglycerin, Glutathione",niacinamide;hyaluronic-acid;panthenol,,,,,,,,,,,,,brand_direct,true,https://www.cosrx.com/products/advanced-snail-radiance-dual-essence,/product-images/brand-direct/113020575.png
113021298,skin-protectant,Pure Fit Cica Creamy Foam Cleanser,COSRX,,"Water, Glycerin, Myristic Acid, Palmitic Acid, Stearic Acid, Lauric Acid, Potassium Hydroxide, Glyceryl Stearate, 1,2-Hexanediol, Polyquaternium-7, Ethylhexylglycerin, Citrus Limon (Lemon) Fruit Extract, Citrus Nobilis (Mandarin Orange) Oil, Disodium EDTA, Butylene Glycol, Eucalyptus Globulus Leaf Oil, Lavandula Angustifolia (Lavender) Oil, Pinus Palustris Oil, Melia Azadirachta Leaf Extract, Melia Azadirachta Flower Extract, Sodium Benzoate, Coccinia Indica Fruit Extract, Amber Powder, Solanum Melongena (Eggplant) Fruit Extract, Ocimum Sanctum Leaf Extract, Curcuma Longa (Turmeric) Root Extract, Centella Asiatica Leaf Extract, Corallina Officinalis Extract, Moringa Oleifera Seed Oil, Hydrogenated Phosphatidylcholine, Caprylic/Capric Triglyceride, Sucrose Stearate, Centella Asiatica Extract, Cetearyl Alcohol, Centella Asiatica Root Extract, Asiatic Acid, Asiaticoside, Madecassic Acid, Madecassoside",centella-asiatica,,,,,,,,,,,,,brand_direct,true,https://www.cosrx.com/products/pure-fit-cica-creamy-foam-cleanser,/product-images/brand-direct/113021298.jpg
113020182,brightening-texture,Low pH Goodnight Soft Peeling Gel,COSRX,,"Water, Cellulose, Glycerin, Rosa Damascena Flower Water, Propanediol, Butylene Glycol, 1,2-Hexanediol, Acrylates/C10-30 Alkyl Acrylate Crosspolymer, Hydroxyacetophenone, Lavandula Angustifolia (Lavender) Flower Water, Tromethamine, Niacinamide, Maltodextrin, Ethylhexylglycerin, Disodium EDTA, Pentylene Glycol, Lactobionic Acid, Papain, Hyaluronic Acid, Hydrolyzed Hyaluronic Acid, Lactobacillus/Soybean Ferment Extract, Sodium Hyaluronate, Sodium Metabisulfite, Lactobacillus/Rice Ferment, Camellia Japonica Flower Extract",niacinamide;hyaluronic-acid,,,,,,,,,,,,,brand_direct,true,https://www.cosrx.com/products/low-ph-goodnight-soft-peeling-gel,/product-images/brand-direct/113020182.jpg
113020155,brightening-texture,AC Collection Blemish Care Sheet Mask,COSRX,,"Water, Butylene Glycol, Glycerin, Propanediol, Niacinamide, Melaleuca Alternifolia (Tea Tree) Leaf Extract, 1,2-Hexanediol, Hexylene Glycol, Hydroxyacetophenone, Hydroxyethylcellulose, Arginine, Allantoin, Acrylates/C10-30 Alkyl Acrylate Crosspolymer, Dipotassium Glycyrrhizate, Xanthan Gum, Disodium EDTA, Polyglyceryl-10 Myristate, Polyglyceryl-10 Laurate, Melaleuca Alternifolia (Tea Tree) Leaf Oil, Caprylic/Capric Triglyceride, Ectoin, Arbutin, Asiaticoside, Dextrin, Asiatic Acid, Madecassic Acid",niacinamide,,,,,,,,,,,,,brand_direct,true,https://www.cosrx.com/products/ac-collection-blemish-care-sheet-mask,/product-images/brand-direct/113020155.jpg
113020196,brightening-texture,Advanced Snail Hydrogel Eye Patch,COSRX,,"Water, Glycerin, Snail Secretion Filtrate, Niacinamide, Carrageenan, 1,2-Hexanediol, Ceratonia Siliqua (Carob) Gum, Betaine, Hydroxyacetophenone, Allantoin, Chlorphenesin, Cyamopsis Tetragonoloba (Guar) Gum, Calcium Chloride, Butylene Glycol, Sucrose, Cellulose Gum, Adenosine, Potassium Chloride, Dipotassium Glycyrrhizate, Ethylhexylglycerin, PEG-90M",niacinamide,,,,,,,,,,,,,brand_direct,true,https://www.cosrx.com/products/advanced-snail-hydrogel-eye-patch,/product-images/brand-direct/113020196.webp
113020116,brightening-texture,Ultimate Nourishing Rice Overnight Spa Mask,COSRX,,"Water, Butylene Glycol, Helianthus Annuus (Sunflower) Seed Oil, Glycerin, Niacinamide, Betaine, Cetearyl Olivate, 1,2-Hexanediol, Dimethicone, Sorbitan Olivate, Oryza Sativa (Rice) Extract, Elaeis Guineensis (Palm) Kernel Oil, Cetearyl Alcohol, Ethylhexylglycerin, Hydroxyethyl Acrylate/Sodium Acryloyldimethyl Taurate Copolymer, Ethyl Hexanediol, Elaeis Guineensis (Palm) Oil, Carbomer, Arginine, Xanthan Gum, Allantoin, Sorbitan Isostearate, Polysorbate 60, Tocopherol",niacinamide,,,,,,,,,,,,,brand_direct,true,https://www.cosrx.com/products/ultimate-nourishing-rice-overnight-spa-mask,/product-images/brand-direct/113020116.jpg
113020142,skin-protectant,Hydrium Triple Hyaluronic Water Wave Sheet Mask,COSRX,,"Water, Butylene Glycol, Alcohol, Panthenol, Betaine, 1,2-Hexanediol, Paeonia Suffruticosa Root Extract, Centella, Asiatica Extract, Polyglyceryl-10 Laurate, Chamomilla Recutita (Matricaria) Flower Extract, Glyceryl Caprylate, Arginine, Xanthan Gum, Carbomer, Sodium Hyaluronate, Ethylhexylglycerin, Disodium EDTA, Pantolactone, Eucalyptus Globulus Leaf Oil, Hydrolyzed Hyaluronic Acid, Diethylhexyl Sodium Sulfosuccinate, Dipropylene Glycol, Sodium Acetylated, Hyaluronate",hyaluronic-acid;panthenol,,,,,,,,,,,,,brand_direct,true,https://www.cosrx.com/products/triple-hyaluronic-water-wave-sheet-mask,/product-images/brand-direct/113020142.jpg
113020170,skin-protectant,Full Fit Propolis Nourishing Magnet Sheet Mask,COSRX,,"Water, Dipropylene Glycol, Glycereth-26m Glycerin, Butylene Glycol, 1,2-Hexanediol, Panthenol, Trehalose, Hexylene Glycol, Hydroxyacetophenone, Xanthan Gum, Propolis Extract, Royal Jelly Extract, Honey Extract, Disodium EDTA, Polyglyceryl-10 Myristate, Polyglyceryl-10 Laurate , Pimpinella Anisum(Anise) Fruit Extract, Vanilla Planifolia Fruit Extract, Camiellia Sinensis Leaf Extract, Rosa Centifolia Flower Water, Pyrus Communis (Pear) Fruit Extract, Cocos Nucifera (Coconut) Oil, Fragaria Chiloensis (Strawberry) Fruit Extract, Rosa Damascena Flower Water",panthenol,,,,,,,,,,,,,brand_direct,true,https://www.cosrx.com/products/propolis-nourishing-magnet-sheet-mask,/product-images/brand-direct/113020170.jpg
113020151,skin-protectant,Full Fit Propolis Honey Overnight Mask,COSRX,,"Propolis Extract, Butylene Glycol, Glycerin, Honey Extract, Royal Jelly Extract, 1,2-Hexanediol, Water, Betaine, Cassia Obtusifolia Seed Extract, Carbomer, Arginine, Ethylhexylglycerin, Polyglyceryl-10 Myristate, Polyglyceryl-10 Laurate, Xanthan Gum, Helianthus Annuus (Sunflower) Seed Oil, Sodium Polyacrylate, Panthenol, Allantoin, Adenosine, Sodium Hyaluronate, Beeswax",hyaluronic-acid;panthenol,,,,,,,,,,,,,brand_direct,true,https://www.cosrx.com/products/full-fit-propolis-honey-overnight-mask,/product-images/brand-direct/113020151.jpg
113020450,skin-protectant,Advanced Snail Mucin Power Sheet Mask 10 Sheets,COSRX,,"Water, Butylene Glycol, Glycerin, Snail Secretion Filtrate, 1,2-Hexanediol, Panthenol, Hydroxyacetophenone, Hexylene Glycol, Xanthan Gum, Dipropylene Glycol, Sodium Polyacrylate, Allantoin, Hydroxyethylcellulose, Sodium Hyaluronate, Disodium EDTA, Dipotassium Glycyrrhizate, Melaleuca Alternifolia (Tea Tree) Leaf Oil, Polyglyceryl-10 Laurate, Polyglyceryl-10 Myristate",hyaluronic-acid;panthenol,,,,,,,,,,,,,brand_direct,true,https://www.cosrx.com/products/cosrx-advanced-snail-mucin-power-sheet-mask-10-sheets,/product-images/brand-direct/113020450.jpg
113020141,skin-protectant,Pure Fit Cica Calming True Sheet Mask,COSRX,,"Water, Butylene Glycol, Glycerin, Alcohol, Betaine, Centella Asiatica Extract, Xanthan Gum, Paeonia Suffruticosa RootExtract, 1,2-Hexanediol, Polyglyceryl-10 Laurate, Chamomilla Recutita (Matricaria) Flower Extract, Glyceryl Caprylate,Panthenol, Ethylhexylglycerin, Disodium EDTA, Eucalyptus Globulus Leaf Oil, Centella Asiatica Leaf Extract, Melaleuca Alternifolia (Tea Tree) Leaf Oil, Hydrogenated Phosphatidylcholine, Diethylhexyl Sodium Sulfosuccinate, Caprylic/Capric Triglyceride, Sucrose Stearate, Pantolactone, Dipropylene Glycol, Asiaticoside, Asiatic Acid, Madecassic Acid, Cholesterol, Madecassoside, Centella Asiatica Root Extract",centella-asiatica;panthenol,,,,,,,,,,,,,brand_direct,true,https://www.cosrx.com/products/pure-fit-cica-calming-true-sheet-mask,/product-images/brand-direct/113020141.jpg
113020451,brightening-texture,ALL ABOUT SNAIL KIT 4-step,COSRX,,"[Advanced Snail Mucin Gel Cleanse] Water, Acrylates Copolymer, Butylene Glycol, Glycerin, Disodium Laureth Sulfosuccinate, Sodium Cocoyl Isethionate, 1,2-Hexanediol, Coco-Glucoside, Lauryl Betaine, Snail Secretion Filtrate, Arginine, Tromethamine, Potassium Cocoyl Glycinate, Fragrance, Carbomer, Sodium Chloride, Ethylhexylglycerin, Acrylates/C10-30 Alkyl Acrylate Crosspolymer, Sodium Polyacrylate, Disodium EDTA [Advanced Snail 96 Mucin Power Essence] Snail Secretion Filtrate, Betaine, Butylene Glycol, 1,2-Hexanediol, Sodium Polyacrylate, Phenoxyethanol, Sodium Hyaluronate, Allantoin, Ethyl Hexanediol, Carbomer, Panthenol, Arginine [Advanced Snail Peptide Eye Cream] Snail Secretion Filtrate, Butylene Glycol, Glycerin, Helianthus Annuus (Sunflower) Seed Oil, 1,2-Hexanediol, Niacinamide, Water, Palmitic Acid, Arginine, Carbomer, Stearic Acid, Betaine, Cetearyl Olivate, Sorbitan Olivate, Sodium Polyacrylate, Allantoin, Tocopheryl Acetate, Panthenol, Hydroxyethyl Acrylate/Sodium Acryloyldimethyl Taurate Copolymer, Sodium Hyaluronate, Adenosine, Xanthan Gum, Myristic Acid, Copper Tripeptide-1, Acetyl Hexapeptide-8, Palmitoyl Pentapeptide-4, Palmitoyl Tripeptide-1, Palmitoyl Tetrapeptide-7 [Advanced Snail 92 All In One Cream] Snail Secretion Filtrate, Betaine, Caprylic/Capric Triglyceride, Cetearyl Olivate, Sorbitan Olivate, Cetearyl Alcohol, Carbomer, Arginine, Dimethicone, Sodium Polyacrylate, Phenoxyethanol, Sodium Hyaluronate, Stearic Acid, Allantoin, Panthenol, Xanthan Gum, Ethyl Hexanediol, Adenosine",niacinamide;hyaluronic-acid;peptides;panthenol,,,,,,,,,,,,,brand_direct,true,https://www.cosrx.com/products/all-about-snail-kit-4-step,/product-images/brand-direct/113020451.png
113021169,skin-protectant,AC Collection Acne Patch,COSRX,,"Carboxymethylcellulose sodium, Polyisobutene, Rosin, Polybutene, Mineral oil, Centella Asiatica Extract, Polyuethane film",centella-asiatica,,,,,,,,,,,,,brand_direct,true,https://www.cosrx.com/products/ac-collection-acne-patch,/product-images/brand-direct/113021169.jpg
113020300,brightening-texture,Advanced Snail Peptide Eye Cream,COSRX,,"Snail Secretion Filtrate, Butylene Glycol, Glycerin, Helianthus Annuus (Sunflower) Seed Oil, 1,2-Hexanediol, Niacinamide, Water, Palmitic Acid, Arginine, Carbomer, Stearic Acid, Betaine, Cetearyl Olivate, Sorbitan Olivate, Sodium Polyacrylate, Allantoin, Tocopheryl Acetate, Panthenol, Hydroxyethyl Acrylate/Sodium Acryloyldimethyl Taurate Copolymer, Sodium Hyaluronate, Adenosine, Xanthan Gum, Myristic Acid, Copper Tripeptide-1, Acetyl Hexapeptide-8, Palmitoyl Pentapeptide-4, Palmitoyl Tripeptide-1, Palmitoyl Tetrapeptide-7",niacinamide;hyaluronic-acid;peptides;panthenol,,,,,,,,,,,,,brand_direct,true,https://www.cosrx.com/products/advanced-snail-peptide-eye-cream,/product-images/brand-direct/113020300.png
113020121,skin-protectant,Full fit Propolis Light Ampoule,COSRX,,"Propolis Extract, Butylene Glycol, Glycerin, Betaine, 1,2-Hexanediol, Cassia Obtusifolia Seed Extract, Sodium Hyaluronate, Hydroxyethylcellulose, Carbomer, Panthenol, Arginine",hyaluronic-acid;panthenol,,,,,,,,,,,,,brand_direct,true,https://www.cosrx.com/products/full-fit-propolis-light-ampoule,/product-images/brand-direct/113020121.jpg
113020099,skin-protectant,Galactomyces 95 Tone Balancing Essence,COSRX,,"Galactomyces Ferment Filtrate, Niacinamide, Panthenol, Glycerin, 1,2-Hexanediol, Butylene Glycol, Betaine, Sodium Hyaluronate, Allantoin, Xanthan Gum, Ethyl Hexanediol, Adenosine",niacinamide;hyaluronic-acid;panthenol,,,,,,,,,,,,,brand_direct,true,https://www.cosrx.com/products/galactomyces-95-tone-balancing-essence,/product-images/brand-direct/113020099.jpg
113021070,skin-protectant,Hyaluronic Acid Intensive Cream,COSRX,,"Hippophae Rhamnoides Water, Ethyl Hexanediol, 1,2-Hexanediol, Glycerin, Butylene Glycol, Caprylic/Capric Triglyceride, Betaine, Helianthus Annuus (Sunflower) Seed Oil, Cetearyl Alcohol, Cetearyl Olivate, Sorbitan Olivate, Macadamia Ternifolia Seed Oil, Sodium Hyaluronate, Arginine, Panthenol, Dimethicone, Ethylhexylglycerin, Carbomer, Allantoin, Xanthan Gum",hyaluronic-acid;panthenol,,,,,,,,,,,,,brand_direct,true,https://www.cosrx.com/products/hyaluronic-acid-intensive-cream,/product-images/brand-direct/113021070.jpg
113020132,skin-protectant,Hydrium Triple Hyaluronic Moisture Ampoule,COSRX,,"Water, Glycerin, Butylene Glycol, Dipropylene Glycol, 1,2-Hexanediol, Methyl Gluceth-10, Sodium Hyaluronate, Carbomer, Panthenol, Tromethamine, Ethylhexylglycerin, Hyaluronic Acid, Hydrolyzed Hyaluronic Acid, Gluconolactone, Lactobionic Acid",hyaluronic-acid;panthenol,,,,,,,,,,,,,brand_direct,true,https://www.cosrx.com/products/hydrium-triple-hyaluronic-moisture-ampoule,/product-images/brand-direct/113020132.jpg
113021339,skin-protectant,Hydrium Green Tea Aqua Soothing Gel Cream,COSRX,,"Water, Propanediol, Camellia Sinensis Leaf Extract, Glycerin, Pentylene Glycol, 1,2-Hexanediol, Acrylates/C10-30 Alkyl Acrylate Crosspolymer, Panthenol, Tromethamine, Butylene Glycol, Cetearyl Olivate, Sorbitan Olivate, Allantoin, Aloe Ferox Leaf Extract, Ethylhexylglycerin, Glyceryl Acrylate/Acrylic Acid Copolymer, Disodium EDTA, Hydrolyzed Hibiscus Esculentus Extract, Lupinus Albus Seed Extract, Moringa Oleifera Seed Extract, Melia Azadirachta Leaf Extract, Melia Azadirachta Flower Extract",panthenol,,,,,,,,,,,,,brand_direct,true,https://www.cosrx.com/products/hydrium-green-tea-aqua-soothing-gel-cream,/product-images/brand-direct/113021339.jpg
113020194,skin-protectant,Pure Fit Cica Cream,COSRX,,"Centella Asiatica Extract, Centella Asiatica Leaf Extract, Centella Asiatica Root Extract, Butylene Glycol, Glycerin, Helianthus Annuus (Sunflower) Seed Oil, Caprylic/Capric Triglyceride, 1,2-Hexanediol, Cetearyl Olivate, Sorbitan Olivate, Triethylhexanoin, Macadamia Ternifolia Seed Oil, Beeswax, Panthenol, Cetearyl Alcohol, Ethylhexylglycerin, Hydroxyethyl Acrylate/Sodium Acryloyldimethyl Taurate Copolymer,Cyclohexasiloxane, Asiaticoside, Madecassic Acid, Asiatic Acid, Arginine, Madecassoside, Allantoin, Carbomer, Dimethicone/Vinyl Dimethicone Crosspolymer, Sodium Hyaluronate, Water, Pinus Pinaster Bark Extract",hyaluronic-acid;centella-asiatica;panthenol,,,,,,,,,,,,,brand_direct,true,https://www.cosrx.com/products/pure-fit-cica-cream,/product-images/brand-direct/113020194.jpg
113020129,skin-protectant,Hydrium Moisture Power Enriched Cream,COSRX,,"Water, Glycerin, Ethylhexyl Stearate, Vinyl Dimethicone, Pentylene Glycol, Cocos Nucifera (Coconut) Oil, 1,2-Hexanediol, Cetearyl Alcohol, Panthenol, Polymethylsilsesquioxane, Arachidyl Alcohol, Propolis Extract, Hydroxyethyl Acrylate/Sodium Acryloyldimethyl Taurate Copolymer, Polyglyceryl-6 Stearate, Butylene Glycol, Carbomer, Behenyl Alcohol, Glyceryl Stearate, Tromethamine, Dimethiconol, Caprylyl Glycol, Arachidyl Glucoside, Hydrogenated Lecithin, Ceramide NP, Ethylhexylglycerin, Xanthan Gum, Sucrose Stearate, Polyglyceryl-6 Behenate, Sodium Polyacrylate Starch, Stearic Acid, Palmitic Acid, Sodium Hyaluronate, Cholesterol, Hyaluronic Acid, Glycosphingolipids, Hydrolyzed Hyaluronic Acid",hyaluronic-acid;ceramides;panthenol,,,,,,,,,,,,,brand_direct,true,https://www.cosrx.com/products/hydrium-moisture-power-enriched-cream,/product-images/brand-direct/113020129.jpg
113020105,skin-protectant,Centella Blemish Cream,COSRX,,"Centella Asiatica Leaf Water, Butylene Glycol, Glycerin, Helianthus Annuus (Sunflower) Seed Oil, Zinc Oxide, Dimethicone, Betaine, 1,2-Hexanediol, Viola Tricolor Extract, Elaeis Guineensis(Palm) oil, Elaeis Guineensis(Palm) Kernel Oil, Cetearyl Alcohol, Cetearyl Olivate, Sorbitan Olivate, Centella Asiatica Extract, Zinc PCA, Hydroxyethyl Acrylate/Sodium Acryloyldimethyl Taurate Copolymer, Xanthan Gum , Melaleuca Alternifolia (Tea Tree) Leaf Oil, Scutellaria Baicalensis Root Extract",centella-asiatica,,,,,,,,,,,,,brand_direct,true,https://www.cosrx.com/products/centella-blemish-cream,/product-images/brand-direct/113020105.jpg
40024,brightening-texture,Dark Spot Serum with Niacinamide,First Aid Beauty,,"Aqua, Niacinamide, Dimethicone, Aluminum Starch Octenylsuccinate, Glycerin, Butylene Glycol, Panthenol, Polysorbate 20, Actinidia Chinensis Fruit Extract, Chrysanthemum Parthenium Extract, Glycyrrhiza Glabra Root Extract, Camellia Sinensis Leaf Extract, Allantoin, Aminomethyl Propanol, Hydroxyacetophenone, Undecylenoyl Phenylalanine, Acrylates/Vinyl Isodecanoate Crosspolymer, Dimethiconol, Laureth-4, Glyceryl Acrylate/Acrylic Acid Copolymer, Phenoxyethanol, Disodium EDTA, Pvm/Ma Copolymer, Tetrasodium EDTA",niacinamide;panthenol,,,,,,,,,,,,,brand_direct,true,https://www.firstaidbeauty.com/products/dark-spot-serum-with-niacinamide,/product-images/brand-direct/40024.png
VB-36759,skin-protectant,Coconut Water Cream Duo,First Aid Beauty,,"Cocos Nucifera (Coconut) Fruit Juice, Aqua (Water, Eau), Dimethicone, Sodium Acrylate/Sodium Acryloyldimethyl Taurate Copolymer, Cocos Nucifera (Coconut) Fruit Extract, Sodium Hyaluronate, Alteromonas Ferment Filtrate, Vanilla Planifolia Fruit Extract, Malus Domestica Fruit Extract, Pyrus Communis (Pear) Fruit Extract, Ananas Sativus (Pineapple) Fruit Extract, Citric Acid, Sea Salt (Maris Sal, Sal Marin), Glycyrrhiza Glabra (Licorice) Root Extract, Chrysanthemum Parthenium (Feverfew) Extract, Camellia Sinensis Leaf Extract, Tocopherol, Caprylyl Glycol, Caprylic/Capric Glucoside, Butylene Glycol, Hydrogenated Polydecene, Dipropylene Glycol, Cetyl Diglyceryl Tris(Trimethylsiloxy)Silylethyl Dimethicone, Polysilicone-11, Laureth-8, Phenoxyethanol *Due to a change in ingredient sourcing, you may notice a subtle shift in scent",hyaluronic-acid,,,,,,,,,,,,,brand_direct,true,https://www.firstaidbeauty.com/products/coconut-water-cream-duo,/product-images/brand-direct/vb-36759.jpg
36376,skin-protectant,Hello FAB Coconut Water Cream,First Aid Beauty,,"Cocos Nucifera (Coconut) Fruit Juice, Aqua (Water, Eau), Dimethicone, Sodium Acrylate/Sodium Acryloyldimethyl Taurate Copolymer, Cocos Nucifera (Coconut) Fruit Extract, Sodium Hyaluronate, Alteromonas Ferment Filtrate, Vanilla Planifolia Fruit Extract, Malus Domestica Fruit Extract, Pyrus Communis (Pear) Fruit Extract, Ananas Sativus (Pineapple) Fruit Extract, Citric Acid, Sea Salt (Maris Sal, Sal Marin), Glycyrrhiza Glabra (Licorice) Root Extract, Chrysanthemum Parthenium (Feverfew) Extract, Camellia Sinensis Leaf Extract, Tocopherol, Caprylyl Glycol, Caprylic/Capric Glucoside, Butylene Glycol, Hydrogenated Polydecene, Dipropylene Glycol, Cetyl Diglyceryl Tris(Trimethylsiloxy)Silylethyl Dimethicone, Polysilicone-11, Laureth-8, Phenoxyethanol *Due to a change in ingredient sourcing, you may notice a subtle shift in scent",hyaluronic-acid,,,,,,,,,,,,,brand_direct,true,https://www.firstaidbeauty.com/products/hello-fab-coconut-water-cream,/product-images/brand-direct/36376.jpg
VB-36751,brightening-texture,Silky Skin Shower Duo,First Aid Beauty,,"KP Bump Eraser Body Scrub 10% AHA: Pumice, Water/Aqua/Eau, Glycolic Acid, Sodium Cocoyl Isethionate, Lactic Acid, Dimethicone, Stearic Acid, Cetearyl Alcohol, Sodium Hydroxide, Palmitic Acid, Glycerin, C12-15 Alkyl Benzoate, Sorbitol, Colloidal Oatmeal, Tocopherol, Chrysanthemum Parthenium (Feverfew) Extract, Camellia Sinensis Leaf Extract, Glycyrrhiza Glabra (Licorice) Root Extract, Salix Nigra (Willow) Bark Extract, Bisabolol, Hydrogenated Coconut Acid, Xanthan Gum, Steareth-20, Steareth-21, Myristic Acid, Sodium Isethionate, Phenoxyethanol, Potassium Sorbate, Sodium Benzoate, Leuconostoc/Radish Root Ferment Filtrate, EDTA Nourish + Glow Body Oil: Caprylic/Capric Triglyceride, Citrus Aurantium Dulcis (Orange) Peel Oil, Limonene, Citrus Limon (Lemon) Peel Oil, Citrus Reticulata (Tangerine) Peel Oil, Mentha Viridis (Spearmint) Leaf Oil, Orbignya Oleifera Seed Oil, Helianthus Annuus (Sunflower) Seed Oil, Olea Europaea (Olive) Fruit Oil, Prunus Armeniaca (Apricot) Kernel Oil, Simmondsia Chinensis (Jojoba) Seed Oil, Vitis Vinifera (Grape) Seed Oil, Benzyl Alcohol, Citral, Citronellol, Farnesol, Geraniol, Linalool",glycolic-acid;lactic-acid,,,,,,,,,,,,,brand_direct,true,https://www.firstaidbeauty.com/products/silky-skin-shower-duo,/product-images/brand-direct/vb-36751.png
40039,brightening-texture,Brighten + Glow Hydrating Primer with Niacinamide + Glycerin,First Aid Beauty,,"Aqua/Water/Eau, C12-15 Alkyl Benzoate, Niacinamide, Dimethicone, Butylene Glycol, Glycerin, Caprylic/Capric Triglyceride, Oryza Sativa (Rice) Starch, Mica, Sodium Acrylate/Sodium Acryloyldimethyl Taurate Copolymer, Panthenol, Cocos Nucifera Liquid Endosperm, Glucose, Maltodextrin, Hydrolyzed Quinoa, Selaginella Lepidophylla Extract, Lactobacillus Ferment, Dimethicone Crosspolymer, Phenoxyethanol, Isohexadecane, Caprylyl Glycol, Acrylates/C10-30 Alkyl Acrylate Crosspolymer, Polysorbate 80, Chlorphenesin, Sodium Hydroxide, Sorbitan Oleate, Trisodium Ethylenediamine Disuccinate, Amylcinnamyl Alcohol, Citral, Hydroxycitronellal, Citronellol, Eugenol, Sodium Benzoate, Hexyl Cinnamal, Benzyl Cinnamate, Potassium Sorbate, Cinnamyl Alcohol, Methyl 2-Octynoate, Tin Oxide, Titanium dioxide (CI 77891), Iron Oxides (CI 77491)",niacinamide;panthenol,,,,,,,,,,,,,brand_direct,true,https://www.firstaidbeauty.com/products/brighten-glow-hydrating-primer,/product-images/brand-direct/40039.png
40040,brightening-texture,Brighten + Glow Exfoliating Gel Cleanser with AHA and Jojoba Pearls,First Aid Beauty,,"Aqua/Water/Eau, Sodium Lauroyl Methyl Isethionate, Cocamidopropyl Hydroxysultaine, Acrylates Copolymer, Glycerin, Jojoba Esters, Lactic Acid, Azelaic Acid, Niacinamide, Sodium Hyaluronate, Panax Quinquefolius Root Extract, Decyl Glucoside, Sodium Chloride, Caprylyl Glycol, 1,2-Hexanediol, Potassium Sorbate, Trisodium Ethylenediamine Disuccinate, Sodium Hydroxide, Sodium Benzoate, Polyquaternium-7, Pentylene Glycol, Ethylhexylglycerin",niacinamide;azelaic-acid;hyaluronic-acid;lactic-acid,,,,,,,,,,,,,brand_direct,true,https://www.firstaidbeauty.com/products/brighten-glow-exfoliating-gel-cleanser-with-aha-and-jojoba-pearls,/product-images/brand-direct/40040.png
VB-36905,brightening-texture,KP Bump Eraser Body Scrub 10% AHA Fresh Strawberry Duo,First Aid Beauty,,"Pumice, Aqua/Water/Eau, Glycolic Acid, Sodium Cocoyl Isethionate, Lactic Acid, Dimethicone, Stearic Acid, Cetearyl Alcohol, Sodium Hydroxide, Palmitic Acid, Glycerin, C12-15 Alkyl Benzoate, Sorbitol, Colloidal Oatmeal, Tocopherol, Chrysanthemum Parthenium (Feverfew) Extract, Camellia Sinensis Leaf Extract, Glycyrrhiza Glabra (Licorice) Root Extract, Salix Nigra (Willow) Bark Extract, Bisabolol, Hydrogenated Coconut Acid, Xanthan Gum, Steareth-20, Steareth-21, Myristic Acid, Sodium Isethionate, Phenoxyethanol, Potassium Sorbate, Sodium Benzoate, Leuconostoc/Radish Root Ferment Filtrate, EDTA",glycolic-acid;lactic-acid,,,,,,,,,,,,,brand_direct,true,https://www.firstaidbeauty.com/products/kp-bump-eraser-body-scrub-10-aha-fresh-strawberry-duo,/product-images/brand-direct/vb-36905.png
VB-367816,brightening-texture,Scent Discovery Bundle,First Aid Beauty,,"Pumice, Aqua/Water/Eau, Glycolic Acid, SodiumCocoylIsethionate, Lactic Acid, Dimethicone, Stearic Acid,CetearylAlcohol, Sodium Hydroxide, Palmitic Acid, Glycerin, C12-15 Alkyl Benzoate, Sorbitol, Cocos Nucifera (Coconut) Fruit Extract, Colloidal Oatmeal,TocopherylAcetate,Bisabolol, Salix Nigra (Willow) Bark Extract, Coconut Acid, Xanthan Gum, Steareth-20, Steareth-21, Sodium Isethionate, Myristic Acid,DipropyleneGlycol, Gamma-Octalactone, Ethyl Vanillin, Oxacyclohexadecen-2-one, Gamma-Heptalactone, Acetoin, Phenoxyethanol, Sodium Benzoate, Potassium Sorbate",glycolic-acid;lactic-acid,,,,,,,,,,,,,brand_direct,true,https://www.firstaidbeauty.com/products/scent-discovery-trio,/product-images/brand-direct/vb-367816.png
40012,brightening-texture,Brighten + Glow Facial Radiance Pads with Glycolic + Lactic Acids,First Aid Beauty,,"Aqua/Water/Eau, Aloe Barbadensis Leaf Juice, Cucumis Sativus (Cucumber) Fruit Water, Lactic Acid, Glycolic Acid, Hyaluronic Acid, Phyllanthus Emblica Fruit Extract, Citrus Limon (Lemon) Peel Extract, Citrus Nobilis (Mandarin Orange) Fruit Extract, Glycerin, Polysorbate 20, Phenoxyethanol, Potassium Sorbate, Sodium Benzoate, Citric Acid, Chlorphenesin, Sodium Hydroxide",hyaluronic-acid;glycolic-acid;lactic-acid,,,,,,,,,,,,,brand_direct,true,https://www.firstaidbeauty.com/products/facial-radiance-pads-with-glycolic-lactic-acids-compostable,/product-images/brand-direct/40012.png
40067,skin-protectant,Ultra Repair Cream Toasted Coconut,First Aid Beauty,,"Water, Stearic Acid, Glycerin, C12-15 Alkyl Benzoate, Caprylic/Capric Triglyceride, Glyceryl Stearate, Glyceryl Stearate SE, Cetearylalcohol, Dimethicone, Squalane, Hydrogenated Shea Butter, Phenoxyethanol, Caprylyl Glycol, Xanthamgum, Allantoin, Sodium Hydroxide, Tetrasodium EDTA, Chrysanthemum Parthenium (Feverfew) Extract, Camellia Sinensis Leaf Extract, Glycyrrhiza Glabra (Licorice) Root Extract, Ceramide NP, Eucalyptus Globulus Leaf Oil",ceramides;squalane,,,,,,,,,,,,,brand_direct,true,https://www.firstaidbeauty.com/products/ultra-repair-cream-toasted-coconut,/product-images/brand-direct/40067.png
40025,brightening-texture,Ultra Repair Retinol Serum with 0.3% Retinol Complex + Peptides,First Aid Beauty,,"Aqua/Water/ Eau, Dimethicone, Glycerin, Retinyl Propionate, Retinol, Hexapeptide-9, Caprylic/Capric Triglyceride, Hydroxyethyl Acrylate/Sodium Acryloyldimethyl Taurate Copolymer, Dimethicone Crosspolymer, Isohexadecane, Mica, Butylene Glycol, Hydroxyacetophenone, Dimethiconol, Polysorbate 60, Sorbitan Isostearate, Laureth-4, Polysorbate 20, Phenoxyethanol, Disodium EDTA, BHT, CI 77891 (Titanium Dioxide)",retinol-cosmetic,,,,,,,,,,,,,brand_direct,true,https://www.firstaidbeauty.com/products/retinol-complex-serum-with-peptides,/product-images/brand-direct/40025.png
40026,skin-protectant,"Ultra Repair Retinol Eye Cream with Retinol, Squalane + Ceramides",First Aid Beauty,,"Aqua/Water/Eau, Caprylic/Capric Triglyceride, Dimethicone, Glycerin, Squalane, Glyceryl Stearate, Butylene Glycol, Cellulose Acetate, Glyceryl Stearate Citrate, Cetyl Alcohol, Butyrospermum Parkii (Shea) Butter, Sodium Stearoyl Glutamate, Retinol, Caffeine, Ceramide NG, Allantoin, Colloidal Oatmeal, Aloe Barbadensis Leaf Juice, Sodium Hyaluronate, Phenoxyethanol, Polyglyceryl-3 Stearate, Hydrogenated Polydecene, Stearyl Alcohol, Sclerotium Gum, Hydrogenated Lecithin, Dipropylene Glycol, Linoleic Acid, Titanium dioxide (CI 77891), Lecithin, Copernicia Cerifera (Carnauba) Wax/Cire De Carnauba/Copernicia Cerifera Cera, Mica, Xanthan Gum, Chlorphenesin, Caprylyl Glycol, Tocopherol, Phytosteryl Canola Glycerides, Glycine Soja (Soybean) Oil, Polysorbate 20, Propanediol, Ethylene/Propylene/Styrene Copolymer, Oleic Acid, Palmitic Acid, Maltodextrin, Triolein, Stearic Acid, 1,2-Hexanediol, Disodium Cocoamphodiacetate, Helianthus Annuus (Sunflower) Seed Oil, Cholesterol, Butylene/Ethylene/Styrene Copolymer, Tin Oxide, Humulus Lupulus (Hops) Extract, Ethyl Ferulate, Pentaerythrityl Tetra-di-t-butyl Hydroxyhydrocinnamate, Ethylhexylglycerin",hyaluronic-acid;retinol-cosmetic;ceramides;squalane,,,,,,,,,,,,,brand_direct,true,https://www.firstaidbeauty.com/products/retinol-eye-cream-with-squalane-ceramides,/product-images/brand-direct/40026.png
40058,brightening-texture,KP Bump Eraser Body Scrub 10% AHA Toasted Coconut 10 oz,First Aid Beauty,,"Pumice, Aqua/Water/Eau, Glycolic Acid, SodiumCocoylIsethionate, Lactic Acid, Dimethicone, Stearic Acid, CetearylAlcohol, Sodium Hydroxide, Palmitic Acid, Glycerin, C12-15 Alkyl Benzoate, Sorbitol, Cocos Nucifera (Coconut) Fruit Extract, Colloidal Oatmeal, TocopherylAcetate, Bisabolol, Salix Nigra (Willow) Bark Extract, Coconut Acid, Xanthan Gum, Steareth-20, Steareth-21, Sodium Isethionate, Myristic Acid, DipropyleneGlycol, Gamma-Octalactone, Ethyl Vanillin, Oxacyclohexadecen-2-One, Gamma-Heptalactone, Acetoin, Phenoxyethanol, Sodium Benzoate, Potassium Sorbate",glycolic-acid;lactic-acid,,,,,,,,,,,,,brand_direct,true,https://www.firstaidbeauty.com/products/kp-bump-eraser-body-scrub-10-aha-toasted-coconut-10-oz,/product-images/brand-direct/40058.png
VB-36784,brightening-texture,Peachy Smooth Duo,First Aid Beauty,,"KP Bump Eraser Body Scrub 10% AHA Fresh Peach: Pumice, Aqua/ Water/ Eau, Glycolic Acid, Sodium Cocoyl Isethionate, Lactic Acid, Dimethicone, Stearic Acid, Cetearyl Alcohol, Sodium Hydroxide, Palmitic Acid, Glycerin, C12-15 Alkyl Benzoate, Sorbitol, Prunus Persica (Peach) Fruit Extract, Colloidal Oatmeal, Ribes Nigrum (Black Currant) Bud Extract, Citrus Aurantium Dulcis (Orange) Peel Oil, Camellia Sinensis Leaf Extract, Glycyrrhiza Glabra (Licorice) Root Extract, Chrysanthemum Parthenium (Feverfew) Extract, Tocopheryl Acetate, Bisabolol, Coconut Acid, Xanthan Gum, Steareth-20, Steareth-21, Sodium Isethionate, Triacetin, Butylene Glycol, Phenoxyethanol, Potassium Sorbate, Sodium Benzoate, Leuconostoc/Radish Root Ferment Filtrate, Gamma-Undecalactone, Limonene, Ethyl Hydroxypyrone, Tetrasodium EDTA KP Smoothing + Brightening Body Lotion Fresh Peach: Aqua/Water/Eau, Lactic Acid, C12-15 Alkyl Benzoate, Propanediol, Caprylic/Capric Triglyceride, Silica, Sodium Hydroxide, Palmitic Acid, Dimethicone, Stearic Acid, Glyceryl Stearate, Glyceryl Stearate SE, Glycerin, Urea, Ceramide NP, Prunus Persica (Peach) Fruit Extract, Colloidal Oatmeal, Allantoin, Ribes Nigrum (Black Currant) Bud Extract, Triacetin, Sodium PCA, Cetearyl Alcohol, Citrus Aurantium Dulcis (Orange) Peel Oil, Sodium Phytate, Ethyl Hydroxypyrone, Butylene Glycol. Xanthan Gum, Gamma-Undecalactone, Phenoxyethanol, Potassium Sorbate, Sodium Benzoate, Limonene, Linalool",ceramides;glycolic-acid;lactic-acid,,,,,,,,,,,,,brand_direct,true,https://www.firstaidbeauty.com/products/peachy-smooth-duo,/product-images/brand-direct/vb-36784.png
40018WEB,brightening-texture,KP Bump Eraser Body Scrub 10% AHA Fresh Strawberry Travel Size,First Aid Beauty,,"Pumice, Aqua/Water/Eau, Glycolic Acid, Sodium Cocoyl Isethionate, Lactic Acid, Dimethicone, Stearic Acid, Cetearyl Alcohol, Sodium Hydroxide, Palmitic Acid, Glycerin, C12-15 Alkyl Benzoate, Sorbitol, Colloidal Oatmeal, Tocopherol, Chrysanthemum Parthenium (Feverfew) Extract, Camellia Sinensis Leaf Extract, Glycyrrhiza Glabra (Licorice) Root Extract, Salix Nigra (Willow) Bark Extract, Bisabolol, Hydrogenated Coconut Acid, Xanthan Gum, Steareth-20, Steareth-21, Myristic Acid, Sodium Isethionate, Phenoxyethanol, Potassium Sorbate, Sodium Benzoate, Leuconostoc/Radish Root Ferment Filtrate, EDTA",glycolic-acid;lactic-acid,,,,,,,,,,,,,brand_direct,true,https://www.firstaidbeauty.com/products/kp-bump-eraser-body-scrub-aha-fresh-strawberry-travel-size,/product-images/brand-direct/40018web.png
40020,brightening-texture,KP Bump Eraser Body Scrub 10% AHA Fresh Peach Travel Size,First Aid Beauty,,"Pumice, Aqua/Water/Eau, Glycolic Acid, Sodium Cocoyl Isethionate, Lactic Acid, Dimethicone, Stearic Acid, Cetearyl Alcohol, Sodium Hydroxide, Palmitic Acid, Glycerin, C12-15 Alkyl Benzoate, Sorbitol, Colloidal Oatmeal, Tocopherol, Chrysanthemum Parthenium (Feverfew) Extract, Camellia Sinensis Leaf Extract, Glycyrrhiza Glabra (Licorice) Root Extract, Salix Nigra (Willow) Bark Extract, Bisabolol, Hydrogenated Coconut Acid, Xanthan Gum, Steareth-20, Steareth-21, Myristic Acid, Sodium Isethionate, Phenoxyethanol, Potassium Sorbate, Sodium Benzoate, Leuconostoc/Radish Root Ferment Filtrate, EDTA",glycolic-acid;lactic-acid,,,,,,,,,,,,,brand_direct,true,https://www.firstaidbeauty.com/products/kp-bump-eraser-body-scrub-10-aha-fresh-peach-travel-size,/product-images/brand-direct/40020.png
40047,brightening-texture,Ultra Repair Firming Night Cream with Colloidal Oatmeal + Niacinamide,First Aid Beauty,,"Aqua/Water/Eau, Glycerin, Caprylic/Capric Triglyceride, Butyrospermum Parkii (Shea) Butter, Dimethicone, Glyceryl Stearate, C10-18 Triglycerides, Ethylhexyl Palmitate, Jojoba Esters, Cetyl Alcohol, Phenoxyethanol, Helianthus Annuus (Sunflower) Seed Wax, Butylene Glycol, Peg-75 Stearate, Acrylates/C10-30 Alkyl Acrylate Crosspolymer, Ceteth-20, Steareth-20, Xanthan Gum, Lactobacillus Ferment, Tetrasodium Edta, Niacinamide, Glycyrrhiza Glabra (Licorice) Root Extract, Sodium Hydroxide, Acacia Decurrens Flower Wax, Polyglycerin-3, Spilanthes Acmella Flower Extract, Camellia Sinensis Leaf Extract, Chrysanthemum Parthenium (Feverfew) Extract, Laminaria Saccharina Extract, Carbomer, Hydroxypropyl Cyclodextrin, Polysorbate 20, Sodium Lactate, Sodium Hyaluronate, Palmitoyl Tripeptide-38, Colloidal Oatmeal, Palmitoyl Tripeptide-1, Palmitoyl Tetrapeptide-7",niacinamide;hyaluronic-acid;peptides,,,,,,,,,,,,,brand_direct,true,https://www.firstaidbeauty.com/products/ultra-repair-hydra-firm-night-cream,/product-images/brand-direct/40047.png
40021,brightening-texture,KP Bump Eraser Body Scrub 10% AHA Fresh Peach,First Aid Beauty,,"Pumice, Aqua/Water/Eau, Glycolic Acid, Sodium Cocoyl Isethionate, Lactic Acid, Dimethicone, Stearic Acid, Cetearyl Alcohol, Sodium Hydroxide, Palmitic Acid, Glycerin, C12-15 Alkyl Benzoate, Sorbitol, Colloidal Oatmeal, Tocopherol, Chrysanthemum Parthenium (Feverfew) Extract, Camellia Sinensis Leaf Extract, Glycyrrhiza Glabra (Licorice) Root Extract, Salix Nigra (Willow) Bark Extract, Bisabolol, Hydrogenated Coconut Acid, Xanthan Gum, Steareth-20, Steareth-21, Myristic Acid, Sodium Isethionate, Phenoxyethanol, Potassium Sorbate, Sodium Benzoate, Leuconostoc/Radish Root Ferment Filtrate, EDTA",glycolic-acid;lactic-acid,,,,,,,,,,,,,brand_direct,true,https://www.firstaidbeauty.com/products/kp-bump-eraser-body-scrub-10-aha-fresh-peach,/product-images/brand-direct/40021.png
40019,brightening-texture,KP Bump Eraser Body Scrub 10% AHA Fresh Strawberry,First Aid Beauty,,"Pumice, Aqua/Water/Eau, Glycolic Acid, Sodium Cocoyl Isethionate, Lactic Acid, Dimethicone, Stearic Acid, Cetearyl Alcohol, Sodium Hydroxide, Palmitic Acid, Glycerin, C12-15 Alkyl Benzoate, Sorbitol, Colloidal Oatmeal, Tocopherol, Chrysanthemum Parthenium (Feverfew) Extract, Camellia Sinensis Leaf Extract, Glycyrrhiza Glabra (Licorice) Root Extract, Salix Nigra (Willow) Bark Extract, Bisabolol, Hydrogenated Coconut Acid, Xanthan Gum, Steareth-20, Steareth-21, Myristic Acid, Sodium Isethionate, Phenoxyethanol, Potassium Sorbate, Sodium Benzoate, Leuconostoc/Radish Root Ferment Filtrate, EDTA",glycolic-acid;lactic-acid,,,,,,,,,,,,,brand_direct,true,https://www.firstaidbeauty.com/products/kp-bump-eraser-body-scrub-aha-fresh-strawberry,/product-images/brand-direct/40019.png
40000,skin-protectant,Ultra Repair Cream Intense Hydration Travel Size,First Aid Beauty,,"Water, Stearic Acid, Glycerin, C12-15 Alkyl Benzoate, Caprylic/Capric Triglyceride, Glyceryl Stearate, Glyceryl Stearate SE, Cetearylalcohol, Dimethicone, Squalane, Hydrogenated Shea Butter, Phenoxyethanol, Caprylyl Glycol, Xanthamgum, Allantoin, Sodium Hydroxide, Tetrasodium EDTA, Chrysanthemum Parthenium (Feverfew) Extract, Camellia Sinensis Leaf Extract, Glycyrrhiza Glabra (Licorice) Root Extract, Ceramide NP, Eucalyptus Globulus Leaf Oil",ceramides;squalane,,,,,,,,,,,,,brand_direct,true,https://www.firstaidbeauty.com/products/ultra-repair-cream-intense-hydration-travel-size,/product-images/brand-direct/40000.png
VB-367814,skin-protectant,Ultra Repair Barrier Balm Trio,First Aid Beauty,,"Water, Butylene Glycol, Caprylic/Capric Triglyceride, Dicaprylyl Carbonate, Glycerin, Pentylene Glycol, Cetearyl Alcohol, Lauryl Laurate, Glyceryl Stearate, C12-16 Alcohols, Colloidal Oatmeal, Polyglyceryl-6 Octastearate, Glyceryl Behenate, Behenyl Alcohol, Ceramide NP, Centella Asiatica Extract, Aloe Barbadensis Leaf Juice, Phospholipids, Cetyl Palmitate, Sorbitan Palmitate, Hydroxyacetophenone, Carbomer, Phenoxyethanol, Caprylyl Glycol, Palmitic Acid, Hydrogenated Lecithin, Tromethamine, Phytosterols, Linoleic Acid, Sorbitan Oleate, Pentaerythrityl Tetra-Di-T-Butyl Hydroxyhydrocinnamate, Sodium Phytate, Ethylhexylglycerin, Triolein, Propanediol, Glyceryl Dioleate",ceramides;centella-asiatica,,,,,,,,,,,,,brand_direct,true,https://www.firstaidbeauty.com/products/ultra-repair-rescue-barrier-balm-trio,/product-images/brand-direct/vb-367814.png
40037,brightening-texture,KP Bump Eraser Body Scrub 10% AHA Toasted Coconut,First Aid Beauty,,"Pumice, Aqua/Water/Eau, Glycolic Acid, SodiumCocoylIsethionate, Lactic Acid, Dimethicone, Stearic Acid, CetearylAlcohol, Sodium Hydroxide, Palmitic Acid, Glycerin, C12-15 Alkyl Benzoate, Sorbitol, Cocos Nucifera (Coconut) Fruit Extract, Colloidal Oatmeal, TocopherylAcetate, Bisabolol, Salix Nigra (Willow) Bark Extract, Coconut Acid, Xanthan Gum, Steareth-20, Steareth-21, Sodium Isethionate, Myristic Acid, DipropyleneGlycol, Gamma-Octalactone, Ethyl Vanillin, Oxacyclohexadecen-2-One, Gamma-Heptalactone, Acetoin, Phenoxyethanol, Sodium Benzoate, Potassium Sorbate",glycolic-acid;lactic-acid,,,,,,,,,,,,,brand_direct,true,https://www.firstaidbeauty.com/products/kp-bump-eraser-body-scrub-with-10-aha-toasted-coconut,/product-images/brand-direct/40037.png
36769,skin-protectant,Ultra Repair Cream Warm Vanilla,First Aid Beauty,,"Water, Stearic Acid, Glycerin, C12-15 Alkyl Benzoate, Caprylic/Capric Triglyceride, Glyceryl Stearate, Glyceryl Stearate SE, Cetearylalcohol, Dimethicone, Squalane, Hydrogenated Shea Butter, Phenoxyethanol, Caprylyl Glycol, Xanthamgum, Allantoin, Sodium Hydroxide, Tetrasodium EDTA, Chrysanthemum Parthenium (Feverfew) Extract, Camellia Sinensis Leaf Extract, Glycyrrhiza Glabra (Licorice) Root Extract, Ceramide NP, Eucalyptus Globulus Leaf Oil",ceramides;squalane,,,,,,,,,,,,,brand_direct,true,https://www.firstaidbeauty.com/products/ultra-repair-cream-warm_vanilla,/product-images/brand-direct/36769.png
40006,skin-protectant,Ultra Repair Cream Intense Hydration,First Aid Beauty,,"Water, Stearic Acid, Glycerin, C12-15 Alkyl Benzoate, Caprylic/Capric Triglyceride, Glyceryl Stearate, Glyceryl Stearate SE, Cetearylalcohol, Dimethicone, Squalane, Hydrogenated Shea Butter, Phenoxyethanol, Caprylyl Glycol, Xanthamgum, Allantoin, Sodium Hydroxide, Tetrasodium EDTA, Chrysanthemum Parthenium (Feverfew) Extract, Camellia Sinensis Leaf Extract, Glycyrrhiza Glabra (Licorice) Root Extract, Ceramide NP, Eucalyptus Globulus Leaf Oil",ceramides;squalane,,,,,,,,,,,,,brand_direct,true,https://www.firstaidbeauty.com/products/ultra-repair-cream-intense-hydration,/product-images/brand-direct/40006.png
40000,skin-protectant,Ultra Repair Cream Intense Hydration 2oz,First Aid Beauty,,"Water, Stearic Acid, Glycerin, C12-15 Alkyl Benzoate, Caprylic/Capric Triglyceride, Glyceryl Stearate, Glyceryl Stearate SE, Cetearylalcohol, Dimethicone, Squalane, Hydrogenated Shea Butter, Phenoxyethanol, Caprylyl Glycol, Xanthamgum, Allantoin, Sodium Hydroxide, Tetrasodium EDTA, Chrysanthemum Parthenium (Feverfew) Extract, Camellia Sinensis Leaf Extract, Glycyrrhiza Glabra (Licorice) Root Extract, Ceramide NP, Eucalyptus Globulus Leaf Oil",ceramides;squalane,,,,,,,,,,,,,brand_direct,true,https://www.firstaidbeauty.com/products/ultra-repair-cream-intense-hydration-1,/product-images/brand-direct/40000.png
40035,skin-protectant,Ultra Repair Hydrating Pillow Pads with Colloidal Oatmeal + Ceramides,First Aid Beauty,,"Aqua/Water/Eau, Glycerin, Sorbitanoleate, Squalane, Sodium Hyaluronate, Ceramide NP, Saccharomyces/Honey Ferment Filtrate, Mel (Honey, Miel), Propolis Extract, Asiaticoside, Madecassic Acid, Avena Sativa (Oat) Kernel Extract, Beta-Glucan, Asiatic Acid, Colloidal Oatmeal, Ethylhexyl Salicylate, Triolein, Acrylates/C10-30 Alkyl Acrylate Crosspolymer, Glyceryl Dioleate, Xanthan Gum, Sorbic Acid, Ethylhexylglycerin, Glycereth-26, Phenoxyethanol, Potassium Sorbate, Sodium Benzoate, Citricacid, Chlorphenesin, Benzoicacid, Sodium Hydroxide",hyaluronic-acid;ceramides;squalane,,,,,,,,,,,,,brand_direct,true,https://www.firstaidbeauty.com/products/ultra-repair-hydrating-pillow-pads-with-colloidal-oatmeal-and-ceramides,/product-images/brand-direct/40035.png
36698,brightening-texture,Body Acne Clearing Mist with 2% Salicylic Acid,First Aid Beauty,,"Medicinal Ingredient : Salicylic Acid 2% Non-medicinal Ingredients: Water/Aqua/Eau, Glycereth-26, Glycerin, Sodium Hydroxide, Phenoxyethanol, Glycolic Acid, Citric Acid, Zinc PCA, Potassium Sorbate, Sodium Benzoate",glycolic-acid,,,,,,,,,,,,,brand_direct,true,https://www.firstaidbeauty.com/products/body-acne-mist,/product-images/brand-direct/36698.png
36687,brightening-texture,Daily Resurfacing Lotion with 2% Niacinamide,First Aid Beauty,,"Aqua (Water, Eau), Zea Mays (Corn) Starch, Dimethicone, Glycerin, Niacinamide, Sodium PolyacryloyldimethylTaurate, Lactic Acid, Sodium Lactate, Panthenol, Peg-11 Methyl Ether Dimethicone, Sodium Benzoate, Triolein, Glyceryl Dioleate, Ceramide NP, Trehalose, Alumina, Silica, Phenoxyethanol, Ammonium Polyacrylate, Ethylhexylglycerin, Titanium Dioxide",niacinamide;ceramides;panthenol;lactic-acid,,,,,,,,,,,,,brand_direct,true,https://www.firstaidbeauty.com/products/resurfacing-moisturizer-acne,/product-images/brand-direct/36687.png
40071,skin-protectant,Ultra Repair Cream Fresh Strawberry,First Aid Beauty,,"Water, Stearic Acid, Glycerin, C12-15 Alkyl Benzoate, Caprylic/Capric Triglyceride, Glyceryl Stearate, Glyceryl Stearate SE, Cetearylalcohol, Dimethicone, Squalane, Hydrogenated Shea Butter, Phenoxyethanol, Caprylyl Glycol, Xanthamgum, Allantoin, Sodium Hydroxide, Tetrasodium EDTA, Chrysanthemum Parthenium (Feverfew) Extract, Camellia Sinensis Leaf Extract, Glycyrrhiza Glabra (Licorice) Root Extract, Ceramide NP, Eucalyptus Globulus Leaf Oil",ceramides;squalane,,,,,,,,,,,,,brand_direct,true,https://www.firstaidbeauty.com/products/ultra-repair-cream-fresh-strawberry-fragrance-14oz,/product-images/brand-direct/40071.png
36547,brightening-texture,Brightening Micro Powder Exfoliant,First Aid Beauty,,"Sodium Bicarbonate, Maltodextrin, Zea Mays (Corn) Starch, Sodium Cocoyl Isethionate, Sodium MyristoylGlutamate, Calcium Carbonate, Vaccinium Macrocarpon (Cranberry) Fruit Powder, Citric Acid, Tapioca Starch, Tricalcium Phosphate, Silica, Ascorbic Acid, Jojoba Esters, Phenoxyethanol, Butylene Glycol, Lactobacillus/Punica Granatum Fruit Ferment Extract, Caprylyl Glycol, Sorbic Acid, Leuconostoc/Radish Root Ferment Filtrate, Triethoxycaprylylsilane, Iron Oxides (CI 77491, 77499)",vitamin-c,,,,,,,,,,,,,brand_direct,true,https://www.firstaidbeauty.com/products/brightening-powder-exfoliant-with-vitamin-c,/product-images/brand-direct/36547.png
36629,brightening-texture,KP Smoothing + Brightening Body Lotion Fresh Peach,First Aid Beauty,,"Aqua/Water/Eau, Lactic Acid, C12-15 Alkyl Benzoate, Propanediol, Caprylic/Capric Triglyceride, Silica, Sodium Hydroxide, Palmitic Acid, Dimethicone, Stearic Acid, Glyceryl Stearate, Glyceryl Stearate SE, Glycerin, Urea, Ceramide NP, Prunus Persica (Peach) Fruit Extract, Colloidal Oatmeal, Allantoin, Ribes Nigrum (Black Currant) Bud Extract, Triacetin, Sodium PCA, Cetearyl Alcohol, Citrus Aurantium Dulcis (Orange) Peel Oil, Sodium Phytate, Ethyl Hydroxypyrone, Butylene Glycol. Xanthan Gum, Gamma-Undecalactone, Phenoxyethanol, Potassium Sorbate, Sodium Benzoate, Limonene, Linalool",ceramides;lactic-acid,,,,,,,,,,,,,brand_direct,true,https://www.firstaidbeauty.com/products/kp-smoothing-brightening-body-lotion-with-aha-and-urea,/product-images/brand-direct/36629.png
36627,skin-protectant,Hydrating Dewy Gel Cream Moisturizer with Hyaluronic Acid + Ceramides,First Aid Beauty,,"Aqua/ Water/ Eau, Glycerin, Squalane, Dimethicone, Phenyl Trimethicone, Betaine, Niacinamide, Pentylene Glycol, Polyglyceryl-3 Polydimethylsiloxyethyl Dimethicone, Propanediol, Sodium Hyaluronate, Ceramide NP, Colloidal Oatmeal, Tocopherol, Sorbitan Isostearate, Decyl Glucoside, Sodium Acryloyldimethyltaurate/VP Crosspolymer, Hydroxyethyl Acrylate Sodium Acryloyldimethyl Taurate Copolymer, Caprylyl Glycol, Ethylhexylglycerin, Butylene Glycol, Dimethicone/Polyglycerin-3 Crosspolymer, Glyceryl Glucoside, Dimethiconol, Polysilicone-11, 1,2-Hexanediol, Hydroxyacetophenone, Hexylene Glycol, Phenoxyethanol, Polysorbate 60",niacinamide;hyaluronic-acid;ceramides;squalane,,,,,,,,,,,,,brand_direct,true,https://www.firstaidbeauty.com/products/hydrating-dewy-gel-cream-moisturizer-with-hyaluronic-acid-ceramides,/product-images/brand-direct/36627.png
36625,skin-protectant,Ultra Repair Rescue Barrier Balm with Dimethicone,First Aid Beauty,,"Water, Butylene Glycol, Caprylic/Capric Triglyceride, Dicaprylyl Carbonate, Glycerin, Pentylene Glycol, Cetearyl Alcohol, Lauryl Laurate, Glyceryl Stearate, C12-16 Alcohols, Colloidal Oatmeal, Polyglyceryl-6 Octastearate, Glyceryl Behenate, Behenyl Alcohol, Ceramide NP, Centella Asiatica Extract, Aloe Barbadensis Leaf Juice, Phospholipids, Cetyl Palmitate, Sorbitan Palmitate, Hydroxyacetophenone, Carbomer, Phenoxyethanol, Caprylyl Glycol, Palmitic Acid, Hydrogenated Lecithin, Tromethamine, Phytosterols, Linoleic Acid, Sorbitan Oleate, Pentaerythrityl Tetra-Di-T-Butyl Hydroxyhydrocinnamate, Sodium Phytate, Ethylhexylglycerin, Triolein, Propanediol, Glyceryl Dioleate",ceramides;centella-asiatica,,,,,,,,,,,,,brand_direct,true,https://www.firstaidbeauty.com/products/ultra-repair-rescue-barrier-balm-with-dimethicone,/product-images/brand-direct/36625.png
40023,skin-protectant,Ultra Repair Hydration Boost Serum with Colloidal Oatmeal + Hyaluronic Acid,First Aid Beauty,,"Aqua (Water, Eau), Glycerin, Glycereth-26, Squalane, Sodium Hyaluronate, Soluble Collagen, Colloidal Oatmeal, Panthenol, Chrysanthemum Parthenium (Feverfew) Extract, Camellia Sinensis Leaf Extract, Glycyrrhiza Glabra (Licorice) Root Extract, Allantoin, Ethylhexylglycerin, Sorbitan Oleate, Acrylates/C10-30 Alkyl Acrylate Crosspolymer, Sodium PCA, Phenoxyethanol, Sodium Hydroxide, Potassium Sorbate, Sodium Benzoate, Tetrasodium EDTA",hyaluronic-acid;squalane;panthenol,,,,,,,,,,,,,brand_direct,true,https://www.firstaidbeauty.com/products/hydrating-serum-with-hyaluronic-acid,/product-images/brand-direct/40023.png
40027,skin-protectant,"Ultra Repair Firming Day Cream with Peptides, Niacinamide + Collagen",First Aid Beauty,,"Aqua/Water/ Eau, Glycerin, Niacinamide, C12-15 Alkyl Benzoate, Caprylic/Capric Triglyceride, Palmitic Acid, Stearic Acid, Glyceryl Stearate, Glyceryl Stearate SE, Dimethicone, Cetearyl Alcohol, Panthenol, Colloidal Oatmeal, Collagen, Squalane, Ceramide NP, Hexapeptide-9, Butyrospermum Parkii (Shea) Butter, Allantoin, Saccharomyces Ferment, Caprylyl Glycol, Lauroyl Lysine, Butylene Glycol, Tetrasodium Glutamate Diacetate, Xanthan Gum, Phenoxyethanol, Sodium Hydroxide",niacinamide;ceramides;squalane;panthenol,,,,,,,,,,,,,brand_direct,true,https://www.firstaidbeauty.com/products/firming-cream-with-peptides-niacinamide-and-collagen,/product-images/brand-direct/40027.png
36578,brightening-texture,Whole Body Deodorant Cream,First Aid Beauty,,"Aqua (Water, Eau), Zea Mays (Corn) Starch, Glycerin, Isohexadecane, Dimethicone, Lactic Acid, Sodium Lactate, Isopropyl Isostearate, Sodium Polyacryloyldimethyl Taurate, Stearyl Alcohol, Niacinamide, Panthenol, Citrus Aurantium Amara (Bitter Orange) Leaf/Twig Oil, Citrus Aurantium Bergamia (Bergamot) Fruit Oil, Tocopherol, Behenyl Alcohol, Cetearyl Alcohol, Cetearyl Glucoside, Tocopheryl Acetate, Cetyl Alcohol, Dimethiconol, PEG-100 Stearate, Stearic Acid, Sodium Benzoate, Limonene, Linalool",niacinamide;panthenol;lactic-acid,,,,,,,,,,,,,brand_direct,true,https://www.firstaidbeauty.com/products/whole-body-deodorant-cream,/product-images/brand-direct/36578.png
40028,brightening-texture,Brighten + Glow Bronzing Drops with Niacinamide,First Aid Beauty,,"Aqua (Water, Eau), Caprylic/Capric Triglyceride, Niacinamide, Pentylene Glycol, Glycerin, Mica, Terminalia Ferdinandiana Fruit Extract, Tocopheryl Acetate, Caprylyl Glycol, Sorbitan Isostearate, Hydroxyethyl Acrylate/Sodium Acryloyldimethyl Taurate Copolymer, PVP, Sodium Phytate, Phenoxyethanol, Sorbic Acid, Tin Oxide, CI 77491/ CI 77499 (Iron Oxides), CI 77891 (Titanium Dioxide)",niacinamide,,,,,,,,,,,,,brand_direct,true,https://www.firstaidbeauty.com/products/bronze-glow-drops-with-niacinamide,/product-images/brand-direct/40028.png
40013,brightening-texture,Ingrown Hair Pads with BHA + AHA Travel Size,First Aid Beauty,,"Aqua/Water/Eau, Polysorbate 20, Glycerin, Hamamelis Virginiana (Witch Hazel) Water, Glycolic Acid, Salicylic Acid, Sodium Hydroxide, Camellia Sinensis Leaf Extract, Glycyrrhiza Glabra (Licorice) Root Extract, Chrysanthemum Parthenium (Feverfew) Extract, Aloe Barbadensis Leaf Juice, Sodium PCA, Bisabolol, Phenoxyethanol, Potassium Sorbate, Sodium Benzoate, Benzoic Acid, Tetrasodium EDTA, Citric Acid",glycolic-acid,,,,,,,,,,,,,brand_direct,true,https://www.firstaidbeauty.com/products/ingrown-hair-pads-with-bha-aha-travel-size,/product-images/brand-direct/40013.png
36465,skin-protectant,Brighten + Glow Eye Cream with Niacinamide,First Aid Beauty,,"Aqua, Dimethicone, Glycerin, Maris Aqua (Sea Water, Eau De Mer), Butylene Glycol, Niacinamide, Polysilicone-11, Caprylic/Capric Triglyceride, Mica, Panthenol, Sodium Stearoyl Glutamate, Caffeine, Camellia Sinensis Leaf Extract, Caprylyl Glycol, Chrysanthemum Parthenium Extract, Citric Acid, Coffea Arabica Seed Extract, Corallina Officinalis Extract, Cucurbita Pepo Seed Extract, Gigartina Stellata/Kappaphycus Alvarezii Extract, Glyceryl Polyacrylate, Glycyrrhiza Glabra Root Extract, Hexylene Glycol, Hydrogenated Polydecene, Hydrogenated Polydicyclopentadiene, Hydroxyacetophenone, Hydroxyethyl Acrylate/Sodium Acryloyldimethyl Taurate Copolymer, Laureth-8, Lecithin, Linoleic Acid, Oleic Acid, Palmitic Acid, Phytosteryl Canola Glycerides, Phytosteryl/Octyldodecyl Lauroyl Glutamate, Polysorbate 60, Silica, Sodium Acrylate/Sodium Acryloyldimethyl Taurate Copolymer, Sodium Ascorbyl Phosphate, Sodium Hyaluronate, Sorbitan Isostearate, Squalane, Stearic Acid, Tocopherol, Triolein, Xanthan Gum, Phenoxyethanol, Potassium Sorbate, Sodium Benzoate, CI 77491, CI 77891",niacinamide;hyaluronic-acid;squalane;panthenol,,,,,,,,,,,,,brand_direct,true,https://www.firstaidbeauty.com/products/brighten-glow-eye-cream-with-niacinamide,
40015,brightening-texture,KP Bump Eraser Body Scrub 10% AHA Travel Size,First Aid Beauty,,"Pumice, Aqua/Water/Eau, Glycolic Acid, Sodium Cocoyl Isethionate, Lactic Acid, Dimethicone, Stearic Acid, Cetearyl Alcohol, Sodium Hydroxide, Palmitic Acid, Glycerin, C12-15 Alkyl Benzoate, Sorbitol, Colloidal Oatmeal, Tocopherol, Chrysanthemum Parthenium (Feverfew) Extract, Camellia Sinensis Leaf Extract, Glycyrrhiza Glabra (Licorice) Root Extract, Salix Nigra (Willow) Bark Extract, Bisabolol, Hydrogenated Coconut Acid, Xanthan Gum, Steareth-20, Steareth-21, Myristic Acid, Sodium Isethionate, Phenoxyethanol, Potassium Sorbate, Sodium Benzoate, Leuconostoc/Radish Root Ferment Filtrate, EDTA",glycolic-acid;lactic-acid,,,,,,,,,,,,,brand_direct,true,https://www.firstaidbeauty.com/products/kp-bump-eraser-body-scrub-aha-travel-size,
40014,brightening-texture,Ingrown Hair Pads with BHA + AHA,First Aid Beauty,,"Aqua/Water/Eau, Polysorbate 20, Glycerin, Hamamelis Virginiana (Witch Hazel) Water, Glycolic Acid, Salicylic Acid, Sodium Hydroxide, Camellia Sinensis Leaf Extract, Glycyrrhiza Glabra (Licorice) Root Extract, Chrysanthemum Parthenium (Feverfew) Extract, Aloe Barbadensis Leaf Juice, Sodium PCA, Bisabolol, Phenoxyethanol, Potassium Sorbate, Sodium Benzoate, Benzoic Acid, Tetrasodium EDTA, Citric Acid",glycolic-acid,,,,,,,,,,,,,brand_direct,true,https://www.firstaidbeauty.com/products/ingrown-hair-pads-with-bha-aha-compostable,/product-images/brand-direct/40014.png
40052,skin-protectant,Ultra Repair Hydrate + De-Puff Eye Cream with Hyaluronic Acid,First Aid Beauty,,"Aqua (Water, Eau), Ethylhexyl Olivate, Butylene Glycol, Isotridecyl Isononanoate, Prunus Armeniaca (Apricot) Kernel Oil, Glycerin, Cetyl Alcohol, Mangifera Indica (Mango) Seed Butter, Cetyl Phosphate, Hyaluronic Acid, Caffeine, Squalane, Panthenol, Avena Sativa (Oat) Bran Extract, Cliolloidal Oatmeal, Cucumis Sativus (Cucumber) Fruit Extract, Glycyrrhiza Glabra (Licorice) Root Extract, Citrus Aurantium Dulcis (Orange) Peel Extract, Aloe Barbadensis Leaf Juice, Camellia Sinensis Leaf Extract, Chrysanthemum Parthenium (Feverfew) Extract, Hydroxyacetophenone, C20-22 Alcohols, Caprylic/Capric Triglyceride, 1, 2-Hexanediol, C20-22 Alkyl Phosphate, Hydroxyethylcellulose, Sodium Polyglutamate, Xanthan Gum, Caprylyl Glycol, Disodium Phosphate, Potassium Hydroxide, Propanediol, Sodium Phosphate, Sodium Phytate, Phenoxyethanol",hyaluronic-acid;squalane;panthenol,,,,,,,,,,,,,brand_direct,true,https://www.firstaidbeauty.com/products/hydrating-eye-cream-with-hyaluronic-acid,/product-images/brand-direct/40052.png
40014,brightening-texture,Ingrown Hair Pads with BHA + AHA 60 count,First Aid Beauty,,"Aqua/Water/Eau, Polysorbate 20, Glycerin, Hamamelis Virginiana (Witch Hazel) Water, Glycolic Acid, Salicylic Acid, Sodium Hydroxide, Camellia Sinensis Leaf Extract, Glycyrrhiza Glabra (Licorice) Root Extract, Chrysanthemum Parthenium (Feverfew) Extract, Aloe Barbadensis Leaf Juice, Sodium PCA, Bisabolol, Phenoxyethanol, Potassium Sorbate, Sodium Benzoate, Benzoic Acid, Tetrasodium EDTA, Citric Acid",glycolic-acid,,,,,,,,,,,,,brand_direct,true,https://www.firstaidbeauty.com/products/ingrown-hair-pads-with-bha-aha-60-count,/product-images/brand-direct/40014.png
36018,skin-protectant,Hydrating Toner with Squalane + Oats,First Aid Beauty,,"Water/Aqua/Eau, Glycerin, Glycereth-26, Squalane, Sorbitan Oleate, Phenoxyethanol, Ethylhexyl Salicylate, Acrylates/C10-30 Alkyl Acrylate Crosspolymer, Colloidal Oatmeal, Mel (Honey, Miel), Saccharomyces/Honey Ferment Filtrate, Chrysanthemum Parthenium (Feverfew) Extract, Sodium Hydroxide, Potassium Sorbate, Avena Sativa (Oat) Kernel Extract, Sodium Benzoate, Citric Acid, Beta-Glucan, Camellia Sinensis Leaf Extract, Glycyrrhiza Glabra (Licorice) Root Extract, Propolis Extract, Sodium Hyaluronate, Xanthan Gum, Ethylhexylglycerin, Tetrasodium EDTA, Chlorphenesin, Benzoic Acid, Sorbic Acid",hyaluronic-acid;squalane,,,,,,,,,,,,,brand_direct,true,https://www.firstaidbeauty.com/products/hydrating-toner-with-squalane-oats,/product-images/brand-direct/36018.png
40022,skin-protectant,Ultra Repair Face Lotion with Colloidal Oatmeal,First Aid Beauty,,"Aqua/Water/Eau, Glyceryl Stearate SE, Glycerin, Caprylic/Capric Triglyceride, Squalane, Dimethicone, Colloidal Oatmeal, Cetyl Alcohol, Phenoxyethanol, Cetearyl Alcohol, Butyrospermum Parkii (Shea) Butter, Persea Gratissima (Avocado) Oil, Limnanthes Alba (Meadowfoam) Seed Oil, Allantoin, Carbomer, Potassium Sorbate, Sodium Benzoate, Citric Acid, Ceramide NP, Urea, Sodium Hydroxide",ceramides;squalane,,,,,,,,,,,,,brand_direct,true,https://www.firstaidbeauty.com/products/ultra-repair-face-moisturizer,/product-images/brand-direct/40022.png
40017,brightening-texture,KP Bump Eraser Body Scrub 10% AHA,First Aid Beauty,,"Pumice, Aqua/Water/Eau, Glycolic Acid, Sodium Cocoyl Isethionate, Lactic Acid, Dimethicone, Stearic Acid, Cetearyl Alcohol, Sodium Hydroxide, Palmitic Acid, Glycerin, C12-15 Alkyl Benzoate, Sorbitol, Colloidal Oatmeal, Tocopherol, Chrysanthemum Parthenium (Feverfew) Extract, Camellia Sinensis Leaf Extract, Glycyrrhiza Glabra (Licorice) Root Extract, Salix Nigra (Willow) Bark Extract, Bisabolol, Hydrogenated Coconut Acid, Xanthan Gum, Steareth-20, Steareth-21, Myristic Acid, Sodium Isethionate, Phenoxyethanol, Potassium Sorbate, Sodium Benzoate, Leuconostoc/Radish Root Ferment Filtrate, EDTA",glycolic-acid;lactic-acid,,,,,,,,,,,,,brand_direct,true,https://www.firstaidbeauty.com/products/kp-bump-eraser-body-scrub-aha,/product-images/brand-direct/40017.png
000440F-01,skin-protectant,Triple Lipid-Boost 360° Eye Refill,Skinfix,,"Aqua/Water/Eau, Glycerin, C10-18 Triglycerides, Caprylyl Caprylate/Caprate, Propanediol, Jojoba Oil/Macadamia Seed Oil Esters, Cetearyl Olivate, Octyldodecanol, Stearyl Alcohol, Caprylic/Capric Triglyceride, Sorbitan Olivate, Behenyl Alcohol, Phytosterols, Gluconolactone, Sodium Benzoate, Sodium Hyaluronate. Oryza Sativa (Rice) Bran Extract, Myristyl Myristate, Squalene, Xanthan Gum, Potassium Sorbate, Chondrus Crispus Extract, Saccharomyces Cerevisiae Extract, Hydrolyzed Lupine Protein, Citric Acid, Helianthus Annuus (Sunflower) Extract, Medicago Sativa (Alfalfa) Seed Extract, Phytosteryl Macadamiate, Tocopherol, Aloe Barbadensis Leaf Juice, Rosmarinus Officinalis (Rosemary) Leaf Extract, Trisodium Ethylenediamine Disuccinate, Caprylyl Glycol, Hydroxyacetophenone,1,2-Hexanediol, Ethylhexylglycerin, Phenoxyethanol 2406",hyaluronic-acid,,,,,,,,,,,,,brand_direct,true,https://skinfix.com/products/triple-lipid-boost-360-eye-copy,/product-images/brand-direct/000440f-01.png
000529K-01,skin-protectant,Balancing Cleanse + Moisturize Set,Skinfix,,Ceramide + Ectoin Gentle Gel Cleanser,ceramides,,,,,,,,,,,,,brand_direct,true,https://skinfix.com/products/balancing-cleanse-moisturize,/product-images/brand-direct/000529k-01.png
triple-lipid-peptide-cream-refillable-duo,skin-protectant,Triple Lipid-Peptide Cream Refillable Duo,Skinfix,,"Water/Aqua/Eau, Caprylic/Capric Triglyceride, Glycerin, Butyrospermum Parkii (Shea) Butter, Olus Oil/Vegetable Oil/Huile végétale, Cetyl Lactate, Propanediol, C12-16 Alcohols, Caprylyl Caprylate/Caprate, Jojoba Oil/Macadamia Seed Oil Esters, Glyceryl Stearate Citrate, Palmitic Acid, Hydrogenated Lecithin, Oryza Sativa (Rice) Bran Extract, Dilinoleic Acid/Propanediol Copolymer, Squalene, Ophiopogon Japonicus Root Extract, Xanthan Gum, Phytosteryl Sunflowerseedate, Glycine Soja (Soybean) Extract, Pentylene Glycol, Ceramide NP, Ceramide AP, Ceramide EOP, Hydrolyzed Rice Protein, Chondrus Crispus Extract, Hydrogenated Vegetable Glycerides, Helianthus Annuus (Sunflower) Extract, Sodium Hyaluronate, Citric Acid, Phytosteryl Macadamiate, Tocopherol, Rosmarinus Officinalis (Rosemary) Leaf Extract, Aloe Barbadensis Leaf Juice, Trisodium Ethylenediamine Disuccinate, Phytosterols, Sodium Lauroyl Lactylate, Gluconolactone, Phenethyl Alcohol, Phytosphingosine, Cholesterol, Carbomer, Potassium Sorbate, Ethylhexylglycerin, Hydroxyacetophenone, Sodium Benzoate, Phenoxyethanol",hyaluronic-acid;ceramides,,,,,,,,,,,,,brand_direct,true,https://skinfix.com/products/triple-lipid-peptide-cream-refillable-duo,/product-images/brand-direct/triple-lipid-peptide-cream-refillable-duo.png
000313F-01,skin-protectant,Triple Lipid-Hyaluronate Serum,Skinfix,,"Water/Aqua/Eau, Propanediol, Jojoba Oil/Macadamia Seed Oil Esters, Caprylyl Caprylate/Caprate, Glycerin, Polyacrylate Crosspolymer-11, Glycine Soja (Soybean) Extract, Oryza Sativa (Rice) Bran Extract, Squalene, Chondrus Crispus (Carrageenan) Extract, Helianthus Annuus (Sunflower) Extract, Phytosteryl Macadamiate, Aloe Barbadensis Leaf Juice, Paeonia Albiflora (Peony) Root Extract, Tocopherol, Rosmarinus Officinalis (Rosemary) Leaf Extract, Phytosterols, Gluconolactone, Sodium Hyaluronate, Xanthan Gum, Citric Acid, Ethylhexylglycerin, Potassium Sorbate, Phenethyl Alcohol, Trisodium Ethylenediamine Disuccinate, Sodium Benzoate, Phenoxyethanol",hyaluronic-acid,,,,,,,,,,,,,brand_direct,true,https://skinfix.com/products/lipid-hyaluronate-serum,/product-images/brand-direct/000313f-01.png
000302F-01,skin-protectant,Antioxidant Tetrapeptide Soothing Treatment,Skinfix,,"Water/Aqua/Eau, Glycerin, Tridecyl Neopentanoate, Cetearyl Ethylhexanoate, Vegetable Oil/Huile Végétale, Propanediol, Ammonium Acryloyldimethyltaurate/VP Copolymer, Glyceryl Stearate Citrate, Isosorbide Dicaprylate, Simmondsia Chinensis (Jojoba) Seed Wax, Vitis Vinifera (Grape) Seed Oil, Olea Europaea (Olive) Husk Oil, Helianthus Annuus (Sunflower) Seed Oil, Avena Sativa (Oat) Kernel Extract, Cucumis Sativus (Cucumber) Fruit Water, Rosa Damascena Flower Water, Echium Plantagineum Seed Oil, Camellia Sinensis Leaf Extract, Hydrolyzed Sodium Hyaluronate, Avena Sativa (Oat) Kernel Flour, Honey Extract/Extrait De Miel, Boswellia Serrata Extract, Aloe Barbadensis Leaf Juice, Aspalathus Linearis Extract, Tetrapeptide-14, Chlorophyllin-Copper Complex, Ceramide NP, Phytosphingosine, Ceramide AP, Cholesterol, Ceramide EOP, Butylene Glycol, Xanthan Gum, Trisodium Ethylenediamine Disuccinate, Ethylhexylglycerin, Potassium Sorbate, Sodium Benzoate, Tocopherol, Sodium Lauroyl Lactylate, Citric Acid, Carbomer, Phenoxyethanol",hyaluronic-acid;ceramides,,,,,,,,,,,,,brand_direct,true,https://skinfix.com/products/antioxidant-redness-mask,/product-images/brand-direct/000302f-01.png
000540F-01,brightening-texture,Ceramide Prime Whipped Cream,Skinfix,,"Aqua/Water/Eau, Cetyl Ethylhexanoate, Palmitic Acid, Octyldodecanol, Stearic Acid, Butylene Glycol, Glycerin, Niacinamide, Cetearyl Alcohol, Butyrospermum Parkii (Shea) Butter, Saccharide Isomerate, Caprylic/Capric Triglyceride, Glucose, Hydrogenated Lecithin, Ceramide NS, Ceramide AP, Ceramide NP, Acetyl Heptapeptide-4, Ceramide EOP, Cetearyl Glucoside, Carbomer, Xanthan Gum, Pentylene Glycol, Sodium Phytate, Salix Alba (Willow) Bark Extract, Beta-Glucan, Polyglyceryl-10 Stearate, Tromethamine, 1,2-Hexanediol, Sodium Citrate, Hydroxyacetophenone, Caprylyl Glycol, Citric Acid",niacinamide;ceramides,,,,,,,,,,,,,brand_direct,true,https://skinfix.com/products/ceramide-prime-whipped-cream,/product-images/brand-direct/000540f-01.png
000512F-01,brightening-texture,Brighten + Firm 15% Vitamin C Serum,Skinfix,,"Aqua/Water/Eau, Tetrahexyldecyl Ascorbate, Glycerin, Isopentyldiol, Aloe Barbadensis Leaf Juice, Hydrogenated Lecithin, Polyglyceryl-10 Laurate, Oligopeptide-1, Oligopeptide-2, Hexapeptide-11, Oligopeptide-3, Sclerotium Gum, Ferulic Acid, Propanediol, Tetrahydrodiferuloylmethane, Jojoba Oil/Macadamia Seed Oil Esters, Tocopheryl Acetate, Trisodium Ethylenediamine Disuccinate, Squalene, Caprylyl Glycol, Tocopherol, Polyglutamic Acid, Amylopectin, Pentylene Glycol, Citric Acid, Phytosteryl Macadamiate, Lecithin, Lithothamnion Calcareum Extract, Acetyl Glutamine, Lactic Acid, Phytosterols, Acetyl Tetrapeptide-2, Bacillus/Soybean Ferment Extract, Xanthan Gum, Sodium Hyaluronate, Folic Acid, Ethylhexylglycerin, Potassium Sorbate, Sodium Benzoate, Phenoxyethanol",hyaluronic-acid;lactic-acid,,,,,,,,,,,,,brand_direct,true,https://skinfix.com/products/vitamin-c-serum,/product-images/brand-direct/000512f-01.png
000517F-01,skin-protectant,Barrier Balancing Water Cream,Skinfix,,"Water/Eau/Aqua, Squalane, Propanediol, Niacinamide, Triheptanoin, Saccharide Isomerate, Ammonium Acrylodimethyltaurate/VP Copolymer, Zinc PCA, Hydrolyzed Hyaluronic Acid, Allantoin, Camellia Sinensis Seed Extract, Acetyl Heptapeptide-4, Glucose, Citric Acid, Sodium Citrate, Caprylyl Glycol, Trisodium Ethylenediamine Disuccinate, C12-20 Alkyl Glucoside, C14-22 Alcohols, Ethylhexylglycerin, Potassium Sorbate, Phenoxyethanol",niacinamide;hyaluronic-acid;squalane,,,,,,,,,,,,,brand_direct,true,https://skinfix.com/products/barrier-balancing-water-cream,/product-images/brand-direct/000517f-01.png
000470F-01,skin-protectant,Exo + Ectoin Intensive Repair Baume,Skinfix,,"Aqua/Water/Eau, Glycerin, Caprylic/Capric Triglyceride, Ricinus Communis (Castor) Seed Oil, Cetearyl Alcohol, Jojoba Oil/Macadamia Seed Oil Esters, Solanum Tuberosum (Potato) Pulp Extract, Behenyl Alcohol, Propanediol, Helianthus Annuus (Sunflower) Seed Oil, Ectoin, Tocopherol, Allantoin, Squalene, Furcellaria Lumbricalis Extract, Momordica Charantia Fruit Extract, Amylopectin, Arnica Montana Flower Extract, Acetyl Glutamine, Lecithin, Phytosteryl Macadamiate, Phospholipids, Beta-Glucan, Lactobacillus Ferment, Lithothamnion Calcareum Extract, Bacillus/Soybean Ferment Extract, Hexapeptide-11, Oligopeptide-1, Oligopeptide-2, Oligopeptide-3, Folic Acid, Sodium Hyaluronate, Lactic Acid, Phytosterols, Ceramide NP, Phytosphingosine, Ceramide AP, Cholesterol, Ceramide EOP, Cetearyl Glucoside, Pentylene Glycol, Ethylhexylglycerin, Potassium Sorbate, Caprylyl Glycol, Sodium Benzoate, Sodium Lauroyl Lactylate, Xanthan Gum, Carbomer, Citric Acid, Sodium Hydroxide, Phenoxyethanol",hyaluronic-acid;ceramides;lactic-acid,,,,,,,,,,,,,brand_direct,true,https://skinfix.com/products/barrier-exo-ectoin-baume,/product-images/brand-direct/000470f-01.png
000455F-01,skin-protectant,Pre-Biotic Face + Body Foaming Oil Cleanser,Skinfix,,"Aqua/Water/Eau, Decyl Glucoside, Caprylyl/Capryl Glucoside, Coco-Glucoside, Glyceryl Oleate, Glycerin, Xanthan Gum, Citric Acid, Jojoba Oil/Macadamia Seed Oil Esters, Trisodium Ethylenediamine Disuccinate, Squalene, Colloidal Oatmeal, Helianthus Annuus (Sunflower) Seed Oil, Cocos Nucifera (Coconut) Oil, Amylopectin, Pentylene Glycol, Propanediol, Phytosteryl Macadamiate, Lithothamnion Calcareum Extract, Lecithin, Lactic Acid, Tocopherol, Phytosterols, Acetyl Glutamine, Sodium Lauroyl Lactylate, Chamomilla Recutita (Matricaria) Flower Extract, Calendula Officinalis Flower Extract, Hydrogenated Vegetable Glycerides Citrate, Bacillus/Soybean Ferment Extract, Caprylyl Glycol, Ceramide NP, Phytosphingosine, Ceramide AP, Cholesterol, Carbomer, Sodium Hyaluronate, Folic Acid, Oligopeptide-1, Oligopeptide-2, Oligopeptide-3, Hexapeptide-11, Ceramide EOP, Sodium Benzoate, Ethylhexylglycerin, Potassium Sorbate, Phenoxyethanol",hyaluronic-acid;ceramides;lactic-acid,,,,,,,,,,,,,brand_direct,true,https://skinfix.com/products/eczema-pre-biotic-face-body-foaming-oil-cleanser,/product-images/brand-direct/000455f-01.png
000394F-01,brightening-texture,AHA/BHA Niacinamide Exfoliating Pads,Skinfix,,"Water/Eau/Aqua, Lactic Acid, Glycolic Acid, Sodium Hydroxide, Salicylic Acid, Niacinamide, Hamamelis Virginiana (Witch Hazel) Water, Aloe Barbadensis Leaf Juice, Glycyrrhiza Glabra (Licorice) Root Extract, Panax Quinquefolius Root Extract, Chamomilla Recutita (Matricaria) Flower Extract, Cucumis Sativus (Cucumber) Fruit Extract, Bromelain, Papain, Amylopectin, Propanediol, Ethylhexylglycerin, Potassium Sorbate, Maltodextrin, Polydextrose, Dextrin, Benzoic Acid, Phenoxyethanol.2203",niacinamide;glycolic-acid;lactic-acid,,,,,,,,,,,,,brand_direct,true,https://skinfix.com/products/aha-bha-niacinamide-exfoliating-pads,/product-images/brand-direct/000394f-01.png
000468F-01,brightening-texture,Gentle Gel Ceramide + Ectoin Cleanser,Skinfix,,"Water/Eau/Aqua, Glycerin, Sodium Cocoyl Isethionate, Sodium Lauroyl Methyl Isethionate, Cocamidopropyl Hydroxysultaine, Sodium Methyl Cocoyl Taurate, Cocamidopropyl Betaine, Sodium Methyl Oleoyl Taurate, Carbomer, Coco-Glucoside, Lauryl Glucoside, Ethylhexylglycerin, Jojoba Oil/Macadamia Seed Oil Esters, Ectoin, Squalene, Hydroxyectoin, Ceramide EOP, Ceramide AP, Ceramide NP, Propanediol, Niacinamide, Sodium Hyaluronate, Amylopectin, Pentylene Glycol, Inulin, Phytosteryl Macadamiate, Chamomilla Recutita (Matricaria) Flower Extract, Lithothamnion Calcareum Extract, Lecithin, Lactic Acid, Phytosterols, Alpha-Glucan Oligosaccharide, Acetyl Glutamine, Sodium Lauroyl Lactylate, Tocopherol, Polyglutamic Acid, Bacillus/Glycine Soja (Soybean) Ferment Extract, Xanthan Gum, Caprylyl Glycol, Cholesterol, Phytosphingosine, Folic Acid, Oligopeptide-1, Hexapeptide-11, Oligopeptide-2, Oligopeptide-3, Potassium Sorbate, Sodium Hydroxide, Sodium Benzoate, Phenoxyethanol",niacinamide;hyaluronic-acid;ceramides;lactic-acid,,,,,,,,,,,,,brand_direct,true,https://skinfix.com/products/barrier-ectoin-ceramide-gentle-gel-cleanser,/product-images/brand-direct/000468f-01.png
000457F-01,skin-protectant,Dermatitis Relief Balm,Skinfix,,"Active Ingredient: Colloidal Oatmeal 5% Inactive Ingredients: Water/Aqua/Eau, Glycerin, Annona Cherimola Fruit Extract, Jojoba Oil/Macadamia Seed Oil Esters, Cetearyl Alcohol, Glyceryl Stearate, Cetearyl Olivate, Coco-Caprylate/Caprate, Sorbitan Olivate, Squalane, Helianthus Annuus (Sunflower) Seed Oil, Butyrospermum Parkii (Shea) Butter, Octyldodecanol, Triheptanoin, Allantoin, Zinc Oxide, Squalene, Helianthus Annuus (Sunflower) Seed Wax, Phytosteryl Macadamiate, Phytosterols, Lecithin, Acetyl Glutamine, Castanea Sativa (Chestnut) Leaf Extract, Ceramide NP, Amylopectin, Chlorophyllin-Copper Complex, Phytosphingosine, Ceramide AP, Cholesterol, Folic Acid, Hexapeptide-11, Oligopeptide-1, Oligopeptide-2, Bacillus/Soybean Ferment Extract, Sodium Hyaluronate, Oligopeptide-3, Tocopherol, Lithothamnion Calcareum Extract, Ceramide EOP, Carbomer, Sodium Stearoyl Glutamate, C9-12 Alkane, Polyurethane-100, Caprylyl Glycol, Ethylhexylglycerin, Hexylene Glycol, Caprylic/Capric Triglyceride, Sodium Lauroyl Lactylate, Sodium Hydroxide, Sodium Citrate, Propanediol, Polyhydroxystearic Acid, Pentylene Glycol, Sodium Dehydroacetate, Phenylpropanol, Citric Acid, Xanthan Gum, Lactic Acid, Potassium Sorbate, Sodium Benzoate, Phenoxyethanol",hyaluronic-acid;ceramides;squalane;lactic-acid,,,,,,,,,,,,,brand_direct,true,https://skinfix.com/products/eczema-dermatitis-relief-balm,/product-images/brand-direct/000457f-01.png
000458F-01,skin-protectant,Hand Relief Cream,Skinfix,,"Active Ingredient: Colloidal Oatmeal 1% Inactive Ingredients: Water/Eau/Aqua, Vegetable Oil/Huile Végétale, Glycerin, Helianthus Annuus (Sunflower) Seed Oil, Butyrospermum Parkii (Shea) Butter, Polyglyceryl-2 Stearate, Stearyl Alcohol, Glyceryl Stearate, Caprylic/Capric Triglyceride, Caprylyl Caprylate/Caprate, Jojoba Oil/Macadamia Seed Oil Esters, Annona Cherimola Fruit Extract, Helianthus Annuus (Sunflower) Seed Wax, Oryza Sativa (Rice) Bran Extract, Cocos Nucifera (Coconut) Oil, Simmondsia Chinensis (Jojoba) Seed Oil, Squalene, Helianthus Annuus (Sunflower) Extract, Allantoin, Tocopherol, Rosmarinus Officinalis (Rosemary) Leaf Extract, Phytosteryl Macadamiate, Amylopectin, Phytosterols, Lecithin, Acetyl Glutamine, Lithothamnion Calcareum Extract, Folic Acid, Bacillus/Soybean Ferment Extract, Oligopeptide-3, Sodium Hyaluronate, Oligopeptide-2, Oligopeptide-1, Hexapeptide-11, Lactic Acid, Ceramide NP, Ceramide AP, Phytosphingosine, Cholesterol, Ceramide EOP, Xanthan Gum, Potassium Sorbate, Trisodium Ethylenediamine Disuccinate, Citric Acid, Ethylhexylglycerin, Sodium Citrate, Propanediol, Pentylene Glycol, Phenylpropanol, Sodium Dehydroacetate, Caprylyl Glycol, Sodium Lauroyl Lactylate, Sodium Benzoate, Carbomer, Phenoxyethanol",hyaluronic-acid;ceramides;lactic-acid,,,,,,,,,,,,,brand_direct,true,https://skinfix.com/products/eczema-hand-relief-cream,/product-images/brand-direct/000458f-01.png
000437F-01,skin-protectant,Adapinoid® Gel,Skinfix,,"Water/Aqua/Eau, Caprylic/Capric Triglyceride, Propanediol, Squalane, Solanum Tuberosum (Potato) Pulp Extract, Niacinamide, Sodium Stearoyl Lactylate, Pisum Sativum Peptide, Sodium Hyaluronate, Furcellaria Lumbricalis Extract, Oleyl Adapalenate, Glycerin, Laminaria Digitata Extract, Tocopherol, Opuntia Ficus-Indica Stem Extract, Galactoarabinan, Chlorophyllin-Copper Complex, Maltodextrin, Schizophyllan, Polylysine, Tripeptide-1, Xanthan Gum, Sodium Citrate, Magnesium Stearate, Ethylhexylglycerin, Butylene Glycol, Dextran, citric acid, Phenoxyethanol",niacinamide;hyaluronic-acid;squalane,,,,,,,,,,,,,brand_direct,true,https://skinfix.com/products/acne-adapinoid-gel,/product-images/brand-direct/000437f-01.png
000454F-01,brightening-texture,KP + PsO Smoothing Body Treatment,Skinfix,,"Water/Eau/Aqua, Vegetable Oil/Huile Végétale, Octyldodecanol, Caprylic/Capric Triglyceride, Glycolic Acid, Cetearyl Olivate, Caprylyl Caprylate/Caprate, Propanediol, Cetyl Stearate, Magnesium Aluminum Silicate, Sorbitan Olivate, Sodium Hydroxide, Lactic Acid, Salicylic Acid, Niacinamide, Oryza Sativa (Rice) Bran Extract, Stearalkonium Hectorite, Butyrospermum Parkii (Shea) Butter, Betaine, Xanthan Gum, Jojoba Oil/Macadamia Seed Oil Esters, Glycerin, Helianthus Annuus (Sunflower) Extract, Trisodium Ethylenediamine Disuccinate, Allantoin, Ethylhexylglycerin, Tocopherol, Rosmarinus Officinalis (Rosemary) Leaf Extract, Squalene, Salinicoccus Lysate Filtrate, Cucurbita Pepo (Pumpkin) Seed Extract, Urea, Amylopectin, Cucurbita Maxima Fruit Extract, Phytosteryl Macadamiate, Lithothamnion Calcareum Extract, Lecithin, Acetyl Glutamine, Polydextrose, Dextrin, Bacillus Ferment, Phytosterols, Folic Acid, Bacillus/Soybean Ferment Extract, Oligopeptide-2, Sodium Hyaluronate, Caprylyl Glycol, Hexapeptide-11, Oligopeptide-1, Oligopeptide-3, Propylene Carbonate, Potassium Sorbate, Pentylene Glycol, Sodium Benzoate, Phenoxyethanol",niacinamide;hyaluronic-acid;glycolic-acid;lactic-acid,,,,,,,,,,,,,brand_direct,true,https://skinfix.com/products/keratosis-pilaris-pso-body-treatment,/product-images/brand-direct/000454f-01.png
000450F-01,skin-protectant,Triple Lipid Eye Treatment,Skinfix,,"Aqua/Water/Eau, Caprylyl Caprylate/Caprate, Jojoba Oil/Macadamia Seed Oil Esters, Propanediol, Niacinamide, Ammonium Acryloyldimethyltaurate/VP Copolymer, Hydroxyethyl Acrylate/Sodium Acryloyldimethyl Taurate Copolymer, Hydrolyzed Vegetable Protein, Squalane, Caffeine, Squalene, Macadamia Integrifolia Seed Oil, Asparagopsis Armata Extract, Hydrogenated Starch Hydrolysate, Phytosteryl Macadamiate, Acetyl Glucosamine, Acetyl Glutamine, Lecithin, Phospholipids, Leuconostoc/Radish Root Ferment Filtrate, Polyglutamic Acid, Phytosterols, Ascophyllum Nodosum Extract, Ceramide NP, Bacillus/Soybean Ferment Extract, Oligopeptide-3, Oligopeptide-2, Oligopeptide-1, Hexapeptide-11, Tocopheryl Acetate, Sodium Hyaluronate, Folic Acid, Amylopectin, Tocopherol, Phytosphingosine, Ceramide AP, Cholesterol, Lithothamnion Calcareum Extract, Lactic Acid, Myrica Cerifera (Bayberry) Fruit Extract, Hydroxyacetophenone, Prunus Lannesiana Flower Extract, Akebia Quinata Stem Extract, Saccharomyces Lysate, Lactobacillus Ferment Lysate, Ceramide EOP, Tripeptide-1, Caprylyl Glycol, Polysorbate 60, Glycerin, Ethylhexylglycerin, Hexylene Glycol, Sodium Lauroyl Lactylate, Sorbitan Isostearate, Trisodium Ethylenediamine Disuccinate, Butylene Glycol, Pentylene Glycol, Xanthan Gum, Carbomer, Sodium Benzoate, Potassium Sorbate, 1,2-Hexanediol, Dextran, Phenoxyethanol",niacinamide;hyaluronic-acid;ceramides;squalane;lactic-acid,,,,,,,,,,,,,brand_direct,true,https://skinfix.com/products/triple-lipid-eye-treatment,/product-images/brand-direct/000450f-01.png
000441F-01,brightening-texture,Triple Lipid Activating Serum,Skinfix,,"Water/Aqua/Eau, Caprylyl Caprylate/Caprate, Propanediol, Jojoba Oil/Macadamia Seed Oil Esters, Niacinamide, Glycerin, Ammonium Acryloyldimethyltaurate/VP Copolymer, Squalene, Macadamia Integrifolia Seed Oil, Amylopectin, Lecithin, Phytosteryl Macadamiate, Hydrolyzed Vegetable Protein, Lithothamnion Calcareum Extract, Sodium Hyaluronate, Oligopeptide-3, Oligopeptide-2, Oligopeptide-1, Hexapeptide-11, Folic Acid, Bacillus/Soybean Ferment Extract, Lactic Acid, Phospholipids, Ceramide NP, Phytosterols, Phytosphingosine, Ceramide AP, Cholesterol, Myrica Cerifera (Bayberry) Fruit Extract, Akebia Quinata Stem Extract, Prunus Lannesiana (Cherry Blossom) Flower Extract, Saccharomyces Lysate, Lactobacillus Ferment Lysate, Tripeptide-1, Ceramide EOP, Polyglutamic Acid, Tocopheryl Acetate, Tocopherol, Butylene Glycol, Caprylyl Glycol, Sodium Lauroyl Lactylate, Ethylhexylglycerin, Hexylene Glycol, Pentylene Glycol, Acetyl Glutamine, Trisodium Ethylenediamine Disuccinate, Leuconostoc/Radish Root Ferment Filtrate, Sodium Benzoate, Hydroxyacetophenone, Xanthan Gum, Potassium Sorbate, Carbomer, 1,2-Hexanediol, Dextran, Phenoxyethanol",niacinamide;hyaluronic-acid;ceramides;lactic-acid,,,,,,,,,,,,,brand_direct,true,https://skinfix.com/products/barrier-niacinamide-serum,/product-images/brand-direct/000441f-01.png
000475F-02,brightening-texture,Skin Barrier Restoring Gel Cream,Skinfix,,"Water/Eau/Aqua, Squalane, Propanediol, Jojoba Oil/Macadamia Seed Oil Esters, Triheptanoin, Niacinamide, Saccharide Isomerate, Ammonium Acryloyldimethyltaurate/Vp Copolymer, Squalene, Zinc Pca, Hydrolyzed Hyaluronic Acid, Glycerin, Camellia Sinensis Seed Extract, Allantoin, Phytosteryl Macadamiate, Phytosterols, Acetyl Glutamine, Lecithin, Caprylyl Glycol, Amylopectin, Sodium Hyaluronate, Folic Acid, Oligopeptide-3, Bacillus/Soybean Ferment Extract, Oligopeptide-1, Oligopeptide-2, Hexapeptide-11, Tocopherol, Lithothamnion Calcareum Extract, Lactic Acid, Glucose, Acetyl Heptapeptide-4, C14-22 Alcohols, C12-20 Alkyl Glucoside, Ethylhexylglycerin, Trisodium Ethylenediamine Disuccinate, Potassium Sorbate, Citric Acid, Sodium Citrate, Pentylene Glycol, Sodium Benzoate, Xanthan Gum, Phenoxyethanol",niacinamide;hyaluronic-acid;squalane;lactic-acid,,,,,,,,,,,,,brand_direct,true,https://skinfix.com/products/restoring-gel-cream,/product-images/brand-direct/000475f-02.png
000398F-01,brightening-texture,2% BHA Spot Treatment,Skinfix,,"Active Ingredients: Salicylic Acid 2% Inactive Ingredients: Water/Eau/Aqua, Azelaic Acid, Caprylic/Capric Triglyceride, Kaolin, Propanediol, Arachidyl Alcohol, Stearyl Alcohol, Behenyl Alcohol, Niacinamide, Bentonite, Arachidyl Glucoside, Potassium Cetyl Phosphate, Zinc PCA, Glycyrrhiza Glabra (Licorice) Root Extract, Camellia Sinensis Leaf Extract, Amylopectin, Glucose, Citric Acid, Potassium Sorbate, Sodium Hydroxide, Ethylhexylglycerin, Stearyl Glycyrrhetinate, Dextrin, Polydextrose, Phenoxyethanol, Xanthan Gum, Glycerin, Sodium Benzoate",niacinamide;azelaic-acid,,,,,,,,,,,,,brand_direct,true,https://skinfix.com/products/acne-bha-spot-treatment,/product-images/brand-direct/000398f-01.png
000395F-01,brightening-texture,2% BHA Cleanser,Skinfix,,"Active Ingredient: Salicylic Acid 2% Inactive Ingredients: Water/Aqua/Eau, Cocamidopropyl Hydroxysultaine, Stearyl Alcohol, Bentonite, Propanediol, Disodium Cocoyl Glutamate, Glycolic Acid, Niacinamide, Azelaic Acid, Camellia Sinensis Leaf Extract, Dextrin, Polydextrose, Amylopectin, Leuconostoc/Radish Root Ferment Filtrate, Xanthan Gum, Sodium Cocoyl Glutamate, Sodium Hydroxide, Sodium Chloride, Glycerin, Ethylhexylglycerin, Potassium Sorbate, Citric Acid, Phenoxyethanol",niacinamide;azelaic-acid;glycolic-acid,,,,,,,,,,,,,brand_direct,true,https://skinfix.com/products/acne-bha-cleanser,/product-images/brand-direct/000395f-01.png
000509F-01,skin-protectant,Hydrating Foaming Oil Cleanser,Skinfix,,"Aqua/Water/Eau/, Sodium Methyl Cocoyl Taurate, Cocamidopropyl Hydroxysultaine, Glycerin, Caprylyl/Capryl Glucoside, Sodium Cocoyl Isethionate, Glycol Distearate, Betaine, Aloe Barbadensis Leaf Juice, Sodium Hyaluronate, Hydroxypropyl Guar Hydroxypropyltrimonium Chloride, Xanthan Gum, Propanediol, Panthenol, Pentylene Glycol, Phenethyl Alcohol, Chondrus Crispus (Carrageenan) Extract, Trisodium Ethylenediamine Disuccinate, Gluconolactone, Jojoba Oil/Macadamia Seed Oil Esters, Squalene, Phytosteryl Macadamiate, Phytosterols, Tocopherol, Cocamidopropyl Dimethylamine, Tetrasodium Glutamate Diacetate, Sodium Chloride, Citric Acid, Ethylhexylglycerin, Sodium Benzoate, Benzoic Acid, Phenoxyethanol. 2412 *Please check packaging for most up-to-date ingredient list",hyaluronic-acid;panthenol,,,,,,,,,,,,,brand_direct,true,https://skinfix.com/products/foaming-oil-cleanser,/product-images/brand-direct/000509f-01.png
000371F-01,skin-protectant,Lipid-Boost Body Cream,Skinfix,,"Water/Aqua/Eau, Glycerin, Caprylic/Capric Triglyceride, Prunus Amygdalus Dulcis (Sweet Almond) Oil, Stearyl Alcohol, Butyrospermum Parkii (Shea) Butter, Polyglyceryl-2 Stearate, Avena Sativa (Oat) Kernel Flour, Caprylyl Caprylate/Caprate, Glyceryl Stearate, Vitis Vinifera (Grape) Seed Oil, Helianthus Annuus (Sunflower) Seed Oil, Oryza Sativa (Rice) Bran Extract, Avena Sativa (Oat) Kernel Oil, Xanthan Gum, Allantoin, Helianthus Annuus (Sunflower) Extract, Moringa Oleifera Seed Oil, Simmondsia Chinensis (Jojoba) Seed Oil, Tocopherol, Rosmarinus Officinalis (Rosemary) Leaf Extract, Aloe Barbadensis Leaf Juice, Sodium Lauroyl Lactylate, Avena Sativa (Oat) Kernel Extract, Ceramide NP, Ceramide AP, Phytosphingosine, Cholesterol, Carbomer, Ceramide EOP, Trisodium Ethylenediamine Disuccinate, Citric Acid, Hydroxyacetophenone, Ethylhexylglycerin, Potassium Sorbate, Phenoxyethanol",ceramides,,,,,,,,,,,,,brand_direct,true,https://skinfix.com/products/lipid-boost-body-cream,/product-images/brand-direct/000371f-01.png
000340F-01,skin-protectant,AHA/BHA Renewing Cream,Skinfix,,"Water/Eau/Aqua, Cocos Nucifera (Coconut) Oil, Caprylic/Capric Triglyceride, Stearyl Alcohol, Vegetable Oil/Huile Végétale, Polyglyceryl-2 Stearate, Glycerin, Propanediol, Butyrospermum Parkii (Shea) Butter, Caprylyl Caprylate/Caprate, Glyceryl Stearate, Vaccinium Myrtillus Fruit Extract, Betaine, Oryza Sativa (Rice) Bran Extract, Saccharum Officinarum (Sugar cane/canne à sucre) Extract, Panthenol, Allantoin, Bisabolol, Citrus Aurantium Dulcis (Orange) Fruit Extract, Citrus Limon (Lemon) Fruit Extract, Helianthus Annuus (Sunflower) Extract, Citric Acid, Salix Nigra (Willow) Bark Extract, Simmondsia Chinensis (Jojoba) Seed Oil, Prunus Amygdalus Dulcis (Sweet Almond) Oil, Vitis Vinifera (Grape) Seed Oil, Acer Saccharum (Sugar Maple) Extract, Aloe Barbadensis Leaf Juice, Tocopherol, Rosmarinus Officinalis (Rosemary) Leaf Extract, Microcitrus Australasica Fruit Extract, Xanthan Gum, Potassium Sorbate, Ethylhexylglycerin, Trisodium Ethylenediamine Disuccinate, Potassium Hydroxide, Phenoxyethanol",panthenol,,,,,,,,,,,,,brand_direct,true,https://skinfix.com/products/aha-bha-renewing-cream,/product-images/brand-direct/000340f-01.png
000342F-01,brightening-texture,Glycolic Renewing Scrub,Skinfix,,"Water/Eau/Aqua, Hydrogenated Castor Oil, Glycerin, Vitis Vinifera (Grape) Seed Oil, Cocos Nucifera (Coconut) Oil, Caprylic/Capric Triglyceride, Glycolic Acid, Lactic Acid, Cetearyl Alcohol, Stearyl Alcohol, Sodium Hydroxide, Propanediol, Cetearyl Glucoside, Betaine, Oryza Sativa (Rice) Bran Extract, Panthenol, Chlorphenesin, Helianthus Annuus (Sunflower) Extract, Bisabolol, Simmondsia Chinensis (Jojoba) Seed Oil, Prunus Amygdalus Dulcis (Sweet Almond) Oil, Bambusa Arundinacea Stem Extract, Lactobacillus/Punica Granatum Fruit Ferment Extract, Lactobacillus/Pumpkin Fruit Ferment Filtrate, Aloe Barbadensis (Aloe Vera) Leaf Juice, Allantoin, Tocopherol, Rosmarinus Officinalis (Rosemary) Leaf Extract, Vaccinium Myrtillus Fruit Extract, Salix Nigra (Willow) Bark Extract, Glucose, Saccharum Officinarum (Sugarcane) Extract, Saccharum Officinarum Extract (Sugar Cane Extract/Extrait De Canne À Sucre), Citrus Aurantium Dulcis (Orange) Fruit Extract, Citrus Limon (Lemon) Fruit Extract, Leuconostoc/Radish Root Ferment Filtrate, Microcitrus Australasica Fruit Extract, Acer Saccharum (Sugar Maple) Extract, Xanthan Gum, Caprylyl Glycol, Trisodium Ethylenediamine Disuccinate, Potassium Sorbate, Citric Acid, Phenoxyethanol",glycolic-acid;panthenol;lactic-acid,,,,,,,,,,,,,brand_direct,true,https://skinfix.com/products/glycolic-renewing-scrub,/product-images/brand-direct/000342f-01.png
000312F-01,skin-protectant,Triple Lipid-Peptide Cream,Skinfix,,"Water/Aqua/Eau, Caprylic/Capric Triglyceride, Glycerin, Butyrospermum Parkii (Shea) Butter, Olus Oil/Vegetable Oil/Huile végétale, Cetyl Lactate, Propanediol, C12-16 Alcohols, Caprylyl Caprylate/Caprate, Jojoba Oil/Macadamia Seed Oil Esters, Glyceryl Stearate Citrate, Palmitic Acid, Hydrogenated Lecithin, Oryza Sativa (Rice) Bran Extract, Dilinoleic Acid/Propanediol Copolymer, Squalene, Ophiopogon Japonicus Root Extract, Xanthan Gum, Phytosteryl Sunflowerseedate, Glycine Soja (Soybean) Extract, Pentylene Glycol, Ceramide NP, Ceramide AP, Ceramide EOP, Hydrolyzed Rice Protein, Chondrus Crispus Extract, Hydrogenated Vegetable Glycerides, Helianthus Annuus (Sunflower) Extract, Sodium Hyaluronate, Citric Acid, Phytosteryl Macadamiate, Tocopherol, Rosmarinus Officinalis (Rosemary) Leaf Extract, Aloe Barbadensis Leaf Juice, Trisodium Ethylenediamine Disuccinate, Phytosterols, Sodium Lauroyl Lactylate, Gluconolactone, Phenethyl Alcohol, Phytosphingosine, Cholesterol, Carbomer, Potassium Sorbate, Ethylhexylglycerin, Hydroxyacetophenone, Sodium Benzoate, Phenoxyethanol",hyaluronic-acid;ceramides,,,,,,,,,,,,,brand_direct,true,https://skinfix.com/products/lipid-peptide-cream,/product-images/brand-direct/000312f-01.png
000314F-01,skin-protectant,Triple Lipid-Boost 360° Eye,Skinfix,,"Aqua/Water/Eau, Glycerin, C10-18 Triglycerides, Caprylyl Caprylate/Caprate, Propanediol, Jojoba Oil/Macadamia Seed Oil Esters, Cetearyl Olivate, Octyldodecanol, Stearyl Alcohol, Caprylic/Capric Triglyceride, Sorbitan Olivate, Behenyl Alcohol, Phytosterols, Gluconolactone, Sodium Benzoate, Sodium Hyaluronate. Oryza Sativa (Rice) Bran Extract, Myristyl Myristate, Squalene, Xanthan Gum, Potassium Sorbate, Chondrus Crispus Extract, Saccharomyces Cerevisiae Extract, Hydrolyzed Lupine Protein, Citric Acid, Helianthus Annuus (Sunflower) Extract, Medicago Sativa (Alfalfa) Seed Extract, Phytosteryl Macadamiate, Tocopherol, Aloe Barbadensis Leaf Juice, Rosmarinus Officinalis (Rosemary) Leaf Extract, Trisodium Ethylenediamine Disuccinate, Caprylyl Glycol, Hydroxyacetophenone,1,2-Hexanediol, Ethylhexylglycerin, Phenoxyethanol 2406",hyaluronic-acid,,,,,,,,,,,,,brand_direct,true,https://skinfix.com/products/lipid-boost-360-eye,/product-images/brand-direct/000314f-01.png
000318F-01,skin-protectant,911 Ointment,Skinfix,,"Active/Medicinal Ingredient: Allantoin 0.5% Inactive/Non-medicinal Ingredients: Petrolatum, Helianthus Annuus (Sunflower) Seed Oil, Cera Alba/Beeswax/Cire d'abeille, Butyrospermum Parkii (Shea) Butter, Theobroma Grandiflorum (Cupuaçu) Seed Butter, Bisabolol, Aloe Barbadensis Leaf Extract, Rosa Canina (Dog Rose) Fruit Oil, Cocos Nucifera (Coconut) Oil, Simmonsia Chinensis (Jojoba) Seed Oil, Tocopherol",petrolatum,,,,,,,,,,,,,brand_direct,true,https://skinfix.com/products/911-miracle-ointment,/product-images/brand-direct/000318f-01.png
PMEUS53047R00,skin-protectant,PDRN Pink Collagen Glow Jelly Mist Serum,Medicube,,"COLLAGEN WATER(80.9%), ISOPROPYL MYRISTATE, GLYCERIN, NIACINAMIDE, 1,2-HEXANEDIOL, WATER, SODIUM CHLORIDE, LIMNANTHES ALBA (MEADOWFOAM) SEED OIL, BUTYLENE GLYCOL, HYDROXYACETOPHENONE, PROPANEDIOL, GELLAN GUM, SODIUM DNA(1,081ppm), HELIANTHUS ANNUUS (SUNFLOWER) SEED OIL, ETHYLHEXYLGLYCERIN, ADENOSINE, TRIETHYL CITRATE, ZEA MAYS (CORN) KERNEL EXTRACT, ALKANNA TINCTORIA ROOT EXTRACT, DISODIUM EDTA, TOCOPHEROL, HYALURONIC ACID, HYDROLYZED HYALURONIC ACID, SODIUM HYALURONATE, COLLAGEN(10.8ppm), FRUCTAN, BETULA ALBA BARK/LEAF EXTRACT, RICINUS COMMUNIS (CASTOR) SEED OIL, GLUCOSE, CYMBOPOGON CITRATUS LEAF OIL, ILLICIUM VERUM (ANISE) FRUIT/SEED OIL, SQUALANE, GLUTATHIONE, HYDROLYZED ELASTIN, SALMON EGG EXTRACT, MALTODEXTRIN, CAPRYLIC/CAPRIC TRIGLYCERIDE, HYDROGENATED LECITHIN, CERAMIDE NP, SODIUM CITRATE, CAPRYLYL GLYCOL, SODIUM PHOSPHATE, CITRIC ACID, PEARL EXTRACT, CYANOCOBALAMIN, SH-OLIGOPEPTIDE-1",niacinamide;hyaluronic-acid;ceramides;squalane,,,,,,,,,,,,,brand_direct,true,https://medicube.us/products/pdrn-jelly-mist,/product-images/brand-direct/pmeus53047r00.jpg
PMEUS43031R00,skin-protectant,Vita A Retinal Volume Booster Serum,Medicube,,"Water, Butylene Glycol, Hydrogenated Polyisobutene, Caprylic/Capric Triglyceride, Glycerin, Cetearyl Alcohol, Niacinamide, Pentylene Glycol, 1,2-Hexanediol, Dicaprylyl Carbonate, Panthenol, Cetearyl Olivate, Tapioca Starch, Sorbitan Olivate, Hydroxyethyl Acrylate/Sodium Acryloyldimethyl Taurate Copolymer, Methyl Hydrogenated Rosinate, Methylpropanediol, Dipropylene Glycol, C12-15 Alkyl Benzoate, Dimethicone, Vinyl Dimethicone, Cetearyl Glucoside, Carbomer, Tromethamine, Macadamia Ternifolia Seed Oil, Retinal, Hydrogenated Lecithin, Glyceryl Stearate, Olea Europaea (Olive) Fruit Oil, Pentaerythrityl Tetra-di-t-butyl Hydroxyhydrocinnamate, Dilauryl Thiodipropionate, Ethylhexylglycerin, Brassica Campestris (Rapeseed) Sterols, Adenosine, Sodium Acrylate/Sodium Acryloyldimethyl Taurate Copolymer, Cholesterol, Propanediol, Polyisobutene, Polyglyceryl-10 Laurate, Sorbitan Isostearate, Dipotassium Glycyrrhizate, Sodium Phytate, Allantoin, Dimethyl Isosorbide, Cyclodextrin, Potassium Cetyl Phosphate, Amyris Balsamifera Bark Oil, Sorbitan Oleate, Caprylyl/Capryl Glucoside, Biosaccharide Gum-1, Anemarrhena Asphodeloides Root Extract, Stearic Acid, Oleic Acid, Potassium Hydroxide, Retinol, Retinyl Acetate, Hydroxypinacolone Retinoate, Tocopherol, Tris(Tetramethylhydroxypiperidinol) Citrate, Hydrolyzed Sponge, Ceramide NP, Angelica Archangelica Root Oil, Glycine Soja (Soybean) Oil, Ferula Galbaniflua (Galbanum) Resin Oil, Citrus Aurantium Amara (Bitter Orange) Leaf/Twig Oil, Jasminum Officinale (Jasmine) Oil, Phytosteryl/Behenyl/Octyldodecyl Lauroyl Glutamate, Ammonium Acryloyldimethyltaurate/VP Copolymer, Aluminum/Magnesium Hydroxide Stearate, Carnosine, Collagen, Chitosan, Squalane, Centella Asiatica Extract, Octanediol",niacinamide;retinol-cosmetic;ceramides;squalane;centella-asiatica;panthenol,,,,,,,,,,,,,brand_direct,true,https://medicube.us/products/vita-a-retinal-volume-booster-serum,/product-images/brand-direct/pmeus43031r00.jpg
PMEUS53056R00,skin-protectant,PDRN Hydrating UV Sun Serum,Medicube,,"Water, Butyloctyl Salicylate, Homosalate, Octocrylene, Propanediol, Octisalate, Methyl Methacrylate Crosspolymer, Benzotriazolyl Dodecyl p-Cresol, Ensulizole, Tromethamine, Isododecane, Methyl Trimethicone, Pentylene Glycol, Polymethylsilsesquioxane, Methylpropanediol, Acrylates Copolymer, Cetearyl Alcohol, C11-13 Isoalkane, Butylene Glycol, Dipropylene Glycol, Diglycerin, Polyglyceryl-3 Methylglucose Distearate, Dimethiconol, Poly C10-30 Alkyl Acrylate, Polyacrylic Acid, 1,2-Hexanediol, Dimethicone/Vinyl Dimethicone Crosspolymer, Polyamide-8, Ammonium Acryloyldimethyltaurate/VP Copolymer, Polyether-1, Sphingomonas Ferment Extract, Ethylhexylglycerin, Allantoin, Sodium Stearoyl Glutamate, Biosaccharide Gum-1, Pentaerythrityl Tetra-di-t-butyl Hydroxyhydrocinnamate, Tocopherol, Niacinamide, Panthenol, Sodium DNA, Sodium Hyaluronate, Centella Asiatica Extract",niacinamide;hyaluronic-acid;centella-asiatica;panthenol,,,,,,,,,,,,,brand_direct,true,https://medicube.us/products/pdrn-hydrating-uv-sun-serum,/product-images/brand-direct/pmeus53056r00.jpg
PMEUS53063R00,brightening-texture,PDRN Collagen Gua Sha Neck Wrinkle Cream,Medicube,,"WATER, GLYCERIN, HYDROGENATED POLYISOBUTENE, DIMETHICONE, NIACINAMIDE, PENTYLENE GLYCOL, 1,2-HEXANEDIOL, CAPRYLIC/CAPRIC TRIGLYCERIDE, CAPRYLYL METHICONE, VINYL DIMETHICONE, AMMONIUM ACRYLOYLDIMETHYLTAURATE/VP COPOLYMER, CETEARYL ALCOHOL, GLYCERYL STEARATE, POLYGLYCERYL-3 METHYLGLUCOSE DISTEARATE, CARBOMER, TROMETHAMINE, PALMITIC ACID, ETHYLHEXYLGLYCERIN, STEARIC ACID, ADENOSINE, SODIUM PHYTATE, ANEMARRHENA ASPHODELOIDES ROOT EXTRACT, BUTYLENE GLYCOL, TOCOPHEROL, HYALURONIC ACID, SORBITOL, LECITHIN, HYDROGENATED LECITHIN, MACADAMIA TERNIFOLIA SEED OIL, NICOTINAMIDE ADENINE DINUCLEOTIDE, SODIUM DNA, RETINOL, BRASSICA CAMPESTRIS (RAPESEED) STEROLS, CHOLESTEROL, POLYGLYCERYL-10 LAURATE, CERAMIDE NP, DIPOTASSIUM GLYCYRRHIZATE, PHYTOSTERYL/BEHENYL/OCTYLDODECYL LAUROYL GLUTAMATE, TOCOPHERYL ACETATE, ALUMINUM/MAGNESIUM HYDROXIDE STEARATE, PENTAERYTHRITYL TETRA-DI-T-BUTYL HYDROXYHYDROCINNAMATE, POTASSIUM CETYL PHOSPHATE, DIETHYLHEXYL SYRINGYLIDENEMALONATE, TRIS(TETRAMETHYLHYDROXYPIPERIDINOL) CITRATE, ACETYL HEXAPEPTIDE-8, MALUS DOMESTICA FRUIT CELL CULTURE EXTRACT, QUERCETIN, ASCORBIC ACID POLYPEPTIDE, HYDROLYZED COLLAGEN, ACETYL OCTAPEPTIDE-3, ACETYL TETRAPEPTIDE-2, ACETYL TETRAPEPTIDE-3, ACETYL TETRAPEPTIDE-5, ACETYL TETRAPEPTIDE-9, CARNOSINE, COPPER TRIPEPTIDE-1, NONAPEPTIDE-1, PALMITOYL PENTAPEPTIDE-4, PALMITOYL TRIPEPTIDE-1, PALMITOYL TRIPEPTIDE-5",niacinamide;vitamin-c;hyaluronic-acid;retinol-cosmetic;ceramides;peptides,,,,,,,,,,,,,brand_direct,true,https://medicube.us/products/pdrn-collagen-gua-sha-neck-wrinkle-cream,/product-images/brand-direct/pmeus53063r00.jpg
PMEUS56001R00,brightening-texture,Glow Vanilla Hair & Body Fragrance Mist,Medicube,,"ALCOHOL DENAT., WATER, FRAGRANCE, DIPROPYLENE GLYCOL, NIACINAMIDE, BENZYL SALICYLATE, KOJIC ACID, ETHYLHEXYLGLYCERIN, HYDROXYCITRONELLAL, COUMARIN, LIMONENE, 1,2-HEXANEDIOL, SODIUM HYALURONATE, HYDROXYPROPYLTRIMONIUM HYALURONATE, HYDROLYZED HYALURONIC ACID, SODIUM ACETYLATED HYALURONATE, HYALURONIC ACID, SODIUM HYALURONATE CROSSPOLYMER, POTASSIUM HYALURONATE",niacinamide;hyaluronic-acid;kojic-acid,,,,,,,,,,,,,brand_direct,true,https://medicube.us/products/glow-vanilla-hair-body-fragrance-mist,/product-images/brand-direct/pmeus56001r00.jpg
PMEUS68020R00,brightening-texture,Kojic Acid Turmeric Purifying Gel Cleanser,Medicube,,"WATER, GLYCERIN, SODIUM C14-16 OLEFIN SULFONATE, LAURYL BETAINE, ACRYLATES COPOLYMER, SODIUM CHLORIDE, 1,2-HEXANEDIOL, HYDROXYACETOPHENONE, SODIUM HYDROXIDE, SALICYLIC ACID, CAPRYLYL GLYCOL, POLYQUATERNIUM-67, ETHYLHEXYLGLYCERIN, SODIUM CITRATE, BUTYLENE GLYCOL, DISODIUM EDTA, KOJIC ACID, CURCUMA LONGA (TURMERIC) ROOT EXTRACT, PANTHENOL, MALT EXTRACT, COPTIS JAPONICA ROOT EXTRACT, NIACINAMIDE, TROMETHAMINE, ASCORBIC ACID, HYDROGENATED LECITHIN, CETEARYL ALCOHOL, STEARIC ACID, SODIUM HYALURONATE, CERAMIDE NP, HYDROXYPROPYLTRIMONIUM HYALURONATE, CHOLESTEROL, HYDROLYZED HYALURONIC ACID, PHYTOSPHINGOSINE, SODIUM ACETYLATED HYALURONATE, CERAMIDE NG, CERAMIDE NS, CERAMIDE AP, CERAMIDE AS, HYALURONIC ACID, SODIUM HYALURONATE CROSSPOLYMER, POTASSIUM HYALURONATE, CERAMIDE EOP",niacinamide;vitamin-c;hyaluronic-acid;ceramides;panthenol;kojic-acid,,,,,,,,,,,,,brand_direct,true,https://medicube.us/products/kojic-acid-turmeric-purifying-gel-cleanser,/product-images/brand-direct/pmeus68020r00.jpg
PMEUS53051R00,skin-protectant,Rosemary PDRN Damage Care Hair Mask,Medicube,,"Water, Cetyl Alcohol, Dimethicone, Steartrimonium Chloride, Phenyl Trimethicone, Behentrimonium Chloride, Propylene Glycol, Fragrance, Cetearyl Alcohol, Amodimethicone, Dipropylene Glycol, Caprylyl Glycol, Dimethiconol, Polyquaternium-10, Hydrolyzed Corn Starch, Citric Acid, Disodium EDTA, Ipomoea Batatas Root Extract, Gardenia Florida Fruit Extract, Dextrin, Sodium Chloride, Glycerin, Caprylic/Capric Triglyceride, Bis-Bromoacetylaminoethyl Glycol, Polyglyceryl-10 Stearate, Polyglyceryl-10 Oleate, Hydrogenated Lecithin, Polyglyceryl-2 Stearate, Argania Spinosa Kernel Oil, Glyceryl Stearate, Stearyl Alcohol, Hydroxyacetophenone, Butylene Glycol, Sodium DNA, Stearic Acid, Rosmarinus Officinalis (Rosemary) Leaf Oil, 1,2-Hexanediol, Hydrolyzed Collagen, Hydrolyzed Keratin, Ceramide NP, Hydrolyzed Wheat Protein, Hydrolyzed Corn Protein, Hydrolyzed Pea Protein, Hydrolyzed Soy Protein, Hydrolyzed Rice Protein, Hydrolyzed Potato Protein, Hydrolyzed Oat Protein, Hydrolyzed Barley Protein, Hydrolyzed Rice Bran Protein, Hydrolyzed Sweet Almond Protein, Glyceryl Caprylate, Ceramide NG, Glycine, Sodium Hyaluronate, Ethylhexylglycerin, Cholesterol, Phytosphingosine, Rosmarinus Officinalis (Rosemary) Extract, Potassium Hyaluronate, Serine, Glutamic Acid, Ceramide AS, Ceramide AP, Asparagine, Leucine, Aspartic Acid, Glutamine, Alanine, Lysine, Valine, Arginine, Tyrosine, Phenylalanine, Proline, Threonine, Copper Tripeptide-1, Hydrolyzed Hyaluronic Acid, Sodium Hyaluronate Crosspolymer, Sodium Acetylated Hyaluronate, Hydrolyzed Sodium Hyaluronate, Hyaluronic Acid, Hydroxypropyltrimonium Hyaluronate, Isoleucine, Histidine, Methionine, Tryptophan, Ceramide EOP, Benzyl Salicylate, Limonene, Linalool, Hydroxycitronellal",hyaluronic-acid;ceramides;peptides,,,,,,,,,,,,,brand_direct,true,https://medicube.us/products/rosemary-pdrn-damage-care-hair-mask,/product-images/brand-direct/pmeus53051r00.jpg
PMEUS53048R00,brightening-texture,PDRN Pink Collagen Jelly Eye Mask,Medicube,,"WATER, GLYCERIN, PROPANEDIOL, CARRAGEENAN, BETA-GLUCAN, CHONDRUS CRISPUS EXTRACT, CERATONIA SILIQUA (CAROB) GUM, SODIUM HYALURONATE, HYDROGENATED CASTOR OIL, CHLORPHENESIN, HYDROXYACETOPHENONE, CYANOCOBALAMIN, COLLAGEN, CAFFEINE, SODIUM DNA, ARGININE, NIACINAMIDE, PALMITOYL PENTAPEPTIDE-4, HYALURONIC ACID, HYDROLYZED VEGETABLE PROTEIN, NICOTINAMIDE ADENINE DINUCLEOTIDE, RETINOL",niacinamide;hyaluronic-acid;retinol-cosmetic;peptides,,,,,,,,,,,,,brand_direct,true,https://medicube.us/products/pdrn-pink-collagen-jelly-eye-mask,/product-images/brand-direct/pmeus53048r00.jpg
PMEUS68021R01,brightening-texture,Kojic Acid Brightening Deodorant (Vanilla & Pistachio),Medicube,,"DIMETHICONE, ETHYLHEXYL PALMITATE, PARAFFIN, MAGNESIUM HYDROXIDE, PARFUM, OZOKERITE, SYNTHETIC WAX, STEARYL ALCOHOL, SORBITAN STEARATE, TAPIOCA STARCH, DIMETHICONE/VINYL DIMETHICONE CROSSPOLYMER, TOCOPHEROL, SILICA, BUTYROSPERMUM PARKII (SHEA) BUTTER, KOJIC ACID, CURCUMA LONGA (TURMERIC) ROOT EXTRACT, ASCORBYL TETRAISOPALMITATE, NIACINAMIDE, PANTHENOL, CERAMIDE NP, VANILLA PLANIFOLIA FRUIT OIL, PISTACIA VERA SEED OIL, CENTELLA ASIATICA EXTRACT, PORTULACA OLERACEA EXTRACT, HEXYL CINNAMAL, COUMARIN, VANILLIN, CITRAL, TERPINEOL",niacinamide;vitamin-c;ceramides;centella-asiatica;panthenol;kojic-acid,,,,,,,,,,,,,brand_direct,true,https://medicube.us/products/kojic-acid-brightening-deodorant-vanilla-pistachio,/product-images/brand-direct/pmeus68021r01.jpg
PMEUS53053R00,brightening-texture,PDRN Pink Collagen Volume Multi Balm,Medicube,,"Cetyl Ethylhexanoate, Synthetic Wax, Polyglyceryl-2 Triisostearate, Diisostearyl Malate, Microcrystalline Wax, Hydrogenated Polyisobutene, Octyldodecanol, Caprylic/Capric Triglyceride, Euphorbia Cerifera (Candelilla) Wax, Silica Dimethyl Silylate, Lithospermum Erythrorhizon Root Extract, Bisabolol, Butylene Glycol, Polyglyceryl-2 Oleate, Oryza Sativa (Rice) Bran Oil, Adenosine, Sodium DNA, Helianthus Annuus (Sunflower) Seed Oil, Pelargonium Graveolens Flower Oil, Anemarrhena Asphodeloides Root Extract, Cananga Odorata Flower Oil, Citrus Aurantium Bergamia (Bergamot) Fruit Oil, Rosa Damascena Flower Oil, Tocopherol, Water, Caffeine, Collagen, Hippophae Rhamnoides Oil, Sodium Hyaluronate, Glycine Soja (Soybean) Oil, Propanediol, Glycerin, Retinol, Polyglyceryl-10 Oleate, 1,2-Hexanediol, Nicotinamide Mononucleotide, Adenosine Triphosphate, Nicotinamide Adenine Dinucleotide, Alkanna Tinctoria Root Extract, Lecithin, Sodium Phosphate, Ethylhexylglycerin, Hydrolyzed Elastin, Acetyl Hexapeptide-8, Copper Tripeptide-1, Palmitoyl Pentapeptide-4, Acetyl Tetrapeptide-5, Palmitoyl Tetrapeptide-7, Palmitoyl Tripeptide-1, sh-Oligopeptide-1, sh-Oligopeptide-2, sh-Polypeptide-1, sh-Polypeptide-10, sh-Polypeptide-11, sh-Polypeptide-3, sh-Polypeptide-59, sh-Polypeptide-9",hyaluronic-acid;retinol-cosmetic;peptides,,,,,,,,,,,,,brand_direct,true,https://medicube.us/products/pdrn-pink-collagen-volume-multi-balm,/product-images/brand-direct/pmeus53053r00.jpg
PMEUS43022R01,brightening-texture,EGF NAD+ Firming Serum,Medicube,,"WATER (AQUA), BUTYLENE GLYCOL, DIPROPYLENE GLYCOL, NIACINAMIDE, XYLITOL, 1,2-HEXANEDIOL, GLYCERETH-26, ECTOIN, CARBOMER, C12-14 ALKETH-12, TROMETHAMINE, ETHYLHEXYLGLYCERIN, THEOBROMA CACAO (COCOA) SEED EXTRACT, DEXTRIN, ADENOSINE, METHYL DIPROPIONAMIDE, DISODIUM EDTA, CYANOCOBALAMIN, HYDROGENATED PHOSPHATIDYLCHOLINE, SH-OLIGOPEPTIDE-1, 2.5PPM, GLYCERIN, ROSA CANINA FRUIT OIL, NICOTINAMIDE ADENINE DINUCLEOTIDE (1PPM), XYLITYLGLUCOSIDE, ANHYDROXYLITOL, SORBITAN LAURATE, LECITHIN, CAPRYLYL GLYCOL, POLYGLYCERYL-10 LAURATE, HYDROXYETHYLCELLULOSE, ACETYL GLUTAMINE, ACETYL DIPEPTIDE-1 CETYL ESTER, HYDROGENATED LECITHIN, BACILLUS/SOYBEAN FERMENT EXTRACT, VACCINIUM MYRTILLUS (BLUEBERRY) FRUIT EXTRACT, VACCINIUM MACROCARPON (CRANBERRY) FRUIT EXTRACT, VACCINIUM ANGUSTIFOLIUM (BLUEBERRY) FRUIT EXTRACT, VACCINIUM MYRTILLUS FRUIT EXTRACT, VACCINIUM VITIS-IDAEA FRUIT EXTRACT, VACCINIUM ANGUSTIFOLIUM FRUIT EXTRACT, VACCINIUM MACROCARPON FRUIT EXTRACT, SAMBUCUS NIGRA FRUIT EXTRACT, RUBUS IDAEUS (RASPBERRY) FRUIT EXTRACT, RUBUS FRUTICOSUS (BLACKBERRY) FRUIT EXTRACT, PEAR FRUIT EXTRACT, PUNICA GRANATUM FRUIT EXTRACT, PRUNUS PERSICA (PEACH) FRUIT EXTRACT, CARICA PAPAYA (PAPAYA) FRUIT EXTRACT, PINUS PALUSTRIS LEAF EXTRACT, OENOTHERA BIENNIS (EVENING PRIMROSE) FLOWER EXTRACT, COLLAGEN EXTRACT, PALMITOYL TRIPEPTIDE-5, HIBISCUS SABDARIFFA FLOWER EXTRACT, ACETYL HEXAPEPTIDE-1, ACETYL OCTAPEPTIDE-3, SODIUM HYALURONATE, FOLIC ACID, FICUS CARICA (FIG) FRUIT EXTRACT, GLUTATHIONE, COPPER TRIPEPTIDE-1, OLIGOPEPTIDE-3, OLIGOPEPTIDE-2, OLIGOPEPTIDE-1, HEXAPEPTIDE-11",niacinamide;hyaluronic-acid;peptides,,,,,,,,,,,,,brand_direct,true,https://medicube.us/products/egf-nad-firming-serum-1,/product-images/brand-direct/pmeus43022r01.jpg
PMEUS53066R00,skin-protectant,PDRN Caffeine Collagen Eye Patch,Medicube,,"WATER, GLYCERIN, NIACINAMIDE, CHONDRUS CRISPUS POWDER, 1,2-HEXANEDIOL, CERATONIA SILIQUA (CAROB) GUM, CYAMOPSIS TETRAGONOLOBA (GUAR) GUM, HYDROXYACETOPHENONE, CHONDRUS CRISPUS, ALLANTOIN, CALCIUM CHLORIDE, BUTYLENE GLYCOL, POTASSIUM CHLORIDE, POLYGLYCERYL-10 LAURATE, PROPANEDIOL, TREHALOSE, CELLULOSE GUM, SUCROSE, ADENOSINE, ETHYLHEXYLGLYCERIN, DIPOTASSIUM GLYCYRRHIZATE, CAFFEINE, PANTHENOL, CYANOCOBALAMIN, SQUALANE, GLYCINE SOJA (SOYBEAN) OIL, ATELOCOLLAGEN, DESAMIDO COLLAGEN, HYDROLYZED COLLAGEN, CENTELLA ASIATICA EXTRACT, DIMETHYLSILANOL HYALURONATE, HYDROLYZED HYALURONIC ACID, HYDROLYZED SODIUM HYALURONATE, TOCOPHEROL, SOLUBLE COLLAGEN, HOUTTUYNIA CORDATA EXTRACT, HYALURONIC ACID, POTASSIUM HYALURONATE, RETINOL, SODIUM HYALURONATE, HYDROXYPROPYLTRIMONIUM HYALURONATE, SODIUM HYALURONATE CROSSPOLYMER, CAPRYLIC/CAPRIC TRIGLYCERIDE, COLLAGEN, COLLAGEN AMINO ACIDS, SODIUM HYALURONATE DIMETHYLSILANOL, SODIUM ACETYLATED HYALURONATE, PHOSPHATIDYLCHOLINE, CENTELLA ASIATICA LEAF EXTRACT, PROCOLLAGEN, SODIUM DNA, CERAMIDE NP, ACETYL HEXAPEPTIDE-8, ASCORBIC ACID POLYPEPTIDE, GLYCINE, GLUTAMIC ACID, SERINE, ALANINE, LYSINE, ARGININE, PROLINE, THREONINE, ACETYL OCTAPEPTIDE-3, ACETYL TETRAPEPTIDE-2, ACETYL TETRAPEPTIDE-3, ACETYL TETRAPEPTIDE-5, ACETYL TETRAPEPTIDE-9, CARNOSINE, COPPER TRIPEPTIDE-1, NONAPEPTIDE-1, PALMITOYL PENTAPEPTIDE-4, PALMITOYL TRIPEPTIDE-1, PALMITOYL TRIPEPTIDE-5",niacinamide;vitamin-c;hyaluronic-acid;retinol-cosmetic;ceramides;squalane;peptides;centella-asiatica;panthenol,,,,,,,,,,,,,brand_direct,true,https://medicube.us/products/pdrn-caffeine-collagen-eye-patch,/product-images/brand-direct/pmeus53066r00.jpg
KUSMEA1103,skin-protectant,PDRN Pink Peptide Ampoule Mask,Medicube,,"Water,Glycerin,Dipropylene Glycol,Niacinamide,1,2-Hexanediol,Glycereth-26,Erythritol,Glyceryl Glucoside,Arginine,Acrylates/C10-30 Alkyl Acrylate Crosspolymer,Methyl Gluceth-20,Ethylhexylglycerin,Polyglyceryl-10 Laurate,Xanthan Gum,Adenosine,Butyrospermum Parkii (Shea) Butter,Caprylic/Capric Triglyceride,Olea Europaea (Olive) Fruit Oil,Hydrogenated Lecithin,Squalane,Butylene Glycol,Disodium EDTA,Hydroxyethylcellulose,Polyglutamic Acid,Melia Azadirachta Flower Extract,Ocimum Sanctum Leaf Extract,Cyanocobalamin,Melia Azadirachta Leaf Extract,Glyceryl Acrylate/Acrylic Acid Copolymer,Sodium DNA,Biosaccharide Gum-1,Curcuma Longa (Turmeric) Root Extract,Corallina Officinalis Extract,Ceramide NP,Cholesterol,Rosa Damascena Flower Oil,Phytosphingosine,Propanediol,Sodium Hyaluronate,Lecithin,Collagen Extract,Hydroxypropyltrimonium Hyaluronate,Glycolipids,Hydrolyzed Hyaluronic Acid,Sodium Acetylated Hyaluronate,Acetyl Hexapeptide-8,Glutathione,Hyaluronic Acid,Oligopeptide-29,Oligopeptide-32,Hydrolyzed Sodium Hyaluronate,Sodium Hyaluronate Crosspolymer,Potassium Hyaluronate,Palmitoyl Pentapeptide-4,Palmitoyl Tripeptide-1",niacinamide;hyaluronic-acid;ceramides;squalane;peptides,,,,,,,,,,,,,brand_direct,true,https://medicube.us/products/pdrn-pink-peptide-ampoule-mask,/product-images/brand-direct/kusmea1103.jpg
KUSMEA1846,skin-protectant,Zero Pore Peeling Pads (8ea),Medicube,,"Water (Aqua), Cellulose, Quaternium-60, Propylene Glycol, Glycerin, Dipropylene Glycol, Carbomer, PEG-20 Glyceryl Triisostearate, PEG-7 Glyceryl Cocoate, Alcohol Denat., Butylene Glycol, PEG-60 Hydrogenated Castor Oil, Panthenol, Paeonia Suffruticosa Root Extract, Centella Asiatica Extract, 1,2-Hexanediol, Chamomilla Recutita (Matricaria) Flower Extract, Glyceryl Caprylate, Ethylhexylglycerin, Lactobacillus/Rice Ferment Filtrate, Pantolactone, Salix Alba (Willow) Bark Extract, Citrus Aurantifolia (Lime) Fruit Extract, Citrus Limon (Lemon) Fruit Extract, Citrus Aurantium Dulcis (Orange) Fruit Extract, Vitis Vinifera (Grape) Fruit Extract, Pyrus Malus (Apple) Fruit Extract, Origanum Vulgare Leaf Extract, Chamaecyparis Obtusa Leaf Extract, Lactobacillus/Soybean Ferment Extract, Portulaca Oleracea Extract, Chamomile Flower Extract, Scutellaria Baicalensis Root Extract, Cinnamomum Cassia Bark Extract, Pinus Densiflora Leaf Extract, Oenothera Biennis Flower Extract, Ulmus Davidiana Root Extract, Pueraria Lobata Root Extract, Fragrance (Natural Fragrance), Limonene, Linalool",centella-asiatica;panthenol,,,,,,,,,,,,,brand_direct,true,https://medicube.us/products/zero-pore-peeling-pads-8ea,/product-images/brand-direct/kusmea1846.jpg
PMEUS72007R00,skin-protectant,3H Overnight Drying Lotion,Medicube,,"ALCOHOL DENAT., WATER, CALAMINE, ZINC OXIDE, TITANIUM DIOXIDE, GLYCERIN, DIMETHYL SULFONE, NIACINAMIDE, BETAINE, SODIUM CHLORIDE, OCTYLDODECETH-16, SALICYLIC ACID, MELALEUCA ALTERNIFOLIA (TEA TREE) LEAF OIL, COLLOIDAL SULFUR, ACACIA SENEGAL GUM, BUTYLENE GLYCOL, DIPROPYLENE GLYCOL, CAMPHOR, HYDROGENATED LECITHIN, 1,2-HEXANEDIOL, FRUCTOOLIGOSACCHARIDES, CENTELLA ASIATICA EXTRACT, FICUS CARICA (FIG) FRUIT EXTRACT, BETA-GLUCAN, HYDROLYZED HYALURONIC ACID, CERAMIDE NP, ECLIPTA PROSTRATA LEAF EXTRACT, LAMINARIA JAPONICA EXTRACT, 4-TERPINEOL, CENTELLA ASIATICA LEAF WATER, MELALEUCA ALTERNIFOLIA (TEA TREE) LEAF WATER, MELALEUCA ALTERNIFOLIA (TEA TREE) LEAF EXTRACT, CENTELLA ASIATICA LEAF EXTRACT, SACCHAROMYCES FERMENT, CENTELLA ASIATICA ROOT EXTRACT, ASIATICOSIDE, MADECASSOSIDE, MADECASSIC ACID, ASIATIC ACID",niacinamide;hyaluronic-acid;ceramides;centella-asiatica,,,,,,,,,,,,,brand_direct,true,https://medicube.us/products/3h-overnight-drying-lotion,/product-images/brand-direct/pmeus72007r00.jpg
PMEKR53002R00,brightening-texture,PDRN Booster Gel,Medicube,,"Water, Glycerin, Niacinamide, Carbomer, Chlorphenesin, Potassium Hydroxide, Water, Acrylates/C10-30 Alkyl Acrylate Crosspolymer, Ethylhexylglycerin, Adenosine, Disodium EDTA, Water, Dipropylene Glycol, 1,2-Hexanediol, Sucrose, Morus Bombycis Leaf Extract, Betaine, Polygonum Fagopyrum (Buckwheat) Seed Extract, Anacardium Occidentale (Cashew) Extract, Moringa Oleifera Seed Extract, Water, Butylene Glycol, 1,2-Hexanediol, Citrus Junos Peel Extract, Castanea Crenata (Chestnut) Shell Extract, Fragaria Ananassa (Strawberry) Fruit Extract, Water, Glycerin, Butylene Glycol, Hibiscus Esculentus Fruit Extract, 1,2-Hexanediol, Sodium DNA, Water, 1,2-Hexanediol, Acetyl Hexapeptide-8, Copper Tripeptide-1, Palmitoyl Pentapeptide-4, Palmitoyl Hexapeptide-12, Water, Pentylene Glycol, 1,2-Hexanediol, Acetyl Tetrapeptide-5, Hexapeptide-9, Palmitoyl Tripeptide-5",niacinamide;peptides,,,,,,,,,,,,,brand_direct,true,https://medicube.us/products/pdrn-booster-gel,/product-images/brand-direct/pmekr53002r00.jpg
PMEUS53041R00,brightening-texture,Ultra Light PDRN Pink Peptide Serum,Medicube,,"WATER (AQUA), PROPANEDIOL, BUTYLENE GLYCOL, GLYCERIN, NIACINAMIDE, 1,2-HEXANEDIOL, SODIUM DNA, XANTHAN GUM, ETHYLHEXYLGLYCERIN, ADENOSINE, CITRIC ACID, SODIUM PHYTATE, CYANOCOBALAMIN, LEONTOPODIUM ALPINUM CALLUS CULTURE EXTRACT, FISH EXTRACT, LECITHIN, DIPOTASSIUM GLYCYRRHIZATE, SALMON EGG EXTRACT, ARGININE, CHOLESTEROL, CERAMIDE NP, COPPER TRIPEPTIDE-1, PEARL EXTRACT, SODIUM HYALURONATE, DIPEPTIDE-2, HYDROXYPROPYLTRIMONIUM HYALURONATE, OLIGOPEPTIDE-1, PALMITOYL PENTAPEPTIDE-4, TRIPEPTIDE-1, HYDROLYZED COLLAGEN, HYDROLYZED HYALURONIC ACID, SODIUM ACETYLATED HYALURONATE, HYALURONIC ACID, HYDROLYZED SODIUM HYALURONATE, SODIUM HYALURONATE CROSSPOLYMER, POTASSIUM HYALURONATE, HYDROLYZED CONCHIOLIN PROTEIN, PEARL POWDER, SUCCINOYL ATELOCOLLAGEN",niacinamide;hyaluronic-acid;ceramides;peptides,,,,,,,,,,,,,brand_direct,true,https://medicube.us/products/ultra-light-pdrn-pink-peptide-serum,/product-images/brand-direct/pmeus53041r00.jpg
PMEUS72008R00,skin-protectant,3H Daily Relief Cream,Medicube,,"Water, Propanediol, Glycerin, Isododecane, Niacinamide, C14-22 Alcohols, C12-20 Alkyl Glucoside, Hydrogenated Polydecene, Sodium Hyaluronate, 1,2-Hexanediol, Avena Sativa (Oat) Kernel Flour, Dicaprylyl Carbonate, Tocopherol, Benzyl Glycol, Ethylhexylglycerin, Betaine, Panthenol, Caprylic/Capric Triglyceride, Ammonium Acryloyldimethyltaurate/VP Copolymer, Sodium Acrylate/Sodium Acryloyldimethyl Taurate Copolymer, Isohexadecane, Polysorbate 80, Sorbitan Oleate, Vinyl Dimethicone, Allantoin, Acrylates/C10-30 Alkyl Acrylate Crosspolymer, Tromethamine, Hydrolyzed Hyaluronic Acid, Sodium Acetylated Hyaluronate, Hydroxypropyltrimonium Hyaluronate, Hyaluronic Acid, Sodium Hyaluronate Crosspolymer, Potassium Hyaluronate, Hydrolyzed Sodium Hyaluronate, Glycyrrhiza Glabra (Licorice) Root Extract, Butylene Glycol, Centella Asiatica Extract, Houttuynia Cordata Extract, Helianthus Annuus (Sunflower) Seed Oil, Citrus Aurantium Bergamia (Bergamot) Fruit Oil, Pelargonium Graveolens Flower Oil, Eugenia Caryophyllus (Clove) Leaf Oil, Jasminum Officinale (Jasmine) Oil, Cananga Odorata Flower Oil, Dipotassium Glycyrrhizate, Adenosine, Disodium EDTA, Beta-Glucan, Lactobacillus Extracellular Vesicles, Aloe Barbadensis Leaf Extract, Melaleuca Alternifolia (Tea Tree) Leaf Extract, Hamamelis Virginiana (Witch Hazel) Extract, Chamomilla Recutita (Matricaria) Flower Extract, Ceramide NP, Hydrogenated Lecithin, Polyglutamic Acid, Xylose, Madecassoside, Guaiazulene",niacinamide;hyaluronic-acid;ceramides;centella-asiatica;panthenol,,,,,,,,,,,,,brand_direct,true,https://medicube.us/products/3h-daily-relief-cream,/product-images/brand-direct/pmeus72008r00.jpg
PMEKR43008R00,skin-protectant,Azelaic Acid Exosome Shot,Medicube,,"Water, Butylene Glycol, Dipropylene Glycol, Niacinamide, Glycerin, Sodium Polyacrylate, 1,2-Hexanediol, Caprylyl Glycol, Cetearyl Olivate, Phenyl Trimethicone, Sorbitan Olivate, Hydrolyzed Sponge, Melia Azadirachta Leaf Extract, Melia Azadirachta Flower Extract, Glyceryl Acrylate/Acrylic Acid Copolymer, Ethylhexylglycerin, Calcium Aluminum Borosilicate, Coccinia Indica Fruit Extract, Adenosine, Disodium EDTA, PVM/MA Copolymer, Ocimum Sanctum Leaf Extract, Solanum Melongena (Eggplant) Fruit Extract, Aloe Barbadensis Flower Extract, Dipotassium Glycyrrhizate, Azelaic Acid(100 ppm), Curcuma Longa (Turmeric) Root Extract, Corallina Officinalis Extract, Lactobacillus Extracellular Vesicles(50 ppm), Isopentyldiol, Betaine Salicylate, Citric Acid, Pantothenic Acid, Milk Exosomes(10 ppm), Propanediol, Polyglycerin-3, Hydrolyzed Collagen, Sodium Hyaluronate, Collagen, Centella Asiatica Extract, Asiaticoside, Madecassic Acid, Ceramide NP, Asiatic Acid, Sorbitan Stearate, Palmitic Acid, Salicylic Acid",niacinamide;azelaic-acid;hyaluronic-acid;ceramides;centella-asiatica,,,,,,,,,,,,,brand_direct,true,https://medicube.us/products/azelaic-acid-exosome-shot,/product-images/brand-direct/pmekr43008r00.jpg
PMEKR43012R00,skin-protectant,Azelaic Acid Niacinamide Clarifying Toner,Medicube,,"Water (Aqua), Propylene Glycol, Azelaic Acid, Niacinamide, Sodium Hydroxide, 1,2-Hexanediol, Diethoxyethyl Succinate, Trehalose, C12-14 Alketh-12, Ethylhexylglycerin, Azadirachta Indica (Neem) Leaf Extract, Azadirachta Indica (Neem) Flower Extract, Momordica Charantia (Bitter Melon) Fruit Extract, Solanum Melongena (Eggplant) Fruit Extract, Aloe Barbadensis Flower Extract, Ocimum Sanctum (Holy Basil) Leaf Extract, Dipeptide-15, Curcuma Longa (Turmeric) Root Extract, Corallina Officinalis Extract, o-Cymen-5-ol, Dipotassium Glycyrrhizate, Pantothenic Acid, Glycerin, Butylene Glycol, Hydrogenated Lecithin, Glycine, Caprylic/Capric Triglyceride, Hydrogenated Phosphatidylcholine, Serine, Glutamic Acid, Centella Asiatica Extract, Sodium Hyaluronate, Sucrose Stearate, Aloe Barbadensis Leaf Extract, Aspartic Acid, Leucine, Cetearyl Alcohol, Polyglyceryl-10 Stearate, Alanine, Lysine, Ceramide NP, Arginine, Tyrosine, Phenylalanine, Valine, Threonine, Proline, Isoleucine, Histidine, Methionine, Malus Domestica (Apple) Seed Extract, Ziziphus Jujuba (Jujube) Fruit Extract, Prunus Armeniaca (Apricot) Fruit Extract, Citrus Limon (Lemon) Fruit Extract, Hamamelis Virginiana (Witch Hazel) Bark/Leaf/Twig Extract, Hippophae Rhamnoides (Sea Buckthorn) Extract, Ceramide AP, Citrus Aurantium Dulcis (Orange) Fruit Extract, Citrus Grandis (Grapefruit) Seed Extract, Madecassoside, Madecassic Acid, Asiaticoside, Asiatic Acid",niacinamide;azelaic-acid;hyaluronic-acid;ceramides;centella-asiatica,,,,,,,,,,,,,brand_direct,true,https://medicube.us/products/azelaic-acid-niacinamide-clarifying-toner,/product-images/brand-direct/pmekr43012r00.jpg
PMEUS53043R00,brightening-texture,PDRN Pink Tension Up Mask,Medicube,,"Water,Niacinamide,Glycereth-26,Glycerin,Butylene Glycol,1,2-Hexanediol,Cetyl Ethylhexanoate,Hydrogenated Poly(C6-14 Olefin),Polyglyceryl-3 Methylglucose Distearate,Caprylic/Capric Triglyceride,Glyceryl Stearate,Hydroxyacetophenone,Arginine,Carbomer,Adenosine,Xanthan Gum,Disodium EDTA,Ethylhexylglycerin,Sodium Polyacrylate,Cyanocobalamin,Sodium Hyaluronate,Sodium DNA,Hydrolyzed Gardenia Florida Extract,Maltodextrin,Polylactic Acid,Propanediol,Chlorella Ferment,Coffea Arabica (Coffee) Seed Extract,Hydrolyzed Hyaluronic Acid,Hydrolyzed Extensin,Pisum Sativum (Pea) Peptide,Collagen Extract,Hydrogenated Lecithin,Adenosine Triphosphate,Nicotinamide Adenine Dinucleotide,Resveratrol",niacinamide;hyaluronic-acid;lactic-acid,,,,,,,,,,,,,brand_direct,true,https://medicube.us/products/pdrn-pink-tension-up-mask,/product-images/brand-direct/pmeus53043r00.jpg
KUSMEA1714,skin-protectant,Hypochlorous Acid Peel Mask,Medicube,,"WATER(AQUA), DIPROPYLENE GLYCOL, METHYLPROPANEDIOL, 1,2-HEXANEDIOL, GLYCERETH-25 PCA ISOSTEARATE, ETHYLHEXYLGLYCERIN, POLYGLYCERIN-3, METHYL GLUCETH-20, METHYL GLUCETH-10, GLYCERETH-26, HYDROXYETHYL ACRYLATE/SODIUM ACRYLOYLDIMETHYL TAURATE COPOLYMER, HYDROXYETHYLCELLULOSE, C12-14 ALKETH-12, DAUCUS CAROTA SATIVA (CARROT) SEED OIL, XANTHAN GUM, SORBITAN ISOSTEARATE, CITRIC ACID, BETA-GLUCAN, HYPOCHLOROUS ACID, SODIUM HYALURONATE, PANTHENOL, BUTYLENE GLYCOL, DIPOTASSIUM GLYCYRRHIZATE, VISCUM ALBUM (MISTLETOE) LEAF EXTRACT, ULMUS DAVIDIANA ROOT EXTRACT, PUERARIA LOBATA ROOT EXTRACT, PINUS PALUSTRIS LEAF EXTRACT, OENOTHERA BIENNIS (EVENING PRIMROSE) FLOWER EXTRACT, ARTEMISIA PRINCEPS LEAF EXTRACT, HYALURONIC ACID, SODIUM HYALURONATE CROSSPOLYMER, HYDROLYZED SODIUM HYALURONATE, HYDROLYZED HYALURONIC ACID, HAMAMELIS VIRGINIANA (WITCH HAZEL) EXTRACT, SODIUM ACETYLATED HYALURONATE, HYDROXYPROPYLTRIMONIUM HYALURONATE, CERAMIDE NS, CERAMIDE NP, CERAMIDE EOP, CERAMIDE AP",hyaluronic-acid;ceramides;panthenol,,,,,,,,,,,,,brand_direct,true,https://medicube.us/products/hypochlorous-acid-peel-mask,/product-images/brand-direct/kusmea1714.jpg
PMEUS43020T00,skin-protectant,Azelaic Acid Capsule Foam Cleanser,Medicube,,"Water, Glycerin, Sodium Cocoyl Glycinate, Sodium Lauroyl Glutamate, Lauryl Hydroxysultaine, Coco-Glucoside, Decyl Glucoside, 1,2-Hexanediol, Niacinamide, Sodium Chloride, Caprylyl Glycol, Citric Acid, Hydroxypropyl Starch Phosphate, Acrylates/C10-30 Alkyl Acrylate Crosspolymer, Silica, Polyquaternium-67, Salicylic Acid, Tea Tree Leaf Oil (Melaleuca Alternifolia Leaf Oil), Zea Mays (Corn) Starch, Dextrin, Mannitol, Microcrystalline Cellulose, Chia Seed Extract (Salvia Hispanica Seed Extract), Disodium EDTA, Chromium Oxide Greens (CI 77288), Allantoin, Dipotassium Glycyrrhizate, Gluconolactone, Panthenol, Glycolic Acid, Butylene Glycol, Caprylic/Capric Triglyceride, Ceramide NP, Adansonia Digitata Seed Oil, Azelaic Acid (31 ppm), Centella Asiatica Extract, Ceramide AS, Ceramide NS, Hydrolyzed Hyaluronic Acid, Sodium Hyaluronate, Ceramide AP, Ceramide EOP, Hyaluronic Acid, Tocopherol, Hydrolyzed Sodium Hyaluronate, Sodium Acetylated Hyaluronate, Houttuynia Cordata Extract, Chestnut Shell Extract (Castanea Crenata Shell Extract), Coptis Japonica Root Extract, Eucalyptus Leaf Extract (Eucalyptus Globulus Leaf Extract), Asiaticoside, Madecassoside, Asiatic Acid, Madecassic Acid",niacinamide;azelaic-acid;hyaluronic-acid;ceramides;glycolic-acid;centella-asiatica;panthenol,,,,,,,,,,,,,brand_direct,true,https://medicube.us/products/azelaic-acid-capsule-foam-cleanser,/product-images/brand-direct/pmeus43020t00.jpg
PMEUS53025T00,brightening-texture,PDRN Pink Glutathione Capsule Foam Cleanser,Medicube,,"Water, Glycerin, Sodium Cocoyl Glycinate, Sodium Lauroyl Glutamate, Lauryl Hydroxysultaine, Coco-Glucoside, Decyl Glucoside, 1,2-Hexanediol, Niacinamide, Sodium Chloride, Caprylyl Glycol, Citric Acid, Hydroxypropyl Starch Phosphate, Acrylates/C10-30 Alkyl Acrylate Crosspolymer, Polyquaternium-67, Silica, Fragrance, Zea Mays (Corn) Starch, Mannitol, Microcrystalline Cellulose, Disodium EDTA, Cyanocobalamin, Hydrogenated Lecithin, Red 226 (CI 73360), Gluconolactone, Hydrolyzed Collagen, Glycolic Acid, Butylene Glycol, Hydrolyzed Hyaluronic Acid, Caprylic/Capric Triglyceride, Ceramide NP, Adansonia Digitata Seed Oil, Glutathione (0.03 ppm), Akebia Quinata Extract, Salmon Roe Extract, Caprylyl/Capryl Glucoside, Camellia Japonica Flower Extract, Polyglyceryl-10 Laurate, Polyglyceryl-10 Oleate, Propanediol, Sodium DNA (0.003 ppm), Tocopherol, Acetyl Hexapeptide-8, Acetyl Tetrapeptide-5, Adenosine, Carnosine, Ceramide AS, Ceramide NS, Palmitoyl Tetrapeptide-7, Palmitoyl Tripeptide-5, Ceramide AP, Ceramide EOP, Yeast Beta-Glucan, Sodium Hyaluronate",niacinamide;hyaluronic-acid;ceramides;glycolic-acid;peptides,,,,,,,,,,,,,brand_direct,true,https://medicube.us/products/pdrn-pink-glutathione-capsule-foam-cleanser,/product-images/brand-direct/pmeus53025t00.jpg
PMEUS68002T00,brightening-texture,Kojic Acid Turmeric Vita Capsule Foam Cleanser,Medicube,,"Water, Glycerin, Sodium Cocoyl Glycinate, Sodium Lauroyl Glutamate, Lauryl Hydroxysultaine, Coco-Glucoside, Disodium Cocoyl Glutamate, 1,2-Hexanediol, Niacinamide, Sodium Chloride, Hydroxypropyl Starch Phosphate, Caprylyl Glycol, Salicylic Acid, Acrylates/C10-30 Alkyl Acrylate Crosspolymer, Citric Acid, Polyquaternium-67, Fragrance, Glyceryl Stearate, Xanthan Gum, Disodium EDTA, Hydrolyzed Collagen, Disodium Succinate, Retinol, Beta-Carotene, Zeaxanthin, Lecithin, Sucrose Distearate, Sodium Hyaluronate, Tocopherol, Hydrogenated Lecithin, Ascorbic Acid, Lycopene, Tocopheryl Acetate, Allantoin, Pentylene Glycol, Turmeric Root Extract (Curcuma Longa Root Extract), Oryza Sativa (Rice) Extract, Green Tea Extract (Camellia Sinensis Leaf Extract), Centella Asiatica Extract, Houttuynia Cordata Extract, Ocimum Sanctum Leaf Extract, Camellia Japonica Flower Extract, Magnolia Bark Extract, Sophora Flavescens Root Extract, Piper Methysticum Root Extract, Beta-Glucan, Pine Leaf Extract (Pinus Densiflora Leaf Extract)",niacinamide;vitamin-c;hyaluronic-acid;retinol-cosmetic;centella-asiatica,,,,,,,,,,,,,brand_direct,true,https://medicube.us/products/kojic-acid-turmeric-vita-capsule-foam-cleanser,/product-images/brand-direct/pmeus68002t00.jpg
PMEUS53006R00,brightening-texture,Rosemary PDRN Scalp Serum,Medicube,,"Water (Aqua), Alcohol Denat., C12-13 Alketh-9, Caffeine, Dipropylene Glycol, Hydrolyzed Sponge, Ammonium Acryloyldimethyltaurate/VP Copolymer, Menthol, Acrylates/C10-30 Alkyl Acrylate Crosspolymer, Fragrance (Parfum), Allantoin, Aminomethyl Propanol, Disodium EDTA, Dipotassium Glycyrrhizate, Ethyl Menthane Carboxamide, Panthenol, Butylene Glycol, 1,2-Hexanediol, Arginine, Gluconolactone, Menthyl Lactate, Ricinus Communis (Castor) Seed Oil, Sodium DNA (100ppb), Glycerin, Glycolic Acid, Saccharide Isomerate, Raphanus Sativus (Radish) Seed Extract, Octyldodecyl Oleate, Octyldodecanol, Hydrolyzed Pea Protein, Hydrolyzed Vegetable Protein, Biotin, Niacinamide, Salicylic Acid, Caprylic/Capric Triglyceride, Hydrogenated Lecithin, Sparassis Crispa Extract, Streptococcus Thermophilus Ferment, Sodium Palmitoyl Sarcosinate, Magnolia Obovata Bark Extract, Hydrolyzed Collagen, Hydrolyzed Corn Protein, Hydrolyzed Extensin, Hydrolyzed Potato Protein, Hydrolyzed Rice Protein, Hydrolyzed Soy Protein, Melaleuca Alternifolia (Tea Tree) Leaf Extract, Prunus Amygdalus Dulcis (Sweet Almond) Extract, Citric Acid, Sodium Citrate, Potassium Sorbate, Sodium Benzoate, Rosmarinus Officinalis (Rosemary) Leaf Extract (0.2ppb), Hydrolyzed Keratin, Caprylyl Glycol, sh-Oligopeptide-1, Alanine, Asparagine, Aspartic Acid, Dimethylsilanol Hyaluronate, Glucose, Glutamic Acid, Glutamine, Glycine, Histidine, Hyaluronic Acid, Hydrolyzed Hyaluronic Acid, Hydrolyzed Sodium Hyaluronate, Hydroxypropyltrimonium Hyaluronate, Isoleucine, Leucine, Lysine, Mentha Piperita (Peppermint) Leaf Extract, Methionine, Phenylalanine, Proline, Serine, sh-Oligopeptide-2, sh-Polypeptide-1, sh-Polypeptide-11, sh-Polypeptide-22, sh-Polypeptide-3, sh-Polypeptide-9, Sodium Acetylated Hyaluronate, Sodium Hyaluronate, Sodium Hyaluronate Crosspolymer, Threonine, Tryptophan, Tyrosine, Valine",niacinamide;hyaluronic-acid;glycolic-acid;panthenol,,,,,,,,,,,,,brand_direct,true,https://medicube.us/products/rosemary-pdrn-scalp-serum,/product-images/brand-direct/pmeus53006r00.jpg
PMEUS53004R01,brightening-texture,Rosemary PDRN Hair & Scalp Conditioner,Medicube,,"Water (Aqua), Glycerin, Cetearyl Alcohol, C13-15 Alkane, Behentrimonium Chloride, Dioleoylethyl Hydroxyethylmonium Methosulfate, Dipropylene Glycol, Behentrimonium Methosulfate, Stearamidopropyl Dimethylamine, Stearyl Alcohol, Fragrance (Parfum), Alcohol Denat., Glyceryl Oleate, Polyquaternium-22, Guar Hydroxypropyltrimonium Chloride, Hydroxypropyl Starch Phosphate, Polyquaternium-10, Panthenol, Salicylic Acid, Citric Acid, Zea Mays (Corn) Starch, Caprylyl Glycol, Niacinamide, Mannitol, Microcrystalline Cellulose, Disodium EDTA, Carthamus Tinctorius (Safflower) Flower Extract, Dextrin, Gardenia Florida Fruit Extract, Menthol, Sodium Chloride, Chromium Hydroxide Green, Titanium Dioxide (CI 77891), Hydrolyzed Hyaluronic Acid, Sodium Hyaluronate, Arginine, Ascorbic Acid, Caffeine, Melaleuca Alternifolia (Tea Tree) Leaf Oil, Mentha Piperita (Peppermint) Oil, Rosmarinus Officinalis (Rosemary) Leaf Oil, Sodium Citrate, Succinic Acid, Tocopherol, Raphanus Sativus (Radish) Seed Extract, Octyldodecyl Oleate, Octyldodecanol, Butylene Glycol, 1,2-Hexanediol, Sparassis Crispa Extract, Magnolia Officinalis Bark Extract, Hydrolyzed Pea Protein, Hydrolyzed Vegetable Protein, Sodium DNA, Rosmarinus Officinalis (Rosemary) Leaf Extract, Potassium Sorbate, Sodium Benzoate, Biotin, Alanine, Asparagine, Aspartic Acid, Dimethylsilanol Hyaluronate, Glucose, Glutamic Acid, Glutamine, Glycine, Histidine, Hyaluronic Acid, Hydrolyzed Sodium Hyaluronate, Hydroxypropyltrimonium Hyaluronate, Isoleucine, Leucine, Lysine, Methionine, Phenylalanine, Proline, Serine, Sodium Acetylated Hyaluronate, Sodium Hyaluronate Crosspolymer, Threonine, Tryptophan, Tyrosine, Valine",niacinamide;vitamin-c;hyaluronic-acid;panthenol,,,,,,,,,,,,,brand_direct,true,https://medicube.us/products/rosemary-pdrn-hair-scalp-conditioner,/product-images/brand-direct/pmeus53004r01.jpg
PMEUS53005R01,brightening-texture,Rosemary PDRN Cooling Thickening Shampoo,Medicube,,"Water (Aqua), Sodium Cocoyl Isethionate, Disodium Laureth Sulfosuccinate, Glycerin, Cocamidopropyl Hydroxysultaine, Lauryl Betaine, Glyceryl Stearate, Sodium Lauroyl Methylaminopropionate, Menthol, Trihydroxystearin, Sodium Chloride, Fragrance (Parfum), Sodium Benzoate, Cetyl Alcohol, Dicaprylyl Ether, Polyquaternium-10, Panthenol, Salicylic Acid, Citric Acid, Caprylyl Glycol, Niacinamide, Tetrasodium EDTA, Zea Mays (Corn) Starch, Mannitol, Microcrystalline Cellulose, Linalool, Carthamus Tinctorius (Safflower) Flower Extract, Dextrin, Gardenia Florida Fruit Extract, Chromium Oxide Greens, Ultramarines, Chromium Hydroxide Green, Tocopheryl Acetate, Hydrogenated Lecithin, Tocopherol, Butylene Glycol, Sodium Citrate, Caffeine, Arginine, Dipropylene Glycol, Gluconolactone, Menthyl Lactate, PPG-14 Butyl Ether, Ricinus Communis (Castor) Seed Oil, Glycolic Acid, Saccharide Isomerate, Sodium C14-16 Olefin Sulfonate, 1,2-Hexanediol, Hydrolyzed Pea Protein, Hydrolyzed Vegetable Protein, Caprylic/Capric Triglyceride, Raphanus Sativus (Radish) Seed Extract, Sodium Palmitoyl Sarcosinate, Octyldodecyl Oleate, Octyldodecanol, Sparassis Crispa Extract, Streptococcus Thermophilus Ferment, Hydrolyzed Collagen, Hydrolyzed Corn Protein, Hydrolyzed Extensin, Hydrolyzed Potato Protein, Hydrolyzed Rice Protein, Hydrolyzed Soy Protein, Melaleuca Alternifolia (Tea Tree) Leaf Extract, Prunus Amygdalus Dulcis (Sweet Almond) Extract, Potassium Sorbate, Sodium DNA (2.5 ppb), Magnolia Obovata Bark Extract, Hydrolyzed Keratin, Disodium EDTA, Rosmarinus Officinalis (Rosemary) Leaf Extract (0.25 ppb), Biotin, sh-Oligopeptide-1, sh-Oligopeptide-2, sh-Polypeptide-1, sh-Polypeptide-11, sh-Polypeptide-22, sh-Polypeptide-3, sh-Polypeptide-9, Alanine, Asparagine, Aspartic Acid, Dimethylsilanol Hyaluronate, Glucose, Glutamic Acid, Glutamine, Glycine, Histidine, Hyaluronic Acid, Hydrolyzed Hyaluronic Acid, Hydrolyzed Sodium Hyaluronate, Hydroxypropyltrimonium Hyaluronate, Isoleucine, Leucine, Lysine, Mentha Piperita (Peppermint) Leaf Extract, Methionine, Phenylalanine, Proline, Serine, Sodium Acetylated Hyaluronate, Sodium Hyaluronate, Sodium Hyaluronate Crosspolymer, Threonine, Tryptophan, Tyrosine, Valine",niacinamide;hyaluronic-acid;glycolic-acid;panthenol,,,,,,,,,,,,,brand_direct,true,https://medicube.us/products/rosemary-pdrn-cooling-thickening-shampoo,/product-images/brand-direct/pmeus53005r01.jpg
PMEUS68012A00,skin-protectant,Kojic Acid Turmeric Body Peel Shot,Medicube,,"Water (Aqua), Dipropylene Glycol, Alcohol, Carbomer, Quaternium-60, Propylene Glycol, Acrylates/C10-30 Alkyl Acrylate Crosspolymer, Curcuma Longa (Turmeric) Root Extract (500 ppm), Butylene Glycol, Kojic Acid (300 ppm), Coptis Japonica Extract, 1,2-Hexanediol, Tocopherol, Citrus Aurantium Dulcis (Orange) Flower Oil, Litsea Cubeba Fruit Oil, Citrus Paradisi (Grapefruit) Peel Oil, Cyanocobalamin, Citrus Aurantium Bergamia (Bergamot) Fruit Oil, Salicylic Acid, Gluconolactone, Capryloyl Salicylic Acid, Mentha Viridis (Spearmint) Leaf Oil, Barosma Betulina Leaf Extract, Ethylhexylglycerin, Xanthan Gum, Tripropylene Glycol, Panthenol, Niacinamide, Ceramide NP, Ascorbic Acid, Allantoin, Melaleuca Alternifolia (Tea Tree) Leaf Water, Steartrimonium Methosulfate, Melaleuca Alternifolia (Tea Tree) Extract, Centella Asiatica Extract, Sodium Hyaluronate, Hyaluronic Acid, Lipase, Protease",niacinamide;vitamin-c;hyaluronic-acid;ceramides;centella-asiatica;panthenol;kojic-acid,,,,,,,,,,,,,brand_direct,true,https://medicube.us/products/kojic-acid-turmeric-body-peel-shot,/product-images/brand-direct/pmeus68012a00.jpg
PMEUS68011A01,skin-protectant,Kojic Acid Turmeric Peel Shot,Medicube,,"Water (Aqua), Dipropylene Glycol, Cellulose, Tripropylene Glycol, Steartrimonium Methosulfate, Carbomer, Acrylates/C10-30 Alkyl Acrylate Crosspolymer, Quaternium-60, Propylene Glycol, Curcuma Longa (Turmeric) Root Extract (500 ppm), Butylene Glycol, Kojic Acid (300 ppm), Xanthan Gum, Coptis Japonica Extract, 1,2-Hexanediol, Tocopherol, Salicylic Acid, Gluconolactone, Capryloyl Salicylic Acid, Citrus Aurantium Dulcis (Orange) Flower Oil, Litsea Cubeba Fruit Oil, Cyanocobalamin, Citrus Paradisi (Grapefruit) Peel Oil, Citrus Aurantium Bergamia (Bergamot) Fruit Oil, Ethylhexylglycerin, Mentha Viridis (Spearmint) Leaf Oil, Barosma Betulina Leaf Extract, Panthenol, Niacinamide, Ceramide NP, Ascorbic Acid, Allantoin, Melaleuca Alternifolia (Tea Tree) Leaf Water, Melaleuca Alternifolia (Tea Tree) Extract, Centella Asiatica Extract, Sodium Hyaluronate, Hyaluronic Acid, Lipase, Protease",niacinamide;vitamin-c;hyaluronic-acid;ceramides;centella-asiatica;panthenol;kojic-acid,,,,,,,,,,,,,brand_direct,true,https://medicube.us/products/kojic-acid-turmeric-peel-shot,/product-images/brand-direct/pmeus68011a01.jpg
PMEUS54002T00,brightening-texture,Deep Vitamin C Capsule Serum,Medicube,,"Hippophae Rhamnoides Water, Glycereth-26, Niacinamide, Glycerin, Water, 1,2-Hexanediol, Diphenylsiloxy Phenyl Trimethicone, Benzyl Glycol, Caprylic/Capric Triglyceride, Isononyl Isononanoate, Diethoxyethyl Succinate, Arginine, Acrylates/C10-30 Alkyl Acrylate Crosspolymer, C12-14 Alketh-12, Octyldodeceth-16, Castor Oil/IPDI Copolymer, Gluconolactone, Ethylhexylglycerin, Allantoin, Xanthan Gum, Adenosine, Disodium EDTA, Panthenol, Dextrin Palmitate, Hydrogenated Lecithin, Olea Europaea (Olive) Fruit Oil, Cholesterol, Dibutyl Ethylhexanoyl Glutamide, Carbomer, Helianthus Annuus (Sunflower) Seed Oil, Glutathione, Ascorbic Acid, Dibutyl Lauroyl Glutamide, Citrus Medica Vulgaris Peel Oil, 3-O-Ethyl Ascorbic Acid, Ascorbyl Glucoside, Xanthophylls, Propanediol, Rosmarinus Officinalis (Rosemary) Leaf Oil, Litsea Cubeba Fruit Oil, Foeniculum Vulgare (Fennel) Oil, Magnesium Ascorbyl Phosphate, Sodium Ascorbyl Phosphate, Sodium Hyaluronate, Tocopherol, Coriandrum Sativum (Coriander) Fruit Oil, Dipropylene Glycol, Mentha Arvensis Leaf Oil, Ascorbyl Tetraisopalmitate, Polyglyceryl-10 Laurate, Hydrolyzed Hyaluronic Acid, Glycine Max (Soybean) Oil, Hydrogenated Phosphatidylcholine, Sodium Acetylated Hyaluronate",niacinamide;vitamin-c;hyaluronic-acid;panthenol,,,,,,,,,,,,,brand_direct,true,https://medicube.us/products/deep-vitamin-c-capsule-serum,/product-images/brand-direct/pmeus54002t00.jpg
PMEUS68015R00,brightening-texture,Kojic Acid Turmeric Eye Gel Serum,Medicube,,"Water (Aqua), Glycerin, Propanediol, Niacinamide, 1,2-Hexanediol, Butylene Glycol, Carbomer, Curcuma Longa (Turmeric) Root Extract, Melia Azadirachta Leaf Extract, Arginine, Melia Azadirachta Flower Extract, Glyceryl Acrylate/Acrylic Acid Copolymer, Ammonium Acryloyldimethyltaurate/VP Copolymer, Kojic Acid, Ethylhexylglycerin, Ocimum Sanctum Leaf Extract, Adenosine, Dipotassium Glycyrrhizate, Sodium Phytate, Corallina Officinalis Extract, Ilex Paraguariensis Leaf Extract, Cyanocobalamin, Ascorbic Acid, Allantoin, Caffeine, Panthenol, Tocopherol, Calendula Officinalis Flower Oil, Glycine Soja (Soybean) Oil, Retinol, Leontopodium Alpinum Callus Culture Extract, Eucommia Ulmoides Bark Extract, Sodium Hyaluronate, Dimethylsilanol Hyaluronate, Hyaluronic Acid, Hydrolyzed Hyaluronic Acid, Hydrolyzed Sodium Hyaluronate, Potassium Hyaluronate, Hydroxypropyltrimonium Hyaluronate, Sodium Hyaluronate Crosspolymer, Sodium Hyaluronate Dimethylsilanol, Sodium Acetylated Hyaluronate, Copper Tripeptide-1, Dipeptide-2, Oligopeptide-1, Palmitoyl Pentapeptide-4, Tripeptide-1",niacinamide;vitamin-c;hyaluronic-acid;retinol-cosmetic;peptides;panthenol;kojic-acid,,,,,,,,,,,,,brand_direct,true,https://medicube.us/products/kojic-acid-tumeric-eye-gel-serum,/product-images/brand-direct/pmeus68015r00.jpg
PMEUS53023R00,brightening-texture,PDRN Pink Collagen Glow Jelly Serum,Medicube,,"Collagen Water, Water(Aqua), Glycerin, Niacinamide, Dipropylene Glycol, Butylene Glycol, 1,2-Hexanediol, Glycereth-26, Diethoxyethyl Succinate, Carbomer, Tromethamine, C12-14 Alketh-12, Sodium DNA, Saccharide Hydrolysate, Ethylhexylglycerin, Polyquaternium-51, Adenosine, Disodium EDTA, Pyrus Communis (Pear) Fruit Extract, Panthenol, Cyanocobalamin, Rosa Damascena Flower Water, Iris Florentina Root Extract, Cucumis Melo (Melon) Fruit Extract, Hedera Helix (Ivy) Leaf/Stem Extract, Tocopherol, Ascorbic Acid, Sodium Hyaluronate, Hyaluronic Acid, Sodium Hyaluronate Crosspolymer, Hydrolyzed Sodium Hyaluronate, Hydrolyzed Hyaluronic Acid, Sodium Acetylated Hyaluronate, Hydroxypropyltrimonium Hyaluronate, Lycopodium Clavatum Extract, Equisetum Arvense Extract, Acetyl Hexapeptide-1, Prunus Mume Flower Extract, Paeonia Albiflora Flower Extract, Magnolia Denudata Flower Extract, Leontopodium Alpinum Flower/Leaf Extract, Bellis Perennis (Daisy) Flower Extract",niacinamide;vitamin-c;hyaluronic-acid;peptides;panthenol,,,,,,,,,,,,,brand_direct,true,https://medicube.us/products/pdrn-pink-collagen-glow-jelly-serum,/product-images/brand-direct/pmeus53023r00.jpg
PMEUS68016R00,brightening-texture,Kojic Acid Turmeric Vita Capsule Cream,Medicube,,"Water, Butylene Glycol, Niacinamide, Glycerin, 1,2-Hexanediol, Caprylic/Capric Triglyceride, Diethoxyethyl Succinate, Arginine, Cetearyl Alcohol, Acrylates/C10-30 Alkyl Acrylate Crosspolymer, Coptis Japonica Root Extract, Cetearyl Olivate, Caesalpinia Spinosa Gum, Coco-Caprylate/Caprate, Cetearyl Glucoside, Sorbitan Olivate, Curcuma Longa (Turmeric) Root Extract, Xanthan Gum, Carbomer, Simethicone, Ethylhexylglycerin, Adenosine, Dilinoleic Acid/Butanediol Copolymer, C9-12 Alkane, Kojic Acid, Cyanocobalamin, Castor Oil/IPDI Copolymer, Ascorbic Acid, Castanea Crenata (Chestnut) Shell Extract, Citrus Junos Peel Extract, Fragaria Ananassa (Strawberry) Fruit Extract, Tocopherol, Allantoin, Alpha-Arbutin, Caffeine, Ferulic Acid, Retinol, Undecane, Octyldodecanol, Tridecane, Hydrogenated Lecithin, Ceramide NP, Sodium Hyaluronate, Caprylyl Glycol, Hydroxypropyltrimonium Hyaluronate, Acetyl Hexapeptide-8, Copper Tripeptide-1, Palmitoyl Pentapeptide-4, Hydrolyzed Hyaluronic Acid, Palmitoyl Hexapeptide-12, Sodium Acetylated Hyaluronate, Hyaluronic Acid, Hydrolyzed Sodium Hyaluronate, Sodium Hyaluronate Crosspolymer, Potassium Hyaluronate",niacinamide;vitamin-c;hyaluronic-acid;retinol-cosmetic;ceramides;alpha-arbutin;peptides;kojic-acid,,,,,,,,,,,,,brand_direct,true,https://medicube.us/products/kojic-acid-turmeric-vita-capsule-cream,/product-images/brand-direct/pmeus68016r00.jpg
PMEUS72002A01,skin-protectant,Hypochlorous Acid Rice Peel Shot,Medicube,,"Water, Quaternium-60, Propylene Glycol, Carbomer, Dipropylene Glycol, Cellulose, 1,2-Hexanediol, Propanediol, Caprylyl Glycol, Zea Mays (Corn) Starch, Caprylyl Methicone, Polyglyceryl-10 Oleate, Oryza Sativa (Rice) Bran Water, Cetrimonium Methosulfate, Caffeine, Ethylhexylglycerin, Charcoal Powder, Allantoin, Hydrogenated Lecithin, Hypochlorous Acid, Oryza Sativa (Rice) Extract, Tocopherol, Glycerin, Butylene Glycol, Cynanchum Atratum Extract, Beta-Glucan, Ceramide NP, Sodium Chloride, Xanthan Gum, Panthenol, Aloe Barbadensis Leaf Water, Althaea Rosea Flower Extract, Sodium Hyaluronate, Protease, Hydrolyzed Hyaluronic Acid",hyaluronic-acid;ceramides;panthenol,,,,,,,,,,,,,brand_direct,true,https://medicube.us/products/hypochlorous-acid-rice-peel-shot,/product-images/brand-direct/pmeus72002a01.jpg
PMEUS72002R00,skin-protectant,Hypochlorous Acid Rice Body Peel Shot,Medicube,,"WATER, ALCOHOL DENAT., CARBOMER, QUATERNIUM-60, PROPYLENE GLYCOL, 1,2-HEXANEDIOL, DIPROPYLENE GLYCOL, CETRIMONIUM METHOSULFATE, CAPRYLYL METHICONE, CAPRYLYL GLYCOL, POLYGLYCERYL-10 OLEATE, ETHYLHEXYLGLYCERIN, CHARCOAL POWDER, HYPOCHLOROUS ACID(20PPM), GLUCOSE, CHLORELLA VULGARIS EXTRACT, BUTYLENE GLYCOL, FRUCTOSE, FRUCTOOLIGOSACCHARIDES, TOCOPHEROL, SODIUM HYALURONATE CROSSPOLYMER, CYNANCHUM ATRATUM EXTRACT, XYLOSE, POLYGLUTAMIC ACID, ALTHAEA ROSEA FLOWER EXTRACT, CERAMIDE NP, SODIUM CHLORIDE, ALLANTOIN, PANTHENOL, ORYZA SATIVA (RICE) BRAN WATER, MELALEUCA ALTERNIFOLIA (TEA TREE) LEAF EXTRACT, PROTEASE, ORYZA SATIVA (RICE) EXTRACT, CENTELLA ASIATICA EXTRACT, HYDROLYZED HYALURONIC ACID",hyaluronic-acid;ceramides;centella-asiatica;panthenol,,,,,,,,,,,,,brand_direct,true,https://medicube.us/products/hypochlorous-acid-rice-body-peel-shot,/product-images/brand-direct/pmeus72002r00.jpg
PMEUS68017R01,brightening-texture,Kojic Acid Turmeric Brightening Body Wash,Medicube,,"Ingredients: Water, Sodium C14-16 Olefin Sulfonate, Glycerin, Coco-Betaine, Cocamide MIPA, Niacinamide, C12-13 Alketh-9, Disodium Cocoamphodiacetate, Fragrance, Sodium Chloride, Sodium Benzoate, Salicylic Acid, Citric Acid, Ethylhexylglycerin, Polyquaternium-10, Sorbitol, Butylene Glycol, Polyquaternium-7, Trisodium Ethylenediamine Disuccinate, Zinc Ricinoleate, Kojic Acid, Tetrasodium Glutamate Diacetate, Hexylene Glycol, Propanediol, Diospyros Kaki Fruit Extract, Chloramine T, Sodium Bicarbonate, Yellow 6 (CI 15985), Ascorbic Acid, Curcuma Longa (Turmeric) Root Extract, Sodium Carbonate Fragrance: Limonene, Geraniol, Citral, Hexyl Cinnamal, Linalool, Citronellol, Hydroxycitronellal, Farnesol",niacinamide;vitamin-c;kojic-acid,,,,,,,,,,,,,brand_direct,true,https://medicube.us/products/kojic-acid-turmeric-brightening-body-wash,/product-images/brand-direct/pmeus68017r01.jpg
PMEUS68007A01,brightening-texture,Kojic Acid Turmeric Vitamin Gold Jelly Mist Serum,Medicube,,"HIPPOPHAE RHAMNOIDES WATER, ISOPROPYL MYRISTATE, BUTYLENE GLYCOL, WATER, NIACINAMIDE, GLYCERETH-26, 1,2-HEXANEDIOL, GLYCERIN, SODIUM CHLORIDE, SQUALANE, CURCUMA LONGA (TURMERIC) ROOT EXTRACT, HYDROXYACETOPHENONE, PROPANEDIOL, GELLAN GUM, PANTHENOL, HIPPOPHAE RHAMNOIDES FRUIT OIL, ETHYLHEXYLGLYCERIN, ADENOSINE, CITRUS LIMON (LEMON) PEEL OIL, ZEA MAYS (CORN) KERNEL EXTRACT, ALLANTOIN, DISODIUM EDTA, CITRUS AURANTIUM DULCIS (ORANGE) PEEL OIL, HYDROLYZED COLLAGEN, SODIUM HYALURONATE, HYALURONIC ACID, HYDROLYZED HYALURONIC ACID, TOCOPHEROL, 3-O-ETHYL ASCORBIC ACID, FRUCTAN, KOJIC ACID, GLUCOSE, TERMINALIA FERDINANDIANA FRUIT EXTRACT, FERULIC ACID, DIMETHYLSILANOL HYALURONATE, HYDROLYZED SODIUM HYALURONATE, HYDROXYPROPYLTRIMONIUM HYALURONATE, SODIUM HYALURONATE CROSSPOLYMER, SODIUM HYALURONATE DIMETHYLSILANOL, SODIUM ACETYLATED HYALURONATE, ASCORBIC ACID, LIMONENE, CITRAL",niacinamide;vitamin-c;hyaluronic-acid;squalane;panthenol;kojic-acid,,,,,,,,,,,,,brand_direct,true,https://medicube.us/products/turmeric-vitamin-gold-jelly-mist-serum,/product-images/brand-direct/pmeus68007a01.jpg
PMEKR53022R00,skin-protectant,PDRN Pink Collagen Bubble Serum,Medicube,,"WATER(AQUA), NIACINAMIDE, HELIANTHUS ANNUUS (SUNFLOWER) SEED OIL, GLYCERIN, HYDROGENATED POLY(C6-14 OLEFIN), C12-14 ALKETH-12, 1,2-HEXANEDIOL, PROPANEDIOL, ISODODECANE, ETHYLHEXYL PALMITATE, CETYL ETHYLHEXANOATE, ETHYLHEXYLGLYCERIN, AMMONIUM ACRYLOYLDIMETHYLTAURATE/VP COPOLYMER, TRIETHYL CITRATE, ADENOSINE, TOCOPHEROL, DISODIUM EDTA, CYANOCOBALAMIN, COLLAGEN, BETULA ALBA BARK/LEAF EXTRACT, SODIUM DNA, RICINUS COMMUNIS (CASTOR) SEED OIL, ILLICIUM VERUM (ANISE) FRUIT/SEED OIL, CYMBOPOGON CITRATUS LEAF OIL, COLLAGEN EXTRACT, XANTHAN GUM, RETINOL, PANTHENOL, HYDROLYZED COLLAGEN, BUTYLENE GLYCOL, CAPRYLIC/CAPRIC TRIGLYCERIDE, CERAMIDE NP, HYDROGENATED LECITHIN, SODIUM HYALURONATE, HYALURONIC ACID, SODIUM HYALURONATE CROSSPOLYMER, SERINE, MILK PROTEIN EXTRACT, HYDROLYZED SODIUM HYALURONATE, HYDROLYZED HYALURONIC ACID, GLUTAMIC ACID, ASPARTIC ACID, SODIUM ACETYLATED HYALURONATE, HYDROXYPROPYLTRIMONIUM HYALURONATE",niacinamide;hyaluronic-acid;retinol-cosmetic;ceramides;panthenol,,,,,,,,,,,,,brand_direct,true,https://medicube.us/products/pdrn-pink-collagen-bubble-serum,/product-images/brand-direct/pmekr53022r00.jpg
PMEKR43013R00,brightening-texture,Hyaluronic Ceramide Moisturizing Jelly Cream,Medicube,,"WATER (AQUA), BUTYLENE GLYCOL, GLYCERIN, PROPANEDIOL, NIACINAMIDE, 1,2-HEXANEDIOL, ACRYLATES/C10-30 ALKYL ACRYLATE CROSSPOLYMER, TROMETHAMINE, MELIA AZADIRACHTA LEAF EXTRACT, MELIA AZADIRACHTA FLOWER EXTRACT, ETHYLHEXYLGLYCERIN, COCCINIA INDICA FRUIT EXTRACT, XANTHAN GUM, ADENOSINE, ALOE BARBADENSIS FLOWER EXTRACT, SOLANUM MELONGENA (EGGPLANT) FRUIT EXTRACT, OCIMUM SANCTUM LEAF EXTRACT, CORALLINA OFFICINALIS EXTRACT, CURCUMA LONGA (TURMERIC) ROOT EXTRACT, TOCOPHEROL, ALLANTOIN, AMMONIUM ACRYLOYLDIMETHYLTAURATE/VP COPOLYMER, ASCORBYL GLUCOSIDE, ECTOIN, SQUALANE, TREHALOSE, GLYCERYL GLUCOSIDE, HYDROGENATED LECITHIN, CETEARYL ALCOHOL, STEARIC ACID, LEONTOPODIUM ALPINUM CALLUS CULTURE EXTRACT, CERAMIDE NP, CERAMIDE NS, DIMETHYLSILANOL HYALURONATE, HYDROLYZED HYALURONIC ACID, HYDROLYZED SODIUM HYALURONATE, CHOLESTEROL, HYALURONIC ACID, PHYTOSPHINGOSINE, POTASSIUM HYALURONATE, SODIUM HYALURONATE, HYDROXYPROPYLTRIMONIUM HYALURONATE, SODIUM HYALURONATE CROSSPOLYMER, CERAMIDE AP, CERAMIDE AS, SODIUM HYALURONATE DIMETHYLSILANOL, SODIUM ACETYLATED HYALURONATE, COPPER TRIPEPTIDE-1, CERAMIDE EOP, DIPEPTIDE-2, OLIGOPEPTIDE-1, PALMITOYL PENTAPEPTIDE-4, TRIPEPTIDE-1",niacinamide;vitamin-c;hyaluronic-acid;ceramides;squalane;peptides,,,,,,,,,,,,,brand_direct,true,https://medicube.us/products/hyaluronic-ceramide-moisturizing-jelly-cream,/product-images/brand-direct/pmekr43013r00.jpg
PMEUS61013R00,skin-protectant,No Cast Just Glow Collagen Sunscreen,Medicube,,"WATER, HOMOSALATE, OCTOCRYLENE, BUTYLOCTYL SALICYLATE, OCTISALATE, PROPANEDIOL, AVOBENZONE, SILICA, 1,2-HEXANEDIOL, CAPRYLYL METHICONE, PENTYLENE GLYCOL, POLYGLYCERYL-3 DISTEARATE, DIMETHICONE/VINYL DIMETHICONE CROSSPOLYMER, CETEARYL ALCOHOL, POLY C10-30 ALKYL ACRYLATE, TROMETHAMINE, POLYACRYLATE CROSSPOLYMER-6, ACRYLATES/C10-30 ALKYL ACRYLATE CROSSPOLYMER, SODIUM STEAROYL GLUTAMATE, BUTYLENE GLYCOL, GLYCERYL STEARATE CITRATE, AMMONIUM ACRYLOYLDIMETHYLTAURATE/VP COPOLYMER, XANTHAN GUM, ETHYLHEXYLGLYCERIN, CYANOCOBALAMIN, NIACINAMIDE, CERAMIDE NP, SQUALANE, TOCOPHEROL, HYDROLYZED COLLAGEN, ASIATICOSIDE, MADECASSIC ACID, ASIATIC ACID, CENTELLA ASIATICA EXTRACT, HYALURONIC ACID, CAPRYLYL GLYCOL, SOLUBLE COLLAGEN, ACETYL HEXAPEPTIDE-8",niacinamide;hyaluronic-acid;ceramides;squalane;peptides;centella-asiatica,,,,,,,,,,,,,brand_direct,true,https://medicube.us/products/no-cast-just-glow-collagen-sunscreen,/product-images/brand-direct/pmeus61013r00.jpg
PMEUS43011R00,skin-protectant,Hyaluronic Acid Capsule Cream,Medicube,,"Water, Niacinamide, Butylene Glycol, Methylpropanediol, Glycerin, Propanediol, 1,2-Hexanediol, Caprylic/Capric Triglyceride, Glycereth-26, Arginine, Carbomer, Ethylhexyl Palmitate, Cetearyl Alcohol, Panthenol, Cetearyl Olivate, Sorbitan Olivate, Ammonium Acryloyldimethyltaurate/VP Copolymer, Simethicone, Ethylhexylglycerin, Adenosine, Melia Azadirachta Leaf Extract, Polyacrylate-13, Melia Azadirachta Flower Extract, Disodium EDTA, Coccinia Indica Fruit Extract, Polyisobutene, Hydrolyzed Sclerotium Gum, Glyceryl Stearate, Allantoin, Betaine, Aloe Barbadensis Flower Extract, Solanum Melongena (Eggplant) Fruit Extract, Polysorbate 20, Simmondsia Chinensis (Jojoba) Seed Oil, Sorbitan Isostearate, Sodium Hyaluronate, Ocimum Sanctum Leaf Extract, Corallina Officinalis Extract, Curcuma Longa (Turmeric) Root Extract, Squalane, Octyldodecanol, Hydrogenated Lecithin, Ceramide NP, Caprylyl Glycol",niacinamide;hyaluronic-acid;ceramides;squalane;panthenol,,,,,,,,,,,,,brand_direct,true,https://medicube.us/products/hyaluronic-acid-capsule-cream,/product-images/brand-direct/pmeus43011r00.jpg
PMEUS68004A00,brightening-texture,Kojic Acid Turmeric Capsule Serum,Medicube,,"WATER (AQUA), NIACINAMIDE, BUTYLENE GLYCOL, JOJOBA ESTERS, 1,2-HEXANEDIOL, CURCUMA LONGA (TURMERIC) ROOT EXTRACT, CAPRYLIC/CAPRIC/SUCCINIC TRIGLYCERIDE, COCO-CAPRYLATE/CAPRATE, KOJIC ACID, AMMONIUM ACRYLOYLDIMETHYLTAURATE/VP COPOLYMER, HYDROGENATED CASTOR OIL/SEBACIC ACID COPOLYMER, MELIA AZADIRACHTA FLOWER EXTRACT, OCIMUM SANCTUM LEAF EXTRACT, COCCINIA INDICA FRUIT EXTRACT, ECLIPTA PROSTRATA EXTRACT, MELIA AZADIRACHTA LEAF EXTRACT, ALLANTOIN, CETYL ALCOHOL, SILICA SILYLATE, SODIUM CITRATE, ETHYLHEXYLGLYCERIN, CORALLINA OFFICINALIS EXTRACT, ADENOSINE, CHAMAECYPARIS OBTUSA WOOD OIL, BEHENYL ALCOHOL, ARGININE, CITRIC ACID, TOCOPHEROL, PANTHENOL, SQUALANE, THIOCTIC ACID, GLYCOLIC ACID",niacinamide;glycolic-acid;squalane;panthenol;kojic-acid,,,,,,,,,,,,,brand_direct,true,https://medicube.us/products/kojic-acid-turmeric-capsule-serum,/product-images/brand-direct/pmeus68004a00.jpg
PMEUS61005A01,skin-protectant,Collagen Milky Glow Daytime Wrapping Mask,Medicube,,"WATER, COLLAGEN WATER, OCTYLDODECANOL, POLYVINYL ALCOHOL, NIACINAMIDE, METHYLPROPANEDIOL, BUTYLENE GLYCOL, CAPRYLIC/CAPRIC TRIGLYCERIDE, 1,2-HEXANEDIOL, SIMMONDSIA CHINENSIS (JOJOBA) SEED OIL, POLYSORBATE 80, POLYGLYCERYL-10 OLEATE, DIPROPYLENE GLYCOL, TITANIUM DIOXIDE, PENTAERYTHRITYL TETRAETHYLHEXANOATE, PULLULAN, GLYCERYL STEARATE, PEG-100 STEARATE, PANTHENOL, DISTEARDIMONIUM HECTORITE, ALGIN, SODIUM POLYSTYRENE SULFONATE, TRIETHYL CITRATE, GLUTATHIONE, MICROCRYSTALLINE CELLULOSE, ETHYLHEXYLGLYCERIN, SPHINGOMONAS FERMENT EXTRACT, ACRYLATES/C10-30 ALKYL ACRYLATE CROSSPOLYMER, CELLULOSE GUM, METHYL DIISOPROPYL PROPIONAMIDE, TROMETHAMINE, SODIUM PHYTATE, BETULA ALBA BARK EXTRACT, ZEA MAYS (CORN) GERM OIL, RICINUS COMMUNIS (CASTOR) SEED OIL, ILLICIUM VERUM (ANISE) FRUIT/SEED OIL, CYMBOPOGON CITRATUS LEAF OIL, PAEONIA SUFFRUTICOSA ROOT EXTRACT, GLYCERIN, MILK PROTEIN EXTRACT, CITRIC ACID, ALPHA-ARBUTIN, PENTAERYTHRITYL TETRA-DI-T-BUTYL HYDROXYHYDROCINNAMATE, COLLAGEN AMINO ACIDS, KAOLIN, HYDRATED SILICA, PROPANEDIOL, HAEMATOCOCCUS PLUVIALIS EXTRACT, HYDROGENATED LECITHIN, CENTELLA ASIATICA EXTRACT, FICUS CARICA (FIG) FRUIT EXTRACT, CERAMIDE NP",niacinamide;ceramides;alpha-arbutin;centella-asiatica;panthenol,,,,,,,,,,,,,brand_direct,true,https://medicube.us/products/collagen-milk-toning-wrapping-mask,/product-images/brand-direct/pmeus61005a01.jpg
PMEUS72006A00,brightening-texture,Hypochlorous Acid Power Soothing Spray,Medicube,,"Water, Niacinamide, Butylene Glycol, Hydroxyacetophenone, Panthenol, Octyldodeceth-16, C12-14 Alketh-12, Sodium Gluconate, Sodium Citrate, Ethylhexylglycerin, Allantoin, Citric Acid, Hypochlorous Acid (150ppm), Eucalyptus Globulus Leaf Oil, Rosmarinus Officinalis (Rosemary) Leaf Oil, Melaleuca Alternifolia (Tea Tree) Leaf Oil, Sodium Chloride",niacinamide;panthenol,,,,,,,,,,,,,brand_direct,true,https://medicube.us/products/hypochlorous-acid-power-soothing-spray,/product-images/brand-direct/pmeus72006a00.jpg
PMEUS68003A00,brightening-texture,Kojic Acid Turmeric Toner,Medicube,,"Water, Niacinamide, Glycolic Acid, 1,2-Hexanediol, Sodium Hydroxide, C12-14 Alketh-12, Curcuma Longa (Turmeric) Root Extract, Ethylhexylglycerin, Gardenia Florida Fruit Extract, Adenosine, Dextrin, Kojic Acid, Monascus Extract, Lavandula Angustifolia (Lavender) Oil, Citrus Aurantium Bergamia (Bergamot) Fruit Oil, Allantoin, Panthenol, Glycerin, Butylene Glycol, Caprylic/Capric Triglyceride, Magnolia Officinalis Bark Extract, Hydrogenated Lecithin, Sodium Hyaluronate, Ceramide NP, Hydroxypropyltrimonium Hyaluronate, Sodium Acetylated Hyaluronate, Hydrolyzed Hyaluronic Acid, Hyaluronic Acid, Sodium Hyaluronate Crosspolymer, Hydrolyzed Sodium Hyaluronate, Potassium Hyaluronate",niacinamide;hyaluronic-acid;ceramides;glycolic-acid;panthenol;kojic-acid,,,,,,,,,,,,,brand_direct,true,https://medicube.us/products/kojic-acid-turmeric-toner,/product-images/brand-direct/pmeus68003a00.jpg
PMEUS68005A01,brightening-texture,Kojic Acid Turmeric Toner Pad,Medicube,,"Water, Glycolic Acid, Water, Methylpropanediol, Niacinamide, Glycerin, Dipropylene Glycol, Sodium Hydroxide, Water, Water, Curcuma Longa (Turmeric) Root Extract, Butylene Glycol, 1,2-Hexanediol, Hydroxyacetophenone, Glycereth-26, 1,2-Hexanediol, Gardenia Florida Fruit Extract, Dextrin, C12-14 Alketh-12, Ethylhexylglycerin, Allantoin, Adenosine, Dipotassium Glycyrrhizate, Disodium EDTA, Kojic Acid, Water, Butylene Glycol, 1,2-Hexanediol, Citrus Junos Peel Extract, Castanea Crenata (Chestnut) Shell Extract, Fragaria Ananassa (Strawberry) Fruit Extract, Cyanocobalamin, Salicylic Acid, Tocopherol, Ascorbic Acid, Panthenol, Water, 1,2-Hexanediol, Sodium Hyaluronate, Hydroxypropyltrimonium Hyaluronate, Hydrolyzed Hyaluronic Acid, Sodium Acetylated Hyaluronate, Hyaluronic Acid, Hydrolyzed Sodium Hyaluronate, Sodium Hyaluronate Crosspolymer, Potassium Hyaluronate",niacinamide;vitamin-c;hyaluronic-acid;glycolic-acid;panthenol;kojic-acid,,,,,,,,,,,,,brand_direct,true,https://medicube.us/products/kojic-acid-tumeric-toner-pad,/product-images/brand-direct/pmeus68005a01.jpg
PMEUS53017A01,skin-protectant,PDRN Pink Gel Cleanser,Medicube,,"Water, Disodium Cocoamphodiacetate, Glycerin, Sorbeth-30 Tetraoleate, Cocamidopropyl Betaine, Sodium Chloride, Acrylates/Beheneth-25 Methacrylate Copolymer, Citric Acid, 1,2-Hexanediol, Caprylyl Glycol, Potassium Cocoyl Glycinate, Hydroxyacetophenone, Dipropylene Glycol, C12-13 Alketh-9, Hydroxyethyl Urea, Disodium EDTA, Ethylhexylglycerin, Rosmarinus Officinalis (Rosemary) Leaf Oil, Cyanocobalamin, Hydrolyzed Collagen, Panthenol, Sodium DNA, Niacinamide, Capryloyl Salicylic Acid, Tocopherol, Cornmint Oil, Hydrolyzed Hyaluronic Acid, Caprylic/Capric Triglyceride, Ceramide NP, Adansonia Digitata Seed Oil (Baobab Seed Oil), Hydrogenated Lecithin, Ceramide AS, Ceramide NS, Ceramide EOP, Ceramide AP, Sodium Hyaluronate",niacinamide;hyaluronic-acid;ceramides;panthenol,,,,,,,,,,,,,brand_direct,true,https://medicube.us/products/pdrn-gel-cleanser,/product-images/brand-direct/pmeus53017a01.jpg
PMEUS53019A00,brightening-texture,PDRN Pink Caffeine Overnight Wrapping Mask,Medicube,,"Ingredients: Water, Glycerin, Glycereth-26, Polyvinyl Alcohol, Niacinamide, Benzyl Glycol, Xanthan Gum, Algin, C12-14 Alketh-12, Allantoin, Synthetic Fluorphlogopite, Ethylhexylglycerin, Adenosine, Cyanocobalamin, 1,2-Hexanediol, Disodium EDTA, Titanium Dioxide (CI 77891), Sodium DNA, Butylene Glycol, Rosa Damascena Flower Oil, Caffeine, Propanediol, Ascorbic Acid, Tocopheryl Acetate, Chondrus Crispus Extract, Glycine, Dimethylsilanol Hyaluronate, Hydrolyzed Sodium Hyaluronate, Hydrolyzed Hyaluronic Acid, Serine, Glutamic Acid, Sodium Hyaluronate, Potassium Hyaluronate, Hyaluronic Acid, Sodium Hyaluronate Crosspolymer, Hydroxypropyltrimonium Hyaluronate, Aspartic Acid, Leucine, Sodium Hyaluronate Dimethylsilanol, Collagen Extract, Hydrolyzed Elastin, Alanine, Lysine, Sodium Acetylated Hyaluronate, Arginine, Tyrosine, Phenylalanine, Valine, Threonine, Proline, Isoleucine, Caprylyl Glycol, Histidine, Methionine, Cysteine, Mannitol, Acetyl Hexapeptide-8, Copper Tripeptide-1, Tripeptide-1, Palmitoyl Tripeptide-1, Palmitoyl Pentapeptide-4, Collagen, Hexapeptide-9, Nonapeptide-1",niacinamide;vitamin-c;hyaluronic-acid;peptides,,,,,,,,,,,,,brand_direct,true,https://medicube.us/products/pdrn-wrapping-mask,/product-images/brand-direct/pmeus53019a00.jpg
KUSMEA0201,brightening-texture,PDRN Pink Vita Coating Sheet Mask,Medicube,,"Water, Methylpropanediol, Glycerin, Niacinamide, Propanediol, Polyglycerin-3, Hydroxyacetophenone, Polyglyceryl-10 Laurate, Allantoin, Butylene Glycol, Carbomer, Ethylhexylglycerin, Tromethamine, Adenosine, 1,2-Hexanediol, Xanthan Gum, Sodium Phytate, Fragrance, Gardenia Florida Fruit Extract, Sodium DNA (100 ppm), Glyceryl Acrylate/Acrylic Acid Copolymer, PVM/MA Copolymer, Glyceryl Glucoside, Sodium Hyaluronate, Cyanocobalamin (100 ppb), Ascorbic Acid (100 ppb), Soluble Collagen",niacinamide;vitamin-c;hyaluronic-acid,,,,,,,,,,,,,brand_direct,true,https://medicube.us/products/pdrn-pink-vita-coating-sheet-mask,/product-images/brand-direct/kusmea0201.jpg
PMEKR43004R00,skin-protectant,Azelaic Acid 16 Calming Serum,Medicube,,"WATER (AQUA), AZELAIC ACID, BUTYLENE GLYCOL, PROPANEDIOL, SODIUM HYDROXIDE, PROPYLENE GLYCOL, ALCOHOL DENAT., 1,2-HEXANEDIOL, NIACINAMIDE, CITRIC ACID, GLYCERYL CAPRYLATE, MELIA AZADIRACHTA LEAF EXTRACT, MELIA AZADIRACHTA FLOWER EXTRACT, COCCINIA INDICA FRUIT EXTRACT, ALOE BARBADENSIS FLOWER EXTRACT, SOLANUM MELONGENA (EGGPLANT) FRUIT EXTRACT, OCIMUM SANCTUM LEAF EXTRACT, ALLANTOIN, CENTELLA ASIATICA EXTRACT, PANTHENOL, CURCUMA LONGA (TURMERIC) ROOT EXTRACT, CORALLINA OFFICINALIS EXTRACT, PANTOTHENIC ACID, NICOTINAMIDE MONONUCLEOTIDE, HYDROLYZED PEA PROTEIN, PHYTOSTEROLS, LECITHIN, OLEA EUROPAEA (OLIVE) FRUIT OIL, SQUALANE, BUTYROSPERMUM PARKII (SHEA) BUTTER, CERAMIDE NP",niacinamide;azelaic-acid;ceramides;squalane;centella-asiatica;panthenol,,,,,,,,,,,,,brand_direct,true,https://medicube.us/products/azelaic-acid-16-calming-serum,/product-images/brand-direct/pmekr43004r00.jpg
PMEUS60011A01,brightening-texture,Zero Pore Capsule Cleansing Foam,Medicube,,"Water, Glycerin, Sodium Cocoyl Glycinate, Sodium Lauroyl Glutamate, Lauryl Hydroxysultaine, Coco-Glucoside, Decyl Glucoside, 1,2-Hexanediol, Salicylic Acid, Sodium Chloride, Caprylyl Glycol, Hydroxypropyl Starch Phosphate, Silica, Fragrance, Acrylates/C10-30 Alkyl Acrylate Crosspolymer, Citric Acid, Polyquaternium-67, Dextrin, Zea Mays (Corn) Starch, Microcrystalline Cellulose, Mannitol, Disodium EDTA, Sucrose, Gardenia Florida Fruit Extract, Sodium Acetate, Ultramarines (CI 77007), Tocopheryl Acetate, Isopropyl Alcohol, Butylene Glycol, Gluconolactone, Mandelic Acid, Salix Alba (Willow) Bark Extract, Centella Asiatica Leaf Vesicles, Centella Asiatica Leaf Extract, Cladosiphon Okamuranus Extract, Camellia Sinensis Leaf Extract, Houttuynia Cordata Extract, Coffea Arabica (Coffee) Seed Extract, Pueraria Lobata Root Extract, Pinus Palustris Leaf Extract, Oenothera Biennis (Evening Primrose) Flower Extract, Ulmus Davidiana Root Extract, Citrus Aurantium Bergamia (Bergamot) Leaf Extract, Pinus Densiflora Leaf Extract",centella-asiatica;mandelic-acid,,,,,,,,,,,,,brand_direct,true,https://medicube.us/products/zero-pore-clear-blue-capsule-facial-deep-cleanser,/product-images/brand-direct/pmeus60011a01.jpg
PMEUS53012A01,brightening-texture,PDRN Pink Collagen Gel Toner Pad,Medicube,,"Water, Glycerin, Methylpropanediol, Niacinamide, Xylitol, Hydroxyacetophenone, Octyldodeceth-16, Diglycerin, Allantoin, Cellulose Gum, Ethylhexylglycerin, Hydroxyethylcellulose, Sodium Citrate, Sodium Gluconate, Dipropylene Glycol, Adenosine, Butylene Glycol, 1,2-Hexanediol, Citric Acid, Cyanocobalamin, Chamomile Flower Oil, Cabbage Extract, Rosa Damascena Flower Water, Prunus Persica (Peach) Fruit Extract, Thuja Orientalis Extract, Jasminum Officinale (Jasmine) Flower Water, Citrus Aurantium Amara (Bitter Orange) Flower Extract, Centella Asiatica Extract, Onion Extract, Chamomilla Recutita (Matricaria) Extract, Salvia Officinalis (Sage) Extract, Rosmarinus Officinalis (Rosemary) Leaf Oil, Hedera Helix (Ivy) Leaf/Stem Extract, Cucumis Melo (Melon) Fruit Extract, Abelmoschus Esculentus (Okra) Fruit Extract, Petroselinum Crispum (Parsley) Extract, Corchorus Olitorius Leaf Extract, Polygonum Cuspidatum Root Extract, Collagen, Artemisia Capillaris Extract, Nelumbo Nucifera Flower Extract, Oryza Sativa (Rice) Extract, Yeast Ferment Extract, Sodium DNA, Capryloyl Salicylic Acid, Caprylic/Capric Triglyceride, Hydrogenated Phosphatidylcholine, Sucrose Stearate, Vigna Radiata (Mung Bean) Seed Extract, Hydrogenated Lecithin, Cetearyl Alcohol, Retinol, Polyglyceryl-10 Myristate, Tocopheryl Acetate, Asiaticoside, Madecassic Acid, Madecassoside, Asiatic Acid",niacinamide;retinol-cosmetic;centella-asiatica,,,,,,,,,,,,,brand_direct,true,https://medicube.us/products/pdrn-pink-collagen-gel-toner-pad,/product-images/brand-direct/pmeus53012a01.jpg
PMEKR43003R00,brightening-texture,Hyaluronic Multi Peptide PDRN Serum,Medicube,,"WATER,NEOPENTYL GLYCOL DICAPRATE,PROPANEDIOL,GLYCERIN,1,2-HEXANEDIOL,NIACINAMIDE,TREHALOSE,GLYCERYL GLUCOSIDE,SORBITOL,SODIUM HYALURONATE,SODIUM CHLORIDE,PANTHENOL,ETHYLHEXYLGLYCERIN,ALLANTOIN,ADENOSINE,DISODIUM EDTA,GLUCOSE,MELIA AZADIRACHTA LEAF EXTRACT,MELIA AZADIRACHTA FLOWER EXTRACT,BUTYLENE GLYCOL,ALPHA-ARBUTIN,SQUALANE,COCCINIA INDICA FRUIT EXTRACT,SOLANUM MELONGENA (EGGPLANT) FRUIT EXTRACT,SODIUM DNA,ALOE BARBADENSIS FLOWER EXTRACT,CITRUS AURANTIUM BERGAMIA (BERGAMOT) FRUIT OIL,SODIUM HYALURONATE CROSSPOLYMER,OCIMUM SANCTUM LEAF EXTRACT,SIMMONDSIA CHINENSIS (JOJOBA) SEED OIL,CORALLINA OFFICINALIS EXTRACT,CURCUMA LONGA (TURMERIC) ROOT EXTRACT,ACETYL HEXAPEPTIDE-8,ACETYL TETRAPEPTIDE-3,ARGININE/LYSINE POLYPEPTIDE,COLLAGEN EXTRACT,COPPER TRIPEPTIDE-1,DIPEPTIDE-2,HEXAPEPTIDE-11,NONAPEPTIDE-1,OLIGOPEPTIDE-1,PALMITOYL HEXAPEPTIDE-12,PALMITOYL PENTAPEPTIDE-4,PALMITOYL TETRAPEPTIDE-7,PALMITOYL TRIPEPTIDE-1,TRIPEPTIDE-1,HYALURONIC ACID,HYDROLYZED HYALURONIC ACID,HYDROLYZED SODIUM HYALURONATE,HYDROXYPROPYLTRIMONIUM HYALURONATE,POTASSIUM HYALURONATE,PENTYLENE GLYCOL,SODIUM ACETYLATED HYALURONATE",niacinamide;hyaluronic-acid;alpha-arbutin;squalane;peptides;panthenol,,,,,,,,,,,,,brand_direct,true,https://medicube.us/products/hyaluronic-multi-peptide-pdrn-serum,/product-images/brand-direct/pmekr43003r00.jpg
PMEKR43005R00,skin-protectant,Retinol NMN Boosting Serum,Medicube,,"Water, Glycereth-26, Niacinamide, Glycerin, Caprylic/Capric Triglyceride, Water, Caprylic/Capric Triglyceride, Macadamia Ternifolia Seed Oil, Butylene Glycol, Hydrogenated Lecithin, Retinol, Brassica Campestris (Rapeseed) Sterols, Glycerin, 1,2-Hexanediol, Cholesterol, Polyglyceryl-10 Laurate, Phytosteryl/Behenyl/Octyldodecyl Lauroyl Glutamate, Aluminum/Magnesium Hydroxide Stearate, Pentaerythrityl Tetra-di-t-butyl Hydroxyhydrocinnamate, Potassium Cetyl Phosphate, Tris(Tetramethylhydroxypiperidinol) Citrate, Glyceryl Citrate/Lactate/Linoleate/Oleate, Elaeis Guineensis (Palm) Oil, 1,2-Hexanediol, Cetyl Ethylhexanoate, Hydroxyacetophenone, Ammonium Acryloyldimethyltaurate/VP Copolymer, Polyacrylate Crosspolymer-6, Aluminum Starch Octenylsuccinate, Glycerin, Retinal, Squalane, Water, Polyquaternium-51, Tocopherol, Panthenol, Allantoin, Adenosine, Disodium EDTA, Water, Bifida Ferment Lysate, Lactobacillus Ferment Lysate, Lactococcus Ferment Lysate, Dipropylene Glycol, Niacinamide, 1,2-Hexanediol, Hydrogenated Lecithin, Panthenol, Centella Asiatica Leaf Extract, Asiaticoside, Asiatic Acid, Madecassic Acid, Beta-Glucan, Ceramide NP, Propanediol, Eriobotrya Japonica Leaf Extract, 1,2-Hexanediol, Mentha Viridis (Spearmint) Extract, Sodium Hyaluronate Crosspolymer, Pentylene Glycol, Ethylhexylglycerin, Nicotinamide Mononucleotide, Water, 1,2-Hexanediol, Glycerin, Akebia Quinata Extract, Butylene Glycol, Caprylyl/Capryl Glucoside, Camellia Japonica Flower Extract, Polyglyceryl-10 Laurate, Polyglyceryl-10 Oleate, Propanediol, Acetyl Hexapeptide-8, Acetyl Tetrapeptide-5, Adenosine, Carnosine, Palmitoyl Tetrapeptide-7, Palmitoyl Tripeptide-5, Yeast Beta-Glucan, Ferulic Acid, 3-O-Ethyl Ascorbic Acid, Ascorbic Acid",niacinamide;vitamin-c;hyaluronic-acid;retinol-cosmetic;ceramides;squalane;peptides;centella-asiatica;panthenol,,,,,,,,,,,,,brand_direct,true,https://medicube.us/products/retinol-nmn-boosting-serum,/product-images/brand-direct/pmekr43005r00.jpg
PMEUS43006A01,brightening-texture,TXA Niacinamide Capsule Cream,Medicube,,"water, glycerin, niacinamide (50,000 ppm), methylpropanediol, propanediol, 1,2-hexanediol, dipropylene glycol, caprylic/capric triglyceride, glyceryl glucoside, butylene glycol, arginine, ethylhexyl palmitate, carbomer, cetearyl alcohol, cetearyl olivate, sorbitan olivate, C12-14 alketh-12, ammonium acryloyldimethyltaurate/VP copolymer, simethicone, ethylhexylglycerin, melia azadirachta flower extract, melia azadirachta leaf extract, adenosine, polyacrylate-13, disodium EDTA, cyanocobalamin, triethyl citrate, betaine, polyisobutene, glyceryl stearate, hydrolyzed sclerotium gum, tranexamic acid, abelmoschus esculentus (okra) fruit extract, panthenol, coccinia indica fruit extract, corallina officinalis extract, polysorbate 20, sorbitan isostearate, glutathione, fragaria vesca (strawberry) fruit extract, castanea crenata (chestnut) shell extract, citrus junos peel extract, betula platyphylla japonica bark/leaf extract, ricinus communis (castor) seed oil, bisabolol, ferulic acid, cymbopogon citratus leaf oil, illicium verum (anise) fruit/seed oil, octyldodecanol, hydrolyzed hyaluronic acid, 3-O-ethyl ascorbic acid, sodium hyaluronate, alpha-arbutin, hydrogenated lecithin, ceramide NP, hydroxypropyltrimonium hyaluronate, caprylyl glycol, sodium acetylated hyaluronate, hyaluronic acid, sodium hyaluronate crosspolymer, hydrolyzed sodium hyaluronate, potassium hyaluronate",niacinamide;vitamin-c;hyaluronic-acid;ceramides;alpha-arbutin;tranexamic-acid;panthenol,,,,,,,,,,,,,brand_direct,true,https://medicube.us/products/txa-niacinamide-capsule-cream,/product-images/brand-direct/pmeus43006a01.jpg
PMEUS53011T00,brightening-texture,PDRN Lip Sleeping Mask,Medicube,,"Diisostearyl Malate, Phytosteryl/Isostearyl/Cetyl/Stearyl/Behenyl Dimer Dilinoleate, Polyisobutene, Butyrospermum Parkii (Shea) Butter, Hydrogenated Polydecene, Microcrystalline Wax, Dipropylene Glycol, Glycerin, Water, Hydrogenated Lecithin, Polyglyceryl-10 Oleate, Adenosine, Ceresin, Titanium Dioxide, Caprylic/Capric Triglyceride, Polyhydroxystearic Acid, Alumina, Stearic Acid, Bisabolol, Silica Dimethyl Silylate, Lauryl Polyglyceryl-3 Polydimethylsiloxyethyl Dimethicone, Lauryl Polyglyceryl-3 Polydimethylsiloxyethyl Dimethicone, Aluminum Hydroxide, D&C Red No. 30, Manganese Violet, FD&C Blue No. 1, Camellia Japonica Seed Oil, Sodium DNA, Tocopherol, Water, Butylene Glycol, Glycerin, 1,2-Hexanediol, Hydrolyzed Collagen, Water, 1,2-Hexanediol, Glycerin, Akebia Quinata Extract, Butylene Glycol, Caprylyl/Capryl Glucoside, Camellia Japonica Flower Extract, Polyglyceryl-10 Laurate, Polyglyceryl-10 Oleate, Propanediol, Acetyl Hexapeptide-8, Acetyl Tetrapeptide-5, Adenosine, Carnosine, Palmitoyl Tetrapeptide-7, Palmitoyl Tripeptide-5, Yeast Beta-Glucan",peptides,,,,,,,,,,,,,brand_direct,true,https://medicube.us/products/pdrn-lip-sleeping-mask,/product-images/brand-direct/pmeus53011t00.jpg
PMEUS43002A01,brightening-texture,TXA Niacinamide Serum,Medicube,,"""Water, Niacinamide, Glycerin, Butylene Glycol, Tranexamic Acid, Arbutin, Diethoxyethyl Succinate, Chlorphenesin, C12-14 Alketh-12, Ethylhexylglycerin, Xanthan Gum, Carbomer, Adenosine, Disodium EDTA, Melia Azadirachta Leaf Extract, Melia Azadirachta Flower Extract, 1,2-Hexanediol, Panthenol, Cyanocobalamin, Betaine, Coccinia Indica Fruit Extract, Rosa Centifolia Flower Oil, Ferulic Acid, Corallina Officinalis Extract, Pentylene Glycol, Glutathione, Hydrolyzed Hyaluronic Acid, Hydrolyzed Sodium Hyaluronate, Dimethylsilanol Hyaluronate, Hyaluronic Acid, Potassium Hyaluronate, Sodium Hyaluronate, Hydroxypropyltrimonium Hyaluronate, Sodium Hyaluronate Crosspolymer, Sodium Hyaluronate Dimethylsilanol, Sodium Acetylated Hyaluronate, Acetyl Tetrapeptide-5, Hexapeptide-9, Palmitoyl Tripeptide-5",niacinamide;hyaluronic-acid;peptides;tranexamic-acid;panthenol,,,,,,,,,,,,,brand_direct,true,https://medicube.us/products/txa-niacinamide-serum,/product-images/brand-direct/pmeus43002a01.jpg
PMEUS53003A00,skin-protectant,PDRN Pink Niacinamide Milky Toner,Medicube,,"Water(Aqua), Glycerin, Niacinamide, Cetyl Ethylhexanoate, Caprylic/Capric Triglyceride, 1,2-Hexanediol, Pentaerythrityl Tetraethylhexanoate, Ethylhexyl Palmitate, Polyglyceryl-3 Distearate, Octyldodecanol, Diisostearyl Malate, C12-14 Alketh-12, Acrylates/C10-30 Alkyl Acrylate Crosspolymer, Tromethamine, Glyceryl Stearate, Ethylhexylglycerin, Trehalose, Glyceryl Stearate Citrate, Adenosine, Disodium EDTA, Cyanocobalamin, Saccharide Hydrolysate, Oryza Sativa (Rice) Bran Oil, Oryza Sativa (Rice) Bran Water, Butylene Glycol, Prunus Amygdalus Amara (Bitter Almond) Kernel Oil, Camellia Sinensis Leaf Extract, Pyrus Malus (Apple) Leaf Extract, Sorbitol, Panthenol, Propanediol, Vanilla Planifolia Fruit Extract, Jasminum Officinale (Jasmine) Flower Water, Xylitylglucoside, Anhydroxylitol, Helianthus Annuus (Sunflower) Seed Oil, Dipropylene Glycol, Sucrose Stearate, Xylitol, Beta-Carotene, Sodium DNA, Polyglyceryl-10 Oleate, Vaccinium Myrtillus Fruit Extract, Centella Asiatica Root Extract, Centella Asiatica Leaf Extract, Centella Asiatica Extract, Tocopherol, Pueraria Lobata Root Extract, Pentylene Glycol, Madecassoside, Milk Protein Extract, Lycopodium Clavatum Extract, Equisetum Arvense Extract, Phragmites Communis Extract, Prunus Amygdalus Dulcis (Sweet Almond) Fruit Extract, Lecithin, Tremella Fuciformis (Mushroom) Extract, Tabebuia Impetiginosa Bark Extract, Trifolium Pratense (Clover) Extract, Acetyl Glutamine, Asiatic Acid, Bacillus/Soybean Ferment Extract, Madecassic Acid, Asiaticoside, Hydrolyzed Wheat Protein, Hydrolyzed Soy Protein, Hydrolyzed Rice Protein, Hydrolyzed Rice Bran Protein, Hydrolyzed Corn Protein, Caprylyl Glycol, Sodium Hyaluronate, Folic Acid, Palmitoyl Pentapeptide-4, Ceramide NS, Ceramide NP, Ceramide EOP, Ceramide AP, Oligopeptide-3, Oligopeptide-2, Oligopeptide-1, Hexapeptide-11",niacinamide;hyaluronic-acid;ceramides;peptides;centella-asiatica;panthenol,,,,,,,,,,,,,brand_direct,true,https://medicube.us/products/pdrn-pink-niacinamide-milky-toner,/product-images/brand-direct/pmeus53003a00.jpg
PMEUS53052R00,skin-protectant,PDRN Pink Collagen Capsule Cream,Medicube,,"Water, Glycerin, Niacinamide, Methylpropanediol, Propanediol, 1,2-Hexanediol, Dipropylene Glycol, Caprylic/Capric Triglyceride, Butylene Glycol, Glycereth-26, Arginine, Carbomer, Cetearyl Alcohol, Cetearyl Olivate, Ethylhexyl Palmitate, Sorbitan Olivate, Squalane, Ammonium Acryloyldimethyltaurate/VP Copolymer, Simethicone, Ethylhexylglycerin, Lithospermum Erythrorhizon Root Extract, Adenosine, Helianthus Annuus (Sunflower) Seed Oil, Polyacrylate-13, Sodium DNA, Disodium EDTA, Polyisobutene, Glyceryl Stearate, Hydrolyzed Sclerotium Gum, Pyrus Communis (Pear) Fruit Extract, Alkanna Tinctoria Root Extract, Rosa Damascena Flower Water, Iris Florentina Root Extract, Polysorbate 20, Cucumis Melo (Melon) Fruit Extract, Sorbitan Isostearate, Hedera Helix (Ivy) Leaf/Stem Extract, Glutathione, Sodium Hyaluronate, Octyldodecanol, Salmon Egg Extract, Hydroxypropyltrimonium Hyaluronate, Tocopherol, Hydrogenated Lecithin, Ceramide NP, Cyanocobalamin, Thioctic Acid, Sodium Acetylated Hyaluronate, Hydrolyzed Collagen Extract, Hydrolyzed Hyaluronic Acid, Acetyl Hexapeptide-8, Copper Tripeptide-1, Caprylyl Glycol, Hyaluronic Acid, Palmitoyl Pentapeptide-4, Palmitoyl Hexapeptide-12, Sodium Hyaluronate Crosspolymer, Hydrolyzed Sodium Hyaluronate, Potassium Hyaluronate",niacinamide;hyaluronic-acid;ceramides;squalane;peptides,,,,,,,,,,,,,brand_direct,true,https://medicube.us/products/pdrn-pink-collagen-capsule-cream,/product-images/brand-direct/pmeus53052r00.jpg
PMEKR53014R00,brightening-texture,PDRN Pink Peptide Eye Cream,Medicube,,"Water, Glycerin, Dipropylene Glycol, Niacinamide, Caprylic/Capric Triglyceride, Pentaerythrityl Tetraethylhexanoate, Cetearyl Alcohol, Glycereth-26, Butylene Glycol Dicaprylate/Dicaprate, Bis-Behenyl/Isostearyl/Phytosteryl Dimer Dilinoleyl Dimer Dilinoleate, Cetearyl Olivate, Sorbitan Olivate, Propylene Glycol Dibenzoate, Pullulan, 1,2-Hexanediol, Glyceryl Stearate, Vinyl Dimethicone, Hydroxyacetophenone, Hydroxyethyl Acrylate/Sodium Acryloyldimethyl Taurate Copolymer, Hydrogenated Lecithin, Sodium Acrylate/Sodium Acryloyldimethyl Taurate Copolymer, Sodium DNA, Polyisobutene, Butylene Glycol, Ethylhexylglycerin, Propanediol, Melia Azadirachta Leaf Extract, Adenosine, Melia Azadirachta Flower Extract, Curcuma Longa (Turmeric) Root Extract, Sorbitan Isostearate, Sorbitan Oleate, Caprylyl/Capryl Glucoside, Fragaria Chiloensis (Strawberry) Fruit Extract, Hedera Helix (Ivy) Leaf/Stem Extract, Cyanocobalamin, Citrus Nobilis (Mandarin Orange) Peel Extract, Retinol, Ocimum Sanctum Leaf Extract, Lespedeza Capitata Leaf/Stem Extract, Corallina Officinalis Extract, Sodium Hyaluronate, Caffeine, Coffea Arabica (Coffee) Seed Extract, Hydrolyzed Extensin, Hydrolyzed Hyaluronic Acid, Copper Tripeptide-1, Sodium Acetylated Hyaluronate, Acetyl Hexapeptide-8, Palmitoyl Pentapeptide-4, Palmitoyl Tetrapeptide-7, Palmitoyl Tripeptide-1",niacinamide;hyaluronic-acid;retinol-cosmetic;peptides,,,,,,,,,,,,,brand_direct,true,https://medicube.us/products/pdrn-pink-peptide-eye-cream,/product-images/brand-direct/pmekr53014r00.jpg
PMEUS68001T00,brightening-texture,Kojic Acid Turmeric Overnight Wrapping Mask,Medicube,,"water, polyvinyl alcohol, butylene glycol, curcuma longa (turmeric) root extract, glycerin, niacinamide, 1,2-hexanediol, isopentyldiol, sodium hyaluronate, polyglyceryl-10 laurate, propanediol, glycerol glucoside, glucose, ethylhexylglycerin, xanthan gum, adenosine, disodium EDTA, collagen extract, kojic acid, ascorbic acid, glycine soja (soybean) oil, and retinol",niacinamide;vitamin-c;hyaluronic-acid;retinol-cosmetic;kojic-acid,,,,,,,,,,,,,brand_direct,true,https://medicube.us/products/kojic-acid-tumeric-overnight-wrapping-mask,/product-images/brand-direct/pmeus68001t00.png
PMEUS53005A01,skin-protectant,PDRN Pink One Day Serum,Medicube,,"Water (Aqua), Glycerin, Butylene Glycol, Polyglycerin-3, Methylpropanediol, Niacinamide, Glycereth-26, 1,2-Hexanediol, Betaine, PEG-8, Methyl Gluceth-20, Methyl Gluceth-10, Carbomer, Tromethamine, Panthenol, Ethylhexylglycerin, C12-14 Alketh-12, Glyceryl Acrylate/Acrylic Acid Copolymer, Xanthan Gum, Adenosine, Disodium EDTA, Saccharide Hydrolysate, Cyanocobalamin, Salmon Egg Extract, Polyglyceryl-10 Laurate, Hydrogenated Lecithin, Soluble Elastin, Sodium DNA (1ppm), Microcrystalline Cellulose, Sodium Hyaluronate, Cellulose Gum, Hyaluronic Acid, Soluble Collagen, Sodium Hyaluronate Crosspolymer, Hydrolyzed Sodium Hyaluronate, Hydrolyzed Hyaluronic Acid, Glutathione, Sorbitan Laurate, Sodium Acetylated Hyaluronate, Hydroxypropyltrimonium Hyaluronate, Hydroxyethylcellulose, Acetyl Dipeptide-1 Cetyl Ester",niacinamide;hyaluronic-acid;panthenol,,,,,,,,,,,,,brand_direct,true,https://medicube.us/products/pdrn-pink-one-day-serum,/product-images/brand-direct/pmeus53005a01.jpg
PMEUS53006A00,brightening-texture,PDRN Pink Collagen Exosome Shot,Medicube,,"Water, Butylene Glycol, Dipropylene Glycol, Glycerin, Niacinamide, Sodium Polyacrylate, 1,2-Hexanediol, Calcium Aluminum Borosilicate, Hydrolyzed Sponge, Caprylyl Glycol, Cetearyl Olivate, Phenyl Trimethicone, Sorbitan Olivate, Glyceryl Acrylate/Acrylic Acid Copolymer, Ethylhexylglycerin, Adenosine, Disodium EDTA, PVM/MA Copolymer, Panthenol, Lactobacillus Extracellular Vesicles, Cyanocobalamin, Sodium DNA, Milk Exosomes, Collagen Extract, Macadamia Ternifolia Seed Oil, Caprylic/Capric Triglyceride, Alcohol, Hydrogenated Lecithin, Polysorbate 20, Retinol, Chondrus Crispus Extract, Cholesterol, Sodium Hyaluronate, Brassica Campestris (Rapeseed) Sterols, Polyglyceryl-10 Laurate, Ceteth-3, Ceteth-5, Tocopheryl Acetate, Hydrolyzed Elastin, Potassium Cetyl Phosphate, Hydroxypropyltrimonium Hyaluronate, Acetyl Tetrapeptide-5, Palmitoyl Pentapeptide-4, Sodium Acetylated Hyaluronate, Hydrolyzed Hyaluronic Acid, Palmitoyl Tripeptide-5, Hyaluronic Acid, Sodium Hyaluronate Crosspolymer, Hydrolyzed Sodium Hyaluronate, and Potassium Hyaluronate",niacinamide;hyaluronic-acid;retinol-cosmetic;peptides;panthenol,,,,,,,,,,,,,brand_direct,true,https://medicube.us/products/pdrn-pink-collagen-exosome-shot,/product-images/brand-direct/pmeus53006a00.jpg
PMEKR54001R00,brightening-texture,Kojic Acid Turmeric Gold Jelly Gel Mask,Medicube,,"Water, Glycerin, Methylpropanediol, Acrylates/Ethylhexyl Acrylate Copolymer, Niacinamide, Chondrus Crispus Powder, 1,2-Hexanediol, Betaine, Ceratonia Siliqua (Carob) Gum, Hydroxyacetophenone, Allantoin, Glucomannan, Xanthan Gum, Laureth-21, Polyglyceryl-10 Laurate, Propanediol, Cellulose Gum, Cyamopsis Tetragonoloba (Guar) Gum, Fragrance(Parfum), Potassium Chloride, Curcuma Longa (Turmeric) Root Extract, Lactobacillus Ferment, Melia Azadirachta Flower Extract, Dextrin, Ocimum Sanctum Leaf Extract, Adenosine, Ethylhexylglycerin, Melia Azadirachta Leaf Extract, Butylene Glycol, Corallina Officinalis Extract, Ascorbic Acid, Hydrolyzed Collagen, Kojic Acid, Tocopherol, Linoleic Acid, Ceramide NP, Retinol",niacinamide;vitamin-c;retinol-cosmetic;ceramides;kojic-acid,,,,,,,,,,,,,brand_direct,true,https://medicube.us/products/kojic-acid-turmeric-gold-jelly-gel-mask,/product-images/brand-direct/pmekr54001r00.jpg
PMEKR60009R00,skin-protectant,Zero Pore Toner,Medicube,,"""Water, Xylitol, Niacinamide, Methylpropanediol, Butylene Glycol, Diethoxyethyl Succinate, C12-14 Alketh-12, Chlorphenesin, Sodium Citrate, Citric Acid, Ethylhexylglycerin, Menthyl Lactate, Adenosine, Disodium EDTA, 1,2-Hexanediol, Gluconolactone, Panthenol, Allantoin, Betaine Salicylate, Hydrolyzed Hyaluronic Acid, Jasminum Officinale (Jasmine) Extract, Salix Alba (Willow) Bark Extract, Solanum Melongena (Eggplant) Fruit Extract, Citrus Limon (Lemon) Peel Oil, Hamamelis Virginiana (Witch Hazel) Leaf Extract""",niacinamide;hyaluronic-acid;panthenol,,,,,,,,,,,,,brand_direct,true,https://medicube.us/products/zero-pore-toner,/product-images/brand-direct/pmekr60009r00.jpg
PMEUS60020R01,brightening-texture,Zero Pore Blackhead Deep Cleansing Oil,Medicube,,"Glycine Soja (Soybean) Oil, Sorbeth-30 Tetraoleate, Fragrance, Vitis Vinifera (Grape) Seed Oil, Olea Europaea (Olive) Fruit Oil, Melia Azadirachta Leaf Extract, Melia Azadirachta Flower Extract, Simmondsia Chinensis (Jojoba) Seed Oil, Ricinus Communis (Castor) Seed Oil, Macadamia Integrifolia Seed Oil, Corylus Avellana (Hazelnut) Seed Oil, Argania Spinosa Kernel Oil, Oryza Sativa (Rice) Bran Oil, Camellia Japonica Seed Oil, Helianthus Annuus (Sunflower) Seed Oil, Coccinia Indica Fruit Extract, Aloe Barbadensis Flower Extract, Solanum Melongena (Eggplant) Fruit Extract, Ocimum Sanctum Leaf Extract, Corallina Officinalis Extract, Curcuma Longa (Turmeric) Root Extract, Water, Butylene Glycol, Capryloyl Salicylic Acid, Allantoin, Niacinamide, Guaiazulene, Asiaticoside, Asiatic Acid, Madecassic Acid, Tocopherol, 1,2-Hexanediol, Pentylene Glycol, Salix Alba (Willow) Bark Extract, Chamaecyparis Obtusa Leaf Extract, Origanum Vulgare Leaf Extract, Sodium Hyaluronate, Pinus Densiflora Leaf Extract, Madecassoside, Scutellaria Baicalensis Root Extract, Cinnamomum Cassia Bark Extract, Portulaca Oleracea Extract, Lactobacillus/Soybean Ferment Extract, Decyl Glucoside, Pueraria Lobata Root Extract, Pinus Palustris Leaf Extract, Ulmus Davidiana Root Extract, Oenothera Biennis (Evening Primrose) Flower Extract, Caprylyl Glycol, Ethylhexylglycerin",niacinamide;hyaluronic-acid,,,,,,,,,,,,,brand_direct,true,https://medicube.us/products/zero-pore-blackhead-deep-cleansing-oil,/product-images/brand-direct/pmeus60020r01.jpg
PMEUS53002A00,skin-protectant,PDRN Pink Peptide Cream,Medicube,,"WATER, GLYCERETH-26, BUTYLENE GLYCOL, CAPRYLIC/CAPRIC TRIGLYCERIDE, CYCLOPENTASILOXANE, 1,2-HEXANEDIOL, NIACINAMIDE, HYDROGENATED POLYDECENE, ISONONYL ISONONANOATE, CETEARYL OLIVATE, ETHYLHEXYL OLIVATE, GLYCERIN, SORBITAN OLIVATE, SODIUM ACRYLATES COPOLYMER, HYDROXYETHYL ACRYLATE/SODIUM ACRYLOYLDIMETHYL TAURATE COPOLYMER, POLYGLYCERYL-4 OLEATE, DISODIUM EDTA, BETAINE, PANTHENOL, ETHYLHEXYLGLYCERIN, CITRIC ACID, FRAGRANCE, ADENOSINE, LIMNANTHES ALBA (MEADOWFOAM) SEED OIL, SORBITAN ISOSTEARATE, GLYCERYL ACRYLATE/ACRYLIC ACID COPOLYMER, ROSA DAMASCENA EXTRACT, CYANOCOBALAMIN, SODIUM DNA, HYDROGENATED LECITHIN, CETEARYL ALCOHOL, STEARIC ACID, SODIUM HYALURONATE, HYDROXYPROPYLTRIMONIUM HYALURONATE, CERAMIDE NP, PRUNELLA VULGARIS EXTRACT, FUCUS VESICULOSUS EXTRACT, MORINDA CITRIFOLIA FRUIT EXTRACT, MOMORDICA CHARANTIA FRUIT EXTRACT, HIBISCUS ESCULENTUS FRUIT EXTRACT, CERAMIDE NS, SODIUM ACETYLATED HYALURONATE, HYDROLYZED HYALURONIC ACID, CENTELLA ASIATICA LEAF EXTRACT, CHOLESTEROL, PHYTOSPHINGOSINE, CERAMIDE AS, CERAMIDE AP, HYALURONIC ACID, COPPER TRIPEPTIDE-1, SODIUM HYALURONATE CROSSPOLYMER, ACETYL HEXAPEPTIDE-8, PALMITOYL PENTAPEPTIDE-4, HYDROLYZED SODIUM HYALURONATE, PALMITOYL TETRAPEPTIDE-7, PALMITOYL TRIPEPTIDE-1, POTASSIUM HYALURONATE, CERAMIDE EOP",niacinamide;hyaluronic-acid;ceramides;peptides;centella-asiatica;panthenol,,,,,,,,,,,,,brand_direct,true,https://medicube.us/products/pdrn-pink-peptide-cream,/product-images/brand-direct/pmeus53002a00.jpg
PMEKR38014,brightening-texture,Cleansing Wipes,Medicube,,"Age-R Booster Gel Serum | Water Propanediol Niacinamide 1,2-Hexanediol Adenium Obesum Leaf Cell Extract Jasminum Sambac (Jasmine) Leaf Cell Extract Sodium Hyaluronate Soluble Collagen Hydrolyzed Hyaluronic Acid Hyaluronic Acid Pentylene Glycol Sodium Polyacryloyldimethyl Taurate Glycerin Acrylates/C10-30 Alkyl Acrylate Crosspolymer Tromethamine Caprylyl Glycol Ethylhexylglycerin Dipotassium Glycyrrhizate Adenosine Sodium Phytate Glyceryl Acrylate/Acrylic Acid Copolymer PVM/MA Copolymer Sodium Polyacrylate Butylene Glycol Sodium Chloride Tocopherol Sodium Bicarbonate Calcium Chloride Potassium Chloride Hydroxypropyltrimonium Hyaluronate Sodium Acetylated Hyaluronate Hydrolyzed Sodium Hyaluronate Sodium Hyaluronate Crosspolymer Potassium Hyaluronate",niacinamide;hyaluronic-acid,,,,,,,,,,,,,brand_direct,true,https://medicube.us/products/age-r-cleansing-wipes,/product-images/brand-direct/pmekr38014.jpg
PMEUS53002R00,brightening-texture,PDRN Pink Peptide Toner,Medicube,,"WATER, BUTYLENE GLYCOL, GLYCERIN, NIACINAMIDE, 1,2-HEXANEDIOL, XYLITOL, SODIUM CITRATE, ETHYLHEXYLGLYCERIN, ALLATOIN, CAPRYLYL GLYCOL, CITRIC ACID, ADENOSINE, POLYGLYCERYL-10 LAURATE, DISODIUM EDTA, POLYGLYCERYL-4 LAURATE, CAPRYLYL/CAPRYL GLUCOSIDE, CYANOCOBALAMIN, ROSA DAMASCENA EXTRACT, SODIUM DNA, GLUCONOLACTONE, PRUNUS MUME FRUIT EXTRACT, PYRUS MALUS (APPLE) FRUIT EXTRACT, CARICA PAPAYA (PAPAYA) FRUIT EXTRACT, VITIS VINIFERA (GRAPE) FRUIT EXTRACT, CENTELLA ASIATICA LEAF EXTRACT, CENTELLA ASIATICA EXTRACT, SODIUM HYALURONATE, ZEA MAYS (CORN) LEAF EXTRACT, COPPER TRIPEPTIDE-1, ACETYL HEXAPEPTIDE-8, PALMITOYL PENTAPEPTIDE-4, PALMITOYL TETRAPEPTIDE-7, PALMITOYL TRIPEPTIDE-1, GLYCINE, GLUTAMIC ACID, ARGININE",niacinamide;hyaluronic-acid;peptides;centella-asiatica,,,,,,,,,,,,,brand_direct,true,https://medicube.us/products/pdrn-pink-peptide-toner-1,/product-images/brand-direct/pmeus53002r00.jpg
PMEUS53015A01,brightening-texture,PDRN Pink Peptide Serum,Medicube,,"Salmon DNA PDRN Water, Glycerin, Dipropylene Glycol, Isopropyl Myristate, Glycereth-26, Niacinamide, 1,2- Hexanediol, Sodium DNA, Butylene Glycol, Polyglycerin-3, Sodium Acrylate/Sodium Acryloyldimethyl Taurate Copolymer, Polyisobutene, Acrylates/C10-30 Alkyl Acrylate Crosspolymer, Milt Extract, Tromethamine, Glyceryl Acrylate/Acrylic Acid Copolymer, PVM/MA Copolymer, Ethylhexylglycerin, Caprylyl Glycol, Fragrance, Melia Azadirachta Leaf Extract, Adenosine, Caprylyl/Capryl Glucoside, Sorbitan Oleate, Melia Azadirachta Flower Extract, Sodium Hyaluronate, Disodium EDTA, Curcuma Longa (Turmeric) Root Extract, Cyanocobalamin, Hydrolyzed Collagen, Ubiquinone, Ocimum Sanctum Leaf Extract, Corallina Officinalis Extract, Palmitoyl Pentapeptide-4, Palmitoyl Tripeptide-1, Palmitoyl Tetrapeptide-7, Copper Tripeptide-1, Acetyl Hexapeptide-8, Salmon Egg Extract, Atelocollagen Rose PDRN Water, Glycerin, Dipropylene Glycol, Isopropyl Myristate, Glycereth-26, 1,2-Hexanediol, Niacinamide, Butylene glycol, Polyglycerin-3, Acrylates/C10-30 Alkyl Acrylate Crosspolymer, Tromethamine, Sodium Acrylate/Sodium Acryloyldimethyl Taurate Copolymer, Glyceryl Acrylate/Acrylic Acid Copolymer, Polyisobutene, PVM/MA Copolymer, Ethylhexylglycerin, Caprylyl Glycol, Fragrance, Adenosine, Melia Azadirachta Leaf Extract, Sodium Phytate, Sodium Hyaluronate, Melia Azadirachta Flower Extract, Curcuma Longa (Turmeric) Root Extract, Cyanocobalamin, Ubiquinone, Sorbitan Oleate, Caprylyl/Capryl Glucoside, Rosa Damascena Extract, Sodium DNA, Ocimum Sanctum Leaf Extract, Disodium EDTA, Corallina Officinalis Extract, Acetyl Hexapeptide-8, Copper Tripeptide-1, Palmitoyl Tripeptide-1, Palmitoyl Tetrapeptide-7, Palmitoyl Pentapeptide-4",niacinamide;hyaluronic-acid;peptides,,,,,,,,,,,,,brand_direct,true,https://medicube.us/products/rose-pdrn-pink-peptide-serum,/product-images/brand-direct/pmeus53015a01.jpg
PMEKR02049,brightening-texture,Salmon PDRN Pink Collagen Jelly Gel Mask,Medicube,,"Water, Glycerin, Methylpropanediol, Acrylates/Ethylhexyl Acrylate Copolymer, Niacinamide, Chondrus Crispus Powder, 1,2- Hexanediol, Butylene Glycol, Betaine, Ceratonia Siliqua (Carob) Gum, Hydroxyacetophenone, Allantoin, Glucomannan, Xanthan Gum, Laureth-21, Panthenol, Polyglyceryl-10 Laurate, Propanediol, Cellulose Gum, Cyamopsis Tetragonoloba (Guar) Gum, Fragrance(Parfum), Potassium Chloride, Dextrin, Adenosine, Ethylhexylglycerin, Hydrolyzed Collagen, Cyanocobalamin, Ascorbic Acid, Sodium DNA, Tocopherol, Acetyl Hexapeptide-8, Ascorbic Acid Polypeptide, Acetyl Octapeptide-3, Acetyl Tetrapeptide-2, Acetyl Tetrapeptide-3, Acetyl Tetrapeptide-5, Acetyl Tetrapeptide-9, Carnosine, Copper Tripeptide-1, Nonapeptide-1, Palmitoyl Pentapeptide-4, Palmitoyl Tripeptide-1, Palmitoyl Tripeptide-5",niacinamide;vitamin-c;peptides;panthenol,,,,,,,,,,,,,brand_direct,true,https://medicube.us/products/pdrn-pink-collagen-gel-mask,/product-images/brand-direct/pmekr02049.jpg
PMEUS03009,brightening-texture,Red Body Peeling Shot Cleanser,Medicube,,"Water(Aqua), Lactic Acid, Alcohol, Gluconolactone, Dipropylene Glycol, Citric Acid, Sodium Hydroxide, Niacinamide, Methylpropanediol, C12-14 Alketh-12, Glucose, Gardenia Florida Fruit Extract, 1,2-Hexanediol, Salicylic Acid, Dextrin, Sorbeth-30 Tetraoleate, Mentha Piperita (Peppermint) Oil, Succinic Acid, Ethylhexylglycerin, Rosmarinus Officinalis (Rosemary) Leaf Oil, Sodium C14-16 Olefin Sulfonate, Lavandula Hybrida Oil, Mentha Arvensis Extract, Eucalyptus Globulus Leaf Extract, Brassica Oleracea Capitata (Cabbage) Leaf Extract, Juniperus Mexicana Oil, Panthenol, Dipotassium Glycyrrhizate, Allantoin, Glycolic Acid, Hydroxyethylcellulose, Capryloyl Salicylic Acid, Melaleuca Alternifolia (Tea Tree) Leaf Water, Butylene Glycol, Salix Alba (Willow) Bark Extract, Cladosiphon Okamuranus Extract, Centella Asiatica Leaf Extract, Camellia Sinensis Leaf Extract, Decyl Glucoside, Coffea Arabica (Coffee) Seed Extract, Citrus Aurantium Bergamia (Bergamot) Leaf Extract, Pinus Densiflora Leaf Extract, Melaleuca Alternifolia (Tea Tree) Extract, Cynanchum Atratum Extract",niacinamide;glycolic-acid;centella-asiatica;panthenol;lactic-acid,,,,,,,,,,,,,brand_direct,true,https://medicube.us/products/red-body-peeling-shot-cleanser,/product-images/brand-direct/pmeus03009.jpg
PMEUS10004A00,brightening-texture,Deep Vita C Capsule Cream,Medicube,,"Hippophae Rhamnoides Water, Glycerin, Water, Niacinamide, Methylpropanediol, Propanediol, 1,2-Hexanediol, Butylene Glycol, Dipropylene Glycol, Caprylic/Capric Triglyceride, Glycereth-26, Ethylhexyl Palmitate, Cetearyl Alcohol, Arginine, Carbomer, Ammonium Acryloyldimethyltaurate/VP Copolymer, Cetearyl Olivate, Helianthus Annuus (Sunflower) Seed Oil, Sorbitan Olivate, Simethicone, Polyglyceryl-10 Laurate, Ethylhexylglycerin, Adenosine, Fragrance, Polyacrylate-13, Glycine Soja (Soybean) Oil, Disodium EDTA, Polyisobutene, Hydrolyzed Sclerotium Gum, Glyceryl Stearate, Gluconolactone, Polysorbate 20, Sorbitan Isostearate, Hydrogenated Lecithin, Bixa Orellana Seed Oil, Polyglyceryl-10 Stearate, Alpha-Arbutin, Panthenol, Sodium Ascorbyl Phosphate, Pentylene Glycol, Ferulic acid, Tocopherol, Ascorbyl Glucoside, 3-O-Ethyl Ascorbic Acid, Bisabolol, Ascorbic Acid, Hydroxyphenyl Propamidobenzoic Acid, Pyridoxine, Ubiquinone, Biotin, Folic Acid, Sodium Hyaluronate, Ascorbyl Propyl Hyaluronate, Ascorbyl Palmitate, Cyanocobalamin, Thiamine HCl, Riboflavin, Linoleic Acid, Beta-Carotene, Rutin, Hydroxycinnamic Acid",niacinamide;vitamin-c;hyaluronic-acid;alpha-arbutin;panthenol,,,,,,,,,,,,,brand_direct,true,https://medicube.us/products/deep-vita-c-capsule-cream,/product-images/brand-direct/pmeus10004a00.jpg
PMEUS61012R00,brightening-texture,Collagen Glow Booster Milk Serum,Medicube,,"Water, Glycerin, Dicaprylyl Ether, Isononyl Isononanoate, Butylene Glycol, Dipropylene Glycol, C9-12 Alkane, Peg-30 Dipolyhydroxystearate, Polyglyceryl-4 Oleate, Magnesium Sulfate, Niacinamide, 1,2-Hexanediol, Polyglyceryl-3 Polyricinoleate, Milk Protein Extract, Fragrance(Parfum), Caprylyl Glycol, Chlorella Vulgaris Extract, Glucose, Fructooligosaccharides, Fructose, Caprylic/Capric Triglyceride, Adenosine, Hydrogenated Lecithin, Soluble Proteoglycan, Ethylhexylglycerin, Benzyl Salicylate, Limonene, Ceramide Np, Hydroxypropyltrimonium Hyaluronate, Linalool, Hexyl Cinnamal, Hydroxycitronellal, Tocopherol, Alpha-Isomethyl Ionone, Beta-Glucan, Geraniol, Hydrolyzed Elastin, Hydrolyzed Collagen, Hexapeptide-2, Biotin, Sodium Dna",niacinamide;ceramides,,,,,,,,,,,,,brand_direct,true,https://medicube.us/products/collagen-glow-booster-milk-serum,/product-images/brand-direct/pmeus61012r00.jpg
PMEKR02045,brightening-texture,Deep Vita C Daily Quick Masks,Medicube,,"Water, Dipropylene Glycol, Glycerin, Niacinamide, 1,2-Hexanediol, Hydroxyethyl Urea, Hydroxyacetophenone, Hippophae Rhamnoides Water, Polyglyceryl-10 Laurate, Polyglyceryl-4 Laurate, Xanthan Gum, Butylene Glycol, Coptis Japonica Root Extract, Panthenol, Arginine, Ethylhexylglycerin, Carbomer, Disodium EDTA, Allantoin, Glyceryl Acrylate/Acrylic Acid Copolymer, Fragrance, Menthyl Lactate, PVM/MA Copolymer, Paeonia Suffruticosa Root Extract, Dipotassium Glycyrrhizate, Acetyl Glucosamine, Tocopherol, Ascorbic Acid, Polysorbate 20, Retinol, BHT, BHA",niacinamide;vitamin-c;retinol-cosmetic;panthenol,,,,,,,,,,,,,brand_direct,true,https://medicube.us/products/deep-vita-c-daily-quick-masks,/product-images/brand-direct/pmekr02045.jpg
KUSMEA1715,brightening-texture,Zero Exosome Shot,Medicube,,"2000 | Water, Dipropylene Glycol, Glycerin, Butylene Glycol, 1,2-Hexanediol, Niacinamide, Sodium Polyacrylate, Ethylhexyl Palmitate, C12-14 Alketh-12, Hydrogenated Polydecene, Hydrolyzed Sponge, Ethylhexylglycerin, Adenosine, Caprylyl/Capryl Glucoside, Disodium EDTA, Panthenol, Lactobacillus Extracellular Vesicles, Campsis Grandiflora Flower Extract, Pueraria Lobata Root Extract, Pinus Palustris Leaf Extract, Oenothera Biennis (Evening Primrose) Flower Extract, Ulmus Davidiana Root Extract, Calcium Silicate, Sodium Silicate, Betaine Salicylate, Citric Acid, Gluconolactone 7500 | WATER, DIPROPYLENE GLYCOL, GLYCERIN, BUTYLENE GLYCOL, 1,2-HEXANEDIOL, NIACINAMIDE, SODIUM POLYACRYLATE, ETHYLHEXYL PALMITATE, HYDROLYZED SPONGE, C12-14 ALKETH-12, HYDROGENATED POLYDECENE, ETHYLHEXYLGLYCERIN, ADENOSINE, CAPRYLYL/CAPRYL GLUCOSIDE, DISODIUM EDTA, PANTHENOL, CALCIUM SILICATE, LACTOBACILLUS EXTRACELLULAR VESICLES, CAMPSIS GRANDIFLORA FLOWER EXTRACT, PUERARIA LOBATA ROOT EXTRACT, PINUS PALUSTRIS LEAF EXTRACT, OENOTHERA BIENNIS (EVENING PRIMROSE) FLOWER EXTRACT, ULMUS DAVIDIANA ROOT EXTRACT, SODIUM SILICATE, BETAINE SALICYLATE, CITRIC ACID, GLUCONOLACTONE, MILK EXOSOMES 25000 | Water, Glycereth-26, Dipropylene Glycol, Butylene Glycol, Caprylic/Capric Triglyceride, Niacinamide, Calcium aluminum borosilicate, Hydrolyzed Sponge, Sodium Acrylate/Sodium Acryloyldimethyl Taurate Copolymer, Hydroxyethyl Acrylate/Sodium Acryloyldimethyl Taurate Copolymer, 1,2-Hexanediol, Caprylyl Glycol, Isohexadecane, Glycerin, Polysorbate 80, Carbomer, Tromethamine, Panthenol, Ethylhexylglycerin, Adenosine, Sorbitan Oleate, Sorbitan Isostearate, Polysorbate 60, Disodium EDTA, Lactobacillus Extracellular Vesicles(154 ppm), Kummerowia Striata Extract, Oenothera Biennis (Evening Primrose) Flower Extract, Ulmus Davidiana Root Extract, Pinus Palustris Leaf Extract, Pueraria Lobata Root Extract, Cinchona Pubescens Bark Extract, Gluconolactone, Betaine Salicylate, Citric Acid, Milk Exosomes(10 ppm), Leptospermum Scoparium Leaf Extract, Hydrogenated Lecithin, Polyglyceryl-10 Laurate, Ceramide NP, Acetyl Tetrapeptide-5, Palmitoyl Pentapeptide-4, Palmitoyl Tripeptide-5",niacinamide;ceramides;peptides;panthenol,,,,,,,,,,,,,brand_direct,true,https://medicube.us/products/exosome-shot,/product-images/brand-direct/kusmea1715.png
PMEUS60018R00,brightening-texture,Zero Pore Blackhead Mud Mask,Medicube,,"Water, Kaolin (CI 77004), Bentonite, Methylpropanediol, 1,2-Hexanediol, Sodium Hyaluronate, Chlorella Vulgaris Extract, Citrus Aurantium Bergamia (Bergamot) Fruit Oil, Citrus Limon (Lemon) Peel Oil, Citrus Aurantium Dulcis (Orange) Peel Oil, Cynanchum Atratum Extract, Althaea Rosea Flower Extract, Oenothera Biennis (Evening Primrose) Flower Extract, Pinus Palustris Leaf Extract, Pueraria Lobata Root Extract, Ulmus Davidiana Root Extract, Diospyros Kaki Leaf Extract, Vitis Vinifera (Grape) Fruit Extract, Carthamus Tinctorius (Safflower) Flower Extract, Coffea Arabica (Coffee) Seed Extract, Polygonum Cuspidatum Root Extract, Camellia Sinensis Leaf Extract, Castanea Crenata (Chestnut) Shell Extract, Zanthoxylum Piperitum Fruit Extract, Tetrasodium Pyrophosphate, Magnesium Aluminum Silicate, Caprylyl Glycol, Cellulose, Glucose, Butylene Glycol, Allantoin, Fructooligosaccharides, Fructose, Ethylhexylglycerin, Sodium Phytate, Tocopherol, Canadian Colloidal Clay, Gluconolactone, Salicylic Acid, Glycolic Acid, Pentylene Glycol, Montmorillonite, Illite, Methyl Diisopropyl Propionamide, Copper Tripeptide-1, Xanthan Gum, Caffeine, Limonene, Ferric Ammonium Ferrocyanide (CI 77510), Guaiazulene",hyaluronic-acid;glycolic-acid;peptides,,,,,,,,,,,,,brand_direct,true,https://medicube.us/products/zero-pore-blackhead-mud-mask,/product-images/brand-direct/pmeus60018r00.jpg
PMEUS60003A00,skin-protectant,Zero Pore Madecassoside Pads (Mild),Medicube,,"Water (Aqua), Propanediol, Methylpropanediol, 1,2-Hexanediol, Glycereth-26, Butylene Glycol, Saccharide Hydrolysate, Tromethamine, Gluconolactone, Panthenol, Ethylhexylglycerin, Disodium EDTA, Pyrus Communis (Pear) Fruit Extract, Madecassoside, Rosa Damascena Flower Water, Iris Florentina Root Extract, Centella Asiatica Extract, Cucumis Melo (Melon) Fruit Extract, Salvia Hispanica Seed Extract, Houttuynia Cordata Extract, Hedera Helix (Ivy) Leaf/Stem Extract, Cynanchum Atratum Extract, Pentylene Glycol, Ulmus Davidiana Root Extract, Pueraria Lobata Root Extract, Pinus Palustris Leaf Extract, Oenothera Biennis (Evening Primrose) Flower Extract, Sodium Hyaluronate, Vitis Vinifera (Grape) Fruit Extract, Diospyros Kaki Fruit Extract, Castanea Crenata (Chestnut) Shell Extract, Camellia Sinensis Leaf Extract, Hyaluronic Acid, Sodium Hyaluronate Crosspolymer, Hydrolyzed Sodium Hyaluronate, Hydrolyzed Hyaluronic Acid, Sodium Acetylated Hyaluronate, Hydroxypropyltrimonium Hyaluronate",hyaluronic-acid;centella-asiatica;panthenol,,,,,,,,,,,,,brand_direct,true,https://medicube.us/products/zero-pore-pads-mild,/product-images/brand-direct/pmeus60003a00.jpg
PMEUS54011A00,skin-protectant,Deep Reviving Bakuchiol Retinol Serum,Medicube,,"Water, Dipropylene Glycol, Butylene Glycol, Glycerin, Propanediol, 1,2-Hexanediol, Niacinamide, Macadamia Integrifolia Seed Oil, Olea Europaea (Olive) Fruit Oil, Simmondsia Chinensis (Jojoba) Seed Oil, Vitis Vinifera (Grape) Seed Oil, Macadamia Ternifolia Seed Oil, Retinal, Sodium Hyaluronate, Hydrolyzed Collagen, Chitosan, Centella Asiatica Extract, Centella Asiatica Leaf Extract, Centella Asiatica Root Extract, Coco-Caprylate/Caprate, Squalane, Polyglyceryl-3 Distearate, Dimethyl Isosorbide, Pentylene Glycol, Panthenol, 4-t-Butylcyclohexanol, Hydrogenated Lecithin, Hydroxyethyl Acrylate/Sodium Acryloyldimethyl Taurate Copolymer, Acrylates/C10-30 Alkyl Acrylate Crosspolymer, Sucrose Palmitate, Caprylic/Capric Triglyceride, Hydroxypinacolone Retinoate, Diethylhexyl Syringylidenemalonate, Tromethamine, Ethylhexylglycerin, Glyceryl Stearate Citrate, Allantoin, Biosaccharide Gum-1, Dipotassium Glycyrrhizate, Adenosine, Retinol, Bakuchiol, Retinyl Palmitate, Brassica Campestris (Rapeseed) Sterols, Linoleic Acid, Cholesterol, Polyglyceryl-10 Laurate, Ceramide NP, PPG-13-Decyltetradeceth-24, Retinyl Linoleate, Phytosteryl/Behenyl/Octyldodecyl Lauroyl Glutamate, Beta-Glucan, Aluminum/Magnesium Hydroxide Stearate, Pentaerythrityl Tetra-di-t-butyl Hydroxyhydrocinnamate, Potassium Cetyl Phosphate, Polyglyceryl-3 Methylglucose Distearate, Silica, Isopropyl Lauroyl Sarcosinate, Tocopherol, Retinyl Retinoate, Tris(Tetramethylhydroxypiperidinol) Citrate, Benzotriazolyl Dodecyl p-Cresol, Xanthan Gum, Disodium EDTA, Fragrance(Parfum)",niacinamide;hyaluronic-acid;retinol-cosmetic;ceramides;squalane;bakuchiol;centella-asiatica;panthenol,,,,,,,,,,,,,brand_direct,true,https://medicube.us/products/deep-reviving-bakuchiol-retinol-serum,/product-images/brand-direct/pmeus54011a00.jpg
PMEUS55004A01,brightening-texture,Red Succinic Acid Panthenol Pads,Medicube,,"Water, Butylene Glycol, Propanediol, Niacinamide, 1,2-Hexanediol, Alcohol, Panthenol, Succinic Acid, Glycerin, Polyglyceryl-10 Laurate, Polyglycerin-3, Tromethamine, Allantoin, Salicylic Acid, Vinyl Dimethicone, Ethylhexylglycerin, Coptis Japonica Root Extract, Xanthan Gum, Disodium EDTA, Cyanocobalamin, Hydrogenated Lecithin, Mentha Piperita (Peppermint) Oil, Citrus Aurantium Bergamia (Bergamot) Fruit Oil, Rosmarinus Officinalis (Rosemary) Leaf Oil, Protease, Juniperus Virginiana Oil, Lavandula Hybrida Oil, Elettaria Cardamomum Seed Extract, Foeniculum Vulgare (Fennel) Seed Extract, Crocus Sativus Flower Extract, Coriandrum Sativum (Coriander) Extract, Tocopherol",niacinamide;panthenol,,,,,,,,,,,,,brand_direct,true,https://medicube.us/products/red-succinic-acid-panthenol-pads,/product-images/brand-direct/pmeus55004a01.jpg
PMEUS55022R00,brightening-texture,Red Clear Capsule Body Lotion,Medicube,,"Water, Urea, 1,2-Hexanediol, Niacinamide, Caprylic/Capric Triglyceride, Glycerin, Glyceryl Stearate, Butylene Glycol, Propanediol, Cetearyl Olivate, Cetearyl Alcohol, Sorbitan Olivate, Vinyl Dimethicone, Polymethylsilsesquioxane, Butyrospermum Parkii (Shea) Butter, Arginine, Acrylates/C10-30 Alkyl Acrylate Crosspolymer, Fragrance, Centella Asiatica Leaf Extract, Ethylhexylglycerin, Carbomer, Adenosine, Disodium EDTA, Silica, Agar, Cyamopsis Tetragonoloba (Guar) Gum, Panthenol, Lithospermum Erythrorhizon Root Extract, Xanthan Gum, Salicylic Acid, Melaleuca Alternifolia (Tea Tree) Leaf Oil, Glycolic Acid, Gluconolactone",niacinamide;glycolic-acid;centella-asiatica;panthenol,,,,,,,,,,,,,brand_direct,true,https://medicube.us/products/red-clear-capsule-body-lotion,/product-images/brand-direct/pmeus55022r00.jpg
PMEUS59003A00,brightening-texture,AGE-R Glutathione Glow Serum,Medicube,,"AGE-R Glutathione Glow Capsule Cream | Water, Glycerin, Glycereth-26, Butylene Glycol, Methylpropanediol, Vinyl Dimethicone, Niacinamide, 1,2-Hexanediol, Betaine, Isononyl Isononanoate, Isohexadecane, Sodium Polyacrylate, mmonium Acryloyldimethyltaurate/VP Copolymer, Phenyl Trimethicone, Dimethiconol, Flavor, Chondrus Crispus Powder, C18-21 Alkane , Glutathione(1,009.9ppm), Ethylhexylglycerin, Polyglyceryl-10 Laurate, Glyceryl Acrylate/Acrylic Acid Copolymer, Agar, Xanthan Gum, Hydrogenated Lecithin, Polyglyceryl-10 Oleate, Adenosine, Tromethamine, Acrylates/C10-30 Alkyl Acrylate Crosspolymer, Glucose, Limonene, Gellan Gum, Thioctic Acid, Caprylic/Capric Triglyceride, Ceramide NP, Sorbitan Laurate, Hydroxyethylcellulose, Acetyl Dipeptide-1 Cetyl Ester, Palmitoyl Tripeptide-5, Acetyl Hexapeptide-1, Soluble Collagen",niacinamide;ceramides;peptides,,,,,,,,,,,,,brand_direct,true,https://medicube.us/products/age-r-glutathione-glow-serum,/product-images/brand-direct/pmeus59003a00.jpg
PMEUS10003A00,brightening-texture,Collagen Niacinamide Jelly Cream,Medicube,,"Water, Propanediol, Dipropylene Glycol, Butylene Glycol, Methylpropanediol, Diethoxyethyl Succinate, Ethoxydiglycol, Ammonium Acryloyldimethyltaurate/Beheneth-25 Methacrylate Crosspolymer, Niacinamide, Trehalose, 1,2-Hexanediol, Chlorella Vulgaris Extract, Collagen, Hydrolyzed Collagen, Cynanchum Atratum Extract, Althaea Rosea Flower Extract, Soluble Collagen, Allium Sativum (Garlic) Bulb Extract, Avena Sativa (Oat) Kernel Extract, Bertholletia Excelsa Seed Extract, Brassica Oleracea Italica (Broccoli) Extract, Camellia Sinensis Seed Extract, Salmon Egg Extract, Solanum Lycopersicum (Tomato) Fruit Extract, Spinacia Oleracea (Spinach) Leaf Extract, Vaccinium Angustifolium (Blueberry) Fruit Extract, Wine Extract, Polyglyceryl-10 Isostearate, Tromethamine, Glucose, Polyglyceryl-10 Oleate, Ethylhexylglycerin, Fructooligosaccharides, Fructose, Adenosine, Sodium Phytate, Cyanocobalamin, Tocopherol, Pullulan, Glycerin, Hydroxypropyltrimonium Hyaluronate, Squalane, Soluble Proteoglycan, Hydrolyzed Elastin, Sodium DNA, Carbomer, Xanthan Gum, Fragrance(Parfum)",niacinamide;squalane,,,,,,,,,,,,,brand_direct,true,https://medicube.us/products/collagen-niacinamide-jelly-cream,/product-images/brand-direct/pmeus10003a00.jpg
KUSMEA1593,skin-protectant,Deep Peptide Radiance Mask,Medicube,,"Deep Peptide Radiance Mask | Water Dipropylene Glycol Glycerin Butylene Glycol Niacinamide 1,2-Hexanediol Cetyl Ethylhexanoate Panthenol Allantoin Xylitol Centella Asiatica Leaf Extract Lactobacillus Ferment Lysate Lactococcus Ferment Lysate Bifida Ferment Lysate Caprylyl Glycol Sorbitan Laurate Hydrogenated Lecithin Hydrolyzed Hyaluronic Acid Tocopherol Asiaticoside Madecassic Acid Asiatic Acid Acetyl Dipeptide-1 Cetyl Ester Acetyl Hexapeptide-1 Palmitoyl Tripeptide-5 Beta-Glucan Ceramide NP Acetyl Octapeptide-3 hydrogenated Vegetable Oil Behenyl Alcohol Polyglyceryl-3 Methylglucose Distearate Arginine Carbomer Adenosine Hydroxyethylcellulose Ethylhexylglycerin Disodium EDTA",niacinamide;hyaluronic-acid;ceramides;peptides;centella-asiatica;panthenol,,,,,,,,,,,,,brand_direct,true,https://medicube.us/products/medicube-deep-peptide-radiance-mask-2ea,/product-images/brand-direct/kusmea1593.jpg
PMEKR14020,brightening-texture,Booster Gel Serum,Medicube,,"Age-R Booster Gel Serum | Water Propanediol Niacinamide 1,2-Hexanediol Adenium Obesum Leaf Cell Extract Jasminum Sambac (Jasmine) Leaf Cell Extract Sodium Hyaluronate Soluble Collagen Hydrolyzed Hyaluronic Acid Hyaluronic Acid Pentylene Glycol Sodium Polyacryloyldimethyl Taurate Glycerin Acrylates/C10-30 Alkyl Acrylate Crosspolymer Tromethamine Caprylyl Glycol Ethylhexylglycerin Dipotassium Glycyrrhizate Adenosine Sodium Phytate Glyceryl Acrylate/Acrylic Acid Copolymer PVM/MA Copolymer Sodium Polyacrylate Butylene Glycol Sodium Chloride Tocopherol Sodium Bicarbonate Calcium Chloride Potassium Chloride Hydroxypropyltrimonium Hyaluronate Sodium Acetylated Hyaluronate Hydrolyzed Sodium Hyaluronate Sodium Hyaluronate Crosspolymer Potassium Hyaluronate",niacinamide;hyaluronic-acid,,,,,,,,,,,,,brand_direct,true,https://medicube.us/products/age-r-booster-gel-serum,/product-images/brand-direct/pmekr14020.jpg
KUSMEA0451,skin-protectant,Super Cica Calming Mask,Medicube,,"Water, Glycerin, Methylpropanediol, 1,2-Hexanediol, Arginine, Carbomer, Propanediol, Polyglyceryl-10 Laurate, Allantoin, Ethylhexylglycerin, Panthenol, Hydroxyethylcellulose, Disodium EDTA, Dipotassium Glycyrrhizate, Vitis Vinifera (Grape) Seed Oil, Melaleuca Alternifolia (Tea Tree) Leaf Oil, Dipropylene Glycol , Butylene Glycol, Houttuynia Cordata Extract, Melaleuca Alternifolia (Tea Tree) Leaf Extract, Polyglyceryl10 Oleate , Centella Asiatica Root Extract , Centella Asiatica Leaf Extract, Centella Asiatica Extract , Sodium Acetate, Pentylene Glycol , Sodium Hyaluronate, Madecassoside , Cellulose, Polyglyceryl-4 Caprylate, Lecithin, Tocopherol, Stearic Acid, Hydrolyzed Collagen, Portulaca Oleracea Extract, Hydrolyzed Elastin, Asiatic acid , Asiaticoside , Madecassic acid",hyaluronic-acid;centella-asiatica;panthenol,,,,,,,,,,,,,brand_direct,true,https://medicube.us/products/super-cica-calming-mask,/product-images/brand-direct/kusmea0451.jpg
PMEKR09014,skin-protectant,Super Cica Exfoliating Cleansing Balm,Medicube,,"Super Cica Exfoliating Cleansing Balm | Ethylhexyl Palmitate, PEG-20 Glyceryl Triisostearate, Isododecane, Hydrogenated Poly(C6-14 Olefin), Synthetic Wax, PEG-10 Isostearate, Silica Dimethyl Silylate, Fragrance, Olea Europaea (Olive) Fruit Oil, Centella Asiatica Leaf extract, Glyceryl Stearate, Water(Aqua), Simmondsia Chinensis (Jojoba) Seed Oil, Polyglyceryl-3, Polyricinoleate, Gardenia Florida Fruit Extract, Carthamus Tinctorius (Safflower) Flower Extract, Butylene Glycol, Coptis Japonica Extract, Glycerin, 1,2-Hexanediol, Dipropylene Glycol, Polyglyceryl-10 Oleate, Centella Asiatica Root Extract, Centella Asiatica Extract, Pentylene Glycol, Madecassoside, Capryloyl Salicylic Acid, 4-Terpineol, Prunus Amygdalus Dulcis (Sweet Almond) Oil, Propanediol, Asiatic Acid, Madecassic Acid, Asiaticoside, Chamomilla Recutita (Matricaria) Flower Oil, Indigofera Tinctoria Extract, Cynanchum Atratum Extract, Hemerocallis Fulva Flower Extract, Myosotis Sylvatica Flower/Leaf/Stem Extract, Hydroxycinnamic Acid, Rutin",centella-asiatica,,,,,,,,,,,,,brand_direct,true,https://medicube.us/products/super-cica-exfoliating-cleansing-balm-vegan,/product-images/brand-direct/pmekr09014.jpg
PMEKR12005,skin-protectant,Super Cica Toner,Medicube,,"Super Cica Toner | Water(Aqua) Methylpropanediol 1,2-Hexanediol Saccharide Hydrolysate Glycyrrhiza Uralensis (Licorice) Extract Glycereth-25 PCA Isostearate Gluconolactone Ethylhexylglycerin Glycerin Hydroxyethylcellulose Dipotassium Glycyrrhizate Allantoin Disodium EDTA Dipropylene Glycol Polyglyceryl-10 Oleate Panthenol Butylene Glycol Centella Asiatica Root Extract Centella Asiatica Leaf Extract Centella Asiatica Extract Pentylene Glycol Madecassoside Propanediol Salvia Hispanica Seed Extract Houttuynia Cordata Extract Asiatic Acid Madecassic Acid Asiaticoside Ectoin",centella-asiatica;panthenol,,,,,,,,,,,,,brand_direct,true,https://medicube.us/products/super-cica-water-in-toner,/product-images/brand-direct/pmekr12005.jpg
PMEKR58004R00,skin-protectant,Super Cica Daily Quick Masks,Medicube,,"Super Cica Daily Quick Mask | Water Methylpropanediol Glycerin Glycereth-26 Dipropylene Glycol Butylene Glycol Aloe Barbadensis Leaf Extract Betaine Eriobotrya Japonica Leaf Extract Paeonia Suffruticosa Root Extract Centella Asiatica Leaf Extract Centella Asiatica Root Extract Centella Asiatica Extract Camellia Sinensis Leaf Extract Melaleuca Alternifolia (Tea Tree) Leaf Extract Albatrellus Confluens (Mushroom) Extract Dipotassium Glycyrrhizate Hydroxyethyl Urea Propanediol 1,2-Hexanediol Polyglyceryl-10 Oleate Sodium Hyaluronate Pentylene Glycol Sucrose Madecassoside Hydrolyzed Sodium Hyaluronate Potassium Hyaluronate Hyaluronic Acid Hydroxypropyltrimonium Hyaluronate Hydrolyzed Hyaluronic Acid Sodium Hyaluronate Crosspolymer Sodium Acetylated Hyaluronate Melia Azadirachta Flower Extract Mineral Salts Asiatic Acid Madecassic Acid Asiaticoside Melia Azadirachta Leaf Extract Carbomer Xanthan Gum Hydroxyacetophenone Citric Acid Arginine Allantoin Ethylhexylglycerin Disodium EDTA",hyaluronic-acid;centella-asiatica,,,,,,,,,,,,,brand_direct,true,https://medicube.us/products/super-cica-daily-quick-mask,/product-images/brand-direct/pmekr58004r00.jpg
PMEUS55003R01,brightening-texture,21% Red Succinic Acid Cleansing Booster Serum,Medicube,,"Red Succinic Acid Peel | Water(Aqua) Lactic Acid Alcohol Glycerin Dipropylene Glycol Glycereth-26 Methylpropanediol Sorbeth-30 Tetraoleate Tromethamine Butylene Glycol Caprylic/Capric Triglyceride 1,2-Hexanediol Fragrance Succinic Acid Hydroxyethylcellulose Coptis Japonica Extract Lithospermum Erythrorhizon Root Extract Ammonium Acryloyldimethyltaurate/VP Copolymer Polyacrylate Crosspolymer-6 Salicylic Acid Ethylhexylglycerin o-Cymen-5-ol Ribes Nigrum (Black Currant) Fruit Extract Punica Granatum Fruit Extract Panthenol Dipotassium Glycyrrhizate Allantoin Indigofera Tinctoria Extract Glycolic Acid Cynanchum Atratum Extract t-Butyl Alcohol Hemerocallis Fulva Flower Extract Myosotis Sylvatica Flower/Leaf/Stem Extract Xanthan Gum Sorbitan Sesquioleate C12-14 Pareth-12",glycolic-acid;panthenol;lactic-acid,,,,,,,,,,,,,brand_direct,true,https://medicube.us/products/red-succinic-acid-peel,/product-images/brand-direct/pmeus55003r01.jpg
PMEUS10001A00,skin-protectant,Collagen Night Wrapping Mask,Medicube,,"Water, Polyvinyl Alcohol, Glycerin, Agave Americana Stem Extract, Niacinamide, Sodium Hyaluronate, 1,2-Hexanediol, Caprylyl Glycol, Polyglyceryl-10 Laurate, Chlorella Vulgaris Extract, Glucose, Butylene Glycol, Ethylhexylglycerin, Fructooligosaccharides, Fructose, Adenosine, Xanthan Gum, Cynanchum Atratum Extract, Caprylic/Capric Triglyceride, Hydrogenated Lecithin, Althaea Rosea Flower Extract, Ceramide NP, Tocopherol, Pancratium Maritimum Extract, Collagen Extract, Sodium Stearoyl Glutamate",niacinamide;hyaluronic-acid;ceramides,,,,,,,,,,,,,brand_direct,true,https://medicube.us/products/collagen-night-wrapping-mask,/product-images/brand-direct/pmeus10001a00.jpg
PMEUS54004R00,skin-protectant,Deep Reviving Peptide Eye Cream,Medicube,,"Deep Reviving Peptide Eye Cream: *Water(Aqua), Methylpropanediol, *Glycerin, Cyclopentasiloxane, *Butylene Glycol, Hydrogenated Poly(C6-14 Olefin), Dipropylene Glycol, Caprylic/Capric Triglyceride, Panthenol, Niacinamide, *Acetyl Hexapeptide-1, *Palmitoyl Tripeptide-5, *Acetyl Dipeptide-1 Cetyl Ester, *Acetyl Octapeptide-3, Copper Tripeptide-1, Squalane, Glyceryl Stearate, Butyrospermum Parkii (Shea) Butter, Polyglyceryl-3 Distearate, Cetearyl Olivate, C14-22 Alcohols, Stearyl Alcohol, Cetyl Alcohol, Sorbitan Olivate, Hydrogenated Lecithin, Polysorbate 60, Limnanthes Alba (Meadowfoam) Seed Oil, Palmitic Acid, Stearic Acid, 1,2-Hexanediol, C12-20 Alkyl Glucoside, Ammonium Acryloyldimethyltaurate/VP Copolymer, Dimethiconol, Ethylhexylglycerin, Sodium Stearoyl Glutamate, Saccharide Hydrolysate, Glyceryl Stearate Citrate, Fructooligosaccharides, Allantoin, Acrylates/C10-30 Alkyl Acrylate Crosspolymer, Tromethamine, *Caprylyl Glycol, Pullulan, Dipotassium Glycyrrhizate, Saccharum Officinarum (Sugarcane) Extract, Adenosine, *Sorbitan Laurate, Disodium EDTA, Sodium Hyaluronate, *Hydroxyethylcellulose, Myristyl Alcohol, Myristic Acid, Hyaluronic Acid, Glucose, Arachidic Acid, Lauryl Alcohol, Sodium Hyaluronate Crosspolymer, Hydrolyzed Sodium Hyaluronate, Hydrolyzed Hyaluronic Acid, Ceramide NP, Atelocollagen, Desamido Collagen, Oleic acid, Hydrolyzed Elastin, Hydrolyzed Collagen, Soluble Collagen, Sodium Acetylated Hyaluronate, Hydroxypropyltrimonium Hyaluronate, Collagen, Collagen Amino Acids, Procollagen, Magnesium PCA, Serine, Sucrose, Glycine, Calcium Chloride, Sea Salt, Alanine, Magnesium Chloride, Threonine, Histidine, Aspartic Acid, Valine, Proline, Dipotassium Phosphate, Lysine, Leucine, Tyrosine, Isoleucine, Magnesium Citrate, Glucosamine HCl, Phenylalanine, Glutamic Acid, Arginine, 1-Methylhydantoin-2-Imide, Asparagine, Citrulline, Methionine, Taurine, Tryptophan, Formic Acid, Glutamine, Cysteine, Fragrance, Alpha-Isomethyl Ionone",niacinamide;hyaluronic-acid;ceramides;squalane;peptides;panthenol,,,,,,,,,,,,,brand_direct,true,https://medicube.us/products/deep-reviving-peptide-eye-cream-1,/product-images/brand-direct/pmeus54004r00.jpg
PMEUS10009A00,brightening-texture,Deep Vita C Pads,Medicube,,"Deep Vita C Pad Hippophae Rhamnoides Water, Water(Aqua), Methyl Gluceth-20, Methylpropanediol, Niacinamide, Glycereth-26, Methyl Gluceth-10, Polyglycerin-3, 1,2-Hexanediol, Gluconolactone, 3-O-Ethyl Ascorbic Acid, Ethylhexylglycerin, Cymbopogon Martini Oil , Cymbopogon Nardus (Citronella) Oil , Adenosine, Butylene Glycol, Disodium EDTA, Mentha Viridis (Spearmint) Extract , Lactobacillus/Lemon Peel Ferment Extract, Geraniol, Citronellol, Coptis Japonica Extract, Cucumis Melo (Melon) Seed Extract, Litsea Cubeba Fruit Oil, Pelargonium Graveolens Extract, Allantoin, Dipotassium Glycyrrhizate, Panthenol, Sodium Hyaluronate, Lactic Acid, Glucose, Beta-Glucan, Linalool, Hyaluronic Acid, Glycerin, Caprylic/Capric Triglyceride, Tocopherol, Cetyl Palmitate, Ubiquinone, Polysorbate 80, Sorbitan Stearate, Sodium Benzoate, Citric Acid, Hydrogenated Lecithin, Palmitoyl Tripeptide-5, Ergothioneine, Hesperidin, Palmitoyl Tetrapeptide-10",niacinamide;vitamin-c;hyaluronic-acid;peptides;panthenol;lactic-acid,,,,,,,,,,,,,brand_direct,true,https://medicube.us/products/deep-vita-c-pad,/product-images/brand-direct/pmeus10009a00.png
PMEUS60008A00,brightening-texture,Zero Pore One-day Cream,Medicube,,"Zero Pore One-day Cream | Water(Aqua), Panthenol, Butylene Glycol, Propanediol, Cetyl Ethylhexanoate, Octyldodecanol, Niacinamide, Isohexadecane, Isododecane, Glyceryl Stearate, Polyglyceryl-3 Distearate, 1,2-Hexanediol, Hydrogenated Poly(C6-14 Olefin), Dimethicone, Cyclopentasiloxane, Cetearyl Olivate, Sorbitan Olivate, Stearyl Alcohol, Dimethyl Sulfone, Cetyl Alcohol, Polyacrylate-13, Sodium Polyacryloyldimethyl Taurate, Sodium Stearoyl Glutamate, Hydrogenated Polyisobutene, Glyceryl Stearate Citrate, Salicylic Acid, Ethylhexylglycerin, Allantoin, Polyglyceryl-10 Laurate, Ethylhexyl Palmitate, Adenosine, Dextrin, Sorbitan Isostearate, Tromethamine, Beta-Glucan, Sodium Hyaluronate, Glycerin, Sodium Citrate, Gardenia Florida Fruit Extract, Myristyl Alcohol, Trisodium Phosphate, Hyaluronic Acid, Pullulan, Lauryl Alcohol, Vitis Vinifera (Grape) Fruit Extract, Ulmus Davidiana Root Extract, Pueraria Lobata Root Extract, Pinus Palustris Leaf Extract, Oenothera Biennis (Evening Primrose) Flower Extract, Diospyros Kaki Fruit Extract, Castanea Crenata (Chestnut) Shell Extract, Camellia Sinensis Leaf Extract, Sodium Hyaluronate Crosspolymer, Hydrolyzed Sodium Hyaluronate, Hydrolyzed Hyaluronic Acid, Palmitoyl Tripeptide-5, Sodium Acetylated Hyaluronate, Hydroxypropyltrimonium Hyaluronate, Hydroxycinnamic Acid, Rutin, Fragrance",niacinamide;hyaluronic-acid;peptides;panthenol,,,,,,,,,,,,,brand_direct,true,https://medicube.us/products/zero-pore-one-day-cream,/product-images/brand-direct/pmeus60008a00.jpg
KUSMEA1477,skin-protectant,Red Centellaca Mask,Medicube,,"Water, Dipropylene Glycol, Niacinamide, Butylene Glycol, Glycerin, Tromethamine, Beta-Glucan, Carbomer, Centella Asiatica Extract, PPG-26-Buteth-26, Allantoin, Zanthoxylum Piperitum Fruit Extract, PEG-40 Hydrogenated Castor Oil, Pulsatilla Koreana Extract, Usnea Barbata (Lichen) Extract, Polygonum Cuspidatum Root Extract, Scutellaria Baicalensis Root Extract, Adenosine, Glycyrrhiza Glabra (Licorice) Root Extract, Camellia Sinensis Leaf Extract, Disodium EDTA, Rosmarinus Officinalis (Rosemary) Leaf Extract, Chamomilla Recutita (Matricaria) Flower Extract, Sodium Hyaluronate, Fragrance, Phenoxyethanol, Ethylhexylglycerin",niacinamide;hyaluronic-acid;centella-asiatica,,,,,,,,,,,,,brand_direct,true,https://medicube.us/products/medicube-red-centellaca-mask-2ea,/product-images/brand-direct/kusmea1477.jpg
KUSMEA0613,brightening-texture,Zero Pore Cooling Mask,Medicube,,"Zero Pore Cooling Mask: Water(Aqua), Glycerin, Propanediol, Methylpropanediol, Niacinamide, 1,2-Hexanediol, Saccharide Hydrolysate, Carbomer, Tromethamine, Butylene Glycol, Ethylhexylglycerin, Xanthan Gum, Adenosine, Allantoin, Disodium EDTA, Methyl Diisopropyl Propionamide, Indigofera Tinctoria Extract, Hemerocallis Fulva Flower Extract, Oenothera Biennis (Evening Primrose) Flower Extract, Pinus Palustris Leaf Extract, Pueraria Lobata Root Extract, Ulmus Davidiana Root Extract, Myosotis Sylvatica Flower/Leaf/Stem Extract, Camphor, Palmitoyl Tripeptide-5, Hydroxycinnamic Acid, Rutin",niacinamide;peptides,,,,,,,,,,,,,brand_direct,true,https://medicube.us/products/zero-pore-cooling-mask,/product-images/brand-direct/kusmea0613.jpg
PMEUS60019R00,brightening-texture,Zero Pore One-day Peptide Serum,Medicube,,"Water (Aqua), Methylpropanediol, Glycerin, Propanediol, Niacinamide, Tromethamine, 1,2-Hexanediol, Polyglycerin-3, Lactic Acid, Dimethicone, Gluconolactone, Salicylic Acid, Hydroxyethylcellulose, Sodium Polyacryloyldimethyl Taurate, Lecithin, C12-14 Alketh-12, Allantoin, Citric Acid, Ethylhexylglycerin, Adenosine, Butylene Glycol, Dextrin, Glycolic Acid, Sodium Citrate, Gardenia Florida Fruit Extract, Trisodium Phosphate, Capryloyl Salicylic Acid, Myosotis Sylvatica Flower/Leaf/Stem Extract, Hemerocallis Fulva Flower Extract, Stellaria Media (Chickweed) Extract, Lactobacillus Ferment Lysate, Taraxacum Officinale (Dandelion) Leaf Extract, Lactobacillus Ferment, Caprylic/Capric Triglyceride, Sorbitan Laurate, Cetyl Palmitate, Sorbitan Stearate, Polysorbate 80, Caprylyl Glycol, Acetyl Glutamine, Acetyl Dipeptide-1 Cetyl Ester, Bacillus/Soybean Ferment Extract, Sodium Benzoate, Ulmus Davidiana Root Extract, Pueraria Lobata Root Extract, Pinus Palustris Leaf Extract, Oenothera Biennis (Evening Primrose) Flower Extract, Hydrogenated Lecithin, Palmitoyl Tripeptide-5, Acetyl Hexapeptide-1, Tocopherol, Acetyl Octapeptide-3, Sodium Hyaluronate, Palmitoyl Tetrapeptide-10, Folic Acid, Copper Tripeptide-1, Oligopeptide-3, Oligopeptide-2, Oligopeptide-1, Hexapeptide-11",niacinamide;hyaluronic-acid;glycolic-acid;peptides;lactic-acid,,,,,,,,,,,,,brand_direct,true,https://medicube.us/products/zero-pore-one-day-serum,/product-images/brand-direct/pmeus60019r00.png
PMEUS55001T00,brightening-texture,Red Body Wash,Medicube,,"Red Body Wash : Water, Sodium C14-16 Olefin Sulfonate, Glycerin, Decyl Glucoside, Cocamide Methyl MEA, Disodium Cocoamphodiacetate, Sodium Methyl Cocoyl Taurate, Coco-Betaine, Parfum, Niacinamide, Propanediol, Butylene Glycol, Salicylic Acid, Hydrolyzed Jojoba Esters, Hydrolyzed Hyaluronic Acid, Panthenol, Lavandula angustifolia (Lavender) Extract, Thymus Vulgaris (Thyme) Leaf Extract, Mentha Arvensis Leaf Extract, Mentha Suaveolens Leaf Extract, Pinus Densiflora Leaf Extract, Lactic Acid, 1,2-Hexanediol, Hydroxyacetophenone, Pentylene Glycol, Caprylyl Glycol, Sodium Chloride, Hexylene Glycol, Tetradecene, Hexadecene, Sodium sulfate, Disodium EDTA",niacinamide;hyaluronic-acid;panthenol;lactic-acid,,,,,,,,,,,,,brand_direct,true,https://medicube.us/products/red-body-wash,/product-images/brand-direct/pmeus55001t00.jpg
PMEUS10002A00,skin-protectant,Zero Pore Pads,Medicube,,"Zero Pore Pads Water, Methylpropanediol, Trometamin, Lactic Acid, Alcohol Denat., 1,2-Hexanediol, Panthenol, Glycereth-26, Salicylic Acid, Ammonium Acryloyldimethyltaurate/VP, Copolymer, Betaine, Trehalose, Polyglyceryl-10 Laurate, Ethylhexylglycerin, Glycerin, Allantoin, Polyglyceryl-10 Myristate, Disodium EDTA, Butylene Glycol, Sodium Hyaluronate, Betaine Salicylate, Citrus Aurantium Dulcis (Orange) Peel Oil, Citrus Limon (Lemon) Peel Oil, Citrus Grandis (Grapefruit) Peel Oil, Citrus Aurantium Bergamia (Bergamot) Fruit Oil, Rosmarinus Officinalis (Rosemary) Leaf Oil, Eucalyptus Globulus Leaf Oil, Lavandula Angustifolia (Lavender) Oil, Vitis Vinifera (Grape) Fruit Extract, Citrus Aurantifolia (Lime) Fruit Extract, Citrus Limon (Lemon) Fruit Extract, Pyrus Malus (Apple) Fruit Extract, Citrus Aurantium Dulcis (Orange) Fruit Extract, Ethyl Hexanediol, Centella Asiatica Extract, Slix Alba (Willow) Bark Extract, Origanum Vulgare Leaf Extract, Chamaecyparis Obtusa Leaf Extract, Lactobacillus/Soybean Ferment Extract, Cinnamomum Cassia Bark Extract, Scutellaria Baicalensis Root Extract, Portulaca Oleracea Extract, Oenothera Biennis (Evening Primrose) Flower Extract, Pinus Palustris Leaf Extract, Ulmus Davidiana Root Extract, Pueraria Lobata Root Extract, Limonene",hyaluronic-acid;centella-asiatica;panthenol;lactic-acid,,,,,,,,,,,,,brand_direct,true,https://medicube.us/products/zero-pore-pad-1,/product-images/brand-direct/pmeus10002a00.jpg
PMEUS61010A01,skin-protectant,Triple Collagen Cream,Medicube,,"Water, Glycerin, Dipropylene Glycol, Cetearyl Alcohol, Cyclopentasiloxane, Caprylic/Capric Triglyceride, Triethylhexano, Hydrogenated Polydecene, 1,2-Hexanediol, Niacinamide, Hydrogenatedpoly(C6-14 Olefin), Cyclohexasiloxane, Glyceryl Stearate Se, Dioscorea Japonica Root Extract, Aesculus Hippocastanum (Horse Chestnut) Extract, Laminaria Japonica Extract, Eclipta Prostrata Leaf Extract, Collagen Extract, Hydrogenated Lecithin, Argania Spinosa Kernel Oil, Sodium Hyaluronate, Cetearyl Olivate, C12-16 Alcohols, Dimethicone, Glyceryl Stearate, Peg-100 Stearate, Microcrystalline Cellulose, Cetearyl Glucoside, Sorbitan Olivate, Fructose, Hydroxyethyl Acrylate/Sodium Acryloyldimethyl Taurate Copolymer, Butylene Glycol, Squalane, Palmitic Acid, Betaine, Cellulose Gum, Hydrolyzed Corn Starch, Polysorbate 60, Ethylhexylglycerin, Adenosine, Hydrogenated Polyisobutene, Beta-Glucan, Alcohol, Disodium Edta, Isononyl Isononanoate, Polyglyceryl-10 Stearate, Sorbitan Isostearate, Sucrose, Stearic Acid, Butyrospermum Parkii (Shea) Butter, Polyglyceryl-2 Dipolyhydroxystearate, Fructooligosaccharides, Inulin Lauryl Carbamate, Hydrolyzed Hyaluronic Acid, Citric Acid, Disodium Stearoyl Glutamate, Collagen, Hydrolyzed Elastin, Hyaluronic Acid, Tocopherol, Leuconostoc/Radish Root Ferment Filtrate, Fragrance, Potassium Sorbate, Linalool, Benzyl Salicylate, Limonene, Hydroxycitronellal",niacinamide;hyaluronic-acid;squalane,,,,,,,,,,,,,brand_direct,true,https://medicube.us/products/deep-erasing-cream,/product-images/brand-direct/pmeus61010a01.jpg
PMEUS12036A00,brightening-texture,Triple Collagen Toner,Medicube,,"Water, Glycerin, Butylene Glycol, 1,2-Hexanediol, Dipropylene Glycol, Niacinamide, Propanediol, Trehalose, Polysorbate 60, Glycereth-25 PCA Isostearate, Ammonium Acryloyldimethyltaurate/VP Copolymer, Hydroxyethylcellulose, Fragrance, Ethylhexylglycerin, Adenosine, Disodium EDTA, Hydrolyzed Collagen, Sodium Hyaluronate, Soluble Collagen, Hyaluronic Acid, Disodium Phosphate, Atelocollagen, Desamido Collagen, Sodium Phosphate, Hydrolyzed Hyaluronic Acid, Collagen, Collagen Amino Acids, Procollagen, Collagen Extract",niacinamide;hyaluronic-acid,,,,,,,,,,,,,brand_direct,true,https://medicube.us/products/glass-glow-essence-2-0,/product-images/brand-direct/pmeus12036a00.jpg
PMEUS14052A00,brightening-texture,Triple Collagen Serum,Medicube,,"Water(Aqua), Glycerin, Butylene Glycol, Cetyl Ethylhexanoate, Niacinamide, Glycereth-26, Alcohol Denat., 1,2-Hexanediol, Cyclopentasiloxane, Cyclohexasiloxane, Trehalose, Dimethicone, Carbomer, Cetearyl Olivate, Tromethamine, Sorbitan Olivate, Ethylhexylglycerin, Collagen Extract, Fragrance, Adenosine, Disodium EDTA, Benzyl Benzoate, Linalool, Limonene, Geraniol, Atelocollagen, Desamido Collagen, Citronellol, Hydrolyzed Collagen, Sodium Hyaluronate, Soluble Collagen, Hyaluronic Acid, Hydroxycitronellal, Sodium Hyaluronate Crosspolymer, Hydrolyzed Sodium Hyaluronate, Hydrolyzed Hyaluronic Acid, Collagen, Collagen Amino Acids, Sodium Acetylated Hyaluronate, Procollagen, Hydroxypropyltrimonium Hyaluronate, Citral, Benzyl Alcohol",niacinamide;hyaluronic-acid,,,,,,,,,,,,,brand_direct,true,https://medicube.us/products/triple-collagen-serum,/product-images/brand-direct/pmeus14052a00.jpg
PMEUS55017A00,skin-protectant,Red Serum,Medicube,,"Red Serum 2.0 Water, Dipropylene Glycol, Glycerin, Xylitol, Alcohol Denat., Propanediol, 1,2-Hexanediol, Niacinamide, Trehalose, Diethoxyethyl Succinate, Betaine, Pentylene Glycol, Butylene Glycol, Sodium Acrylate/Sodium Acryloyldimethyl Taurate Copolymer, C12-14 Alketh-12, Dimethicone Crosspolymer, Polyisobutene, Ammonium Acryloyldimethyltaurate/VP Copolymer, Vinyl Dimethicone, Dipotassium Glycyrrhizate, Tromethamine, Zinc PCA, Carbomer, Salicylic Acid, Hydrogenated Lecithin, Isododecane, Allantoin, Dimethyl Sulfone, Panthenol, Polyquaternium-51, 4-Terpineol, Melaleuca Alternifolia (Tea Tree) Leaf Oil, Caprylyl/Capryl Glucoside, Sorbitan Oleate, Adenosine, Ethylhexylglycerin, Melia Azadirachta Leaf Extract, Melia Azadirachta Flower Extract, Caprylic/Capric Triglyceride, Xanthan Gum, Coccinia Indica Fruit Extract, Ocimum Sanctum Leaf Extract, Aloe Barbadensis Flower Extract, Solanum Melongena (Eggplant) Fruit Extract, Curcuma Longa (Turmeric) Root Extract, Corallina Officinalis Extract, Ceramide NP, Sodium Stearoyl Glutamate, Tocopherol, Lactococcus Ferment Lysate, Decyl Glucoside, Camellia Sinensis Leaf Extract, Centella Asiatica Leaf Extract, Cladosiphon Okamuranus Extract, Salix Alba (Willow) Bark Extract, Coffea Arabica (Coffee) Seed Extract, Sodium Chloride, Phenylpropanol, Citrus Aurantium Bergamia (Bergamot) Leaf Extract, Levulinic Acid, Sodium Levulinate, Pinus Densiflora Leaf ExtractRutin",niacinamide;ceramides;centella-asiatica;panthenol,,,,,,,,,,,,,brand_direct,true,https://medicube.us/products/red-serum,/product-images/brand-direct/pmeus55017a00.jpg
PMEKR55018R00,brightening-texture,Red Toner,Medicube,,"Red Toner Water, Methyl Gluceth-20, Alcohol, Niacinamide, Butylene Glycol, Beta-Glucan, Glycerin, Betaine, Acrylates/C10-30 Alkyl Acrylate Crosspolymer, Triethanolamine, Allantoin, Colloidal Sulfur, Chlorphenesin, Zanthoxylum Piperitum Fruit Extract, Pulsatilla Koreana Extract, Usnea Barbata (Lichen) Extract, Adenosine, Salvia Sclarea (Clary) Extract, Hyacinthus Orientalis (Hyacinth) Extract, Propanediol, Dinatrium Ethylendiaminetetracetic acid, Zingiber Officinale (Ginger) Root Extract, Camellia Japonica Leaf Extract, Salicylic Acid, Phellodendron Amurense Bark Extract, Citrus Paradisi (Grapefruit) Seed Extract, Magnolia fficinalis Bark Extract, Sophora Angustifolia Root Extract, Citrus Paradisi (Grapefruit) Fruit Extract, 1,2-Hexanediol, Willow Bark Extract, Benzyl Alcohol, Lavandula Angustifolia (Lavender) Water, Borago Officinalis Extract, Chamomilla Recutita (Matricaria) Flower/Leaf Extract, Centaurea yanus Flower Extract, Ovalicin, Ethylhexylglycerin, Melaleuca Alternifolia (Tea Tree) Leaf Oil",niacinamide,,,,,,,,,,,,,brand_direct,true,https://medicube.us/products/red-toner,/product-images/brand-direct/pmekr55018r00.jpg
KUSMEA00795,brightening-texture,Ultimate At-Home Spa Essentials,Medicube,,"Water, Propanediol, Dipropylene Glycol, Butylene Glycol, Methylpropanediol, Diethoxyethyl Succinate, Ethoxydiglycol, Ammonium Acryloyldimethyltaurate/Beheneth-25 Methacrylate Crosspolymer, Niacinamide, Trehalose, 1,2-Hexanediol, Chlorella Vulgaris Extract, Collagen, Hydrolyzed Collagen, Cynanchum Atratum Extract, Althaea Rosea Flower Extract, Soluble Collagen, Allium Sativum (Garlic) Bulb Extract, Avena Sativa (Oat) Kernel Extract, Bertholletia Excelsa Seed Extract, Brassica Oleracea Italica (Broccoli) Extract, Camellia Sinensis Seed Extract, Salmon Egg Extract, Solanum Lycopersicum (Tomato) Fruit Extract, Spinacia Oleracea (Spinach) Leaf Extract, Vaccinium Angustifolium (Blueberry) Fruit Extract, Wine Extract, Polyglyceryl-10 Isostearate, Tromethamine, Glucose, Polyglyceryl-10 Oleate, Ethylhexylglycerin, Fructooligosaccharides, Fructose, Adenosine, Sodium Phytate, Cyanocobalamin, Tocopherol, Pullulan, Glycerin, Hydroxypropyltrimonium Hyaluronate, Squalane, Soluble Proteoglycan, Hydrolyzed Elastin, Sodium DNA, Carbomer, Xanthan Gum, Fragrance(Parfum)",niacinamide;squalane,,,,,,,,,,,,,brand_direct,true,https://medicube.us/products/tatis-exclusive-ultimate-at-home-spa-essentials,/product-images/brand-direct/kusmea00795.jpg
PMEKR14021,brightening-texture,AGE-R Booster Gel Serum,Medicube,,"Age-R Booster Gel Serum | Water Propanediol Niacinamide 1,2-Hexanediol Adenium Obesum Leaf Cell Extract Jasminum Sambac (Jasmine) Leaf Cell Extract Sodium Hyaluronate Soluble Collagen Hydrolyzed Hyaluronic Acid Hyaluronic Acid Pentylene Glycol Sodium Polyacryloyldimethyl Taurate Glycerin Acrylates/C10-30 Alkyl Acrylate Crosspolymer Tromethamine Caprylyl Glycol Ethylhexylglycerin Dipotassium Glycyrrhizate Adenosine Sodium Phytate Glyceryl Acrylate/Acrylic Acid Copolymer PVM/MA Copolymer Sodium Polyacrylate Butylene Glycol Sodium Chloride Tocopherol Sodium Bicarbonate Calcium Chloride Potassium Chloride Hydroxypropyltrimonium Hyaluronate Sodium Acetylated Hyaluronate Hydrolyzed Sodium Hyaluronate Sodium Hyaluronate Crosspolymer Potassium Hyaluronate",niacinamide;hyaluronic-acid,,,,,,,,,,,,,brand_direct,true,https://medicube.us/products/subscr-age-r-booster-gel-serum,/product-images/brand-direct/pmekr14021.jpg
PMEUS61003A01,brightening-texture,Collagen Glow Bubble Serum,Medicube,,"Water(Aqua), Glycerin, Propanediol, Soluble Collagen, Glycereth-26, Cetyl Ethylhexanoate, Caprylic/Capric Triglyceride, Polyglyceryl-10 Laurate, Niacinamide, 1,2-Hexanediol, Polyglycerin-3, Pentaerythrityl Tetraisostearate, Ammonium Acryloyldimethyltaurate/VP Copolymer, Sodium Lauroyl Glutamate, Fragrance, Gardenia Florida Fruit Extract, Butylene Glycol, Dextrin, Xanthan Gum, Hydroxyethyl Urea, Ethylhexylglycerin, Adenosine, Allantoin, Collagen Extract, Macadamia Ternifolia Seed Oil, Atelocollagen, Desamido Collagen, Hydrogenated Lecithin, Sodium Hyaluronate, Hydrolyzed Elastin, Hydrolyzed Collagen, Caprylyl Glycol, Hyaluronic Acid, Cholesterol, Sodium Hyaluronate Crosspolymer, Hydrolyzed Sodium Hyaluronate, Hydrolyzed Hyaluronic Acid, Sorbitan Laurate, Silica, Retinal, Glutathione, Brassica Campestris (Rapeseed) Sterols, Thioctic Acid, Ceteth-5, Ceteth-3, Collagen, Collagen Amino Acids, Potassium Cetyl Phosphate, Pentaerythrityl Tetra-di-t-butyl Hydroxyhydrocinnamate, Hydroxyethylcellulose, Acetyl Dipeptide-1 Cetyl Ester, Sodium Acetylated Hyaluronate, Procollagen, Hydroxypropyltrimonium Hyaluronate, Acetyl Hexapeptide-1, Palmitoyl Tripeptide-5, Disodium EDTA, Acetyl Octapeptide-3, Soluble Collagen Crosspolymer, Rosin Hydrolyzed Collagen, Potassium Myristoyl Hydrolyzed Collagen",niacinamide;hyaluronic-acid;peptides,,,,,,,,,,,,,brand_direct,true,https://medicube.us/products/collagen-glow-bubble-serum,/product-images/brand-direct/pmeus61003a01.jpg
RS14W0003,brightening-texture,Camellia Deep Collagen Lifting Gua Sha Cream,Round Lab,,"Water, Propanediol, Isopropyl Myristate, Octyldodecanol, Glycerin, Cetearyl Olivate, 1,2-Hexanediol, Cetearyl Alcohol, Niacinamide, Sorbitan Olivate, Vinyl Dimethicone, Butylene Glycol, Glyceryl Stearate, Arginine, Carbomer, Fragrance, Camellia Japonica Flower Extract, Ethylhexylglycerin, Adenosine, Disodium EDTA, Caffeine, Inositol, Hydrolyzed Collagen, Hyaluronic Acid, Hydrolyzed Hyaluronic Acid, Sodium Hyaluronate, Octadecane, Lactic Acid/Glycolic Acid Copolymer, Theobroma Cacao Seed Extract, Cyanocobalamin, Dextrin, Pullulan, Collagen Extract, Quercetin, Caprylyl Glycol, Xanthan Gum, Copper Tripeptide-1, Palmitoyl Pentapeptide-4, Acetyl Hexapeptide-8",niacinamide;hyaluronic-acid;glycolic-acid;peptides;lactic-acid,,,,,,,,,,,,,brand_direct,true,https://roundlab.com/products/camellia-deep-collagen-lifting-gua-sha-cream,/product-images/brand-direct/rs14w0003.png
RU03G0002,skin-protectant,Pine Calming Cica Primer Sunscreen 50ml,Round Lab,,"Water, Dibutyl Adipate, Propanediol, Diethylamino Hydroxybenzoyl Hexyl Benzoate, Coco-Caprylate/Caprate, Ethylhexyl Triazone, Niacinamide, Methylene Bis-Benzotriazolyl Tetramethylbutylphenol, Glycerin, Caprylyl Methicone, Diethylhexyl Butamido Triazone, 1,2-Hexanediol, Butylene Glycol, Pentylene Glycol, Polymethylsilsesquioxane, Behenyl Alcohol, Poly C10-30 Alkyl Acrylate, Polyglyceryl-3 Methylglucose Distearate, Decyl Glucoside, Tromethamine, Dimethicone/Vinyl Dimethicone Crosspolymer, Methylpropanediol, Carbomer, Dimethiconol, Trisiloxane, Acrylates/C10-30 Alkyl Acrylate Crosspolymer, Pinus Densiflora Leaf Extract, Carthamus Tinctorius Flower Extract, Sodium Stearoyl Glutamate, Citrus Aurantium Bergamia Fruit Oil, Polyacrylate Crosspolymer-6, Ethylhexylglycerin, Adenosine, Dextrin, Gardenia Florida Fruit Extract, Sodium Polyacrylate, Avena Sativa Kernel Extract, Pinus Sylvestris Leaf Oil, Cynara Scolymus Leaf Extract, Polyquaternium-51, Camellia Sinensis Leaf Water, Beta-Glucan, Hydrogenated Lecithin, Xanthan Gum, Pelargonium Graveolens Flower Oil, Helianthus Annuus Seed Oil, Rosmarinus Officinalis Leaf Oil, Pvm/Ma Copolymer, Polyether-1, Camellia Sinensis Leaf Extract, Salix Alba Bark Extract, Cladosiphon Okamuranus Extract, Centella Asiatica Leaf Extract, Centella Asiatica Extract, Coffea Arabica Seed Extract, Cymbopogon Citratus Leaf Oil, Citrus Aurantium Bergamia Leaf Extract, Tocopherol, Glycoproteins, Madecassoside, Sodium Hyaluronate, Madecassic Acid, Asiaticoside, Asiatic Acid, Hydrolyzed Hyaluronic Acid, Sodium Acetylated Hyaluronate, Limonene, Linalool, Citronellol, Geraniol",niacinamide;hyaluronic-acid;centella-asiatica,,,,,,,,,,,,,brand_direct,true,https://roundlab.com/products/pine-calming-cica-primer-sunscreen-50ml,/product-images/brand-direct/ru03g0002.png
RU02G0044,skin-protectant,Birch Juice Moisturizing Sun Serum SPF 50,Round Lab,,"Water, Butyloctyl Salicylate, Dipropylene Glycol, Benzotriazolyl Dodecyl p-Cresol, Ethylhexyl Methoxycrylene, Vinyl Dimethicone, Tripropylene Glycol, Sorbitol, 1,2-Hexanediol, Silica, Diethylhexyl 2,6-Naphthalate, Aminomethyl Propanol, Betula Platyphylla Japonica Juice, Diglycerin, Behenyl Alcohol, Pentylene Glycol, Polyglyceryl-3 Methylglucose Distearate, Panthenol, Butylene Glycol, Poly C10-30 Alkyl Acrylate, Dimethiconol, Polyphenylsilsesquioxane, Dimethicone/Vinyl Dimethicone Crosspolymer, Tromethamine, Hydroxyacetophenone, Polyacrylic Acid, Palmitic Acid, Stearic Acid, Artemisia Annua Extract, Methylpropanediol, Polyether-1, Sphingomonas Ferment Extract, Sodium Stearoyl Glutamate, Polyacrylate Crosspolymer-6, Bacillus Ferment, Sodium Hyaluronate, Glycerin, Anthemis Nobilis Flower Oil, Pinus Sylvestris Leaf Oil, Aloe Barbadensis Leaf Extract, Dioscorea Japonica Root Extract, Ethylhexylglycerin, Laminaria Japonica Extract, Ulmus Davidiana Root Extract, Viola Mandshurica Flower Extract, Glyceryl Glucoside, Arginine, Caprylic Acid, Cetearyl Alcohol, Cetearyl Olivate, Sorbitan Olivate, Hydrogenated Lecithin, Betulin, Carbomer, Hydroxypropyltrimonium Hyaluronate, Hydrolyzed Hyaluronic Acid, Sodium Acetylated Hyaluronate, Sodium DNA, Hyaluronic Acid, Glycine, Glutamic Acid, Hydrolyzed Sodium Hyaluronate, Sodium Hyaluronate Crosspolymer, Potassium Hyaluronate",hyaluronic-acid;panthenol,,,,,,,,,,,,,brand_direct,true,https://roundlab.com/products/birch-juice-moisturizing-sun-serum-spf50,/product-images/brand-direct/ru02g0044.jpg
RS13W0001,brightening-texture,Vita Niacinamide Glow Capsule Cream,Round Lab,,"Water, Hippophae Rhamnoides Water, Glycerin, Niacinamide, Butylene Glycol, Dipropylene Glycol, 1,2-Hexanediol, Panthenol, Tranexamic Acid, 3-O-Ethyl Ascorbic Acid, Hippophae Rhamnoides Fruit Extract, Hydrogenated Poly(C6-14 Olefin), Polyglyceryl-10 Stearate, Cetearyl Alcohol, Glyceryl Stearate, Cetearyl Glucoside, Carbomer, Tromethamine, Ethylhexylglycerin, Sodium Phytate, Xanthan Gum, Tocopherol",niacinamide;vitamin-c;tranexamic-acid;panthenol,,,,,,,,,,,,,brand_direct,true,https://roundlab.com/products/vita-niacinamide-glow-capsule-cream,/product-images/brand-direct/rs13w0001.webp
RC03W0003,skin-protectant,Pine Cica Deep Pore Cleansing Oil 200ml,Round Lab,,"Ethylhexyl Palmitate, Sorbeth-30 Tetraoleate, Caprylic/Capric Triglyceride, Olea Europaea (Olive) Fruit Oil, Helianthus Annuus (Sunflower) Seed Oil, Pinus Densiflora Leaf Extract, Centella Asiatica Extract, Madecassoside, Asiaticoside, Panthenol, Tocopherol, 1,2-Hexanediol",centella-asiatica;panthenol,,,,,,,,,,,,,brand_direct,true,https://roundlab.com/products/pine-cica-deep-pore-cleansing-oil-200ml,/product-images/brand-direct/rc03w0003.png
RB03G0004,skin-protectant,Pine Calming Cica Shampoo,Round Lab,,"Water, Sodium C14-16 Olefin Sulfonate, Lauryl Hydroxysultaine, Glycerin, Cocamidopropyl Betaine, Sodium Chloride, Pinus Densiflora Leaf Extract, Centella Asiatica Extract, Madecassoside, Asiaticoside, Panthenol, 1,2-Hexanediol, Citric Acid, Sodium Benzoate, Potassium Sorbate",centella-asiatica;panthenol,,,,,,,,,,,,,brand_direct,true,https://roundlab.com/products/pine-calming-cica-shampoo,/product-images/brand-direct/rb03g0004.webp
RC03W0002,skin-protectant,Pine Cica Deep Pore Clay Mask Cleanser,Round Lab,,"Water, Kaolin, Glycerin, Butylene Glycol, Pinus Densiflora Leaf Extract, Centella Asiatica Extract, Madecassoside, Asiaticoside, Panthenol, 1,2-Hexanediol, Carbomer, Tromethamine, Ethylhexylglycerin, Disodium EDTA",centella-asiatica;panthenol,,,,,,,,,,,,,brand_direct,true,https://roundlab.com/products/pine-cica-deep-pore-clay-mask-cleanser,/product-images/brand-direct/rc03w0002.png
RS02G0010,skin-protectant,Birch Moisturizing Hand Cream,Round Lab,,"Water, Betula Platyphylla Japonica Juice, Glycerin, Butylene Glycol, Caprylic/Capric Triglyceride, Cetearyl Alcohol, Glyceryl Stearate, Panthenol, 1,2-Hexanediol, Carbomer, Tromethamine, Ethylhexylglycerin, Sodium Hyaluronate, Disodium EDTA",hyaluronic-acid;panthenol,,,,,,,,,,,,,brand_direct,true,https://roundlab.com/products/birch-moisturizing-hand-cream,/product-images/brand-direct/rs02g0010.webp
RC02W0001,skin-protectant,Birch Juice Moisturizing Peeling Cleansing Oil,Round Lab,,"Ethylhexyl Palmitate, Sorbeth-30 Tetraoleate, Caprylic/Capric Triglyceride, Olea Europaea (Olive) Fruit Oil, Helianthus Annuus (Sunflower) Seed Oil, Betula Platyphylla Japonica Juice, Panthenol, Tocopherol, 1,2-Hexanediol",panthenol,,,,,,,,,,,,,brand_direct,true,https://roundlab.com/products/birch-juice-moisturizing-peeling-cleansing-oil,/product-images/brand-direct/rc02w0001.png
RS14W0002,skin-protectant,Camellia Deep Collagen Eye Cream 30ml,Round Lab,,"Water, Camellia Japonica Flower Extract, Glycerin, Butylene Glycol, Collagen Extract, Niacinamide, Panthenol, 1,2-Hexanediol, Carbomer, Tromethamine, Ethylhexylglycerin, Sodium Hyaluronate, Disodium EDTA",niacinamide;hyaluronic-acid;panthenol,,,,,,,,,,,,,brand_direct,true,https://roundlab.com/products/camellia-deep-collagen-eye-cream-30ml,/product-images/brand-direct/rs14w0002.png
RS14W0001,skin-protectant,Camellia Deep Collagen Milky PDRN Toner 150ml,Round Lab,,"Water, Camellia Japonica Flower Extract, Glycerin, Butylene Glycol, Collagen Extract, Sodium DNA (PDRN), Niacinamide, Panthenol, 1,2-Hexanediol, Carbomer, Tromethamine, Ethylhexylglycerin, Sodium Hyaluronate, Disodium EDTA",niacinamide;hyaluronic-acid;panthenol,,,,,,,,,,,,,brand_direct,true,https://roundlab.com/products/camellia-deep-collagen-milky-pdrn-toner-150ml,/product-images/brand-direct/rs14w0001.png
RB03W0001,skin-protectant,Pine Cica Calming Scalp Tonic,Round Lab,,"Water, Ethanol, Pentylene Glycol, C12-13 Alketh-9, Glycerin, Caprylyl Glycol, Sodium Citrate, L-Menthol, Salicylic Acid, Dexpanthenol, Ganoderma Lucidum (Mushroom) Extract, Pinus Densiflora Leaf Extract (1,000ppm), Allantoin, Ethylhexylglycerin, Decyl Glucoside, Salix Alba (Willow) Bark Extract, Ecklonia Kurome Extract, Centella Asiatica Leaf Extract (10.6ppm), Camellia Sinensis Leaf Extract, Coffea Arabica (Coffee) Seed Extract, Mentha Piperita (Peppermint) Oil, Mentha Arvensis Leaf Oil, Camphor, Centella Asiatica Extract (10ppm), Butylene Glycol, Citrus Bergamia (Bergamot) Leaf Extract, Tocopherol, Glycoprotein (0.2ppm), Asiatic Acid (0.01ppm), Asiaticoside (0.01ppm), Madecassic Acid (0.01ppm), Madecassoside (0.01ppm), 1,2-Hexanediol, Citric Acid, Disodium EDTA, Limonene",centella-asiatica;panthenol,,,,,,,,,,,,,brand_direct,true,https://roundlab.com/products/pine-cica-calming-scalp-tonic,/product-images/brand-direct/rb03w0001.webp
RS02W0004,skin-protectant,Birch Moisturizing Intensive Cream,Round Lab,,"Water, Butylene Glycol, Glycerin, Butylene Glycol Dicaprylate/ Dicaprate, Cetyl Ethylhexanoate, Cetearyl Alcohol, Squalane, Trehalose, C14-22 Alcohols, Vinyl Dimethicone, Betula Platyphylla Japonica Juice, 1,2-Hexanediol, Potassium Cetyl Phosphate, Polyglyceryl-3 Methylglucose Distearate, C12-20 Alkyl Glucoside, Hydroxyacetophenone, Behenyl Alcohol, Glyceryl Stearate SE, Arginine, Carbomer, Sodium Stearoyl Glutamate, Cetearyl Glucoside, Ethylhexylglycerin, Xanthan Gum, Hydrogenated Lecithin, Disodium EDTA, Caprylic Acid, Centella Asiatica Extract, Ficus Carica (Fig) Fruit Extract, Cholesterol, Glucose, Ceramide NP, Maltodextrin, Hydrolyzed Gardenia Florida Extract, Glyceryl Glucoside, Betulin, Tocopherol, Dimethyl Isosorbide, Sodium Hyaluronate Crosspolymer, Oleyl Alcohol, Ectoin",hyaluronic-acid;ceramides;squalane;centella-asiatica,,,,,,,,,,,,,brand_direct,true,https://roundlab.com/products/birch-moisturizing-intensive-cream,/product-images/brand-direct/rs02w0004.webp
RS05G0007,skin-protectant,Soybean Panthenol Toner,Round Lab,,"Water, Glycerin, Butylene Glycol, 1,2-Hexanediol, Propanediol, Methyl Gluceth-20, Glycine Soja (Soybean) Seed Extract (5,130ppm), Trifolium Pratense (Clover) Flower Extract, Limnanthes Alba (Meadowfoam) Seed Oil, Ceramide NP, Tetrahydropiperine, Phloretin, Stearic Acid, Cholesterol, Tetraacetylphytosphingosine, Glycosphingolipids, Ceramide AP, Panthenol (510ppm), Citric Acid, Polyglyceryl-10 Oleate, Adenosine, Polyglyceryl-10 Stearate, Cetearyl Olivate, Sorbitan Olivate, Tocopherol, Gluconolactone, Capryloyl Salicylic Acid, Glycine Soja (Soybean) Extract (0.001ppm), Caprylic/Capric Triglyceride, Methylpropanediol, Glyceryl Stearate, Cetearyl Alcohol, Hydrogenated Lecithin, Ammonium Acryloyldimethyltaurate/VP Copolymer, Diphenyldimethicone, Triethylhexanoin, Dipropylene Glycol, Sodium Citrate, Hydroxyacetophenone, Ethylhexylglycerin, Arginine, Xanthan Gum, Potassium Cetyl Phosphate",ceramides;panthenol,,,,,,,,,,,,,brand_direct,true,https://roundlab.com/products/soybean-panthenol-toner,/product-images/brand-direct/rs05g0007.png
RL1025DWGHM30,skin-protectant,1025 Dokdo Water Gel Mask Sheet,Round Lab,,"Water, Glycerin, Dipropylene Glycol, Butylene Glycol, 1,2-Hexanediol, Sea Water, Hydroxypropyltrimonium Hyaluronate, Sodium Acetylated Hyaluronate, Hydrolyzed Hyaluronic Acid, Hyaluronic Acid, Sodium Hyaluronate Crosspolymer, Hydrolyzed Sodium Hyaluronate, Potassium Hyaluronate, Sodium Hyaluronate,Protease,Hydrating Leucine, Lysine, Phenylalanine, Tryptophan, Valine, Threonine, Isoleucine, Methionine, Allantoin, Betaine, Panthenol, Dipotassium Glycyrrhizate, Glucose, Xylitylglucoside, Anhydroxylitol, Xylitol, Ethylhexylglycerin, Sodium Phytate, Carbomer, Arginine",hyaluronic-acid;panthenol,,,,,,,,,,,,,brand_direct,true,https://roundlab.com/products/1025-dokdo-mask-sheet,/product-images/brand-direct/rl1025dwghm30.jpg
RM02N0012,skin-protectant,Birch Moisturizing Double Gel Mask,Round Lab,,"Water, Propanediol, Glycerin, Butylene Glycol, 1,2-Hexanediol, Betula Platyphylla Japonica Juice, Arginine, Acrylates/C10-30 Alkyl Acrylate Crosspolymer, Allantoin, Ethylhexylglycerin, Carbomer, Disodium EDTA, Sodium Polyacrylate, Glyceryl Glucoside, Glyceryl Caprylate, Sodium Hyaluronate, Laminaria Japonica Extract, Tremella Fuciformis Sporocarp Extract, Ulmus Davidiana Root Extract, Viola Mandshurica Flower Extract, Dioscorea Japonica Root Extract, Aloe Barbadensis Leaf Extract, Caprylic Acid, Hydroxypropyltrimonium Hyaluronate, Tocopherol, Hydrolyzed Hyaluronic Acid, Sodium Acetylated Hyaluronate, Hyaluronic Acid, Sodium Hyaluronate Crosspolymer, Hydrolyzed Sodium Hyaluronate, Potassium Hyaluronate",hyaluronic-acid,,,,,,,,,,,,,brand_direct,true,https://roundlab.com/products/birch-moisturizing-gel-mask,/product-images/brand-direct/rm02n0012.webp
RC14W0001,skin-protectant,Camellia Deep Collagen Jelly Mask Cleanser,Round Lab,,"Water, Glycerin, Sodium Cocoyl Alaninate, Disodium Cocoamphodiacetate, Xanthan Gum, Hydroxypropyl Starch Phosphate, 1,2-Hexanediol, Sodium Chloride, Acrylates/C10-30 Alkyl Acrylate Crosspolymer, Caprylyl Glycol, Amorphophallus Konjac Root Powder, Glucomannan, Citric Acid, Lauryl Hydroxysultaine, Polyglyceryl-10 Laurate, Camellia Japonica Flower Extract, Olea Europaea (Olive) Fruit Oil, Disodium 2-Sulfolaurate, Caprylic/Capric Triglyceride, Propanediol, Sodium Phytate, Gardenia Florida Fruit Extract, Polyglyceryl-10 Isostearate, Dextrin, Hydrogenated Lecithin, Pinus Sylvestris Leaf Oil, Lavandula Angustifolia (Lavender) Oil, Hexylene Glycol, Cananga Odorata Flower Oil, Polyglyceryl-10 Oleate, Linalool, Butylene Glycol, Rosmarinus Officinalis (Rosemary) Leaf Oil, Sodium Citrate, Ceramide NP, Melaleuca Alternifolia (Tea Tree) Leaf Oil, Pelargonium Graveolens Flower Oil, Vincetoxicum Atratum Extract, Ethylhexylglycerin, Althaea Rosea Flower Extract, Hydrolyzed Collagen, Methylpropanediol, Inositol, Soluble Collagen, Arginine, Quercetin",ceramides,,,,,,,,,,,,,brand_direct,true,https://roundlab.com/products/camellia-deep-collagen-jelly-mask-cleanser,/product-images/brand-direct/rc14w0001.png
RS02W0001,skin-protectant,Birch Moisturizing Lip Balm,Round Lab,,"Polyglyceryl-2 Isostearate/Dimer Dilinoleate Copolymer, Polyglyceryl-2 Triisostearate, Squalane, Triisostearin, Ceresin, Microcrystalline Wax, Tocopheryl Acetate, Simmondsia Chinensis (Jojoba) Seed Oil, Macadamia Ternifolia Seed Oil, Prunus Amygdalus Dulcis (Sweet Almond) Oil, Argania Spinosa Kernel Oil, Olea Europaea (Olive) Fruit Oil, Dehydroacetic Acid, Dimethicone, Melia Azadirachta Leaf Extract, Melia Azadirachta Flower Extract, Coccinia Indica Fruit Extract, Aloe Barbadensis Flower Extract, Solanum Melongena (Eggplant) Fruit Extract, Water, Betula Platyphylla Japonica Juice, Glyceryl Glucoside, Curcuma Longa (Turmeric) Root Extract, Butylene Glycol, Corallina Officinalis Extract, Ocimum Sanctum Leaf Extract, Arginine, Caprylic Acid, Glycerin, 1,2-Hexanediol, Sodium Hyaluronate, Betulin, Hydrolyzed Hyaluronic Acid, Hyaluronic Acid, Ascorbic Acid",vitamin-c;hyaluronic-acid;squalane,,,,,,,,,,,,,brand_direct,true,https://roundlab.com/products/birch-moisturizing-lip-balm,/product-images/brand-direct/rs02w0001.webp
RC05G0001,skin-protectant,Soybean Panthenol Cleanser,Round Lab,,"Water(Aqua), Sodium Cocoyl Isethionate, Glycerin, Lauryl Betaine, Glyceryl Stearate, Stearyl Alcohol, Sodium Methyl Cocoyl Taurate, Sodium Polyacrylate, Citric Acid, Glycine Max (Soybean) Seed Extract, Butylene Glycol, Sodium Phytate, 1,2-Hexanediol, Dipropylene Glycol, Panthenol, Hydrogenated Lecithin, Cetearyl Olivate, Sorbitan Olivate, Ethylhexylglycerin, Caprylic/Capric Triglyceride, Polyglyceryl-10 Stearate, Ceramide NP, Cholesterol, Stearic Acid",ceramides;panthenol,,,,,,,,,,,,,brand_direct,true,https://roundlab.com/products/soybean-panthenol-cleanser,/product-images/brand-direct/rc05g0001.jpg
RC05G0002,skin-protectant,Soybean Panthenol Cleansing Oil,Round Lab,,"Glycine Soja (Soybean) Oil, Isopropyl Myristate, PEG-20 Glyceryl Triisostearate, Sorbeth-30 Tetraoleate, Hydrogenated Polyisobutene, PEG-10 Isostearate, Water, Panthenol, Lactobacillus/Soybean Ferment Extract, Tocopherol, Butylene Glycol, Ethylhexylglycerin, 1,2-Hexanediol",panthenol,,,,,,,,,,,,,brand_direct,true,https://roundlab.com/products/soybean-panthenol-cleansing-oil,/product-images/brand-direct/rc05g0002.png
RM14W0003,brightening-texture,Camellia Deep Collagen V Lifting Gel Mask,Round Lab,,"WATER, GLYCERIN, SODIUM POLYACRYLATE, NIACINAMIDE, CARBOMER, 1,2-HEXANEDIOL, HYDROXYACETOPHENONE, BUTYLENE GLYCOL, ALUMINUM GLYCINATE, CAMELLIA JAPONICA FLOWER EXTRACT, HYDROLYZED COLLAGEN, PANTHENOL, TARTARIC ACID, ADENOSINE, PROPANEDIOL, INOSITOL, SODIUM HYALURONATE, DIMETHYL ISOSORBIDE, HYDROXYPINACOLONE RETINOATE, ETHYLHEXYLGLYCERIN, OCTADECANE, QUERCETIN, LACTIC ACID/GLYCOLIC ACID COPOLYMER, PULLULAN, COLLAGEN, XANTHAN GUM, CAPRYLYL GLYCOL, COPPER TRIPEPTIDE-1, PALMITOYL PENTAPEPTIDE-4, ACETYL HEXAPEPTIDE-8",niacinamide;hyaluronic-acid;glycolic-acid;peptides;panthenol;lactic-acid,,,,,,,,,,,,,brand_direct,true,https://roundlab.com/products/camellia-deep-collagen-v-lifting-gel-mask,/product-images/brand-direct/rm14w0003.png
RLB109V07,skin-protectant,Camellia Deep Collagen Firming Ampoule,Round Lab,,"Purified Water, Glycerin, Butylene Glycol, Squalane, Polyglycerin-3, 1,2-Hexanediol, Betaine, Niacinamide, Dipentaerythrityl Hexa C5-9 Acid Esters, Camellia Flower Extract (10,100 ppm), Jojoba Seed Oil, Panthenol, Irish Moss Extract, Hydrogenated Lecithin, Acrylates/C10-30 Alkyl Acrylate Crosspolymer, Chlorella Vulgaris Extract, Glucose, Methylpropanediol, Sugarcane Extract, Tromethamine, Hydrolyzed Collagen (1,010 ppm), Fructooligosaccharides, Fructose, Inositol, Cocoa Extract, Beta-Glucan, Ceramide NP, Adenosine, Hydroxypinacolone Retinoate, Cyanocobalamin (Vitamin B12), Quercetin, Water-Soluble Collagen (1 ppm), Arginine, Tocopherol (Vitamin E), Polyacrylate Crosspolymer-6, Xanthan Gum, Sodium Dilauramidoglutamide Lysine, Ethylhexylglycerin, Caprylic/Capric Triglyceride, Diethylhexyl Syringylidenemalonate, Sodium Phytate, Dimethyl Isosorbide, Dextrin",niacinamide;ceramides;squalane;panthenol,,,,,,,,,,,,,brand_direct,true,https://roundlab.com/products/camellia-deep-collagen-firming-ampoule,/product-images/brand-direct/rlb109v07.jpg
RLB104V07,brightening-texture,Camellia Deep Collagen Firming Cream,Round Lab,,"Purified Water, Glycerin, Propanediol, Butylene Glycol, 1,2-Hexanediol, Niacinamide, Vinyl Dimethicone, Pentylene Glycol, Diphenylsiloxy Phenyl Trimethicone, Camellia Flower Extract (10,100 ppm), Caprylic/Capric Triglyceride, Isononyl Isononanoate, Hydroxyethyl Acrylate/Sodium Acryloyldimethyl Taurate Copolymer, Sodium Polyacrylate, Ammonium Acryloyldimethyl Taurate/VP Copolymer, Glycereth-25 PCA Isostearate, Caprylyl Glycol, Methylpropanediol, Dimethiconol, Castor Oil/IPDI Copolymer, Hydrolyzed Collagen (1,011 ppm), Inositol, Allantoin, Hydroxypinacolone Retinoate (HPR Retinol), Meadowfoam Seed Oil, Cyanocobalamin, Quercetin, Adenosine, Sorbitan Isostearate, Citric Acid, Dipotassium Glycyrrhizate, Water-Soluble Collagen (1.106 ppm), Sodium Phytate, Dimethyl Isosorbide, Arginine, Carbomer, Sodium Citrate, Ethylhexylglycerin, Amodimethicone, Xanthan Gum",niacinamide;retinol-cosmetic,,,,,,,,,,,,,brand_direct,true,https://roundlab.com/products/camellia-deep-collagen-firming-cream,/product-images/brand-direct/rlb104v07.jpg
RLB108V08,brightening-texture,Vita Niacinamide Dark Spot Serum Mask,Round Lab,,"Water, Hippophae Rhamnoides Water (146,248 ppm), Butylene Glycol, Niacinamide (50,000 ppm), Betaine, 1,2-Hexanediol, Polyglycerin-3, Arginine, Allantoin, Hippophae Rhamnoides Fruit Extract (750 ppm), Ethylhexylglycerin, Adenosine, Tranexamic Acid, Glutathione, Bisabolol, Gluconolactone, Capryloyl Salicylic Acid, Panthenol (10 ppm), Sodium Ascorbyl Phosphate, 3-O-Ethyl Ascorbic Acid (1.5 ppm), Coptis Japonica Root Extract, Hydrogenated Lecithin, Carbomer, Disodium EDTA",niacinamide;vitamin-c;tranexamic-acid;panthenol,,,,,,,,,,,,,brand_direct,true,https://roundlab.com/products/vita-niacinamide-dark-spot-mask,/product-images/brand-direct/rlb108v08.jpg
RLB104V08,brightening-texture,Vita Niacinamide Dark Spot Cream,Round Lab,,"Water, Niacinamide, and Panthenol, this cream deeply hydrates, evens out skin tone, and enhances skin barrier function. Triple Vita Activer™ ensures optimal absorption and skin nourishment",niacinamide;panthenol,,,,,,,,,,,,,brand_direct,true,https://roundlab.com/products/vita-niacinamide-dark-spot-cream,/product-images/brand-direct/rlb104v08.jpg
birch-moisturizing-cream-2-pack,skin-protectant,Birch Moisturizing Cream Double Pack,Round Lab,,"Water, Glycerin, Isononyl Isononanoate, Isododecane, 1,2-Hexanediol, Pentylene Glycol, Polydecene, Betula Platyphylla Japonica Juice(10,000ppm), Jojoba Esters, Panthenol, Glyceryl Glucoside, Acacia Senegal Gum, Hydrolyzed Hibiscus Esculentus Extract, Sodium Hyaluronate, Hyaluronic Acid, Lupinus Albus Seed Extract, Moringa Oleifera Seed Extract, Melia Azadirachta Leaf Extract, Melia Azadirachta Flower Extract, Coccinia Indica Fruit Extract, Aloe Barbadensis Flower Extract, Solanum Melongena (Eggplant) Fruit Extract, Ocimum Sanctum Leaf Extract, Corallina Officinalis Extract, Curcuma Longa (Turmeric) Root Extract, Ascorbic Acid, Pentaerythrityl Tetraethylhexanoate, Ammonium Acryloyldimethyltaurate/VP Copolymer, Polyglyceryl-3 Methylglucose Distearate, Acrylates/C10-30 Alkyl Acrylate Crosspolymer, Tromethamine, Glyceryl Acrylate/Acrylic Acid Copolymer, Ethylhexylglycerin, Agar, Dipotassium Glycyrrhizate, Glyceryl Caprylate, Butylene Glycol, Disodium EDTA",vitamin-c;hyaluronic-acid;panthenol,,,,,,,,,,,,,brand_direct,true,https://roundlab.com/products/birch-moisturizing-cream-2-pack,/product-images/brand-direct/birch-moisturizing-cream-2-pack.png
RLB108V02,skin-protectant,Camellia Deep Collagen Firming Gel Mask,Round Lab,,"Water, Glycerin, Cetyl Ethylhexanoate, Dipropylene Glycol, Hydrolyzed Collagen, Soluble Collagen, Niacinamide, Propanediol, Butylene Glycol, Panthenol, Allantoin, Chondrus Crispus Powder, 1,2-Hexanediol, Camellia Japonica Flower Extract, Shea Butter, Hydroxyethyl Urea, Betaine, Acrylates Copolymer, Trehalose, Quercetin, Ethylhexyl Olivate, Xanthan Gum, Hydrogenated Polyisobutene, Polyglyceryl-4 Caprate, Polyglyceryl-6 Caprylate, Sodium Acrylates Copolymer, Adenosine, Cellulose Gum, Ethylhexylglycerin, Polyglyceryl-4 Oleate, Dipotassium Glycyrrhizate, Polyglyceryl-10 Laurate, Ethylhexyl Palmitate, Inositol, Sodium Hyaluronate, Sorbitan Isostearate, Cyanocobalamin, Dimethyl Isosorbide, Hydroxypinacolone Retinoate, Arginine, Tocopherol, Potassium Chloride, Glucomannan",niacinamide;hyaluronic-acid;panthenol,,,,,,,,,,,,,brand_direct,true,https://roundlab.com/products/camellia-deep-collagen-firming-gel-mask,/product-images/brand-direct/rlb108v02.jpg
RLB119V03,brightening-texture,Birch Mild-Up Sunscreen UVLock SPF 50 Broad Spectrum,Round Lab,,"WATER, ZINC OXIDE, ISODODECANE, CAPRYLYL METHICONE, POLYGLYCERY-3 POLYDIMETHYLSILFOXYETHYL DIMETHICONE, METHYL TRIMETHICONE, DISTEARDIMONIUM HECTORITE, SODIUM HYALURONATE, HYALURONIC ACID, BETULA PLATYPHYLLA JAPONICA JUICE, ARTEMISIA ANNUA EXTRACT, METHYL METHACRYLATE CROSSPOLYMER, GLYCERIN, BUTYLENE GLYCOL, PROPANEDIOL, GLYCERYL GLUCOSIDE, MAGNESIUM SULFATE, TRIETHOXYCAPRYLYLSILANE, ANTHEMIS NOBILIS FLOWER OIL, PINUS SYLVESTRIS LEAF OIL, SACCHAROMYCES FERMENT FILTRATE, ETHYLHEXYLGLYCERIN, CAPRYLYL GLYCOL, GLYCERYL CAPRYLATE, BUTYLOCTYL SALICYLATE, POLYMETHYLSILSESQUIOXANE, CYCLOHEXASILOXANE, 1,2-HEXANEDIOL, LAURYL POLYGLYCERYL-3 POLYDIMETHYILSOXYETHYL DIMETHICONE, CRYPTOMERIA JAPONICA LEAF EXTRACT, TOCOPHEROL (VITAMIN E), ASCORBIC ACID (VITAMIN C)",vitamin-c;hyaluronic-acid,,,,,,,,,,,,,brand_direct,true,https://roundlab.com/products/birch-juice-mild-up-uvlock-sunscreen,/product-images/brand-direct/rlb119v03.png
RLBJMCL150,brightening-texture,Birch Moisturizing Cleanser,Round Lab,,"Water, Glycerin, Sodium Cocoyl Alaninate, Lauryl Hydroxysultaine, Disodium Cocoamphodiacetate, Sodium Methyl Cocoyl Taurate, Acrylates/C10-30 Alkyl Acrylate Crosspolymer, Betula Platyphylla Japonica Juice(10,000ppm), Butylene Glycol, Sodium Hyaluronate, Hyaluronic Acid, Sodium Chloride, Glyceryl Glucoside, Ascorbic Acid, 1,2-Hexanediol, Artemisia Annua Extract, Anthemis Nobilis Flower Oil, Pinus Sylvestris Leaf Oil, Quillaja Saponaria Bark Extract, Caprylyl Glycol, Coco-Glucoside, Glyceryl Caprylate, Sodium Cocoyl Isethionate, Hexylene Glycol, Citric Acid, Disodium EDTA",vitamin-c;hyaluronic-acid,,,,,,,,,,,,,brand_direct,true,https://roundlab.com/products/birch-moisturizing-cleanser,/product-images/brand-direct/rlbjmcl150.png
RLBCMJA,skin-protectant,Birch Juice Moisturizing Ampoule,Round Lab,,"Water, Butylene Glycol, Glycerin, Pentylene Glycol, Methy|propanediol, 1,2-Hexanediol, Betula Platyphylla Japonica Juice, XylityIglucoside, Chlorella Vulgaris Extract, Xylitol, Lactobacillus Ferment, Curcuma Longa (Turmeric) Root Extract, Hydrolyzed Hyaluronic Acid, Hyaluronic Acid, Sodium Hyaluronate, Anhydroxylitol, Glucose, Fructooligosaccharides, Fructose, Ammonium Acryloy|dimethy|taurate/VP Copolymer, Ethylhexyl glycerin, Dipotassium Glycyrrhizate, Dextrin, Beta-Glucan, Glyceryl Glucoside, Tocopherol, Dipropylene Glycol, Dimethylsilanol Hyaluronate, Hydrolyzed Sodium Hyaluronate, Potassium Hyaluronate, Hydroxypro pyltrimonium Hyaluronate, Sodium Hyaluronate Crosspolymer, Sodium Hyaluronate Dimethylsilanol, Sodium Acetylated Hyaluronate, Caprylyl/Capryl Glucoside, Hydrogenated Lecithin, Ceramide NP, Xanthan Gum, Gardenia Florida Fruit Extract",hyaluronic-acid;ceramides,,,,,,,,,,,,,brand_direct,true,https://roundlab.com/products/birch-juice-ampoule,
RL1025DCW,skin-protectant,Dokdo Cleansing Water,Round Lab,,"Water, Dipropylene Glycol, Glycerin, Polyglyceryl-4 Caprate, 1,2-Hexanediol, Sea Water, Hyaluronic Acid, Hydrolyzed Hyaluronic Acid, Sodium Hyaluronate, Panthenol, Allantoin, Ceramide NP, Pentylene Glycol, C12-14 Pareth-12, Caprylyl Glycol, Ethylhexylglycerin, Butylene Glycol, Tocopherol, Disodium EDTA",hyaluronic-acid;ceramides;panthenol,,,,,,,,,,,,,brand_direct,true,https://roundlab.com/products/dokdo-cleansing-water,/product-images/brand-direct/rl1025dcw.webp
RLB119V02,brightening-texture,Birch Moisturizing Sunscreen UVLock SPF 45 Broad Spectrum,Round Lab,,"WATER, ACRYLATES COPOLYMER, CAPRYLYL METHICONE, SPARASSIS CRISPA EXTRACT, TOCOPHEROL (VITAMIN E), NIACINAMIDE,POLYGLYCERYL-3 DISTEARATE, AVOBENZONE, HOMOSALATE, CALCIUM ALUMINUM BOROSILICATE, 1,2-HEXANEDIOL, OCTISALATE, BUTYLOCTYL SALICYLATE, POLY C10-30 ALKYL ACRYLATE, CETEARYL ALCOHOL, TROMETHAMINE, GLYCERYL STEARATE CITRATE, BETULA PLATYPHYLLA JAPONICA JUICE, ARTEMISIA ANNUA EXTRACT, ANTHEMIS NOBILIS FLOWER OIL, ACRYLATES/C10-30 ALKYL ACRYLATE CROSSPOLYMER, GLYCERIN, BUTYLENE GLYCOL, SODIUM HYALURONATE, CARBOMER, ETHYLHEXYLGLYCERIN, HYALURONIC ACID, GLYCERYL GLUCOSIDE, PROPANEDIOL, PINUS SYLVESTRIS LEAF OIL, ALLANTOIN, PORTULACA OLERACEA EXTRACT, SODIUM STEAROYL GLUTAMATE, GLYCERYL POLYMETHACRYLATE, TRIETHOXYCAPRYLYLSILANE, PENTYLENE GLYCOL, METHYLPROPANEDIOL, BIOSACCHARIDE GUM-1, BENZOTRIAZOLYL DODECYL P-CRESOL, DIETHYLHEXYL 2,6-NAPHTHALATE, POLYMETHYLSILSESQUIOXANE",niacinamide;hyaluronic-acid,,,,,,,,,,,,,brand_direct,true,https://roundlab.com/products/birch-moisturizing-uv-sunscreen,/product-images/brand-direct/rlb119v02.webp
RLPCP50,skin-protectant,Pine Calming Cica Toner Pad,Round Lab,,"Pinus Densiflora Leaf Extract, Water, Propanediol, Dipropylene Glycol, 1,2-Hexanediol, Centella Asiatica Extract, Betaine, Sodium Hyaluronate, Butylene Glycol, Caprylyl Glycol, Centella Asiatica Leaf Extract, Cinnamomum Camphora (Camphor) Leaf Extract, Panthenol, Glycoproteins, Ethylhexylglycerin, Dipotassium Glycyrrhizate, Melia Azadirachta Leaf Extract, Melia Azadirachta Flower Extract, Madecassoside, Asiaticoside, Asiatic Acid, Madecassic Acid, Hydroxyacetophenone, Gluconolactone, Capryloyl Salicylic Acid, C12-14 Pareth-12, Succinic Acid, Ammonium Acryloyldimethyltaurate/VP Copolymer, Sodium Citrate, Pantolactone, Disodium EDTA",hyaluronic-acid;centella-asiatica;panthenol,,,,,,,,,,,,,brand_direct,true,https://roundlab.com/products/pine-tree-cica-pad,/product-images/brand-direct/rlpcp50.png
RLB119V02-S,brightening-texture,Birch Moisturizing Sunscreen UVLock SPF 45+ Broad Spectrum [Subscription],Round Lab,,"Hydrating Soothing UV Protection WATER, ACRYLATES COPOLYMER, CAPRYLYL METHICONE, SPARASSIS CRISPA EXTRACT, TOCOPHEROL (VITAMIN E), NIACINAMIDE,POLYGLYCERYL-3 DISTEARATEAVOBENZONE, HOMOSALATE, CALCIUM ALUMINUM BOROSILICATE, 1,2-HEXANEDIOL, OCTISALATE, BUTYLOCTYL SALICYLATE, POLY C10-30 ALKYL ACRYLATE, CETEARYL ALCOHOL, TROMETHAMINE, GLYCERYL STEARATE CITRATE, BETULA PLATYPHYLLA JAPONICA JUICE, ARTEMISIA ANNUA EXTRACT, ANTHEMIS NOBILIS FLOWER OIL, ACRYLATES/C10-30 ALKYL ACRYLATE CROSSPOLYMER, GLYCERIN, BUTYLENE GLYCOL, SODIUM HYALURONATE, CARBOMER, ETHYLHEXYLGLYCERIN, HYALURONIC ACID, GLYCERYL GLUCOSIDE, PROPANEDIOL, PINUS SYLVESTRIS LEAF OIL, ALLANTOIN, PORTULACA OLERACEA EXTRACT, SODIUM STEAROYL GLUTAMATE, GLYCERYL POLYMETHACRYLATE, TRIETHOXYCAPRYLYLSILANE, PENTYLENE GLYCOL, METHYLPROPANEDIOL, BIOSACCHARIDE GUM-1, BENZOTRIAZOLYL DODECYL P-CRESOL, DIETHYLHEXYL 2,6-NAPHTHALATE, POLYMETHYLSILSESQUIOXANE",niacinamide;hyaluronic-acid,,,,,,,,,,,,,brand_direct,true,https://roundlab.com/products/round-lab-birch-moisturizing-sunscreen-spf-50-pa,/product-images/brand-direct/rlb119v02-s.webp
RLPCBDWH,skin-protectant,Pine Calming Cica Body Wash,Round Lab,,"Water, Sodium C14-16 Olefin Sulfonate, Pinus Densiflora Leaf Extract (48,923 ppm), Lauryl Betaine, Sodium Chloride, Allantoin, Betaine, Panthenol, Salicylic Acid, Sodium Hyaluronate, Hydrolyzed Hyaluronic Acid, Sodium Acetylated Hyaluronate, Butylene Glycol, Centella Asiatica Extract (50 ppm), Melia Azadirachta Flower Extract, Melia Azadirachta Leaf Extract, Glycoproteins (1 ppm), Sorbitol, Citric Acid, Gluconolactone, Asiaticoside (0.05 ppm), Asiatic Acid (0.05 ppm), Madecassic Acid (0.05 ppm), Madecassoside (0.05 ppm), Caprylyl Glycol, Citrus Limon (Lemon) Leaf Extract, Citrus Nobilis (Mandarin Orange) Oil, Lavandula Angustifolia (Lavender) Oil, Eucalyptus Globulus Leaf Oil, Juniperus Mexicana Oil, Pinus Palustris Oil, C12-14 Pareth-12, Hexadecene, Tetradecene, Tromethamine, 1,2-Hexanediol, Disodium EDTA, Limonene",hyaluronic-acid;centella-asiatica;panthenol,,,,,,,,,,,,,brand_direct,true,https://roundlab.com/products/pine-cica-calming-body-wash,/product-images/brand-direct/rlpcbdwh.png
RLBCNPD,brightening-texture,Birch Juice Cleansing Pad,Round Lab,,"Water, Glycerin, Sodium Cocoyl Alaninate, Lauryl Hydroxysultaine, Disodium Cocoamphodiacetate, Sodium Methyl Cocoyl Taurate, Acrylates/C10-30 Alkyl Acrylate Crosspolymer, Betula Platyphylla Japonica Juice(10,000ppm), Butylene Glycol, Sodium Hyaluronate, Hyaluronic Acid, Sodium Chloride, Glyceryl Glucoside, Ascorbic Acid, 1,2-Hexanediol, Artemisia Annua Extract, Chamomilla Recutita (Matricaria) Flower Oil, Pinus Sylvestris Leaf Oil, Quillaja Saponaria Bark Extract, Caprylyl Glycol, Coco-Glucoside, Glyceryl Caprylate, Sodium Cocoyl Isethionate, Hexylene Glycol, Citric Acid, Disodium EDTA",vitamin-c;hyaluronic-acid,,,,,,,,,,,,,brand_direct,true,https://roundlab.com/products/birch-juice-cleansing-pad,/product-images/brand-direct/rlbcnpd.png
RLSBPTM-1,skin-protectant,Soybean Panthenol Sheet Mask,Round Lab,,"Water,Glycerin,Butylene Glycol,Dipropylene Glycol,Glycine Max (Soybean) Seed Extract (1,176ppm),Panthenol (510ppm),Ceramide NP,Cholesterol,Brassica Campestris (Rapeseed) Sterols,Oleic Acid,Stearic Acid,Ceramide AP,Sorbitan Olivate,Acrylates/C10-30 Alkyl Acrylate Crosspolymer,Hydroxyethyl Acrylate/Sodium Acryloyldimethyl Taurate Copolymer,Polyurethane-15,Xanthan Gum,Sorbitan Isostearate,Glyceryl Stearate SE,Betaine,1,2-Hexanediol,Cetearyl Olivate,Squalane,Caprylic/Capric Triglyceride,Allantoin,Arginine,Adenosine,Hydrogenated Lecithin,Pentylene Glycol,Cetyl Ethylhexanoate,Macadamia Ternifolia Seed Oil,Tocopherol,Acetylphytosphingosine,Glyceryl Stearate Citrate,Sodium Surfactin,Phytosphingosine,Tetraacetylphytosphingosine,Hydroxyacetophenone,Ethylhexylglycerin,Disodium EDTA",ceramides;squalane;panthenol,,,,,,,,,,,,,brand_direct,true,https://roundlab.com/products/soybean-panthenol-mask,/product-images/brand-direct/rlsbptm-1.jpg
RLPCCL,skin-protectant,Pine Calming Cica Lotion,Round Lab,,"Water, Pinus Densiflora Leaf Extract (409,785 Ppm), Propanediol, 1,2-Hexanediol, Glycerin, Cetyl Ethylhexanoate, Centella Asiatica Extract (11,198 Ppm), Hyaluronic Acid, Hydrolyzed Hyaluronic Acid, Sodium Hyaluronate, Melia Azadirachta Leaf Extract, Butylene Glycol, Ethylhexylglycerin, Glycoprotein (8.3760ppm), Melia Azadirachta Flower Extract, Theobroma Cacao (Cocoa) Seed Extract, Cetearyl Olivate, Glycereth-26, Asiaticoside (0.4188ppm), Asiatic Acid (0.4188ppm), Madecassoside (0.4188ppm), Madecassic Acid (0.4188ppm), Capryloyl Salicylic Acid, C12-20 Alkyl Glucoside,Ammonium Polyacryloyldimethyl Taurate, Hydrogenated Polydecene, Dextrin, Vinyl Dimethicone, Sorbitan Olivate, Carbomer, C14-22 Alcohol, Disodium EDTA, Tromethamine",hyaluronic-acid;centella-asiatica,,,,,,,,,,,,,brand_direct,true,https://roundlab.com/products/pine-calming-cica-lotion,/product-images/brand-direct/rlpccl.png
RLSBPTC,skin-protectant,Soybean Panthenol Cream,Round Lab,,"Water, Glycerine, Methylpropanediol, Squalane, Betaine, Cetearyl Alcohol, Vinyl Dimethicone, Cetyl Ethylhexanoate, Propylheptyl Caprylate, Glycine Max (Soybean) Seed Extract (10,032ppm), Macadamia Integrifolia Seed Oil, Panthenol (2,550ppm), Cholesterol, Ceramide NP, Glycosphingolipids, Ceramide AP, Stearic Acid, Tetraacetylphytosphingosine, Hydrogenated Lecithin, Dipropylene Glycol, Polyglyceryl-2 Stearate, Glyceryl Stearate, Hydroxyethyl Acrylate/Sodium Acryloyldimethyl Taurate Copolymer, Stearyl Alcohol, Glyceryl Stearate SE, Acrylates/C10-30 Alkyl Acrylate Crosspolymer, Behenyl Alcohol, Tromethamine, Cetearyl Olivate, Sorbitan Olivate, Xanthan Gum, Adenosine, Disodium EDTA, Citric Acid, Sorbitan Isostearate, Caprylic/Capric Triglyceride, 1,2-Hexanediol, Hydroxyacetophenone, Ethylhexylglycerin",ceramides;squalane;panthenol,,,,,,,,,,,,,brand_direct,true,https://roundlab.com/products/soybean-panthenol-cream,/product-images/brand-direct/rlsbptc.png
RLSBPTA,skin-protectant,Soybean Panthenol Ampoule,Round Lab,,"Water, Glycerin, Dipropylene Glycol, 1,2-Hexanediol, Glycine Max (Soybean) Seed Extract (10,032ppm), Panthenol (2,550ppm), Ceramide AP, Ceramide NP, Stearic Acid, Cholesterol, Ulmus Davidiana Root Extract, Amaranthus Caudatus Seed Extract, Hydrogenated Lecithin, Sodium Hyaluronate, Pentaerythrityl Tetraethylhexanoate, Hexyldecyl Ethylhexanoate, Acrylates/C10-30 Alkyl Acrylate Crosspolymer, Cetearyl Olivate, Sorbitan Olivate, Tromethamine, Butylene Glycol, Adenosine, Disodium EDTA, Polyglyceryl-10 Stearate, Caprylic/Capric Triglyceride, Glycosphingolipids, Glyceryl Stearate, Cetearyl Alcohol, Xanthan Gum, Tetraacetylphytosphingosine, Ethylhexylglycerin, Hydroxyacetophenone",hyaluronic-acid;ceramides;panthenol,,,,,,,,,,,,,brand_direct,true,https://roundlab.com/products/soybean-panthenol-ampoule,/product-images/brand-direct/rlsbpta.png
RLDDPD,skin-protectant,1025 Dokdo Toner Pad,Round Lab,,"Water, Glycerin, Butylene Glycol, Propanediol, Sea Water, Chondrus Crispus Extract, Saccharum Officinarum (Sugarcane) Extract, 1,2-Hexanediol, Panthenol, Gluconolactone, Hydroxyacetophenone, Sodium Citrate, Glyceryl Glucoside, Protease, Betaine, Tromethamine, Dipotassium Glycyrrhizate, Ethylhexylglycerin, Allantoin, Tocopherol, Xanthan Gum, Disodium EDTA",panthenol,,,,,,,,,,,,,brand_direct,true,https://roundlab.com/products/1025-dokdo-pad,/product-images/brand-direct/rlddpd.png
RLSCO200,skin-protectant,Soybean Nourishing Cleansing Oil,Round Lab,,"Helianthus Annuus (Sunflower) Seed Oil, Caprylic/Capric Triglyceride, Sorbeth-30 Tetraoleate, Limnanthes Alba (Meadowfoam) Seed Oil, Glycine Max (Soybean) Oil, Squalane, Ceramide NP, Phytosphingosine, Hydrogenated Lecithin, Glycerin, Anthemis Nobilis Flower Oil, Olea Europaea (Olive) Fruit Oil, Caprylyl Glycol, Ethylhexylglycerin, Ethylhexyl Palmitate, Capryloyl Salicylic Acid, Rosmarinus Officinalis (Rosemary) Leaf Oil, Cymbopogon Martini Oil, Citrus Aurantium Bergamia (Bergamot) Fruit Oil, Tocopherol, Limonene, Linalool, Geraniol",ceramides;squalane,,,,,,,,,,,,,brand_direct,true,https://roundlab.com/products/soybean-nourishing-cleansing-oil,/product-images/brand-direct/rlsco200.png
RLBJSOOTHGEL,skin-protectant,Birch Moisturizing Soothing Gel,Round Lab,,"Water, Butylene Glycol, Dipropylene Glycol, Glycerine, 1,2-Hexanediol, Adansonia Digitata Seed Extract (10,000ppm), Glyceryl Glucoside, Sodium Hyaluronate, Hyaluronic Acid, Dioscorea Japonica Root Extract, Viola Mandshurica Flower Extract, Aloe Barbadensis Leaf Extract, Umus Davidiana Root Extract, Laminaria Japonica Extract, Melia Azadirachta Leaf Extract, Melia Azadirachta Flower Extract, Pentylene Glycol, Caprylyl Glycol, Coccinia Indica Fruit Extract, Caprylic/ Capric Triglyceride, Ethylexyl Palmitate, Cetyl Ethylhexanoate, Solanum Melongena (Eggplant) Fruit Extract, Ocimum Sanctum Leaf Extract, Corallina Officinalis Extract, Curcuma Longa (Turmeric)",hyaluronic-acid,,,,,,,,,,,,,brand_direct,true,https://roundlab.com/products/birch-moisturizing-soothing-gel,/product-images/brand-direct/rlbjsoothgel.jpg
RL1025PEELGEL,skin-protectant,1025 Dokdo Peeling Gel,Round Lab,,"Water, Dipropylene Glycol, Cellulose, Glycerin, Butylene Glycol, Sea Water, Sodium Hyaluronate, Hydrolyzed Hyaluronic Acid, Hyaluronic Acid, Hydroxypropyltrimonium Hyaluronate, Sodium Acetylated Hyaluronate, Hydrolyzed Sodium Hyaluronate, Sodium Hyaluronate Crosspolymer, Potassium Hyaluronate, Panthenol, Dipotassium Glycyrrhizate, Allantoin, Glycereth-25 PCA Isostearate, Propanediol, Caprylyl Glycol, Protease, Lactobionic Acid, Acrylates/C10-30 Alkyl Acrylate Crosspolymer, 1,2-Hexanediol, Biosaccharide Gum-1, Ethylhexylglycerin, Hydroxyethylcellulose, Tromethamine, Ammonium Polyacryloyldimethyl Taurate, Glycereth-26, Disodium EDTA, Pentylene Glycol, Hydroxyacetophenone",hyaluronic-acid;panthenol,,,,,,,,,,,,,brand_direct,true,https://roundlab.com/products/1025-dokdo-peeling-gel,/product-images/brand-direct/rl1025peelgel.png
RLPCCLSR,skin-protectant,Pine Calming Cica Cleanser,Round Lab,,"Water, Glycerin, Hydrogenated Palm Acid, Potassium Hydroxide, Potassium Cocoyl Glycinate, Camellia Sinensis Leaf Extract, Cladosiphon Okamuranus Extract, White Willow Bark Extract, Coffea Arabica (Coffee) Seed Extract, Citrus Aurantium Bergamia (Bergamot) Leaf Extract, Salicylic Acid, Centella Asiatica Leaf Extract (10.6ppm), Pinus Densiflora Leaf Extract (10.6ppm), Centella Asiatica Extract (10 ppm), Hyaluronic Acid, Hydrolyzed Hyaluronic Acid, Sodium Hyaluronate, Butylene Glycol, Ethylhexylglycerin, Gardenia Florida Fruit Extract, Glycoproteins (0.2ppm), Capryloyl Salicylic Acid, Asiatic Acid (0.01ppm), Asiaticoside (0.01ppm), Madecassic Acid (0.01ppm), Madecassoside (0.01ppm), Glyceryl Stearate, Dextrin, Decyl Glucoside, Acrylates/C10-30 Alkyl Acrylate Crosspolymer, 1,2-Hexanediol, Sodium Phytate",hyaluronic-acid;centella-asiatica,,,,,,,,,,,,,brand_direct,true,https://roundlab.com/products/pine-calming-cica-cleanser,/product-images/brand-direct/rlpcclsr.png
RLCLGEL,skin-protectant,1025 Dokdo Cleansing Gel,Round Lab,,"Water, Disodium cocoamphodiacetate, Coco betaine, Sodium cocoyl alaninate, Disodium cocoyl glutamate, Sodium chloride, Glycerin, Acrylate copolymer, Decyl glucoside, Kelp extract, Nasturtium leaf extract, Seawater, Sodium hyaluronic acid Ronate, Hydroxypropy|trimonium Hyaluronate, Hydrolyzed Sodium Hyaluronate, Hydrolyzed Hyaluronic Acid, Sodium Acetylated Hyaluronate, Hyaluronic Acid, Sodium Hyaluronate Ronate Crosspolymer, Potassium Hyaluronate, Hydrogenated Lecithin, Betaine, Allantoin, Tromethamine, Panthenol, Hexylene Glycol, Dipropylene Glycol, Beta-Glucan, Potassium Benzoate, Fructose Oligosaccharide, 1,2-hexanediol, citric acid, disodium EDTA",hyaluronic-acid;panthenol,,,,,,,,,,,,,brand_direct,true,https://roundlab.com/products/1025-dokdo-cleansing-gel,/product-images/brand-direct/rlclgel.png
RLBJSC,brightening-texture,Birch Moisturizing Sun Cushion SPF 50,Round Lab,,"WATER, ZINC OXIDE, CAPRYLYL METHICONE, METHYL TRIMETHICONE, BUTYLENE GLYCOL DICAPRYLATE/DICAPRATE, BUTYLOCTYL SALICYLATE, POLYGLYCERYL-4 DIISOSTEARATE/POLYHYDROXYSTEARATE/SEBACATE, PROPANEDIOL, GLYCERIN, METHYL METHACRYLATE/GLYCOL DIMETHACRYLATE CROSSPOLYMER, GLYCERYL GLUCOSIDE, ETHYLHEXYLGLYCERIN, LAMINARIA JAPONICA EXTRACT, ULMUS DAVIDIANA ROOT EXTRACT, ALOE BARBADENSIS LEAF EXTRACT, VIOLA MANDSHURICA FLOWER EXTRACT, DIOSCOREA JAPONICA ROOT EXTRACT, SODIUM HYALURONATE, HYALURONIC ACID, DIPOTASSIUM GLYCYRRHIZATE, ALLANTOIN, PORTULACA OLERACEA EXTRACT, BETULA PLATYPHYLLA JAPONICA JUICE, ASCORBIC ACID, MAGNESIUM SULFATE, ALUMINUM HYDROXIDE, DISTEARDIMONIUM HECTORITE, STEARIC ACID, TRIETHOXYCAPRYLYLSILANE, POLYGLYCERYL-6 POLYRICINOLEATE, 1,2-HEXANEDIOL, DICAPRYLYL CARBONATE, SORBITAN CAPRYLATE, GLYCERYL CAPRYLATE, CAPRYLYL GLYCOL, TOCOPHEROL",vitamin-c;hyaluronic-acid,,,,,,,,,,,,,brand_direct,true,https://roundlab.com/products/birch-moisturizing-sun-cushion,/product-images/brand-direct/rlbjsc.png
RLBJWOP,skin-protectant,Birch Moisturizing Wash Off Mask,Round Lab,,"Betula Platyphylla Japonica Juice(520,000ppm), Glycerin, Butylene Glycol, Butyrospermum Parkii (Shea) Butter, Glycereth-26, Caprylic/Capric Triglyceride, Cetyl Ethylhexanoate, Cetearyl Alcohol, 1,2-Hexanediol, Simmondsia Chinensis (Jojoba) Seed Oil, Chlorella Vulgaris Extract, Sodium Hyaluronate, Argania Spinosa Kernel Oil, Cocos Nucifera (Coconut) Oil, Hyaluronic Acid, Panthenol, Allantoin, Dipotassium Glycyrrhizate, Ascorbic Acid, Melia Azadirachta Leaf Extract, Melia Azadirachta Flower Extract, Coccinia Indica Fruit Extract, Aloe Barbadensis Flower Extract, Solanum Melongena (Eggplant) Fruit Extract, Ocimum Sanctum Leaf Extract, Corallina Officinalis Extract, Curcuma Longa (Turmeric) Root Extract, Ammonium Acryloyldimethyltaurate/VP Copolymer, Glyceryl Stearate, Sorbitan Stearate, Water, Silica, Glucose, Acrylates/C10-30 Alkyl Acrylate Crosspolymer, Caprylyl Glycol, Fructooligosaccharides, Fructose, Tromethamine, Glyceryl Caprylate, Glyceryl Glucoside, Ethylhexylglycerin, Sodium Phytate, Tocopherol",vitamin-c;hyaluronic-acid;panthenol,,,,,,,,,,,,,brand_direct,true,https://roundlab.com/products/birch-moisturizing-wash-off-mask,/product-images/brand-direct/rlbjwop.png
RLPCT250,skin-protectant,Pine Calming Cica Toner,Round Lab,,"Water, Pinus Densiflora Leaf Extract(400,196ppm), Propanediol, Glycerin, Houttuynia Cordata Extract (10,699ppm), 1,2-Hexanediol, Butylene Glycol, Hyaluronic Acid, Hydrolyzed Hyaluronic Acid, Sodium Hyaluronate, Glycoprotein (8,1800ppm), Ethylhexylglycerin, Indian Mulberry Leaf Extract, Indian Mulberry Flower Extract, Asiaticoside (0.4090ppm), Asiatic Acid (0.4090ppm), Madecassoside (0,4090ppm), Madecassic Acid (0.4090ppm), Gluconolactone, Capryloyl Salicylic Acid, Sodium Citrate, Hydroxyacetophenone, Disodium EDTA, Citric Acid",hyaluronic-acid,,,,,,,,,,,,,brand_direct,true,https://roundlab.com/products/pine-calming-cica-toner,/product-images/brand-direct/rlpct250.jpg
RLBJSS,brightening-texture,Birch Moisturizing Sun Stick SPF 50,Round Lab,,"WATER, HOMOSALATE, OCTOCRYLENE, OCTISALATE, AVOBENZONE, DIETHYLHEXYL CARBONATE, DIMETHICONE, METHYL METHACRYLATE CROSSPOLYMER, SYNTHETIC WAX, DIPHENYLSILOXY PHENYL TRIMETHICONE, BUTYLOCTYL SALICYLATE, BUTYL METHOXYDIBENZOYLMETHANE, ISOPROPYL PALMITATE, PHENETHYL BENZOATE, DIISOSTEARYL MALATE, ETHYLHEXYL ISONONANOATE, CAPRYLYL TRIMETHICONE, SYNTHETIC FLUORPHLOGOPITE, BIS-BEHENYL/ISOSTEARYL/PHYTOSTERYL DIMER DILINOLEYL DIMER DILINOLEATE, POLYMETHYLSILSESQUIOXANE, POLYETHYLENE, DIMETHICONE/VINYL DIMETHICONE CROSSPOLYMER, CAMELLIA JAPONICA SEED OIL, ETHYLENE/PROPYLENE COPOLYMER, SILICA DIMETHYL SILYLATE, DIMETHICONE CROSSPOLYMER, CANDELILLA WAX ESTERS, ARTEMISIA ANNUA EXTRACT, COPERNICIA CERIFERA (CARNAUBA) WAX, PINUS SYLVESTRIS LEAF OIL, ANTHEMIS NOBILIS FLOWER OIL, DIPOTASSIUM GLYCYRRHIZATE, ALLANTOIN, GLYCERYL GLUCOSIDE, BUTYLENE GLYCOL, GLYCERIN, 1,2-HEXANEDIOL, BETULA PLATYPHYLLA JAPONICA JUICE, ULMUS DAVIDIANA ROOT EXTRACT, ALOE BARBADENSIS LEAF EXTRACT, DIOSCOREA JAPONICA ROOT EXTRACT, VIOLA MANDSHURICA FLOWER EXTRACT, LAMINARIA JAPONICA EXTRACT, GLYCERYL CAPRYLATE, SODIUM HYALURONATE, HYALURONIC ACID, ASCORBIC ACID",vitamin-c;hyaluronic-acid,,,,,,,,,,,,,brand_direct,true,https://roundlab.com/products/birch-moisturizing-sun-stick,/product-images/brand-direct/rlbjss.png
RLMCS50,skin-protectant,Mugwort Calming Serum,Round Lab,,"Water, Glycerin, Propanediol, Betaine, Butylene Glycol, 1,2-Hexanediol, Pentylene Glycol, Artemisia Vulgaris Extract(10,094ppm), Panthenol, Allantoin, Madecassoside, Madecassic Acid, Asiatic Acid, Asiaticoside, Chlorella Vulgaris Extract, Artemisia Princeps Leaf Extract(240ppm), Sodium Hyaluronate, Camellia Sinensis Leaf Extract, Salvia Officinalis (Sage) Oil, Theobroma Cacao (Cocoa) Seed Extract, Glucose, Polyglyceryl-10 Laurate, Fructooligosaccharides, Fructose, Ethylhexylglycerin, Tromethamine, Sodium Phytate, Dextrin, Tocopherol, Dipropylene Glycol, Carbomer",hyaluronic-acid;panthenol,,,,,,,,,,,,,brand_direct,true,https://roundlab.com/products/mugwort-calming-serum,/product-images/brand-direct/rlmcs50.png
RLPCA30,skin-protectant,Pine Calming Cica Ampoule,Round Lab,,"Pinus Densiflora Leaf Extract,Butylene Glycol, Dipropylene Glycol, Glycereth-26, Glycerin, 1,2-Hexanediol, Centella Asiatica Extract, Propanediol, Hyaluronic Acid, Hydrolyzed Hyaluronic Acid,Sodium Hyaluronate, Ethylhexylglycerin, Water, Glycoproteins, Melia Azadirachta Leaf Extract, Coptis Japonica Root Extract, Melia Azadirachta Flower Extract, Hydroxyacetophenone, Asiaticoside, Asiatic Acid, Madecassoside, Madecassic Acid, Sodium Citrate, Capryloyl Salicylic Acid, Disodium EDTA, Xanthan Gum, Carbomer, Tromethamine, Citric Acid",hyaluronic-acid;centella-asiatica,,,,,,,,,,,,,brand_direct,true,https://roundlab.com/products/pine-tree-cica-care-ampoule,/product-images/brand-direct/rlpca30.png
RLBJSM25,skin-protectant,Birch Moisturizing Sheet Mask,Round Lab,,"Water, Glycine, Methylpropanediol, Betula Platyphylla Japonica Juice(9,900ppm), Althaea Rosea Flower Extract, Propanediol, Hydroxyacetophenone, Tromethamine, Sodium Hyaluronate, Allantoin, Polyglyceryl-10 Laurate, Polyglyceryl-10 Myristate, Butylene Glycol, Caprylyl Glycol, Ethylhexylglycerin, 1,2-Hexanediol, Dipotassium Glycyrrhizate, Glyceryl Caprylate, Carbomer, Caffeine, Xanthan Gum, Disodium EDTA",hyaluronic-acid,,,,,,,,,,,,,brand_direct,true,https://roundlab.com/products/birch-moisturizing-sheet-mask,/product-images/brand-direct/rlbjsm25.png
RLPCC50,skin-protectant,Pine Calming Cica Cream,Round Lab,,"Water, Pinus Densiflora Leaf Extract, Butylene Glycol, Glycerin, Caprylic/Capric Triglyceride, 1,2-Hexanediol, Centella Asiatica Extract, Hyaluronic Acid, Hydrolyzed Hyaluronic Acid, Sodium Hyaluronate, Glycereth-26, Cetearyl Olivate, Propanediol, Ethylhexyl Stearate, Ethylhexylglycerin, Glycoproteins, Ammonium Polyacryloyldimethyl Taurate, Cetearyl Alcohol, Melia Azadirachta Leaf Extract, Dextrin, Melia Azadirachta Flower Extract, Theobroma Cacao (Cocoa) Seed Extract, Asiaticoside, Asiatic Acid, Madecassoside, Madecassic Acid, Biosaccharide Gum-1, Capryloyl Salicylic Acid, Trideceth-6, Sorbitan Olivate, Sodium Polyacrylate, Hydroxyethylcellulose, Disodium EDTA",hyaluronic-acid;centella-asiatica,,,,,,,,,,,,,brand_direct,true,https://roundlab.com/products/pine-tree-cica-cream,/product-images/brand-direct/rlpcc50.png
RLBJMS50,brightening-texture,Birch Moisturizing Serum,Round Lab,,"Water, Methylpropanediol, Glycerin, 1,2-Hexanediol, Polyglycerin-3, Caprylic/Capric Triglyceride, Betula Platyphylla Japonica Juice(10,000ppm), Sodium Hyaluronate, Glyceryl Glucoside, Hydrolyzed Hyaluronic Acid, Butylene Glycol, Hyaluronic Acid, Ascorbic Acid, Beta-Glucan, Dipotassium Glycyrrhizate, Hydrogenated Lecithin, Ethylhexylglycerin, Eclipta Prostrata Leaf Extract, Laminaria Japonica Extract, Avena Sativa (Oat) Kernel Extract, Cynara Scolymus (Artichoke) Leaf Extract, Pteris Multifida Extract, Melia Azadirachta Leaf Extract, Melia Azadirachta Flower Extract, Coccinia Indica Fruit Extract, Aloe Barbadensis Flower Extract, Solanum Melongena (Eggplant) Fruit Extract, Ocimum Sanctum Leaf Extract, Corallina Officinalis Extract, Curcuma Longa (Turmeric) Root Extract, Cyclohexasiloxane, Dipropylene Glycol, Ammonium Acryloyldimethyltaurate/VP Copolymer, Xanthan Gum, Fructooligosaccharides, Carbomer, Disodium EDTA, Polyquaternium-51, Tromethamine, Tocopherol",vitamin-c;hyaluronic-acid,,,,,,,,,,,,,brand_direct,true,https://roundlab.com/products/birch-moisturizing-serum,/product-images/brand-direct/rlbjms50.jpg
RLSNC150,skin-protectant,Soybean Nourishing Cleanser,Round Lab,,"Water, Glycerin, Sodium Cocoyl Isethionate, Potassium Cocoyl Glycinate, Cetearyl Alcohol, Sodium C14-16 Olefin Sulfonate, Acrylates Copolymer, Sodium Cocoyl Glutamate, Hydrogenated Coconut Acid, Phaseolus Angularis Seed Powder, Glycine Max (Soybean) Seed Extract, Oryza Sativa (Rice) Powder, AVENA SATIVA (OAT) KERNEL FLOUR, Coix Lacryma-Jobi Ma-yuen Seed Powder, Phaseolus Radiatus Seed Powder, Squalane, Limnanthes Alba (Meadowfoam) Seed Oil, Ceramide NP, Phytosphingosine, Hydrogenated Lecithin, Sodium Isethionate, Potassium Benzoate, Butylene Glycol, Polyquaternium-67, Hexadecene, 1,2-Hexanediol, Trisodium Ethylenediamine Disuccinate, Tetradecene, Sorbitol, Citric Acid",ceramides;squalane,,,,,,,,,,,,,brand_direct,true,https://roundlab.com/products/soybean-nourishing-cleanser,/product-images/brand-direct/rlsnc150.png
RLBJT300,skin-protectant,Birch Moisturizing Toner,Round Lab,,"Water, Glycine, Propanediol, Glycereth-26, Pentylene Glycol, Betula Platyphylla Japonica Juice(10,000ppm), 1,2-Hexanediol, Chondrus Crispus Extract, Saccharum Officinarum (Sugarcane) Extract, Sodium Hyaluronate, Hyaluronic Acid, Panthenol, Tromethamine, Dipotassium Glycyrrhizate, Glyceryl Caprylate, Glyceryl Glucoside, Butylene Glycol, Ascorbic Acid, Carbomer, Xanthan Gum, Disodium EDTA",vitamin-c;hyaluronic-acid;panthenol,,,,,,,,,,,,,brand_direct,true,https://roundlab.com/products/birch-moisturizing-toner,/product-images/brand-direct/rlbjt300.png
RLMCT300,skin-protectant,Mugwort Calming Toner,Round Lab,,"Water, Dipropylene Glycol, Glycerin,1,2-Hexanediol, Glycereth-26, Artemisia Vulgaris Extract(11,760ppm), Chondrus Crispus Extract, Saccharum Officinarum (Sugarcane) Extract, Panthenol, Betaine, Allantoin, Dipotassium Glycyrrhizate, Madecassoside, Xylitol, Artemisia Princeps Leaf Extract(240ppm), Chlorella Vulgaris Extract, Camellia Sinensis Leaf Extract, Salvia Officinalis (Sage) Oil, Theobroma Cacao (Cocoa) Seed Extract, Pentylene Glycol, Propanediol, Polyglyceryl-10 Laurate, Ethylhexylglycerin, Glucose, Butylene Glycol, Fructooligosaccharides, Fructose, Biosaccharide Gum-1, Dextrin, Tocopherol, Carbomer, Xanthan Gum",panthenol,,,,,,,,,,,,,brand_direct,true,https://roundlab.com/products/mugwort-calming-toner,/product-images/brand-direct/rlmct300.png
RLPCSM27,skin-protectant,Pine Calming Cica Sheet Mask,Round Lab,,"Water, Pinus Densiflora Leaf Extract, Glycerin, Dipropylene Glycol, Glycereth-26, Centella Asiatica Extract, Hyaluronic Acid, Hydrolyzed Hyaluronic Acid, Sodium Hyaluronate, Butylene Glycol, Portulaca Oleracea Extract, Propanediol, Chondrus Crispus, Ethylhexylglycerin, Biosaccharide Gum-1, Glycoproteins, Ammonium Polyacryloyldimethyl Taurate, Tromethamine, Polyglyceryl-4 Caprate, Asiaticoside, Asiatic Acid, Madecassoside, Madecassic Acid, Polyglyceryl-6 Caprylate, Capryloyl Salicylic Acid, Hydroxyethylcellulose, 1,2-Hexanediol, Hydroxyacetophenone, Disodium EDTA, Xanthan Gum, Carbomer",hyaluronic-acid;centella-asiatica,,,,,,,,,,,,,brand_direct,true,https://roundlab.com/products/pine-tree-cica-sheet-mask,/product-images/brand-direct/rlpcsm27.png
RLSNC80,skin-protectant,Soybean Nourishing Cream,Round Lab,,"Water, Glycerin, Ethylhexyl Stearate, Hydrogenated Polyisobutene, Polyglyceryl-3 Distearate, Diisostearyl Malate, Caprylic/Capric Triglyceride, Butylene Glycol, Vinyl Dimethicone, Hydrogenated Coco-Glycerides, 1,2-Hexanediol, Glycine Max (Soybean) Seed Extract(10,000ppm), Ceramide NP, Melia Azadirachta Flower Extract, Melia Azadirachta Leaf Extract, Panthenol, Curcuma Longa (Turmeric) Root Extract, Ocimum Sanctum Leaf Extract, Corallina Officinalis Extract, Glyceryl Stearate, Pentylene Glycol, Hydroxyethyl Acrylate/Sodium Acryloyldimethyl Taurate Copolymer, Boron Nitride, Palmitic Acid, Hydroxyacetophenone, Stearic Acid, Glyceryl Stearate Citrate, Dipotassium Glycyrrhizate, Ethylhexylglycerin, Hydrogenated Lecithin, Adenosine, Tromethamine, Sorbitan Isostearate, Dextrin, Cetearyl Alcohol, Xanthan Gum, Carbomer, Disodium EDTA, Theobroma Cacao (Cocoa) Seed Extract",ceramides;panthenol,,,,,,,,,,,,,brand_direct,true,https://roundlab.com/products/soybean-nourishing-cream,/product-images/brand-direct/rlsnc80.png
RLSNS50,skin-protectant,Soybean Nourishing Serum,Round Lab,,"Water, Propanediol, Glycerin, Glycereth-26, 1,2-Hexanediol, Coco-Caprylate/Caprate, Panthenol, Glycine Max (Soybean) Seed Extract, Squalane, Ceramide NP, Ceramide NS, Ceramide AP, Ceramide AS, Ceramide EOP, Hydrogenated Lecithin, Stearic Acid, Phytosphingosine, Cetearyl Alcohol, Cholesterol, Adenosine, Lactobacillus/Soymilk Ferment Filtrate, Lactobacillus/Rye Flour Ferment, Bacillus/Soybean Ferment Extract, Pantothenic Acid, Folic Acid, Pyridoxine, Thiamine HCl, Riboflavin, Cyanocobalamin, Hydroxydecyl Ubiquinone, Niacinamide, Tetradecyl Aminobutyroylvalylaminobutyric Urea Trifluoroacetate, Dipeptide Diaminobutyroyl Benzylamide Diacetate, Betaine, Trehalose, Ethylhexylglycerin, Polyacrylate Crosspolymer-6, Acrylates/C10-30 Alkyl Acrylate Crosspolymer, Glyceryl Stearate Citrate, Butylene Glycol, Tocopherol, Theobroma Cacao (Cocoa) Seed Extract, Polyglyceryl-3 Distearate, Tromethamine, Zea Mays (Corn) Starch, Microcrystalline Cellulose, Ascorbyl Glucoside, Kaolin, Dextrin, Magnesium Chloride, Mannitol, Xanthan Gum",niacinamide;vitamin-c;ceramides;squalane;panthenol,,,,,,,,,,,,,brand_direct,true,https://roundlab.com/products/soybean-nourishing-serum,/product-images/brand-direct/rlsns50.png
RLSM10,skin-protectant,Soybean Nourishing Sheet Mask,Round Lab,,"Water, Glycine, Caprylic/Capric Triglyceride, Glycine Max (Soybean) Seed Extract (1,000ppm), Althaea Rosea Flower Extract, Glyceryl Stearate, Hydroxyacetophenone, Butylene Glycol, Acrylates/C10-30 Alkyl Acrylate Crosspolymer, Ceramide NP, Allantoin, Tromethamine, 1,2-Hexanediol, Caprylyl Glycol, Ethylhexylglycerin, Adenosine, Dipotassium Glycyrrhizate, Hydrogenated Lecithin, Dipropylene Glycol, Sphingolipids, Sucrose Distearate, Cholesterol, Cetearyl Alcohol, Caffeine, Xanthan Gum, Disodium EDTA",ceramides,,,,,,,,,,,,,brand_direct,true,https://roundlab.com/products/soybean-nourishing-sheet-mask,/product-images/brand-direct/rlsm10.png
RLSNT300,skin-protectant,Soybean Nourishing Toner,Round Lab,,"Water, Propanediol, Butylene Glycol, 1,2-Hexanediol, Glycerin, Glycine Max (Soybean) Seed Extract(11,700ppm), Ceramide NP, Chondrus Crispus Extract, Saccharum Officinarum (Sugarcane) Extract, Sodium Hyaluronate, Dipropylene Glycol, Panthenol, Pentylene Glycol, Diphenyl Dimethicone, Triethylhexanoin, Caprylyl Glycol, Hydrogenated Lecithin, Ethylhexylglycerin, Adenosine, Tromethamine, Caprylic/Capric Triglyceride, Dextrin, Dipotassium Glycyrrhizate, Carbomer, Disodium EDTA, Theobroma Cacao (Cocoa) Seed Extract",hyaluronic-acid;ceramides;panthenol,,,,,,,,,,,,,brand_direct,true,https://roundlab.com/products/soybean-nourishing-toner,/product-images/brand-direct/rlsnt300.webp
RLMCL150,skin-protectant,Mugwort Calming Cleanser,Round Lab,,"Water, Glycerin, Sodium Cocoyl Glycinate, Sodium Lauroyl Glutamate, Butylene Glycol, Coco-Betaine, Betaine, Hydroxypropyl Starch Phosphate, Artemisia Vulgaris Extract (10,045ppm), Artemisia Princeps Leaf Extract 800pm, Madecassoside, Asiaticoside, Asiatic Acid, Madecassic Acid, Panthenol, Allantoin, Melia Azadirachta Leaf Extract, Malt Extract, Camellia Sinensis Leaf Extract, Melia Azadirachta Flower Extract, Sodium Chloride, Aspartic Acid, Caprylyl Glycol, Polyquaternium-67, 1,2-Hexanediol, Ethylhexylglycerin, Citric Acid, Salvia Officinalis (Sage) Oil",panthenol,,,,,,,,,,,,,brand_direct,true,https://roundlab.com/products/mugwort-calming-cleanser,/product-images/brand-direct/rlmcl150.png
RLBJMP80,skin-protectant,Birch Moisturizing Toner Pad,Round Lab,,"Water, Dipropylene Glycol, Glycerin, Betula Platyphylla Japonica Juice, Xylitylglucoside, Anhydroxylitol, Xylitol, Glucose, Dipotassium Glycyrrhizate, Sodium Hyaluronate, Panthenol, Glyceryl glucoside, Glyceryl Caprylate, Hyaluronic Acid, Hydrolyzed Hyaluronic Acid, Ascorbic Acid, Allantoin, 1,2-Hexanediol, Arginine, Hexylene Glycol, Hydroxyacetophenone, Disodium EDTA, Xanthan Gum, Carbomer",vitamin-c;hyaluronic-acid;panthenol,,,,,,,,,,,,,brand_direct,true,https://roundlab.com/products/birch-moisturizing-pad,/product-images/brand-direct/rlbjmp80.webp
RLBJMC80,skin-protectant,Birch Moisturizing Cream,Round Lab,,"Water, Glycerin, Isononyl Isononanoate, Isododecane, 1,2-Hexanediol, Pentylene Glycol, Polydecene, Betula Platyphylla Japonica Juice(10,000ppm), Jojoba Esters, Panthenol, Glyceryl Glucoside, Acacia Senegal Gum, Hydrolyzed Hibiscus Esculentus Extract, Sodium Hyaluronate, Hyaluronic Acid, Lupinus Albus Seed Extract, Moringa Oleifera Seed Extract, Melia Azadirachta Leaf Extract, Melia Azadirachta Flower Extract, Coccinia Indica Fruit Extract, Aloe Barbadensis Flower Extract, Solanum Melongena (Eggplant) Fruit Extract, Ocimum Sanctum Leaf Extract, Corallina Officinalis Extract, Curcuma Longa (Turmeric) Root Extract, Ascorbic Acid, Pentaerythrityl Tetraethylhexanoate, Ammonium Acryloyldimethyltaurate/VP Copolymer, Polyglyceryl-3 Methylglucose Distearate, Acrylates/C10-30 Alkyl Acrylate Crosspolymer, Tromethamine, Glyceryl Acrylate/Acrylic Acid Copolymer, Ethylhexylglycerin, Agar, Dipotassium Glycyrrhizate, Glyceryl Caprylate, Butylene Glycol, Disodium EDTA",vitamin-c;hyaluronic-acid;panthenol,,,,,,,,,,,,,brand_direct,true,https://roundlab.com/products/birch-moisturizing-cream,/product-images/brand-direct/rlbjmc80.jpg
RL1025DSP100,skin-protectant,1025 Dokdo Sleeping Pack,Round Lab,,"Water, Glycerin, Butylene Glycol, C13-16 Isoparaffin, C12-14 Isoparaffin, 1,2-Hexanediol, Panthenol, Sea Water, Trichosanthes Kirilowii Root Extract, Hydrogenated Polydecene, Pentylene Glycol, Vinyl Dimethicone, Caprylyl Methicone, Hydroxyethyl Acrylate/Sodium Acryloyldimethyl Taurate Copolymer, Acrylates/C10-30 Alkyl Acrylate Crosspolymer, Dimethiconol, Lactobionic Acid, Polymethylsilsesquioxane, Tromethamine, Dipotassium Glycyrrhizate, Glyceryl Acrylate/Acrylic Acid Copolymer, Ethylhexylglycerin, Xanthan Gum, Disodium EDTA",panthenol,,,,,,,,,,,,,brand_direct,true,https://roundlab.com/products/1025-dokdo-sleeping-pack,/product-images/brand-direct/rl1025dsp100.jpg
1025-dokdo-toner,skin-protectant,1025 Dokdo Toner,Round Lab,,"Water, Butylene Glycol, Glycerin, Pentylene Glycol, Propanediol, Chondrus Crispus Extract, Saccharum Officinarum (Sugarcane) Extract, Sea Water, 1,2-Hexanediol, Protease, Betaine, Panthenol, Ethylhexylglycerin, Allantoin, Xanthan Gum, Disodium EDTA",panthenol,,,,,,,,,,,,,brand_direct,true,https://roundlab.com/products/1025-dokdo-toner,/product-images/brand-direct/1025-dokdo-toner.png
RLDMP100,skin-protectant,1025 Dokdo Mud Pack,Round Lab,,"Kaolin(340,000ppm), Glycerin, Water, Bentonite(60,000ppm), Trehalose, 1,2-Hexanediol, Sea Water, Sea Salt, Allantoin, Panthenol, Lactobacillus, Caprylyl Glycol, Cellulose Gum, Ethylhexylglycerin, Butylene Glycol, Tocopherol, Xanthan Gum",panthenol,,,,,,,,,,,,,brand_direct,true,https://roundlab.com/products/1025-dokdo-mud-pack,/product-images/brand-direct/rldmp100.webp
RLDL200,skin-protectant,1025 Dokdo Lotion,Round Lab,,"Water, Glycerin, Macadamia Integrifolia Seed Oil, 1,2-Hexanediol, Pentylene Glycol, Chondrus Crispus Extract, Saccharum Officinarum (Sugarcane) Extract, Sea Water, Hyaluronic Acid, Hydrolyzed Hyaluronic Acid, Sodium Hyaluronate, Panthenol, Squalane, Butylene Glycol, Polyglyceryl-3 Methylglucose Distearate, Glyceryl Stearate, Hydrogenated Polydecene, Hydroxyethyl Acrylate/Sodium Acryloyldimethyl Taurate Copolymer, Jojoba Esters, Caprylyl Glycol, Tromethamine, Sodium Phytate, Tocopherol, Sodium Carboxymethyl Beta-Glucan, Ethylhexylglycerin, Cetearyl Alcohol, Carbomer",hyaluronic-acid;squalane;panthenol,,,,,,,,,,,,,brand_direct,true,https://roundlab.com/products/1025-dokdo-lotion,/product-images/brand-direct/rldl200.jpg
1025RLC80,skin-protectant,1025 Dokdo Cream,Round Lab,,"Water, Glycerin, Caprylic/Capric Triglyceride, Dipropylene Glycol, Hydrogenated Poly(C6-14 Olefin), Cetearyl Alcohol, Methyl Trimethicone, 1,2-Hexanediol, Caprylyl Methicone, Phenyl Trimethicone, C12-16 Alcohols, Butyrospermum Parkii (Shea) Butter, Sea Water, Chondrus Crispus Extract, Saccharum Officinarum (Sugarcane) Extract, Hyaluronic Acid, Hydrolyzed Hyaluronic Acid, Sodium Hyaluronate, Glyceryl Stearate SE, Ceramide AP, Ceramide AS, Ceramide EOP, Ceramide NP, Ceramide NS, Polymethylsilsesquioxane, Palmitic Acid, Cetearyl Glucoside, Cetearyl Olivate, Sorbitan Olivate, Hydrogenated Lecithin, Copernicia Cerifera (Carnauba) Wax, Stearic Acid, Ammonium Acryloyldimethyltaurate/VP Copolymer, Ethylhexylglycerin, Glyceryl Caprylate, Allantoin, Panthenol, Butylene Glycol, Beta-Glucan, Cholesterol, Phytosphingosine, Disodium EDTA",hyaluronic-acid;ceramides;panthenol,,,,,,,,,,,,,brand_direct,true,https://roundlab.com/products/1025-dokdo-cream,/product-images/brand-direct/1025rlc80.jpg
RLDCLO200,skin-protectant,1025 Dokdo Cleansing Oil,Round Lab,,"Ethylhexyl Stearate, Sorbeth-30 Tetraoleate, Diisostearyl Malate, Ethylhexylglycerin, Water, Oenothera Biennis (Evening Primrose) Oil, Limnanthes Alba (Meadowfoam) Seed Oil, Persea Gratissima (Avocado) Oil, Vitis Vinifera (Grape) Seed Oil, Canola Oil, Macadamia Integrifolia Seed Oil, Sea Water, Butylene Glycol, Allantoin, Panthenol, 1,2-Hexanediol, Caprylic/Capric Triglyceride, Phosphatidylcholine, Hyaluronic Acid, Ceramide NP, Glycine, Hydrolyzed Hyaluronic Acid, Glutamic Acid, Serine, Sodium Hyaluronate, Lysine, Alanine, Arginine, Threonine, Proline, Citrus Aurantium Bergamia (Bergamot) Fruit Oil, Salvia Officinalis (Sage) Oil, Tocopherol, Limonene, Linalool",hyaluronic-acid;ceramides;panthenol,,,,,,,,,,,,,brand_direct,true,https://roundlab.com/products/1025-dokdo-cleansing-oil,/product-images/brand-direct/rldclo200.jpg
RL1025DCL,skin-protectant,1025 Dokdo Cleanser,Round Lab,,"Water, Sodium Cocoyl Isethionate, Glycerin, Sodium Methyl Cocoyl Taurate, Coco-Betaine, Potassium Cocoyl Glycinate, Potassium Benzoate, Sodium Chloride, Polyquaternium-67, Potassium Cocoate, Citric Acid, Fructooligosaccharides, Saccharide Hydrolysate, Disodium EDTA, Pullulan, 1,2-Hexanediol, Allantoin, Panthenol, Sea Water, Sodium Acetate, Butylene Glycol, Chamomilla Recutita (Matricaria) Flower Oil, Caprylic/Capric Triglyceride, Beta-Glucan, Phosphatidylcholine, Hyaluronic Acid, Ethylhexylglycerin, Ceramide NP, Glycine, Hydrolyzed Hyaluronic Acid, Glutamic Acid, Serine, Sodium Hyaluronate, Lysine, Alanine, Arginine, Threonine, Proline",hyaluronic-acid;ceramides;panthenol,,,,,,,,,,,,,brand_direct,true,https://roundlab.com/products/1025-dokdo-cleanser,/product-images/brand-direct/rl1025dcl.webp
XI-SV70-130S,skin-protectant,1025 Dokdo Ampoule,Round Lab,,"Water, Butylene Glycol, Glycerin, Dipropylene Glycol, Propanediol, 1,2-Hexanediol, Sea Water, Hydrolyzed Hyaluronic Acid, Hydrolyzed Collagen, Panthenol, Chondrus Crispus Extract, Saccharum Officinarum (Sugarcane) Extract, Tromethamine, Ethylhexylglycerin, Caprylic/Capric Triglyceride, Betaine, Dipotassium Glycyrrhizate, Glyceryl Glucoside, Hydrogenated Lecithin, Ceramide NP, Tocopherol, Carbomer, Xanthan Gum",hyaluronic-acid;ceramides;panthenol,,,,,,,,,,,,,brand_direct,true,https://roundlab.com/products/1025-dokdo-ampoule,/product-images/brand-direct/xi-sv70-130s.jpg
deal-dokdo-cleanser-double-2-pack,skin-protectant,Dokdo Cleanser Double 2-Pack,Round Lab,,"Water, Sodium Cocoyl Isethionate, Glycerin, Sodium Methyl Cocoyl Taurate, Coco-Betaine, Potassium Cocoyl Glycinate, Potassium Benzoate, Sodium Chloride, Polyquaternium-67, Potassium Cocoate, Citric Acid, Fructooligosaccharides, Saccharide Hydrolysate, Disodium EDTA, Pullulan, 1,2-Hexanediol, Allantoin, Panthenol, Sea Water, Sodium Acetate, Butylene Glycol, Chamomilla Recutita (Matricaria) Flower Oil, Caprylic/Capric Triglyceride, Beta-Glucan, Phosphatidylcholine, Hyaluronic Acid, Ethylhexylglycerin, Ceramide NP, Glycine, Hydrolyzed Hyaluronic Acid, Glutamic Acid, Serine, Sodium Hyaluronate, Lysine, Alanine, Arginine, Threonine, Proline",hyaluronic-acid;ceramides;panthenol,,,,,,,,,,,,,brand_direct,true,https://roundlab.com/products/deal-dokdo-cleanser-double-2-pack,/product-images/brand-direct/deal-dokdo-cleanser-double-2-pack.png
USSKT002,skin-protectant,Hyalu-Cica Cloudy Mist,SKIN1004,,"Camellia Sinensis Leaf Water, Water, 1,2-Hexanediol, Methylpropanediol, Centella Asiatica Extract, Sodium Hyaluronate, Hydrolyzed Hyaluronic Acid, Hyaluronic Acid, Pentylene Glycol, Butylene Glycol, Betaine, Xylitol, Hibiscus Esculentus Fruit Extract, Adenosine, Polyglutamic Acid, Ethylhexylglycerin, Citric Acid, Sodium Phytate, Rosa Damascena Flower Water, Galactomyces Ferment Filtrate, Artemisia Princeps Leaf Extract, Glycerin, Hydroxypropyltrimonium Hyaluronate, Caprylic/Capric Triglyceride, Sodium Acetylated Hyaluronate, Hydrogenated Lecithin, Ceramide NP, Sodium Hyaluronate Crosspolymer, Hydrolyzed Sodium Hyaluronate, Dioscorea Japonica Root Extract, Beta-Glucan, Hydrolyzed Corn Starch, Potassium Hyaluronate, Sucrose, Sodium Chondroitin Sulfate",hyaluronic-acid;ceramides;centella-asiatica,,,,,,,,,,,,,brand_direct,true,https://www.skin1004.com/products/skin1004-madagascar-centella-hyalu-cica-cloudy-mist,/product-images/brand-direct/usskt002.png
USSKC060,skin-protectant,PDRN 1.5 Cream,SKIN1004,,"Water, Dimethicone, Hydrogenated Polydecene, Squalane, Glycerin, Butylene Glycol, Trimethyl Pentaphenyl Trisiloxane, Propanediol, 1,2-Hexanediol, Cetyl PEG/PPG-10/1 Dimethicone, Sodium DNA, Panthenol, Sorbitol, Centella Asiatica Extract, Tapioca Starch, Sodium Chloride, Trehalose, Ethylhexylglycerin, Allantoin, Trisodium Ethylenediamine Disuccinate, Biosaccharide Gum-1, Madecassoside, Simmondsia Chinensis (Jojoba) Seed Oil, Beta-Sitosterol, Polyglyceryl-10 Stearate, Pentaerythrityl Tetra-di-t-butyl Hydroxyhydrocinnamate, Hydrogenated Lecithin, Triisopropanolamine, Tocopherol, Ceramide NP, Zinc Hydrolyzed Hyaluronate, Lecithin, Sodium Phosphate, Oligopeptide-1, sh-Oligopeptide-1, sh-Oligopeptide-2, sh-Polypeptide-1, sh-Polypeptide-10, sh-Polypeptide-11, sh-Polypeptide-3, sh-Polypeptide-59, sh-Polypeptide-9",ceramides;squalane;centella-asiatica;panthenol,,,,,,,,,,,,,brand_direct,true,https://www.skin1004.com/products/pdrn-1-5-cream,/product-images/brand-direct/usskc060.png
USSKM057,skin-protectant,Poremizing Glow Wrapping Mask,SKIN1004,,"Water, Polyvinyl Alcohol, Glycereth-26, Tripropylene Glycol, Sorbitol, Isopentyldiol, Polyglycerin-3, 1,2-Hexanediol, Xylitol, Niacinamide, Polyglyceryl-10 Laurate, Propanediol, Xanthan Gum, Centella Asiatica Extract, Sodium Hyaluronate, Butylene Glycol, Algin, Ethylhexylglycerin, Sodium Phytate, Jasminum Officinale (Jasmine) Extract, Mineral Salts, Salix Alba (Willow) Bark Extract, Solanum Melongena (Eggplant) Fruit Extract, Cyanocobalamin, Rosa Damascena Flower Oil, Lactobacillus Ferment Lysate, Bifida Ferment Lysate, Glycerin, Streptococcus Thermophilus Ferment, Hydrolyzed Extensin, Hydrogenated Lecithin, Sodium DNA, Opuntia Ficus-Indica Stem Extract, Ceramide NP, Hyaluronic Acid, Hydrolyzed Hyaluronic Acid,Hydrolyzed Sodium Hyaluronate, Hydroxypropyltrimonium Hyaluronate, Potassium Hyaluronate, Sodium Acetylated Hyaluronate, Sodium Hyaluronate Crosspolymer",niacinamide;hyaluronic-acid;ceramides;centella-asiatica,,,,,,,,,,,,,brand_direct,true,https://www.skin1004.com/products/poremizing-glow-wrapping-mask,/product-images/brand-direct/usskm057.png
EXSKA001,skin-protectant,Azelaic Acid 10 Ampoule,SKIN1004,,"Water, Azelaic Acid, Hydroxypropyl Cyclodextrin, Disodium Phosphate, Pentylene Glycol, Propanediol, Potassium Azeloyl Diglycinate, Maltodextrin, Azelamide MEA, Panthenol, Butylene Glycol, 1,2-Hexanediol, Glycerin, Ethylhexylglycerin, Allantoin, Centella Asiatica Extract, Melia Azadirachta Leaf Extract, Biosaccharide Gum-1, Sodium Hyaluronate, Melia Azadirachta Flower Extract, Beta-Glucan, Centella Asiatica Leaf Extract, Phellinus Linteus Extract, Tocopherol, Citric Acid, Sodium Citrate, Glycyrrhiza Glabra (Licorice) Root Extract",azelaic-acid;hyaluronic-acid;centella-asiatica;panthenol,,,,,,,,,,,,,brand_direct,true,https://www.skin1004.com/products/azelaic-acid-10-ampoule,/product-images/brand-direct/exska001.png
USSKC040,skin-protectant,Hyalu-Teca Firming Cream,SKIN1004,,"Water, Coco-Caprylate/Caprate, Butylene Glycol, Squalane, Niacinamide, Vinyl Dimethicone, Simmondsia Chinensis (Jojoba) Seed Oil, 1,2-Hexanediol, Cetyl Alcohol, Butyrospermum Parkii (Shea) Butter, Ethylhexyl Palmitate, Trehalose, Cetearyl Olivate, Behenyl Alcohol, Polyglyceryl-2 Stearate, Sorbitan Olivate, Centella Asiatica Extract, Panthenol, Polyglyceryl-10 Myristate, Hydrolyzed Hyaluronic Acid, Glyceryl Stearate, Polyacrylamide, Stearyl Alcohol, Glycerin, Polyglyceryl-10 Laurate, Hydroxyacetophenone, Palmitic Acid, C13-14 Isoalkane, Stearic Acid, Cetearyl Alcohol, Hydrogenated Lecithin, Sodium Stearoyl Glutamate, Ethylhexylglycerin, Glyceryl Stearate SE, Laureth-7, Xanthan Gum, Adenosine, Cholesterol, C12-13 Alketh-9, Ceramide NP, Ficus Carica (Fig) Fruit Extract, Musa Sapientum (Banana) Flower Extract, Sodium Hyaluronate, Ethoxydiglycol, Rosa Damascena Flower Water, Pyrus Communis (Pear) Fruit Extract, Prunus Domestica Fruit Extract, Cucumis Melo (Melon) Fruit Extract, Hedera Helix (Ivy) Leaf/Stem Extract, Octyldodecanol, Asiaticoside, Glycolipids, Madecassic Acid, Asiatic Acid, Tocopherol, Pentylene Glycol, Glycine, Collagen, Glutamic Acid, Arginine, Madecassoside, Ectoin, Vaccinium Myrtillus Seed Oil, Adansonia Digitata Seed Oil, Rubus Idaeus (Raspberry) Seed Oil, Maltodextrin, Copper Tripeptide-1, Hydrolyzed Vegetable Protein, Glycine Soja (Soybean) Peptide, Hexapeptide-9, Palmitoyl Hexapeptide-12",niacinamide;hyaluronic-acid;ceramides;squalane;peptides;centella-asiatica;panthenol,,,,,,,,,,,,,brand_direct,true,https://www.skin1004.com/products/hyalu-teca-firming-cream,/product-images/brand-direct/usskc040.png
USSKT023,skin-protectant,Hyalu-Teca Glass Skin Milk,SKIN1004,,"Water, Diphenylsiloxy Phenyl Trimethicone, Pentaerythrityl Tetraethylhexanoate, Butylene Glycol, Dipropylene Glycol, 1,2-Hexanediol, Glycerin, Niacinamide, Pentylene Glycol, Sodium Stearoyl Glutamate, Sodium Hyaluronate, Centella Asiatica Extract, Cetearyl Alcohol, Hydroxyethyl Acrylate/Sodium Acryloyldimethyl Taurate Copolymer, Chondrus Crispus Extract, Cetearyl Olivate, Sorbitan Olivate, Saccharum Officinarum (Sugarcane) Extract, Hydrogenated Lecithin, Acrylates/C10-30 Alkyl Acrylate Crosspolymer, Tromethamine, Microcrystalline Cellulose, Panthenol, Adenosine, Ethylhexylglycerin, Sphingomonas Ferment Extract, Xanthan Gum, Sodium Dilauramidoglutamide Lysine, Polysorbate 60, Sorbitan Isostearate, C12-13 Alketh-9, Cellulose Gum, Musa Sapientum (Banana) Flower Extract, Rosa Damascena Flower Water, Pyrus Communis (Pear) Fruit Extract, Prunus Domestica Fruit Extract, Ethoxydiglycol, Beta-Glucan, Cucumis Melo (Melon) Fruit Extract, Hedera Helix (Ivy) Leaf/Stem Extract, Octyldodecanol, Asiaticoside, Asiatic Acid, Glycolipids, Madecassic Acid, Tocopherol, Glycine, Glutamic Acid, Arginine, Phytosphingosine, Ectoin, Gluconolactone, Madecassoside, Squalane, Hydroxyethyl Urea, Hydrolyzed Soy Protein, Moringa Oleifera Seed Oil, Sorbitan Laurate, Ceramide NP, Collagen, Leuconostoc/Radish Root Ferment Filtrate, Avena Sativa (Oat) Peptide, Collagen Extract, Hydroxyethylcellulose, Acetyl Dipeptide-1 Cetyl Ester, Hexapeptide-2, Biotin, Nonapeptide-1, Palmitoyl Pentapeptide-4",niacinamide;hyaluronic-acid;ceramides;squalane;peptides;centella-asiatica;panthenol,,,,,,,,,,,,,brand_direct,true,https://www.skin1004.com/products/hyalu-teca-glass-skin-milk,/product-images/brand-direct/usskt023.png
USSKA066,skin-protectant,Hyalu-Teca Plumping Ampoule,SKIN1004,,"Water, Glycerin, 1,2-Hexanediol, Niacinamide, Methylpropanediol, Sodium Hyaluronate, Centella Asiatica Extract, Methyl Gluceth-20, Coco-Caprylate/Caprate, Butylene Glycol, Octyldodeceth-16, Sodium Acrylic Acid/MA Copolymer, Arginine, Carbomer, Ammonium Acryloyldimethyltaurate/VP Copolymer, Pentaerythrityl Tetraethylhexanoate, Polyglyceryl-10 Oleate, Hexyldecyl Ethylhexanoate, Ethylhexylglycerin, Hydrogenated Lecithin, C12-13 Alketh-9, Adenosine, Sodium Phytate, Glyceryl Stearate Citrate, Caprylyl Glycol, Ethoxydiglycol, Trehalose, Polyglyceryl-10 Stearate, Musa Sapientum (Banana) Flower Extract, Pentylene Glycol, Rosa Damascena Flower Water, Pyrus Communis (Pear) Fruit Extract, Ficus Carica (Fig) Fruit Extract, Prunus Domestica Fruit Extract, Cucumis Melo (Melon) Fruit Extract, Lactococcus Ferment Lysate, Hedera Helix (Ivy) Leaf/Stem Extract, Octyldodecanol, Asiaticoside, Ceramide NP, Glycolipids, Madecassic Acid, Asiatic Acid, Fructooligosaccharides, Cyperus Rotundus Root Extract, Tocopherol, Collagen, Glycine, Beta-Glucan, Glutamic Acid, Leuconostoc/Radish Root Ferment Filtrate, Glutathione, Resveratrol, Madecassoside, Soluble Collagen, Ferulic Acid, Sodium Chloride, Mannose, Copper Tripeptide-1, Polyglutamic Acid, Centella Asiatica Leaf Extract, Acetyl Hexapeptide-1, Acetyl Hexapeptide-8, Glucose, Citric Acid, Hexapeptide-9",niacinamide;hyaluronic-acid;ceramides;peptides;centella-asiatica,,,,,,,,,,,,,brand_direct,true,https://www.skin1004.com/products/hyalu-teca-plumping-ampoule,/product-images/brand-direct/usska066.png
USSKA060,skin-protectant,Centella Teca Ampoule,SKIN1004,,"Water, Centella Asiatica Extract, Methylpropanediol, Glycerin, 1,2-Hexanediol, Niacinamide, Butylene Glycol, Pentylene Glycol, Hydroxyethylcellulose, Hydrogenated Lecithin, Xanthan Gum, Asiaticoside, Madecassic Acid, Ethylhexylglycerin, Allantoin, Adenosine, Bifida Ferment Lysate, Disodium EDTA, Sodium Phytate, Asiatic Acid, Gluconolactone, Sodium DNA, Sodium Citrate, Sodium Hyaluronate, Madecassoside, Carbomer, Sodium Lactate, Glyceryl Glucoside, Polysorbate 20, Polyglutamic Acid, Soluble Collagen, Lecithin, Dipotassium Glycyrrhizate, Sodium PCA, Tocopherol, Palmitoyl Tripeptide-1, Arginine, Ceramide NP, Palmitoyl Tetrapeptide-7, Palmitoyl Pentapeptide-4",niacinamide;hyaluronic-acid;ceramides;peptides;centella-asiatica,,,,,,,,,,,,,brand_direct,true,https://www.skin1004.com/products/centella-teca-ampoule,/product-images/brand-direct/usska060.png
USSKT022,skin-protectant,Centella Teca Soothing Toner,SKIN1004,,"Water, Centella Asiatica Extract, Glycerin, Niacinamide, Pentylene Glycol, 1,2-Hexanediol, Glyceryl Glucoside, Butylene Glycol, Hydrogenated Lecithin, Ethylhexylglycerin, Adenosine, Asiaticoside, Madecassic Acid, Cellulose Gum, Glucose, Sodium Phytate, Asiatic Acid, Citric Acid, Madecassoside, Polyglyceryl-10 Oleate, Sodium DNA, Aureobasidium Pullulans Ferment, Capryloyl Salicylic Acid, Panthenol, Xanthan Gum, Zinc PCA, Sodium Hyaluronate, Sodium PCA, Disodium EDTA, Tocopherol, Sodium Hyaluronate Crosspolymer, Glutathione, Malus Domestica Fruit Cell Culture Extract",niacinamide;hyaluronic-acid;centella-asiatica;panthenol,,,,,,,,,,,,,brand_direct,true,https://www.skin1004.com/products/centella-teca-soothing-toner,/product-images/brand-direct/usskt022.png
USSKC038,brightening-texture,Centella Teca Cream,SKIN1004,,"Water, Centella Asiatica Extract, Glycerin, Niacinamide, Cetyl Ethylhexanoate, Caprylic/Capric Triglyceride, 1,2-Hexanediol, Butylene Glycol, Polymethylsilsesquioxane, Dipropylene Glycol, Carbomer, Panthenol, Hexylresorcinol, Tromethamine, Hydroxyethyl Acrylate/Sodium Acryloyldimethyl Taurate Copolymer, Hydrogenated Lecithin, Ethylhexylglycerin, Cetearyl Olivate, Acrylates/C10-30 Alkyl Acrylate Crosspolymer, Alpha-Arbutin, Sorbitan Olivate, Alcohol Denat., Kojic Acid, Madecassic Acid, Asiaticoside, Adenosine, Disodium EDTA, Malt Extract, Sorbitan Isostearate, Asiatic Acid, Ferulic Acid, Madecassoside, Phellodendron Amurense Bark Extract, Beta-Glucan, Tocopherol, Simmondsia Chinensis (Jojoba) Seed Oil, Ectoin, Hippophae Rhamnoides Fruit Oil, Canola Oil, Beta-Sitosterol, Phytosterols, Palmitoyl Tripeptide-5, Daucus Carota Sativa (Carrot) Seed Oil, Daucus Carota Sativa (Carrot) Root Extract, Tocopheryl Acetate, Helianthus Annuus (Sunflower) Seed Oil, Beta-Carotene, Sodium DNA, Pinus Pinaster Bark Extract",niacinamide;alpha-arbutin;peptides;centella-asiatica;panthenol;kojic-acid,,,,,,,,,,,,,brand_direct,true,https://www.skin1004.com/products/centella-teca-cream,/product-images/brand-direct/usskc038.png
USSKS001,skin-protectant,Hyalu-Cica Water-Fit Sun Serum UV,SKIN1004,,"Active ingredients : Avobenzone* 2.7%, Homosalate 13.6%, Octisalate* 4.5%, Octocrylene 9% Inactive ingredients : Water, Butyloctyl Salicylate, Propanediol, Polymethylsilsesquioxane, C20-22 Alkyl Phosphate, C20-22 Alcohols, Panthenol, 1,2-Hexanediol, Caprylyl Methicone, Pentylene Glycol, Dimethicone/Vinyl Dimethicone Crosspolymer, Cetyl Alcohol, Vp/Eicosene Copolymer, Glyceryl Stearate, Tromethamine, Polyacrylate Crosspolymer-6, Ammonium Acryloyldimethyltaurate/Vp Copolymer, Silica, Butylene Glycol, Centella Asiatica Extract, Ethylhexylglycerin, Hydrolyzed Sodium Hyaluronate, Sodium Hyaluronate, Tocopherol, Glycerin, Portulaca Oleracea Extract, Camellia Sinensis Leaf Extract, Hyaluronic Acid, Oryza Sativa (Rice) Extract, Avena Sativa (Oat) Meal Extract, Glycine Max (Soybean) Seed Extract *SKIN1004 regularly updates the ingredient list, and the most recent list is provided on each product's packaging. * Avobenzone : Butyl Methoxydibenzoylmethane * Octisalate : Ethylhexyl Salicylate",hyaluronic-acid;centella-asiatica;panthenol,,,,,,,,,,,,,brand_direct,true,https://www.skin1004.com/products/hyalu-cica-water-fit-sun-serum-uv,/product-images/brand-direct/ussks001.jpg
USSKM026,skin-protectant,Tone Brightening Dark Spot Ampoule Pad,SKIN1004,,"Water, Niacinamide, Butylene Glycol, 1,2-Hexanediol, Panthenol, Erythritol, Centella Asiatica Extract, Hydroxyethyl Urea, Carbomer, Arginine, Ethylhexylglycerin, Polyglyceryl-4 Caprate, Ammonium Acryloyldimethyltaurate/VP Copolymer, Sodium Phytate, Melia Azadirachta Flower Extract, Ocimum Sanctum Leaf Extract, Melia Azadirachta Leaf Extract, Curcuma Longa (Turmeric) Root Extract, Corallina Officinalis Extract, 3-O-Ethyl Ascorbic Acid, Ascorbic Acid, Citric Acid, Ferulic Acid, Kojic Acid, Pentylene Glycol, Sodium Hyaluronate, Glutathione, Hydrogenated Lecithin, Madecassoside, Decyl Glucoside, Caprylyl Glycol, Hydroxypropyltrimonium Hyaluronate, Disodium EDTA, Ceramide NP, Hydrolyzed Hyaluronic Acid, Sodium Acetylated Hyaluronate, Hyaluronic Acid, Hydrolyzed Sodium Hyaluronate, Sodium Hyaluronate Crosspolymer, Potassium Hyaluronate",niacinamide;vitamin-c;hyaluronic-acid;ceramides;centella-asiatica;panthenol;kojic-acid,,,,,,,,,,,,,brand_direct,true,https://www.skin1004.com/products/tone-brightening-dark-spot-ampoule-pad,/product-images/brand-direct/usskm026.png
USSKM023,skin-protectant,Hyalu-Cica Jelly-Fit Ampoule Pad,SKIN1004,,"Water, Butylene Glycol, Niacinamide, 1,2-Hexanediol, Centella Asiatica Extract, Sodium Hyaluronate, Allantoin, Gluconolactone, Panthenol, Polyglyceryl-10 Laurate, Arginine, Ethylhexylglycerin, Adenosine, Xanthan Gum, Sodium Phytate, Melia Azadirachta Leaf Extract, Melia Azadirachta Flower Extract, Sodium Polyacrylate, Coccinia Indica Fruit Extract, Glyceryl Glucoside, Xylitylglucoside, Glycerin, Musa Sapientum (Banana) Flower Extract, Anhydroxylitol, Rosa Damascena Flower Water, Solanum Melongena (Eggplant) Fruit Extract, Pyrus Communis (Pear) Fruit Extract, Prunus Domestica Fruit Extract, Xylitol, Hydroxypropyltrimonium Hyaluronate, Cucumis Melo (Melon) Fruit Extract, Squalane, Ocimum Sanctum Leaf Extract, Curcuma Longa (Turmeric) Root Extract, Corallina Officinalis Extract, Glucose, Hedera Helix (Ivy) Leaf/Stem Extract, Hydrolyzed Hyaluronic Acid, Sodium Acetylated Hyaluronate, Ectoin, Hyaluronic Acid, Caprylic/Capric Triglyceride, Gelidium Cartilagineum Extract, Hizikia Fusiforme Extract, Hydrogenated Lecithin, Laminaria Japonica Extract, Undaria Pinnatifida Extract, Hydrolyzed Sodium Hyaluronate, Sodium Hyaluronate Crosspolymer, Saussurea Involucrata Extract, Potassium Hyaluronate, Ceramide NP, Cholesterol, Pentylene Glycol",niacinamide;hyaluronic-acid;ceramides;squalane;centella-asiatica;panthenol,,,,,,,,,,,,,brand_direct,true,https://www.skin1004.com/products/hyalu-cica-jelly-fit-ampoule-pad,/product-images/brand-direct/usskm023.png
USSKA021,skin-protectant,Matrixyl 10 Boosting Shot Ampoule,SKIN1004,,"Water, Butylene Glycol, Hydrogenated Polyisobutene, Glycerin, 1,2-Hexanediol, Glyceryl Stearate SE, Cetearyl Alcohol, Sorbitan Stearate, Carbomer, Cetearyl Olivate, Sorbitan Olivate, Tromethamine, Sodium Lactate, Inulin Lauryl Carbamate, Polysorbate 20, Hydrolyzed Sponge, Adenosine, Disodium EDTA, Hydrolyzed Hyaluronic acid, Anemarrhena Asphodeloides Root Extract, Palmitoyl Tripeptide-1, Palmitoyl Tetrapeptide-7, Panthenol, Madecassoside, Centella Asiatica Extract",hyaluronic-acid;peptides;centella-asiatica;panthenol,,,,,,,,,,,,,brand_direct,true,https://www.skin1004.com/products/matrixyl-10-boosting-shot-ampoule,/product-images/brand-direct/usska021.png
USSKA019,brightening-texture,Niacinamide 10 Boosting Shot Ampoule,SKIN1004,,"Water, Butylene Glycol, Niacinamide, 1,2-Hexanediol, Ascorbyl Glucoside, Propanediol, Carbomer, Methylpropanediol, Tromethamine, Xanthan Gum, Tranexamic Acid, Centella Asiatica Extract, Polyglutamic Acid, Hydrolyzed Sponge, Disodium EDTA, Citric Acid, Sodium DNA, Ethylhexylglycerin, Tocopheryl Acetate, Panthenol, Madecassoside",niacinamide;vitamin-c;tranexamic-acid;centella-asiatica;panthenol,,,,,,,,,,,,,brand_direct,true,https://www.skin1004.com/products/niacinamide-10-boosting-shot-ampoule,/product-images/brand-direct/usska019.png
USSKA020,skin-protectant,Retinol 0.2 Boosting Shot Ampoule,SKIN1004,,"Water, Glycerin, 1,2-Hexanediol, Cetearyl Olivate, Squalane, Sorbitan Olivate, Carbomer, Retinol, Caprylic/Capric Triglyceride, Hippophae Rhamnoides Fruit Extract, Tromethamine, Phaseolus Radiatus Seed Extract, Hydrogenated Lecithin, Inulin Lauryl Carbamate, Sodium Polyacrylate, Retinal, Hydrolyzed Sponge, Adenosine, Sodium Hyaluronate, Disodium EDTA, Tocopheryl Acetate, Pentaerythrityl Tetra-di-t-butyl Hydroxyhydrocinnamate, Ethylhexylglycerin, Rosmarinus Officinalis (Rosemary) Leaf Extract, Panthenol, Madecassoside, Centella Asiatica Extract",hyaluronic-acid;retinol-cosmetic;squalane;centella-asiatica;panthenol,,,,,,,,,,,,,brand_direct,true,https://www.skin1004.com/products/retinol-0-2-boosting-shot-ampoule,/product-images/brand-direct/usska020.png
USSKM017,skin-protectant,Probio-Cica Nourishing Mask,SKIN1004,,"Water, Methylpropanediol, Glycereth-26, Niacinamide, Cetyl Ethylhexanoate, Centella Asiatica Extract, Caprylic/Capric Triglyceride, Hydrogenated Poly(C6-14 Olefin), Polyglyceryl-6 Stearate, Dipropylene Glycol, Butylene Glycol, Sorbitan Stearate, 1,2-Hexanediol, Hydroxyacetophenone, Carbomer, Glycerin, Arginine, Caprylyl Glycol, Polyglyceryl-6 Behenate, Xanthan Gum, Adenosine, Ethylhexylglycerin, Betaine, Macadamia Integrifolia Seed Oil, Sodium Hyaluronate, Panthenol, Hydrogenated Lecithin, Lactobacillus Ferment, Madecassic Acid(16 ppm), Asiaticoside, Dipotassium Glycyrrhizate, Asiatic Acid, Tocopherol, Moringa Oleifera Seed Oil, Lactobacillus Ferment Lysate(1 ppm), Polyglyceryl-10 Laurate, Ceramide NP, Phytosphingosine, Tripeptide-1, Maltodextrin, Hydrolyzed Lupine Protein, Hydrolyzed Vegetable Protein, Acetyl Tetrapeptide-5, Copper Tripeptide-1, Persea Gratissima (Avocado) Fruit Extract, Palmitoyl Tripeptide-1, Hexapeptide-9, Hexapeptide-11, Lepidium Meyenii Root Extract, Acetyl Tetrapeptide-2, Saccharide Hydrolysate, Palmitoyl Pentapeptide-4, Palmitoyl Tripeptide-5, Disodium EDTA",niacinamide;hyaluronic-acid;ceramides;peptides;centella-asiatica;panthenol,,,,,,,,,,,,,brand_direct,true,https://www.skin1004.com/products/probio-cica-nourishing-mask,/product-images/brand-direct/usskm017.jpg
USSKM012,skin-protectant,Tea-Trica Relaxing Mask,SKIN1004,,"Water, Melaleuca Alternifolia (Tea Tree) Leaf Water, Glycerin, Niacinamide, 1,2-Hexanediol, Methylpropanediol, Butylene Glycol, Arginine, Allantoin, Acrylates/C10-30 Alkyl Acrylate Crosspolymer, Centella Asiatica Extract, Panthenol, Polyglyceryl-10 Laurate, Xanthan Gum, Sodium Polyacrylate, Ethylhexylglycerin, Pentylene Glycol, Disodium EDTA, Caprylyl Glycol, Melaleuca Alternifolia (Tea Tree) Leaf Oil, Chamaecyparis Obtusa Water, Salicylic Acid, 4-Terpineol, Oenothera Biennis (Evening Primrose) Flower Extract, Pinus Palustris Leaf Extract, Pueraria Lobata Root Extract, Ulmus Davidiana Root Extract",niacinamide;centella-asiatica;panthenol,,,,,,,,,,,,,brand_direct,true,https://www.skin1004.com/products/tea-trica-relaxing-mask,/product-images/brand-direct/usskm012.jpg
USSKM020,skin-protectant,Hyalu-Cica Hydrating Mask,SKIN1004,,"Water, Butylene Glycol, Glycerin, Niacinamide, 1,2-Hexanediol, Glyceryl Glucoside, Xylitylglucoside, Anhydroxylitol, Allantoin, Carbomer, Arginine, Xylitol, Centella Asiatica Extract, Polyglyceryl-10 Laurate, Ethylhexylglycerin, Xanthan Gum, Adenosine, Glucose, Disodium EDTA, Hydrogenated Lecithin, Musa Sapientum (Banana) Flower Extract, Rosa Damascena Flower Water, Pyrus Communis (Pear) Fruit Extract, Prunus Domestica Fruit Extract, Squalane, Cucumis Melo (Melon) Fruit Extract, Hedera Helix (Ivy) Leaf/Stem Extract, Sodium Hyaluronate, Ceramide NP, Cetyl Ethylhexanoate, Cholesterol, Macadamia Ternifolia Seed Oil, Brassica Campestris (Rapeseed) Sterols, Oleic Acid, Stearic Acid, Tocopherol, Hyaluronic Acid, Hydrolyzed Hyaluronic Acid, Hydrolyzed Sodium Hyaluronate(0.1 ppm), Hydroxypropyltrimonium Hyaluronate, Potassium Hyaluronate, Sodium Hyaluronate Crosspolymer, Pentylene Glycol, Sodium Acetylated Hyaluronate",niacinamide;hyaluronic-acid;ceramides;squalane;centella-asiatica,,,,,,,,,,,,,brand_direct,true,https://www.skin1004.com/products/hyalu-cica-hydrating-mask,/product-images/brand-direct/usskm020.jpg
USSKM010,brightening-texture,Tone Brightening Glow Mask,SKIN1004,,"Water, Butylene Glycol, Propanediol, Niacinamide, Glycereth-26, Dipropylene Glycol, Methyl Gluceth-20, Hydroxyacetophenone,Hydroxyethyl Urea, Xanthan Gum, Caprylyl Glycol, Centella Asiatica Extract(1,000 ppm), Glycerin, Polyglyceryl-10 Laurate, Acrylates/C10-30 Alkyl Acrylate Crosspolymer, Hydroxyethyl Acrylate/Sodium Acryloyldimethyl Taurate Copolymer, Pentylene Glycol, Arginine,Xylitylglucoside, Ethylhexylglycerin, Anhydroxylitol, 1,2-Hexanediol, Madecassoside(200 ppm), Allantoin, Disodium EDTA, Xylitol, SodiumHyaluronate, Panthenol, Decyl Glucoside, Sorbitan Isostearate, Bisabolol, Dipotassium Glycyrrhizate, Tranexamic Acid, Lactobacillus/Hibiscus Sabdariffa Flower Ferment Filtrate, Citric Acid, Tromethamine, Betaine Salicylate, Glycolipids, Gluconolactone, 3-O-Ethyl AscorbicAcid, Capryloyl Salicylic Acid",niacinamide;tranexamic-acid;centella-asiatica;panthenol,,,,,,,,,,,,,brand_direct,true,https://www.skin1004.com/products/tone-brightening-glow-mask,/product-images/brand-direct/usskm010.png
USSKM015,skin-protectant,Poremizing Clarifying Mask,SKIN1004,,"Water, Dipropylene Glycol, Glycerin, Glycereth-26, Butylene Glycol, Panthenol, Hydroxyacetophenone, Polyglyceryl-10 Laurate, Carbomer, Caprylyl Glycol, Arginine, Centella Asiatica Extract, 1,2-Hexanediol, Adenosine, Pentylene Glycol, Xanthan Gum, Propanediol, Ethylhexylglycerin, Allantoin, Sodium Hyaluronate, Disodium EDTA, Succinic Acid, Lactobacillus/Hibiscus Sabdariffa Flower Ferment Filtrate, Citric Acid, Tromethamine, Betaine Salicylate, Glycolipids, Gluconolactone, Mentha Arvensis Leaf Oil, Dipotassium Glycyrrhizate, Hydrolyzed Collagen, Mineral Salts, Capryloyl Salicylic Acid",hyaluronic-acid;centella-asiatica;panthenol,,,,,,,,,,,,,brand_direct,true,https://www.skin1004.com/products/poremizing-clarifying-mask,/product-images/brand-direct/usskm015.png
USSKP003,skin-protectant,Tea-Trica Spot Cream,SKIN1004,,"Water, Melaleuca Alternifolia (Tea Tree) Leaf Water, Butylene Glycol, Glycerin, Ethoxydiglycol, 1,2-Hexanediol, Dipropylene Glycol, Niacinamide, Caprylic/Capric Triglyceride, Propanediol, Ammonium Acryloyldimethyltaurate/VP Copolymer, Glycereth-26, Glyceryl Stearate, Neopentyl Glycol Diheptanoate, Octyldodecanol, Asiaticoside, Panthenol, Asiatic Acid, Cetearyl Olivate, Glycolipids, Hydrogenated Lecithin, Madecassic Acid, C12-13 Alketh-9, Sorbitan Olivate, Melaleuca Alternifolia (Tea Tree) Leaf Oil, Pentylene Glycol, Ethylhexylglycerin, Caprylyl Glycol, Chamaecyparis Obtusa Water, Pinus Palustris Leaf Extract, Disodium EDTA, Hyaluronic Acid, Hydrolyzed Hyaluronic Acid, Sodium Hyaluronate, Zea Mays (Corn) Kernel Extract, Ammonium Polyacryloyldimethyl Taurate, Gluconolactone, Centella Asiatica Extract, Capryloyl Salicylic Acid, Fructan, Glucose, Calamine, Eugenol",niacinamide;hyaluronic-acid;centella-asiatica;panthenol,,,,,,,,,,,,,brand_direct,true,https://www.skin1004.com/products/tea-trica-spot-cream,/product-images/brand-direct/usskp003.png
USSKM014,skin-protectant,Poremizing Quick Clay Stick Mask,SKIN1004,,"Water, Kaolin, Dipropylene Glycol, Glycerin, Titanium Dioxide (CI 77891), Butylene Glycol, Sodium Stearate, Centella Asiatica Extract, 1,2-Hexanediol, Phaseolus Angularis Seed Powder, Aloe Barbadensis Leaf Extract, Cetearyl Olivate, Propanediol, Sorbitan Olivate, Dimethicone, Iron Oxides (CI 77491), Ethylhexylglycerin, Sodium Phytate, Bentonite, Illite, Mineral Salts, Montmorillonite, Calamine",centella-asiatica,,,,,,,,,,,,,brand_direct,true,https://www.skin1004.com/products/poremizing-quick-clay-stick-mask,/product-images/brand-direct/usskm014.png
USSKC005,skin-protectant,Tea-Trica B5 Cream,SKIN1004,,"Water, Melaleuca Alternifolia (Tea Tree) Leaf Water, Butylene Glycol, Panthenol, Glycerin, Niacinamide, 1,2-Hexanediol, Methylpropanediol, Caprylyl Methicone, Hydrogenated Polydecene, Pentylene Glycol, Dicaprylyl Ether, Dicaprylyl Carbonate, Ammonium Acryloyldimethyltaurate/VP Copolymer, Vinyl Dimethicone, Chamaecyparis Obtusa Water, Acrylates/C10-30 Alkyl Acrylate Crosspolymer, Cetearyl Alcohol, Tromethamine, Dimethiconol, Centella Asiatica Extract, Caprylic/Capric Triglyceride, Allantoin, Dipotassium Glycyrrhizate, Pinus Palustris Leaf Extract, Xanthan Gum, Ethylhexylglycerin, Melaleuca Alternifolia (Tea Tree) Leaf Oil, Hydrogenated Lecithin, Sodium Phytate, Ceramide NP, Hyaluronic Acid, Hydrolyzed Hyaluronic Acid, Sodium Hyaluronate, Centella Asiatica Leaf Extract, Beta-Glucan, Mandelic Acid, Tocopherol",niacinamide;hyaluronic-acid;ceramides;centella-asiatica;panthenol;mandelic-acid,,,,,,,,,,,,,brand_direct,true,https://www.skin1004.com/products/skin1004-madagascar-centella-tea-trica-b5-cream,/product-images/brand-direct/usskc005.png
USSKM009,skin-protectant,Centella Quick Calming Pad,SKIN1004,,"Water, 1,2-Hexanediol, Butylene Glycol, Centella Asiatica Extract, Panthenol, Xanthan Gum, Sodium Hyaluronate, Ethylhexylglycerin, Disodium EDTA, Citric Acid",hyaluronic-acid;centella-asiatica;panthenol,,,,,,,,,,,,,brand_direct,true,https://www.skin1004.com/products/skin1004-madagascar-centella-quick-calming-pad,/product-images/brand-direct/usskm009.png
USSKC013,skin-protectant,Probio-Cica Enrich Cream,SKIN1004,,"Water, Glycerin, Diglycerin, 1,2-Hexanediol, Butylene Glycol, Niacinamide, Polyglyceryl-3 Distearate, Caprylic/Capric Triglyceride, Neopentyl Glycol Diheptanoate, Hydrogenated Poly(C6-14 Olefin), Isostearyl Isostearate, Pentaerythrityl Tetraisostearate, Heptyl Undecylenate, Bis-Diglyceryl Polyacyladipate-2, Glyceryl Stearate, C14-22 Alcohols, Centella Asiatica Extract, Butyrospermum Parkii (Shea) Butter, Cetearyl Alcohol, Polyglyceryl-2 Stearate, Sodium Acrylate/Sodium Acryloyldimethyl Taurate Copolymer, Glyceryl Stearate Citrate, Arginine, Stearyl Alcohol, Polyisobutene, C12-20 Alkyl Glucoside, Squalane, Sodium Polyacrylate, Acrylates/C10-30 Alkyl Acrylate Crosspolymer, Carbomer, Sodium Surfactin, Hydroxystearic Acid, Ethylhexylglycerin, Adenosine, Hydrogenated Lecithin, Sorbitan Oleate, Caprylyl/Capryl Glucoside, Macadamia Ternifolia Seed Oil, Sodium Hyaluronate, Moringa Oleifera Seed Oil, Sodium Phytate, Ceramide NP, Dextrin, Theobroma Cacao (Cocoa) Extract, Glyceryl Acrylate/Acrylic Acid Copolymer, Polyglyceryl-10 Myristate, Phytosphingosine, Stearic Acid, Lactobacillus Ferment, Madecassic Acid, Asiaticoside, Sucrose Distearate, Asiatic Acid, Phytosterols, Lauric Acid, Polyglutamic Acid",niacinamide;hyaluronic-acid;ceramides;squalane;centella-asiatica,,,,,,,,,,,,,brand_direct,true,https://www.skin1004.com/products/probio-cica-enrich-cream,/product-images/brand-direct/usskc013.png
USSKA032,skin-protectant,Probio-Cica Intensive Ampoule,SKIN1004,,"Water, Butylene Glycol, Glycerin, Propanediol, Caprylic/Capric Triglyceride, Niacinamide, 1,2-Hexanediol, Dipropylene Glycol, Centella Asiatica Extract, Polyglyceryl-3 Distearate, Acrylates/C10-30 Alkyl Acrylate Crosspolymer, C14-22 Alcohols, Arginine, Hydrogenated Lecithin, Hydroxystearic Acid, Betaine, Panthenol, Allantoin, Ethylhexylglycerin, Hydroxyethyl Acrylate/Sodium Acryloyldimethyl Taurate Copolymer, Adenosine, Glyceryl Stearate Citrate, Sodium Polyacrylate, C12-20 Alkyl Glucoside, Cetearyl Alcohol, Xanthan Gum, Macadamia Ternifolia Seed Oil, Sodium Hyaluronate, Sodium Phytate, Stearic Acid, Ceramide NP, Sorbitan Isostearate, Glyceryl Acrylate/Acrylic Acid Copolymer, Lactobacillus Ferment, Polyglyceryl-10 Myristate, Madecassic Acid, Asiaticoside, Phytosphingosine, Asiatic Acid, Sucrose Distearate, Polyglutamic Acid, Lauric Acid, Phytosterols",niacinamide;hyaluronic-acid;ceramides;centella-asiatica;panthenol,,,,,,,,,,,,,brand_direct,true,https://www.skin1004.com/products/probio-cica-intensive-ampoule,/product-images/brand-direct/usska032.png
USSKT012,skin-protectant,Probio-Cica Essence Toner,SKIN1004,,"Water, Butylene Glycol, Glycerin, Propanediol, 1,2-Hexanediol, Centella Asiatica Extract, Polyglyceryl-10 Laurate, Acrylates/C10-30 Alkyl Acrylate Crosspolymer, Panthenol, Trehalose, Ethylhexylglycerin, Xanthan Gum, Sodium Citrate, Tromethamine, Dipotassium Glycyrrhizate, Caprylic/Capric Triglyceride, Citric Acid, Sodium Phytate, Hydrogenated Lecithin, Polyglyceryl-10 Myristate, Ceramide NP, Sucrose Distearate, Lactobacillus Ferment, Sodium Hyaluronate Crosspolymer, Asiaticoside, Madecassic Acid, Hydrolyzed Glycosaminoglycans, Asiatic Acid, Phytosterols, Lauric Acid, Sodium Hyaluronate, Betaine, Hydroxystearic Acid, Benzyl Glycol, Hydrolyzed Hyaluronic Acid, Macadamia Ternifolia Seed Oil, Hyaluronic Acid, Raspberry Ketone, Phytosphingosine",hyaluronic-acid;ceramides;centella-asiatica;panthenol,,,,,,,,,,,,,brand_direct,true,https://www.skin1004.com/products/probio-cica-essence-toner,/product-images/brand-direct/usskt012.png
USSKP008,skin-protectant,Probio-Cica Bakuchiol Eye Cream,SKIN1004,,"Water, Glycerin, Butylene Glycol, Dipentaerythrityl Hexa C5-9 Acid Esters, 1,2-Hexanediol, Niacinamide, Squalane, Polyglyceryl-3 Distearate, Cetearyl Alcohol, Caprylic/Capric Triglyceride, Betaine, Butyrospermum Parkii (Shea) Butter, Heptyl Undecylenate, Centella Asiatica Extract, Panthenol, Bakuchiol, Glyceryl Stearate, Acrylates/C10-30 Alkyl Acrylate Crosspolymer, Palmitic Acid, Tromethamine, Stearic Acid, Glyceryl Stearate Citrate, Carbomer, Ethylhexylglycerin, Adenosine, Macadamia Ternifolia Seed Oil, Sodium Hyaluronate, Sodium Phytate, Hydrogenated Lecithin, Ceramide NP, Glyceryl Acrylate/Acrylic Acid Copolymer, Theobroma Cacao (Cocoa) Extract, Dextrin, Polyglyceryl-10 Myristate, Phytosphingosine, Lactobacillus Ferment, Madecassic Acid, Asiaticoside, Hydrolyzed Extensin, Sucrose Distearate, Asiatic Acid, Phytosterols, Lauric Acid, Hydrolyzed Hyaluronic Acid, Caprylyl Glycol, Acetyl Hexapeptide-8",niacinamide;hyaluronic-acid;ceramides;squalane;peptides;bakuchiol;centella-asiatica;panthenol,,,,,,,,,,,,,brand_direct,true,https://www.skin1004.com/products/probio-cica-bakuchiol-eye-cream,/product-images/brand-direct/usskp008.png
USSKL015,skin-protectant,Poremizing Deep Cleansing Foam,SKIN1004,,"Water, Myristic Acid, Glycerin, Potassium Hydroxide, Stearic Acid, Glyceryl Stearate, Palmitic Acid, Cocamidopropyl Betaine, Sodium C14-16 Olefin Sulfonate, Butylene Glycol, Glucose, 1,2-Hexanediol, Sodium Chloride, Centella Asiatica Extract, Sorbitol, Acrylates/C10-30 Alkyl Acrylate Crosspolymer, Rosmarinus Officinalis (Rosemary) Leaf Oil, Cetearyl Alcohol, Potassium Benzoate, Polyquaternium-67, Papain, Hydrogenated Polydecene, Arachidic Acid, Lauric Acid, Aloe Barbadensis Leaf Extract, Sodium Citrate, Propanediol, Citrus Limon (Lemon) Fruit Extract, Pyrus Malus (Apple) Fruit Extract, Vinegar, Coccinia Indica Fruit Extract, Eclipta Prostrata Extract, Trisodium Ethylenediamine Disuccinate, Oleic Acid, Kaolin, Mineral Salts, Citric Acid, Oenothera Biennis (Evening Primrose) Flower Extract, Pueraria Lobata Root Extract, Pinus Palustris Leaf Extract, Ulmus Davidiana Root Extract, Disodium EDTA",centella-asiatica,,,,,,,,,,,,,brand_direct,true,https://www.skin1004.com/products/poremizing-deep-cleansing-foam,/product-images/brand-direct/usskl015.png
USSKC018,skin-protectant,Poremizing Light Gel Cream,SKIN1004,,"Water, Propanediol, Aloe Barbadensis Leaf Extract, 1,2-Hexanediol, Niacinamide, Glycerin, Xylitol, Butylene Glycol, Centella Asiatica Extract, Carbomer, Tromethamine, Sodium Polyacryloyldimethyl Taurate, Biosaccharide Gum-1, Betaine, PVP, Sedum Sarmentosum Extract, Hydrogenated Polydecene, Ethylhexylglycerin, Adenosine, Hydroxyethylcellulose, Coccinia Indica Fruit Extract, Eclipta Prostrata Extract, Hydrolyzed Gardenia Florida Extract, Hydrolyzed Malt Extract, Disodium EDTA, Hydrolyzed Viola Tricolor Extract, Trideceth-10, Sea Water, Panthenol, Hyaluronic Acid, Hydrolyzed Hyaluronic Acid, Sodium Hyaluronate, Melia Azadirachta Flower Extract, Xylitylglucoside, Ocimum Sanctum Leaf Extract, Anhydroxylitol, Melia Azadirachta Leaf Extract, Oenothera Biennis (Evening Primrose) Flower Extract, Pueraria Lobata Root Extract, Pinus Palustris Leaf Extract, Ulmus Davidiana Root Extract, Curcuma Longa (Turmeric) Root Extract, Corallina Officinalis Extract, Castanea Crenata (Chestnut) Shell Extract, Hamamelis Virginiana (Witch Hazel) Leaf Water, Lavandula Angustifolia (Lavender) Flower Extract, Chamaecyparis Obtusa Water, Chenopodium Quinoa Seed Extract, Allantoin, Kaolin, Mineral Salts",niacinamide;hyaluronic-acid;centella-asiatica;panthenol,,,,,,,,,,,,,brand_direct,true,https://www.skin1004.com/products/poremizing-light-gel-cream,/product-images/brand-direct/usskc018.png
USSKL014,skin-protectant,Tea-Trica BHA Foam,SKIN1004,,"Water, Myristic Acid, Glycerin, Potassium Hydroxide, Stearic Acid, Glyceryl Stearate, Propanediol, Lauryl Hydroxysultaine, Palmitic Acid, Sodium C14-16 Olefin Sulfonate, Potassium Benzoate, Salicylic Acid, Butylene Glycol, Sorbitol, 1,2-Hexanediol, Sodium Chloride, Centella Asiatica Extract, Acrylates/C10-30 Alkyl Acrylate Crosspolymer, Melaleuca Alternifolia (Tea Tree) Leaf Oil, Cetearyl Alcohol, Melaleuca Alternifolia (Tea Tree) Leaf Water, Melia Azadirachta Leaf Extract, Hydrogenated Polydecene, Arachidic Acid, Lauric Acid, Sodium Citrate, Melia Azadirachta Flower Extract, Trisodium Ethylenediamine Disuccinate, Oleic Acid, Theobroma Cacao (Cocoa) Seed Extract, Dextrin, Citric Acid, Disodium EDTA, Pentylene Glycol, Caprylyl Glycol, Chamaecyparis Obtusa Water, Pinus Palustris Leaf Extract",centella-asiatica,,,,,,,,,,,,,brand_direct,true,https://www.skin1004.com/products/tea-trica-bha-foam,/product-images/brand-direct/usskl014.png
USSKC020,skin-protectant,Hyalu-Cica Moisture Cream,SKIN1004,,"Water, Glycerin, 1,2-Hexanediol, Pentaerythrityl Tetraisostearate, Caprylic/Capric Triglyceride, Niacinamide, Cetearyl Alcohol, Glyceryl Stearate, Polyglyceryl-2 Stearate, Butylene Glycol, Centella Asiatica Extract, Stearyl Alcohol, Propanediol, Carbomer, Polyglyceryl-3 Methylglucose Distearate, Sorbitol, Tromethamine, Polyglyceryl-3 Distearate, Sedum Sarmentosum Extract, Ethylhexylglycerin, Citric Acid, Glyceryl Stearate Citrate, Adenosine, Musa Sapientum (Banana) Flower Extract, Rosa Damascena Flower Water, Disodium EDTA, Pyrus Communis (Pear) Fruit Extract, Prunus Domestica Fruit Extract, Melia Azadirachta Leaf Extract, Melia Azadirachta Flower Extract, Biosaccharide Gum-1, Cucumis Melo (Melon) Fruit Extract, Sodium Hyaluronate, Hyaluronic Acid, Hydrolyzed Hyaluronic Acid, Coccinia Indica Fruit Extract, Hedera Helix (Ivy) Leaf/Stem Extract, Hydrolyzed Collagen, Solanum Melongena (Eggplant) Fruit Extract, Adansonia Digitata Seed Extract, Equisetum Arvense Extract, Olea Europaea (Olive) Leaf Extract, Vaccinium Macrocarpon (Cranberry) Fruit Extract, Fructan, Sophora Japonica Flower Extract, Ocimum Sanctum Leaf Extract, Curcuma Longa (Turmeric) Root Extract, Corallina Officinalis Extract",niacinamide;hyaluronic-acid;centella-asiatica,,,,,,,,,,,,,brand_direct,true,https://www.skin1004.com/products/madagascar-centella-hyalu-cica-moisture-cream-75ml,/product-images/brand-direct/usskc020.png
USSKA035,skin-protectant,Hyalu-Cica First Ampoule,SKIN1004,,"Water, Butylene Glycol, Niacinamide, 1,2-Hexanediol, Centella Asiatica Extract, Hydroxyacetophenone, Carbomer, Glycereth-25 PCA Isostearate, Ethylhexylglycerin, Tromethamine, Sodium Hyaluronate, Propanediol, Musa Sapientum (Banana) Flower Extract, Rosa Damascena Flower Water, Melia Azadirachta Leaf Extract, Pyrus Communis (Pear) Fruit Extract, Melia Azadirachta Flower Extract, Prunus Domestica Fruit Extract, Betula Platyphylla Japonica Juice, Cucumis Melo (Melon) Fruit Extract, Coccinia Indica Fruit Extract, Hedera Helix (Ivy) Leaf/Stem Extract, Glycerin, Aloe Barbadensis Flower Extract, Solanum Melongena (Eggplant) Fruit Extract, Anastatica Hierochuntica Extract, Ocimum Sanctum Leaf Extract, Corallina Officinalis Extract, Curcuma Longa (Turmeric) Root Extract, Hyaluronic Acid, Hydrolyzed Hyaluronic Acid, Portulaca Oleracea Extract, Artemisia Princeps Leaf Extract, Rhodiola Rosea Root Extract",niacinamide;hyaluronic-acid;centella-asiatica,,,,,,,,,,,,,brand_direct,true,https://www.skin1004.com/products/skin1004-madagascar-centella-hyalu-cica-first-ampoule,/product-images/brand-direct/usska035.png
USSKC017,skin-protectant,Tone Brightening Capsule Cream,SKIN1004,,"Water, Butylene Glycol, Propanediol, Niacinamide, Isotridecyl Isononanoate, Phenyl Trimethicone, 1,2-Hexanediol, Tranexamic Acid, Diglycerin, Centella Asiatica Extract, Butyrospermum Parkii (Shea) Butter, Squalane, Polyglyceryl-3 Distearate, Xylitylglucoside, Cetyl Alcohol, Acrylates/C10-30 Alkyl Acrylate Crosspolymer, Anhydroxylitol, Polyacrylate Crosspolymer-6, Arginine, Trehalose, Zea Mays (Corn) Starch, Xylitol, Panthenol, Pentylene Glycol, Microcrystalline Cellulose, Mannitol, Glyceryl Stearate Citrate, Hydroxyethyl Urea, Ethylhexylglycerin, Glycerin, Glucose, Madecassoside, Sodium Hyaluronate, Bisabolol, Hydrogenated Lecithin, Glyceryl Acrylate/Acrylic Acid Copolymer, Pyrus Communis (Pear) Flower Extract, Lactobacillus Ferment",niacinamide;hyaluronic-acid;squalane;tranexamic-acid;centella-asiatica;panthenol,,,,,,,,,,,,,brand_direct,true,https://www.skin1004.com/products/madagascar-centella-tone-brightening-capsule-cream-75m,/product-images/brand-direct/usskc017.png
USSKT011,skin-protectant,Poremizing Clear Toner,SKIN1004,,"Water, Propanediol, 1,2-Hexanediol, Glycerin, Centella Asiatica Extract, Hydroxyacetophenone, Betaine, Mineral Salts, Panthenol, Ethylhexylglycerin, Sodium Polyacryloyldimethyl Taurate, Disodium EDTA, Butylene Glycol, Salix Alba (Willow) Bark Extract, Castanea Crenata (Chestnut) Shell Extract, Lavandula Angustifolia (Lavender) Flower Extract, Hyaluronic Acid, Hydrolyzed Hyaluronic Acid, Sodium Hyaluronate, Allantoin, Citric Acid, Capryloyl Salicylic Acid, Gluconolactone, Sodium Citrate, Salicylic Acid, Glycolic Acid",hyaluronic-acid;glycolic-acid;centella-asiatica;panthenol,,,,,,,,,,,,,brand_direct,true,https://www.skin1004.com/products/poremizing-clear-toner,/product-images/brand-direct/usskt011.png
USSKA015,skin-protectant,Poremizing Fresh Ampoule,SKIN1004,,"Water, Butylene Glycol, Propanediol, 1,2-Hexanediol, Aloe Barbadensis Leaf Extract, Centella Asiatica Extract, Glycereth-26, Hydroxyacetophenone, Glycerin, Carbomer, Tromethamine, Panthenol, Ethylhexylglycerin, Disodium EDTA, Dipotassium Glycyrrhizate, Ammonium Polyacryloyldimethyl Taurate, Biosaccharide Gum-1, Hyaluronic Acid, Hydrolyzed Hyaluronic Acid, Sodium Hyaluronate, Hydroxyethylcellulose, Chamomilla Recutita (Matricaria) Flower Extract, Mineral Salts, Tripeptide-3, Acetyl Hexapeptide-8, Acetyl Octapeptide-3, Copper Tripeptide-1, Palmitoyl Pentapeptide-4, Palmitoyl Tetrapeptide-7, Palmitoyl Tripeptide-1, Tripeptide-1, Tripeptide-2",hyaluronic-acid;peptides;centella-asiatica;panthenol,,,,,,,,,,,,,brand_direct,true,https://www.skin1004.com/products/poremizing-fresh-ampoule,/product-images/brand-direct/usska015.png
USSKT010,skin-protectant,Tea-Trica Purifying Toner,SKIN1004,,"Water, Melaleuca Alternifolia (Tea Tree) Leaf Water, Butylene Glycol, Propanediol, Methyl Gluceth-20, 1,2-Hexanediol, Hydroxyacetophenone, Carbomer, Centella Asiatica Extract(1,000ppm), Polyglyceryl-10 Laurate, Tromethamine, Pentylene Glycol, Ethylhexylglycerin, Caprylyl Glycol, Chamaecyparis Obtusa Water, Citric Acid, Disodium EDTA, Melaleuca Alternifolia (Tea Tree) Leaf Oil, Sodium Citrate, Pinus Palustris Leaf Extract, Salicylic Acid, Castanea Crenata (Chestnut) Shell Extract, Lavandula Angustifolia (Lavender) Flower Extract",centella-asiatica,,,,,,,,,,,,,brand_direct,true,https://www.skin1004.com/products/tea-trica-purifying-toner,/product-images/brand-direct/usskt010.png
USSKA014,skin-protectant,Tea-Trica Relief Ampoule,SKIN1004,,"Water, Melaleuca Alternifolia (Tea Tree) Leaf Water, Glycerin, Butylene Glycol, Methyl Gluceth-20, Dipropylene Glycol, Glycereth-26, 1,2-Hexanediol, Centella Asiatica Extract, Hydroxyacetophenone, Ammonium Acryloyldimethyltaurate/VP Copolymer, Propanediol, Polyglyceryl-10 Laurate, Ethylhexylglycerin, Pentylene Glycol, Caprylyl Glycol, Pinus Palustris Leaf Extract, Chamaecyparis Obtusa Water, Disodium EDTA, Melaleuca Alternifolia (Tea Tree) Leaf Oil, Oenothera Biennis (Evening Primrose) Flower Extract, Pueraria Lobata Root Extract, Ulmus Davidiana Root Extract",centella-asiatica,,,,,,,,,,,,,brand_direct,true,https://www.skin1004.com/products/tea-trica-relief-ampoule,/product-images/brand-direct/usska014.png
USSKA022,skin-protectant,Centella Ampoule,SKIN1004,,"Water, Glycerin, Butylene Glycol, Centella Asiatica Extract, 1,2-Hexanediol, Cellulose Gum, Ethylhexylglycerin",centella-asiatica,,,,,,,,,,,,,brand_direct,true,https://www.skin1004.com/products/skin1004-madagascar-centella-ampoule,/product-images/brand-direct/usska022.jpg
USSKA013,brightening-texture,Tone Brightening Capsule Ampoule,SKIN1004,,"Water, Butylene Glycol, Niacinamide, Glycerin, Tranexamic Acid, 1,2-Hexanediol, Betaine, Centella Asiatica Extract, Zea Mays (Corn) Starch, Xanthan Gum, Microcrystalline Cellulose, Mannitol, Panthenol, Pentylene Glycol, Ethylhexylglycerin, Hydroxyethylcellulose, Madecassoside, Acrylates/C10-30 Alkyl Acrylate Crosspolymer, Arginine, Hydrogenated Lecithin, Xylitylglucoside, Anhydroxylitol, Xylitol, Glucose, 3-O-Ethyl Ascorbic Acid, Lactobacillus Ferment",niacinamide;vitamin-c;tranexamic-acid;centella-asiatica;panthenol,,,,,,,,,,,,,brand_direct,true,https://www.skin1004.com/products/skin1004-madagascar-centella-tone-brightening-capsule-ampoule,/product-images/brand-direct/usska013.png
USSKT009,brightening-texture,Tone Brightening Boosting Toner,SKIN1004,,"Water, 1,2-Hexanediol, Niacinamide, Pentylene Glycol, Butylene Glycol, Glycerin, Propanediol, Centella Asiatica Extract, Xanthan Gum, Panthenol, Allantoin, Betaine, Ethylhexylglycerin, Xylitylglucoside, Anhydroxylitol, Disodium EDTA, Xylitol, Madecassoside, Glucose, Carica Papaya (Papaya) Fruit Extract, Pyrus Malus (Apple) Fruit Extract, Prunus Mume Fruit Extract, Vitis Vinifera (Grape) Fruit Extract, 3-O-Ethyl Ascorbic Acid, Caprylic/Capric Triglyceride",niacinamide;vitamin-c;centella-asiatica;panthenol,,,,,,,,,,,,,brand_direct,true,https://www.skin1004.com/products/skin1004-madagascar-centella-tone-brightening-boosting-toner,/product-images/brand-direct/usskt009.png
USSKL013,brightening-texture,Tone Brightening Cleansing Gel Foam,SKIN1004,,"Water, Lauryl Hydroxysultaine, Glycerin, Potassium Cocoyl Glycinate, Disodium Cocoamphodiacetate, Sodium Chloride, Potassium Cocoate, Sodium Lauroyl Glutamate, 1,2-Hexanediol, Acrylates/C10-30 Alkyl Acrylate Crosspolymer, Centella Asiatica Extract, Citric Acid, Potassium Benzoate, Hexylene Glycol, Pentylene Glycol, Ethylhexylglycerin, Butylene Glycol, Disodium EDTA, Madecassoside, Trehalose, Prunus Mume Fruit Extract, Vitis Vinifera (Grape) Fruit Extract, Carica Papaya (Papaya) Fruit Extract, Pyrus Malus (Apple) Fruit Extract, Panthenol, Niacinamide, 3-O-Ethyl Ascorbic Acid, Xylitylglucoside, Anhydroxylitol, Xylitol, Agave Tequilana Leaf Extract, Glucose, Caprylic/Capric Triglyceride",niacinamide;vitamin-c;centella-asiatica;panthenol,,,,,,,,,,,,,brand_direct,true,https://www.skin1004.com/products/skin1004-madagascar-centella-tone-brightening-cleansing-gel-foam,/product-images/brand-direct/usskl013.png
USSKM006,skin-protectant,Hyalu-Cica Sleeping Pack,SKIN1004,,"Centella Asiatica Leaf Water, Water, Butylene Glycol, Glycerin, 1,2-Hexanediol, Niacinamide, Sodium Hyaluronate, Hydrolyzed Hyaluronic Acid, Hyaluronic Acid, Carbomer, Cetearyl Olivate, Arginine, Methylpropanediol, Pullulan, Sorbitan Olivate, Caprylic/Capric Triglyceride, Panthenol, Pyrus Communis (Pear) Fruit Extract, Adenosine, Rosa Damascena Flower Water, Polyglutamic Acid, Ethylhexylglycerin, Cucumis Melo (Melon) Fruit Extract, Iris Florentina Root Extract, Hedera Helix (Ivy) Leaf/Stem Extract, Sodium Phytate, Hibiscus Esculentus Fruit Extract, Xanthan Gum, Maltodextrin, Artemisia Princeps Leaf Extract, Hydrolyzed Gardenia Florida Extract, Melatonin, Pantolactone, Pentylene Glycol, Hydrogenated Lecithin, Ceramide NP, Illicium Verum (Anise) Fruit Extract, Larix Sibirica Wood Extract, Quercus Mongolica Leaf Extract, Persicaria Hydropiper Extract, Rheum Palmatum Root/Stalk Extract, Corydalis Turtschaninovii Root Extract, Asarum Sieboldii Root Extract, Chrysanthellum Indicum Extract, Coptis Japonica Root Extract, Machilus Thunbergii Bark Extract",niacinamide;hyaluronic-acid;ceramides;centella-asiatica;panthenol,,,,,,,,,,,,,brand_direct,true,https://www.skin1004.com/products/skin1004-madagascar-centella-hyalu-cica-sleeping-pack,/product-images/brand-direct/usskm006.png
USSKA017,skin-protectant,Hyalu-Cica Blue Serum,SKIN1004,,"Water, Centella Asiatica Leaf Water, Butylene Glycol, 1,2-Hexanediol, Niacinamide, Glycerin, Hibiscus Esculentus Fruit Extract, Sodium Hyaluronate, Hydrolyzed Hyaluronic Acid, Hyaluronic Acid, Methylpropanediol, Panthenol, Cetearyl Olivate, Carbomer, Arginine, Sorbitan Olivate, Caprylic/Capric Triglyceride, Pyrus Communis (Pear) Fruit Extract, Pentylene Glycol, Adenosine, Polyglutamic Acid, Rosa Damascena Flower Water, Artemisia Princeps Leaf Extract, Cucumis Melo (Melon) Fruit Extract, Iris Florentina Root Extract, Ethylhexylglycerin, Hedera Helix (Ivy) Leaf/Stem Extract, Sodium Phytate, Xanthan Gum, Maltodextrin, Pantolactone, Hydrolyzed Gardenia Florida Extract, Hydrogenated Lecithin, Ceramide NP, Sodium Hyaluronate Crosspolymer, Hydrolyzed Sodium Hyaluronate",niacinamide;hyaluronic-acid;ceramides;centella-asiatica;panthenol,,,,,,,,,,,,,brand_direct,true,https://www.skin1004.com/products/skin1004-madagascar-centella-hyalu-cica-blue-serum,/product-images/brand-direct/usska017.png
USSKT006,skin-protectant,Hyalu-Cica Brightening Toner,SKIN1004,,"Centella Asiatica Leaf Water, Butylene Glycol, Glycerin, 1,2-Hexanediol, Niacinamide, Water, Betaine, Hyaluronic Acid, Hydrolyzed Hyaluronic Acid, Sodium Hyaluronate, Hibiscus Esculentus Fruit Extract, Polyglyceryl-10 Oleate, Xylitol, Polyglyceryl-10 Myristate, Polyglyceryl-6 Dioleate, Pyrus Communis (Pear) Fruit Extract, Pentylene Glycol, Polyglyceryl-4 Laurate, Ethylhexylglycerin, Rosa Damascena Flower Water, Adenosine, Iris Florentina Root Extract, Cucumis Melo (Melon) Fruit Extract, Hedera Helix (Ivy) Leaf/Stem Extract, Sodium Phytate, Methylpropanediol, Xanthan Gum, Citric Acid, Artemisia Princeps Leaf Extract, Caprylic/Capric Triglyceride, Polyglutamic Acid, Hydrogenated Lecithin, Ceramide NP, Capryloyl Salicylic Acid",niacinamide;hyaluronic-acid;ceramides;centella-asiatica,,,,,,,,,,,,,brand_direct,true,https://www.skin1004.com/products/skin1004-madagascar-centella-hyalu-cica-brightening-toner,/product-images/brand-direct/usskt006.png
USSKM007,skin-protectant,Centella Watergel Sheet Ampoule Mask,SKIN1004,,"Water, Dipropylene Glycol, Glycereth-26, Centella Asiatica Extract, Glycerin, 1,2-Hexanediol, Betaine, Butylene Glycol, Paeonia Suffruticosa Root Extract, Polyglyceryl-10 Laurate, Chamomilla Recutita (Matricaria) Flower Extract, Glyceryl Caprylate, Carbomer, Xanthan Gum, Arginine, Ethylhexylglycerin, Sodium Hyaluronate, Theobroma Cacao (Cocoa) Extract, Dextrin, Propanediol, Coptis Japonica Root Extract, Mentha Arvensis Leaf Oil, Sodium Hyaluronate Crosspolymer, Hydrolyzed Glycosaminoglycans, Benzyl Glycol, Hydrolyzed Hyaluronic Acid, Hyaluronic Acid, Raspberry Ketone, Disodium EDTA",hyaluronic-acid;centella-asiatica,,,,,,,,,,,,,brand_direct,true,https://www.skin1004.com/products/skin1004-madagascar-centella-watergel-sheet-ampoule-mask,/product-images/brand-direct/usskm007.png
USSKC011,skin-protectant,Centella Cream,SKIN1004,,"Water, Cetyl Ethylhexanoate, Glycerin, Pentylene Glycol, Hydrogenated Lecithin, Niacinamide, Macadamia Ternifolia Seed Oil, Butyrospermum Parkii (Shea) Butter, Limnanthes Alba (Meadowfoam) Seed Oil, Squalane, Carbomer, Caprylyl Glycol, 1,2-Hexanediol, Tromethamine, Panthenol, Sodium Carbomer, Erythritol, Trehalose, Betaine, Butylene Glycol, Caprylhydroxamic Acid, Caprylic/Capric Triglyceride, Adenosine, Xanthan Gum, Olea Europaea (Olive) Fruit Oil, Lavandula Angustifolia (Lavender) Oil, Hydroxyethylcellulose, Centella Asiatica Extract, Citrus Aurantium Dulcis (Orange) Oil, Madecassoside , Biosaccharide Gum-1, Asiaticoside, Madecassic Acid, Asiatic Acid, Glycine Soja (Soybean) Sprout Extract, Glycyrrhiza Glabra (Licorice) Root Extract, Ceramide NP, Chamomilla Recutita (Matricaria) Flower Extract, Linoleic Acid, Ethylhexylglycerin, Sodium Hyaluronate, Linolenic Acid, Hexyl Cinnamal, Linalool",niacinamide;hyaluronic-acid;ceramides;squalane;centella-asiatica;panthenol,,,,,,,,,,,,,brand_direct,true,https://www.skin1004.com/products/skin1004-madagascar-centella-cream,/product-images/brand-direct/usskc011.png
USSKC009,skin-protectant,Centella Soothing Cream,SKIN1004,,"Water, Glycerin, Propanediol, Dipropylene Glycol, Cyclopentasiloxane, Centella Asiatica Extract, 1,2-Hexanediol, Cyclohexasiloxane, Trehalose, Caprylyl Methicone, C12-14 Pareth-12, Carbomer, Tromethamine, C30-45 Alkyl Cetearyl Dimethicone Crosspolymer, Ammonium Acryloyldimethyltaurate/VP Copolymer, Butylene Glycol, Xanthan Gum, Zingiber Officinale (Ginger) Root Extract, Mentha Piperita (Peppermint) Leaf Extract, Ethylhexylglycerin, Dipotassium Glycyrrhizate, Tranexamic Acid, Dextrin, Theobroma Cacao (Cocoa) Seed Extract, Leuconostoc/Radish Root Ferment Filtrate, Biosaccharide Gum-1, Disodium EDTA, Sodium Hyaluronate, Beta-Glucan, Hydrogenated Lecithin, Coptis Chinensis Root Extract, Cetearyl Alcohol, Stearic Acid, Ceramide NP, Ceramide NG, Cholesterol, Phytosphingosine, Ceramide AS, Ceramide AP, Ceramide EOP",hyaluronic-acid;ceramides;tranexamic-acid;centella-asiatica,,,,,,,,,,,,,brand_direct,true,https://www.skin1004.com/products/skin1004-madagascar-centella-soothing-cream,/product-images/brand-direct/usskc009.png
USSKT005,skin-protectant,Centella Toning Toner,SKIN1004,,"Water, Dipropylene Glycol, Centella Asiatica Extract, 1,2-Hexanediol, Niacinamide, Sodium Citrate, Gluconolactone, Ethylhexylglycerin, Adenosine, Disodium EDTA, Dipotassium Glycyrrhizate, Betaine, Hyaluronic Acid, Carbomer, Tromethamine",niacinamide;hyaluronic-acid;centella-asiatica,,,,,,,,,,,,,brand_direct,true,https://www.skin1004.com/products/skin1004-madagascar-centella-toning-toner,/product-images/brand-direct/usskt005.png
USSKL006,skin-protectant,Centella Ampoule Foam,SKIN1004,,"Water, Sodium Cocoyl Isethionate, Glycerin, Sodium Methyl Cocoyl Taurate, Coco-Betaine, Centella Asiatica Extract, Potassium Cocoyl Glycinate, 1,2-Hexanediol, Potassium Cocoate, Potassium Benzoate, Polyquaternium-67, Citric Acid, Sodium Chloride, Butylene Glycol, Dextrin, Theobroma Cacao (Cocoa) Extract, Disodium EDTA, Sodium Acetate, Sodium Bicarbonate, Coptis Chinensis Root Extract, Sodium Hyaluronate, Coccinia Indica Fruit Extract, Eclipta Prostrata Extract",hyaluronic-acid;centella-asiatica,,,,,,,,,,,,,brand_direct,true,https://www.skin1004.com/products/skin1004-madagascar-centella-ampoule-foam,/product-images/brand-direct/usskl006.png
USSKL004,skin-protectant,Centella Light Cleansing Oil,SKIN1004,,"Ethylhexyl Stearate, Cetyl Ethylhexanoate, Sorbeth-30 Tetraoleate, Caprylic/Capric Triglyceride, Citrus Aurantium Bergamia (Bergamot) Fruit Oil, Centella Asiatica Extract, Simmondsia Chinensis (Jojoba) Seed Oil, Olea Europaea (Olive) Fruit Oil, Helianthus Annuus (Sunflower) Seed Oil, Ethylhexylglycerin, Pelargonium Graveolens Flower Oil, Rosa Damascena Flower Oil, Limonene, Linalool",centella-asiatica,,,,,,,,,,,,,brand_direct,true,https://www.skin1004.com/products/skin1004-madagascar-centella-light-cleansing-oil,/product-images/brand-direct/usskl004.png
USSKA043,skin-protectant,Centella Ampoule 100ml,SKIN1004,,"Water, Glycerin, Butylene Glycol, Centella Asiatica Extract, 1,2-Hexanediol, Cellulose Gum, Ethylhexylglycerin",centella-asiatica,,,,,,,,,,,,,brand_direct,true,https://www.skin1004.com/products/60-off-centella-ampoule,/product-images/brand-direct/usska043.png
USSKC011,skin-protectant,Centella Cream 30ml,SKIN1004,,"Water, Cetyl Ethylhexanoate, Glycerin, Pentylene Glycol, Hydrogenated Lecithin, Niacinamide, Macadamia Ternifolia Seed Oil, Butyrospermum Parkii (Shea) Butter, Limnanthes Alba (Meadowfoam) Seed Oil, Squalane, Carbomer, Caprylyl Glycol, 1,2-Hexanediol, Tromethamine, Panthenol, Sodium Carbomer, Erythritol, Trehalose, Betaine, Butylene Glycol, Caprylhydroxamic Acid, Caprylic/Capric Triglyceride, Adenosine, Xanthan Gum, Olea Europaea (Olive) Fruit Oil, Lavandula Angustifolia (Lavender) Oil, Hydroxyethylcellulose, Centella Asiatica Extract, Citrus Aurantium Dulcis (Orange) Oil, Madecassoside , Biosaccharide Gum-1, Asiaticoside, Madecassic Acid, Asiatic Acid, Glycine Soja (Soybean) Sprout Extract, Glycyrrhiza Glabra (Licorice) Root Extract, Ceramide NP, Chamomilla Recutita (Matricaria) Flower Extract, Linoleic Acid, Ethylhexylglycerin, Sodium Hyaluronate, Linolenic Acid, Hexyl Cinnamal, Linalool",niacinamide;hyaluronic-acid;ceramides;squalane;centella-asiatica;panthenol,,,,,,,,,,,,,brand_direct,true,https://www.skin1004.com/products/centella-cream-copy,/product-images/brand-direct/usskc011.png
USSKC028,skin-protectant,Centella Soothing Cream 30ml,SKIN1004,,"Water, Glycerin, Propanediol, Dipropylene Glycol, Cyclopentasiloxane, Centella Asiatica Extract, 1,2-Hexanediol, Cyclohexasiloxane, Trehalose, Caprylyl Methicone, C12-14 Pareth-12, Carbomer, Tromethamine, C30-45 Alkyl Cetearyl Dimethicone Crosspolymer, Ammonium Acryloyldimethyltaurate/VP Copolymer, Butylene Glycol, Xanthan Gum, Zingiber Officinale (Ginger) Root Extract, Mentha Piperita (Peppermint) Leaf Extract, Ethylhexylglycerin, Dipotassium Glycyrrhizate, Tranexamic Acid, Dextrin, Theobroma Cacao (Cocoa) Seed Extract, Leuconostoc/Radish Root Ferment Filtrate, Biosaccharide Gum-1, Disodium EDTA, Sodium Hyaluronate, Beta-Glucan, Hydrogenated Lecithin, Coptis Chinensis Root Extract, Cetearyl Alcohol, Stearic Acid, Ceramide NP, Ceramide NG, Cholesterol, Phytosphingosine, Ceramide AS, Ceramide AP, Ceramide EOP",hyaluronic-acid;ceramides;tranexamic-acid;centella-asiatica,,,,,,,,,,,,,brand_direct,true,https://www.skin1004.com/products/centella-soothing-cream-copy,/product-images/brand-direct/usskc028.png
USSKA042,skin-protectant,Tea-Trica Relief Ampoule 100ml,SKIN1004,,"Water, Chamaecyparis Obtusa Water, Melaleuca Alternifolia (Tea Tree) Leaf Water, Butylene Glycol, Centella Asiatica Extract, Propanediol, Pinus Palustris Leaf Extract, Methyl Gluceth-20, 1,2-Hexanediol, Hydroxyacetophenone, Carbomer, Polyglyceryl-10 Laurate, Tromethamine, Pentylene Glycol, Ethylhexylglycerin, Caprylyl Glycol, Citric Acid, Disodium EDTA, Melaleuca Alternifolia (Tea Tree) Leaf Oil, Sodium Citrate, Salicylic Acid, Castanea Crenata (Chestnut) Shell Extract, Lavandula Angustifolia (Lavender) Flower Extract",centella-asiatica,,,,,,,,,,,,,brand_direct,true,https://www.skin1004.com/products/60-off-tea-trica-relief-ampoule,/product-images/brand-direct/usska042.jpg
231171610,brightening-texture,Green Tea PDRN™ Bounce Booster Eye & Lip Serum,Innisfree,,"Water / Aqua / Eau, Lactobacillus Ferment Lysate*, Butylene Glycol, Propanediol, Pentaerythrityl Tetraethylhexanoate, Squalane, Methyl Trimethicone, Glycerin, Niacinamide, Glyceryl Stearate Citrate, Cetearyl Alcohol, PVP, Butyrospermum Parkii (Shea) Butter, 1,2-Hexanediol, Glyceryl Stearate, Hydrogenated Vegetable Oil, Synthetic Wax, Helianthus Annuus (Sunflower) Seed Oil, Palmitic Acid, Stearic Acid, Polyacrylate-13, Glycine Soja (Soybean) Oil, Cetearyl Glucoside, Tocopherol, Polyisobutene, Ethylhexylglycerin, Ethylene/Propylene Copolymer, Daucus Carota Sativa (Carrot) Root Extract, Sodium Polyacrylate, Kojyl Methylenedioxycinnamate, Polyglyceryl-6 Caprylate, Adenosine, Retinol, Polysorbate 20, Sodium Metaphosphate, Sorbitan Isostearate, Lactobacillus Extracellular Vesicles, Polyglyceryl-10 Laurate, Caprylyl Glycol, Lecithin, Pullulan, Beta-Carotene, Tromethamine, Acetyl Heptapeptide-4, Zein, Acetyl Tetrapeptide-2, Pectin, Acetyl Hexapeptide-8, Sodium Hydroxide, Acetyl Octapeptide-3. *Green Tea PDRN™- A proprietary Green Tea probiotic-derived lactobacillus ferment lysate that helps visibly rejuvenate skin. For informational purposes only. While we endeavor to keep this ingredient list accurate, please be advised that our ingredient list may change. We recommend you refer to the ingredient list on the individual product package for the most up to date ingredient list",niacinamide;retinol-cosmetic;squalane;peptides,,,,,,,,,,,,,brand_direct,true,https://us.innisfree.com/products/green-tea-pdrn-bounce-booster-eye-lip-serum,/product-images/brand-direct/231171610.jpg
231171583,skin-protectant,Green Tea Ceramide Cream,Innisfree,,"Water / Aqua / Eau, Butylene Glycol, Propanediol, Glycerin, Squalane, Dipropylene Glycol, Caprylic/Capric Triglyceride, Simmondsia Chinensis (Jojoba) Seed Oil, 1,2-Hexanediol, Glyceryl Stearate, Ethylhexyl Palmitate, Cetearyl Alcohol, Methyl Trimethicone, Dimethicone, Cetyl Ethylhexanoate, Cetearyl Olivate, Dicaprylyl Ether, Polyglyceryl-3 Methylglucose Distearate, Colloidal Oatmeal, Palmitic Acid, Stearic Acid, Sorbitan Olivate, Hydrogenated Poly(C6-14 Olefin), Carbomer, Tromethamine, Dimethicone/Vinyl Dimethicone Crosspolymer, Ethylhexylglycerin, Cetearyl Glucoside, Xanthan Gum, Caprylyl Glycol, Ceramide NP, Sodium Metaphosphate, Hydrogenated Lecithin, Ectoin, Cetyl-PG Hydroxyethyl Palmitamide, Polyglyceryl-10 Stearate, Camellia Sinensis Seed Extract, Sodium Stearoyl Glutamate, Phytosterols, Camellia Sinensis Seed Oil, Tocopherol, Phytosphingosine, Camellia Sinensis Leaf Extract, Ceramide NS, Cholesterol, Ceramide AP, Ceramide AS, Ceramide EOP",ceramides;squalane,,,,,,,,,,,,,brand_direct,true,https://us.innisfree.com/products/green-tea-ceramide-cream,/product-images/brand-direct/231171583.jpg
231171562,brightening-texture,Retinol Green Tea PDRN™ Skinbooster Toner,Innisfree,,"Water / Aqua / Eau, Butylene Glycol, Lactobacillus Ferment Lysate, Glycerin, Niacinamide, Polyglycerin-3, 1,2-Hexanediol, Propanediol, Ppg-13-Decyltetradeceth-24, Glycine Soja (Soybean) Oil, Ethylhexylglycerin, Panthenol, Adenosine, Sodium Polyacrylate, Sodium Metaphosphate, Retinol, Tocopherol, Sodium Hyaluronate, Camellia Sinensis Leaf Extract, Hydrolyzed Hyaluronic Acid, Sodium Hyaluronate Crosspolymer, Hyaluronic Acid, Sodium Acetylated Hyaluronate For informational purposes only. While we endeavor to keep this ingredient list accurate, please be advised that our ingredient list may change. We recommend you refer to the ingredient list on the individual product package for the most up to date ingredient list",niacinamide;hyaluronic-acid;retinol-cosmetic;panthenol,,,,,,,,,,,,,brand_direct,true,https://us.innisfree.com/products/retinol-green-tea-pdrn-skinbooster-toner,/product-images/brand-direct/231171562.jpg
231171580,skin-protectant,Green Tea Ceramide Milk,Innisfree,,"Water / Aqua / Eau, Glycerin, Butylene Glycol, Propanediol, Hydrogenated Rice Bran Oil, Betaine, 1,2-Hexanediol, Mannitol, Polyglycerin-3, Ppg-13-Decyltetradeceth-24, Hydrogenated Lecithin, Pentylene Glycol, Glyceryl Caprylate, Xanthan Gum, Carbomer, Ethylhexylglycerin, Caprylic/Capric Triglyceride, Sodium Stearoyl Glutamate, Tromethamine, Hydroxyethyl Acrylate/Sodium Acryloyldimethyl Taurate Copolymer, Sodium Metaphosphate, Niacinamide, Polyglyceryl-10 Stearate, Sorbitan Isostearate, Hyaluronic Acid, Ceramide Np, Phytosterols, Camellia Sinensis Seed Oil, Tocopherol, Sodium Hyaluronate, Camellia Sinensis Leaf Extract, Caprylyl Glycol, Propylene Glycol, Glyceryl Oleate, Lecithin, Lauryl Glucoside, Hydrolyzed Hyaluronic Acid, Polyglyceryl-6 Laurate, Myristyl Glucoside, Sodium Hyaluronate Crosspolymer, Sodium Trimetaphosphate, Sodium Acetylated Hyaluronate, Acetyl Tetrapeptide-2 For informational purposes only. While we endeavor to keep this ingredient list accurate, please be advised that our ingredient list may change. We recommend you refer to the ingredient list on the individual product package for the most up to date ingredient list",niacinamide;hyaluronic-acid;ceramides,,,,,,,,,,,,,brand_direct,true,https://us.innisfree.com/products/green-tea-ceramide-milk,/product-images/brand-direct/231171580.jpg
231171534,brightening-texture,Volcanic Swirl Pore Mask,Innisfree,,"Water/ Aqua / Eau, Kaolin, Butylene Glycol, Propanediol, Glycerin, Silica, Caprylic/Capric Triglyceride, Bentonite, Cetearyl Alcohol, 1,2-Hexanediol, Niacinamide, Tromethamine, Titanium Dioxide (CI 77891), Glycolic Acid, Sodium Lactate, Behenyl Alcohol, Potassium Cetyl Phosphate, Volcanic Ash, Microcrystalline Cellulose, Hydrated Silica, Xanthan Gum, Hydroxyethyl Acrylate/Sodium Acryloyldimethyl Taurate Copolymer, Cellulose Gum, Sodium Metaphosphate, Ethylhexylglycerin, Caprylyl Glycol, Lactic Acid, Lactic Acid/Glycolic Acid Copolymer, Ultramarines (CI 77007), Salicylic Acid, Sorbitan Isostearate, Madecassoside, Citric Acid, Maltodextrin, Polyquaternium-10, Hydrolyzed Gardenia Florida Extract, Triethoxycaprylylsilane, Sodium Hyaluronate, Tocopherol, Hydrolyzed Hyaluronic Acid, Sodium Hyaluronate Crosspolymer, Hyaluronic Acid, Sodium Acetylated Hyaluronate",niacinamide;hyaluronic-acid;glycolic-acid;lactic-acid,,,,,,,,,,,,,brand_direct,true,https://us.innisfree.com/products/volcanic-swirl-pore-mask,/product-images/brand-direct/231171534.jpg
231171546,skin-protectant,Green Tea Enzyme Vitamin C Brightening Cream,Innisfree,,"Water / Aqua / Eau, Butylene Glycol, Propanediol, Glycerin, Niacinamide, Isopentyldiol, 1,2-Hexanediol, Hydrogenated Poly(C6-14 Olefin), Caprylic/Capric Triglyceride, Isononyl Isononanoate, Squalane, Ammonium Acryloyldimethyltaurate/VP Copolymer, Acrylates/C10-30 Alkyl Acrylate Crosspolymer, Arginine, Trehalose, Hydroxyethyl Acrylate/Sodium Acryloyldimethyl Taurate Copolymer, Sodium Acrylic Acid/MA Copolymer, Dextrin, Xanthan Gum, 3-O-Ethyl Ascorbic Acid, Cetearyl Olivate, Citrus Reticulata (Tangerine) Peel Extract, Castor Oil/IPDI Copolymer, Coptis Japonica Root Extract, Ethylhexylglycerin, Daucus Carota Sativa (Carrot) Root Extract, Sorbitan Olivate, Canola Oil / Huile De Colza, Cyclodextrin, Sodium Phytate, Glyceryl Acrylate/Acrylic Acid Copolymer, Sorbitan Isostearate, Protease*, Caprylyl Glycol, PVM/MA Copolymer, Daucus Carota Sativa (Carrot) Seed Oil, Carbomer, Ascorbyl Tetraisopalmitate, Tocopheryl Acetate, Beta-Carotene, Helianthus Annuus (Sunflower) Seed Oil, Amodimethicone, Glucose, Sodium Hyaluronate, Panthenol, Chondrus Crispus Extract, Hydroxypropyltrimonium Hyaluronate, Sodium Ascorbyl Phosphate, Tocopherol, Magnesium Ascorbyl Phosphate, Glutathione, Ferulic Acid, Linum Usitatissimum (Linseed) Seed Oil, Hydrolyzed Hyaluronic Acid, Sodium Acetylated Hyaluronate, Cyanocobalamin, Gluconolactone, Hyaluronic Acid, Sodium Hyaluronate Crosspolymer, Hydrolyzed Sodium Hyaluronate, Potassium Hyaluronate, Linolenic Acid, Linoleic Acid, Ascorbic Acid, Biotin, Folic Acid, Riboflavin, Pyridoxine, Thiamine HC",niacinamide;vitamin-c;hyaluronic-acid;squalane;panthenol,,,,,,,,,,,,,brand_direct,true,https://us.innisfree.com/products/green-tea-enzyme-vitamin-c-brightening-cream,/product-images/brand-direct/231171546.jpg
231171515,brightening-texture,Gentle Retinol Salicylic Acne Serum,Innisfree,,"Active Ingredient: Salicylic Acid (2%) Inactive Ingredients: Water / Aqua / Eau, Glycerin, Butylene Glycol, Niacinamide, Dicaprylyl Carbonate, Tromethamine, Betaine, 1,2-Hexanediol, Hydrogenated Lecithin, Ammonium Acryloyldimethyltaurate/VP Copolymer, Caprylic/Capric Triglyceride, Hydroxyethyl Acrylate/Sodium Acryloyldimethyl Taurate Copolymer, Cholesterol, Helianthus Annuus (Sunflower) Seed Oil, Allantoin, Lactobacillus Ferment Lysate, Glycine Soja (Soybean) Oil, Tocopherol, Tocopheryl Acetate, Sodium Methyl Stearoyl Taurate, Propanediol, Daucus Carota Sativa (Carrot) Root Extract, Ethylhexylglycerin, Adenosine, Sorbitan Isostearate, Camellia Sinensis Seed Extract, Asiaticoside, Madecassic Acid, Retinol, Asiatic Acid, Phytosphingosine, Stearyl Glycyrrhetinate, Hyaluronic Acid, Ceramide NP, Beta-Glucan, Beta-Carotene",niacinamide;hyaluronic-acid;retinol-cosmetic;ceramides,,,,,,,,,,,,,brand_direct,true,https://us.innisfree.com/products/gentle-retinol-salicylic-acne-serum,/product-images/brand-direct/231171515.jpg
231171563,brightening-texture,Retinol Green Tea PDRN™ Firming Serum,Innisfree,,"Lactobacillus Ferment Ly­sate*, Glycerin, Propanediol, Water / Aq­ua / Eau, Dipropylene Glycol, Butylene Glycol, Niacinamide, 1,2­Hexanediol, Sq­ualane, Glyceryl Polymethacrylate, Dimethyl Isosorbide, Methyl Trimethico­ne, Cetearyl Alcohol, Hydroxyethyl U­rea, Ammonium Acryloyldimethyltaur­ate/VP Copolymer, Helianthus Annuus (Sunflower) Seed Oil, Glycine Soja (Soy ­Bean) Oil, Allantoin, Glyceryl Stearate, Xanthan Gum, Tocopherol, Tocopherylacetate, Pentylene Glycol, Dipotassium Glycyrrhizate, Sodium Stearoyl Gluta­mate, Hydrogenated Lecithin, Daucus Carota Sativa (Carrot) Root Extract, Hydroxypinacolone Retinoate, Stear­ic Acid, Polyglyceryl­3 Methylglucose Distearate, Sodium Polyacrylate, Sodium Metaphosphate, Kojyl Methylened­ioxycinnamate, Palmitic Acid, Ethylhe­xylglycerin, Adenosine, Retinol, Sodiu­m Hyaluronate, Hyaluronic Acid, Hyd­rolyzed Vegetable Protein, Achillea Mi­llefolium Extract, Beta­carotene, My­ristic Acid, Lauric Acid, Pullulan, Zein, Camellia Sinensis Leaf Extract, Pectin, Citric Acid *Green Tea PDRN™- A proprietary Green Tea probiotic-derived lactobacillus ferment lysate that helps visibly rejuvenate skin. For informational purposes only. While we endeavor to keep this ingredient list accurate, please be advised that our ingredient list may change. We recommend you refer to the ingredient list on the individual product package for the most up to date ingredient list",niacinamide;hyaluronic-acid;retinol-cosmetic,,,,,,,,,,,,,brand_direct,true,https://us.innisfree.com/products/retinol-green-tea-pdrn-firming-serum,/product-images/brand-direct/231171563.jpg
231171425,skin-protectant,Green Tea Caffeine Bright-Eye Serum,Innisfree,,"Water / Aqua / Eau, Butylene Glycol, Glycerin, Propanediol, Niacinamide, Dimethicone, Phenyl Trimethicone, Caffeine, 1,2-Hexanediol, Squalane, Polysorbate 20, PolyMineral Oil-11, Carbomer, Pca Dimethicone, Polyacrylate Crosspolymer-6, Tromethamine, Boron Nitride, Sodium Polyacryloyldimethyl Taurate, Titanium Dioxide (Ci 77891), Dimethiconol, Synthetic Fluorphlogopite, Glyceryl Caprylate, Sodium Metaphosphate, Ethylhexylglycerin, Adenosine, Camellia Sinensis Leaf Extract, Arginine, Cyclodextrin, Hydroxypropyl Cyclodextrin, Maltodextrin, Citric Acid, Sodium Hyaluronate, Tin Oxide, Hydrolyzed Hyaluronic Acid, Sodium Hyaluronate Crosspolymer, Hyaluronic Acid, Tocopherol, Sodium Acetylated Hyaluronate",niacinamide;hyaluronic-acid;squalane,,,,,,,,,,,,,brand_direct,true,https://us.innisfree.com/products/green-tea-caffeine-bright-eye-serum,/product-images/brand-direct/231171425.jpg
231171455,brightening-texture,Retinol Cica Moisture Recovery Serum - Facial Serum,Innisfree,,"Water / Aqua / Eau, Glycerin, Propanediol, Niacinamide, Dibutyl Adipate, Butylene Glycol, Caprylic/Capric Triglyceride, 1,2-Hexanediol, Hydrogenated Lecithin, Ammonium Acryloyldimethyltaurate/VP Copolymer, Helianthus Annuus (Sunflower) Seed Oil, Cholesterol, Allantoin, Glycine Soja (Soybean) Oil, Tocopherol, Tocopheryl Acetate, Sodium Methyl Stearoyl Taurate, Daucus Carota Sativa (Carrot) Root Extract, Pentylene Glycol, Ethylhexylglycerin, Adenosine, Asiaticoside, Madecassic Acid, Camellia Sinensis Seed Extract, Asiatic Acid, Retinol, Stearyl Glycyrrhetinate, Hyaluronic Acid, Mannitol, Ceramide NP, Carbomer, Beta-Glucan, Beta-Carotene, Phytosphingosine, Salicylic Acid, Acacia Senegal Gum, Acetyl Tetrapeptide-11, Propylene Glycol Alginate",niacinamide;hyaluronic-acid;retinol-cosmetic;ceramides,,,,,,,,,,,,,brand_direct,true,https://us.innisfree.com/products/retinol-cica-moisture-recovery-serum,/product-images/brand-direct/231171455.jpg
231171394,skin-protectant,Green Tea Enzyme Vitamin C Brightening Serum – Best for Glowing Skin,Innisfree,,"Water / Aqua / Eau, Propanediol, 1,2-Hexanediol, Glycerin, 3-O-Ethyl Ascorbic Acid, Butylene Glycol, Lactobacillus Ferment Lysate, Squalane, Helianthus Annuus (Sunflower) Seed Oil, Dextrin, Acrylates/C10-30 Alkyl Acrylate Crosspolymer, Caprylic/Capric Triglyceride, Tromethamine, Xanthan Gum, Gluconolactone, Citrus Reticulata (Tangerine) Peel Extract, Panthenol, Niacinamide, Allantoin, Daucus Carota Sativa (Carrot) Root Extract, Hyaluronic Acid, Pentylene Glycol, Sodium Metaphosphate, Silica Dimethyl Silylate, Cyclodextrin, Tocopherol, Ethylhexylglycerin, Madecassoside, Hydrogenated Poly(C6-20 Olefin), Protease, Ascorbyl Tetraisopalmitate, Glutathione, Achillea Millefolium Extract, Hdi/Trimethylol Hexyllactone Crosspolymer, Beta-Carotene, Ferulic Acid",niacinamide;vitamin-c;hyaluronic-acid;squalane;panthenol,,,,,,,,,,,,,brand_direct,true,https://us.innisfree.com/products/green-tea-enzyme-vitamin-c-brightening-serum,/product-images/brand-direct/231171394.jpg
231171431,skin-protectant,Green Tea Seed Hyaluronic Acid Cream – Face Moisturizer,Innisfree,,"Water / Aqua / Eau, Propanediol, Glycerin, Stearyl Dimethicone, Methyl Trimethicone, Pentaerythrityl Tetraethylhexanoate, Butylene Glycol Dicaprylate/Dicaprate, Glyceryl Polymethacrylate, 1,2-Hexanediol, Polymethylsilsesquioxane, Squalane, Hydroxyethyl Acrylate/Sodium Acryloyldimethyl Taurate Copolymer, Polyglyceryl-3 Methylglucose Distearate, Carbomer, Hydrogenated Lecithin, Cholesterol, Glyceryl Stearate, Tromethamine, Sodium Stearoyl Glutamate, Lactobacillus Ferment Lysate, Hyaluronic Acid, Panthenol, Allantoin, Sodium Metaphosphate, Camellia Sinensis Seed Oil, Cetearyl Alcohol, Xanthan Gum, Glyceryl Caprylate, Butylene Glycol, Ethylhexylglycerin, Sorbitan Isostearate, Sodium Hyaluronate, Camellia Sinensis Leaf Extract, Madecassoside, Lactic Acid, Dextrin, Theobroma Cacao (Cocoa) Extract, Hydrolyzed Hyaluronic Acid, Sodium Hyaluronate Crosspolymer, Camellia Sinensis Seed Extract, Ceramide NP, Tocopherol, Phytosphingosine, Sodium Acetylated Hyaluronate",hyaluronic-acid;ceramides;squalane;panthenol;lactic-acid,,,,,,,,,,,,,brand_direct,true,https://us.innisfree.com/products/green-tea-seed-hyaluronic-cream,/product-images/brand-direct/231171431.jpg
231171643,brightening-texture,Green Tea Seed Hyaluronic Serum - Face Serum,Innisfree,,"Water / Aqua / Eau, Propanediol, Glycerin, 1,2-Hexanediol, Niacinamide, Betaine, Saccharide Isomerate, Camellia Sinensis Seed Oil, Xylitol, Cetearyl Olivate, Hydrogenated Lecithin, Butylene Glycol, Sorbitan Olivate, Lactobacillus Ferment Lysate, Acrylates/C10-30 Alkyl Acrylate Crosspolymer, Squalane, Panthenol, Allantoin, Hydroxyethyl Acrylate/Sodium Acryloyldimethyl Taurate Copolymer, Tromethamine, Ethylhexylglycerin, Ceratonia Siliqua (Carob) Gum, Sodium Metaphosphate, Camellia Sinensis Leaf Extract, Dipotassium Glycyrrhizate, Sodium Hyaluronate, Hyaluronic Acid, Dextrin, Theobroma Cacao (Cocoa) Extract, 3-O-Ethyl Ascorbic Acid, Sorbitan Isostearate, Sodium Citrate, Citric Acid, Glyceryl Oleate, Tocopherol, Lecithin, Sucrose, Lauryl Glucoside, Polyglyceryl-6 Laurate, Myristyl Glucoside, Xanthan Gum, Lactic Acid, Hydrolyzed Hyaluronic Acid, Sodium Hyaluronate Crosspolymer, Sodium Acetylated Hyaluronate",niacinamide;vitamin-c;hyaluronic-acid;squalane;panthenol;lactic-acid,,,,,,,,,,,,,brand_direct,true,https://us.innisfree.com/products/green-tea-seed-hyaluronic-serum,/product-images/brand-direct/231171643.jpg
231171444,skin-protectant,Energy Sheet Mask,Innisfree,,"Aloe: Water / Aqua / Eau, Butylene Glycol, Dipropylene Glycol, Glycerin, Aloe Barbadensis Leaf Juice, Glyceryl Polymethacrylate, 1,2-Hexanediol, Polyglyceryl-10 Laurate, Carbomer, Arginine, Glyceryl Caprylate, Xanthan Gum, Ethylhexylglycerin, Paeonia Suffruticosa Root Extract, Centella Asiatica Extract, Disodium EDTA, Chamomilla Recutita (Matricaria) Flower Extract, Fragrance / Parfum, Diethylhexyl Sodium Sulfosuccinate, Sodium Hyaluronate",hyaluronic-acid;centella-asiatica,,,,,,,,,,,,,brand_direct,true,https://us.innisfree.com/products/energy-sheet-mask,/product-images/brand-direct/231171444.jpg
270284511,skin-protectant,Neo Blurring Powder & Keychain,Laneige,,"Neo Blurring Powder: SILICA, CAPRYLIC/CAPRIC TRIGLYCERIDE, DIMETHICONE/VINYL DIMETHICONE CROSSPOLYMER, METHICONE, WATER / AQUA / EAU, CHAMOMILLA RECUTITA (MATRICARIA) FLOWER WATER, ETHYLHEXYLGLYCERIN, GLYCERYL CAPRYLATE, BUTYLENE GLYCOL, MENTHA ARVENSIS LEAF EXTRACT, DIPOTASSIUM GLYCYRRHIZATE, 1,2-HEXANEDIOL, HYDROLYZED HYALURONIC ACID, HYDROLYZED CORN STARCH, PINUS DENSIFLORA LEAF EXTRACT, TOCOPHEROL, DISODIUM EDTA",hyaluronic-acid,,,,,,,,,,,,,brand_direct,true,https://us.laneige.com/products/neo-blurring-powder-keychain,/product-images/brand-direct/270284511.jpg
270284423,brightening-texture,Balance Mode Shine Control Weightless Moisturizer,Laneige,,"ORYZA SATIVA (RICE) BRAN WATER, SQUALANE, BUTYLENE GLYCOL, GLYCERIN, NIACINAMIDE, 1,2-HEXANEDIOL, METHYL TRIMETHICONE, BETAINE, SILICA, INOSITOL, ACRYLATES/C10-30 ALKYL ACRYLATE CROSSPOLYMER, WATER / AQUA / EAU, TROMETHAMINE, GLYCERYL CAPRYLATE, CARBOMER, ETHYLHEXYLGLYCERIN, SODIUM GLUCONATE, MANNITOL, PROPANEDIOL, MADECASSOSIDE, HYDROLYZED EXTENSIN, MONASCUS/RICE FERMENT, HYDROLYZED CORN STARCH, PINUS DENSIFLORA LEAF EXTRACT, CAMELLIA SINENSIS LEAF EXTRACT, AMMONIUM GLYCYRRHIZATE, HYDROLYZED VEGETABLE PROTEIN, CAFFEINE, ZINC GLUCONATE, AESCULUS HIPPOCASTANUM (HORSE CHESTNUT) SEED EXTRACT, ACETYL TETRAPEPTIDE-11",niacinamide;squalane,,,,,,,,,,,,,brand_direct,true,https://us.laneige.com/products/balance-mode-shine-control-weightless-moisturizer,/product-images/brand-direct/270284423.jpg
270284409,skin-protectant,Balance Mode Pore Polishing Peel-off Mask,Laneige,,"ORYZA SATIVA (RICE) BRAN WATER, POLYVINYL ALCOHOL, ALCOHOL DENAT., GLYCERIN, BUTYLENE GLYCOL, NIACINAMIDE, WATER / AQUA / EAU, TITANIUM DIOXIDE (CI 77891), PVP, HYDROXYETHYL UREA, ALCOHOL, 1,2-HEXANEDIOL, MICA, SORBITOL, INOSITOL, BENTONITE, AMMONIUM ACRYLOYLDIMETHYLTAURATE/VP COPOLYMER, XANTHAN GUM, SALICYLIC ACID, TROMETHAMINE, DEXTRIN, MALTITOL, SODIUM HYALURONATE, CELLULOSE GUM, ETHYLHEXYLGLYCERIN, HOUTTUYNIA CORDATA EXTRACT, CYCLODEXTRIN, SODIUM GLUCONATE, SQUALANE, MADECASSOSIDE, HYDROLYZED EXTENSIN, TIN OXIDE, PROTEASE, TRYPTOPHAN, THEOBROMA CACAO (COCOA) EXTRACT, MONASCUS/RICE FERMENT, TOCOPHEROL",niacinamide;hyaluronic-acid;squalane,,,,,,,,,,,,,brand_direct,true,https://us.laneige.com/products/balance-mode-pore-polishing-peel-off-mask,/product-images/brand-direct/270284409.jpg
270284318,brightening-texture,Balance Mode Rice Foaming Deep Cleanser,Laneige,,"WATER / AQUA / EAU, GLYCERIN, CAPRYLYL/CAPRYL GLUCOSIDE, DISODIUM COCOAMPHODIACETATE, LAURYL BETAINE, DISODIUM LAURETH SULFOSUCCINATE, ACRYLATES COPOLYMER, SODIUM COCOYL ALANINATE, SODIUM CHLORIDE, NIACINAMIDE, ORYZA SATIVA (RICE) BRAN WATER, 1,2-HEXANEDIOL, INOSITOL, ZEA MAYS (CORN) STARCH, MANNITOL, PEG-45M, POLYQUATERNIUM-7, MICROCRYSTALLINE CELLULOSE, KAOLIN, BUTYLENE GLYCOL, HYDROXYPROPYL STARCH PHOSPHATE, CERAMIDE NP, HYDROLYZED EXTENSIN, DEXTRIN, PENTYLENE GLYCOL, SODIUM BENZOATE, HYDROGENATED LECITHIN, ETHYLHEXYLGLYCERIN, SILICA, POLYGLYCERYL-2 TRIISOSTEARATE, TITANIUM DIOXIDE (CI 77891), CITRUS AURANTIUM AMARA (BITTER ORANGE) FLOWER EXTRACT, CYCLODEXTRIN, IRON OXIDES (CI 77491), GLYCOLIC ACID, PROTEASE, TOCOPHEROL, MONASCUS/RICE FERMENT, ORYZA SATIVA (RICE) POWDER, IRON OXIDES (CI 77499)",niacinamide;ceramides;glycolic-acid,,,,,,,,,,,,,brand_direct,true,https://us.laneige.com/products/balance-mode-rice-foaming-deep-cleanser,/product-images/brand-direct/270284318.jpg
270284248,brightening-texture,Water Bank Aqua Facial,Laneige,,"WATER / AQUA / EAU, BETAINE, GLUCONOLACTONE, GLYCERIN, BUTYLENE GLYCOL, DIPROPYLENE GLYCOL, SODIUM LACTATE, GLYCERETH-26, NIACINAMIDE, DIMETHYL ISOSORBIDE, TROMETHAMINE, LACTOBACILLUS FERMENT LYSATE, 1,2-HEXANEDIOL, CAFFEINE, DIETHOXYETHYL SUCCINATE, VACCINIUM MYRTILLUS FRUIT EXTRACT, ALLANTOIN, DEXTRIN, PROPANEDIOL, PECTIN, SACCHARUM OFFICINARUM (SUGARCANE) EXTRACT, SALICYLIC ACID, SODIUM GLUCONATE, SPHINGOMONAS FERMENT EXTRACT, LACTIC ACID, GLYCOLIC ACID, ETHYLHEXYLGLYCERIN, XANTHAN GUM, CITRUS AURANTIUM DULCIS (ORANGE) FRUIT EXTRACT, CITRUS LIMON (LEMON) FRUIT EXTRACT, CYCLODEXTRIN, ACRYLATES/STEARYL METHACRYLATE COPOLYMER, HYDROLYZED HYALURONIC ACID, TREMELLA FUCIFORMIS SPOROCARP EXTRACT, HYALURONIC ACID, ACER SACCHARUM (SUGAR MAPLE) EXTRACT, PROTEASE, CALCIUM CHLORIDE, CERAMIDE NP, GLUTATHIONE, POLYGLUTAMIC ACID, SODIUM HYALURONATE CROSSPOLYMER-6, GLYCERYL CAPRYLATE, HYDROLYZED DNA",niacinamide;hyaluronic-acid;ceramides;glycolic-acid;lactic-acid,,,,,,,,,,,,,brand_direct,true,https://us.laneige.com/products/water-bank-aqua-facial,/product-images/brand-direct/270284248.jpg
270284224,skin-protectant,Cica Sleeping Mask with Centella Asiatica for Moisture Barrier Support,Laneige,,"Water / Aqua / Eau, Glycerin, Squalane, Butylene Glycol, Cetearyl Alcohol, Dicaprylyl Carbonate, 1,2-hexanediol, Butylene Glycol Dicaprylate/Dicaprate, Pentaerythrityl Tetraethylhexanoate, Polyglyceryl-3 Methylglucose Distearate, Hydrogenated Coco-glycerides, Polyglyceryl-3 Distearate, Glyceryl Stearate, Panthenol, Ammonium Acryloyldimethyltaurate/ Vp Copolymer, Cetearyl Glucoside, Lactobacillus Ferment, Polyacrylate Crosspolymer-6, Lactobacillus Ferment Lysate, Propanediol, Niacinamide, Ethylhexylglycerin, Glyceryl Stearate Citrate, Allantoin, Sodium Stearoyl Glutamate, Dipotassium Glycyrrhizate, Sodium Metaphosphate, Madecassoside, Ectoin, Dextrin, Theobroma Cacao (Cocoa) Extract, Beta-glucan, Asiaticoside, Madecassic Acid, Asiatic Acid, Tocopherol, Centella Asiatica Flower/leaf/stem Extract, Hydrolyzed Vegetable Protein, 7-dehydrocholesterol, Inonotus Obliquus (Mushroom) Extract",niacinamide;squalane;centella-asiatica;panthenol,,,,,,,,,,,,,brand_direct,true,https://us.laneige.com/products/cica-sleeping-mask,/product-images/brand-direct/270284224.jpg
270284223,skin-protectant,Water Sleeping Mask,Laneige,,"Water / Aqua / Eau, Butylene Glycol, Glycerin, Trehalose, Methyl Trimethicone, 1,2-hexanediol, Squalane, Phenyl Trimethicone, Pca Dimethicone, Caprylyl Methicone, Ammonium Acryloyldimethyltaurate/vp Copolymer, Carbomer, Tromethamine, Lactobacillus Ferment Lysate, Niacinamide, Glyceryl Caprylate, Acrylates/c10-30 Alkyl Acrylate Crosspolymer, Propanediol, Ethylhexylglycerin, Malachite Extract, Xylitylglucoside, Propylene Glycol, Anhydroxylitol, Fragrance / Parfum, Sodium Hyaluronate, Sodium Metaphosphate, Xylitol, Raffinose, Oenothera Biennis (Evening Primrose) Oil, Hydroxypropyltrimonium Hyaluronate, Tryptophan, Lactobacillus Ferment, Beta-glucan, Limonene, Linalool, Acrylates/stearyl Methacrylate Copolymer, Tremella Fuciformis Sporocarp Extract, Hyaluronic Acid, Sodium Trimetaphosphate, Xanthan Gum, Polyglutamic Acid, Ceramide Np, Tocopherol",niacinamide;hyaluronic-acid;ceramides;squalane,,,,,,,,,,,,,brand_direct,true,https://us.laneige.com/products/water-sleeping-mask,/product-images/brand-direct/270284223.jpg
270284218,brightening-texture,Perfect Renew Nourishing Oil-to-Foam Cleanser,Laneige,,"WATER / AQUA / EAU, GLYCERIN, DIPROPYLENE GLYCOL, COCAMIDOPROPYL HYDROXYSULTAINE, LAURYL HYDROXYSULTAINE, SODIUM COCOYL ISETHIONATE, POLYGLYCERYL-6 DICAPRATE, POLYGLYCERYL-10 LAURATE, POLYGLYCERYL-6 CAPRYLATE, SODIUM LAUROYL ASPARTATE, CAPRYLYL/CAPRYL GLUCOSIDE, DISODIUM COCOAMPHODIACETATE, SODIUM CHLORIDE, ISODODECANE, SIMMONDSIA CHINENSIS (JOJOBA) SEED OIL, 1,2-HEXANEDIOL, ACRYLATES/BEHENETH-25 METHACRYLATE COPOLYMER, FRAGRANCE / PARFUM, TROMETHAMINE, ETHYLHEXYLGLYCERIN, ECTOIN, DEXTRIN, THEOBROMA CACAO (COCOA) EXTRACT, ARGANIA SPINOSA KERNEL OIL, 3-O-ETHYL ASCORBIC ACID, OENOTHERA BIENNIS (EVENING PRIMROSE) OIL, CAMELLIA SINENSIS SEED OIL, SCLEROCARYA BIRREA SEED OIL, CERAMIDE NP, PROPANEDIOL, CAMELLIA JAPONICA SEED EXTRACT, TOCOPHEROL",vitamin-c;ceramides,,,,,,,,,,,,,brand_direct,true,https://us.laneige.com/products/perfect-renew-nourishing-oil-to-foam-cleanser,/product-images/brand-direct/270284218.jpg
270284251,skin-protectant,Perfect Renew 3x Cream Advanced,Laneige,,"WATER / AQUA / EAU, BUTYLENE GLYCOL, GLYCERIN, LIMNANTHES ALBA (MEADOWFOAM) SEED OIL, SQUALANE, PHYTOSTERYL/BEHENYL/OCTYLDODECYL LAUROYL GLUTAMATE, DIMETHICONE, GLYCERYL STEARATE CITRATE, 1,2-HEXANEDIOL, GLYCERYL STEARATE, CETEARYL ALCOHOL, PENTAERYTHRITYL TETRAETHYLHEXANOATE, PHYTOSTERYL/OCTYLDODECYL LAUROYL GLUTAMATE, POLYGLYCERYL-10 STEARATE, COPERNICIA CERIFERA (CARNAUBA) WAX / COPERNICIA CERIFERA CERA / CIRE DE CARNAUBA, PANTHENOL, HYDROXYETHYL ACRYLATE/SODIUM ACRYLOYLDIMETHYL TAURATE COPOLYMER, PROPANEDIOL, VINYL DIMETHICONE/METHICONE SILSESQUIOXANE CROSSPOLYMER, FRAGRANCE / PARFUM, ACRYLATES/C10-30 ALKYL ACRYLATE CROSSPOLYMER, TROMETHAMINE, GLYCERYL CAPRYLATE, ETHYLHEXYLGLYCERIN, SODIUM METAPHOSPHATE, ADENOSINE, SORBITAN ISOSTEARATE, HYDROLYZED VEGETABLE PROTEIN, CAMELLIA JAPONICA SEED EXTRACT, BETA-GLUCAN, DEXTRIN, PHYTOSTEROLS, CERAMIDE NP, GLYCINE SOJA (SOYBEAN) OIL, XANTHAN GUM, CARTHAMUS TINCTORIUS (SAFFLOWER) FLOWER EXTRACT, THEOBROMA CACAO (COCOA) EXTRACT, PENTYLENE GLYCOL, TOCOPHEROL, GLYCINE MAX (SOYBEAN) POLYPEPTIDE, RETINOL, CARBOMER, 3-O-ETHYL ASCORBIC ACID, ACACIA SENEGAL GUM, PROPYLENE GLYCOL ALGINATE",vitamin-c;retinol-cosmetic;ceramides;squalane;panthenol,,,,,,,,,,,,,brand_direct,true,https://us.laneige.com/products/perfect-renew-3x-cream-advanced,/product-images/brand-direct/270284251.jpg
270284200,brightening-texture,Bouncy & Firm Serum,Laneige,,"WATER / AQUA / EAU, PROPANEDIOL, GLYCERIN, METHYLPROPANEDIOL, ISONONYL ISONONANOATE, NIACINAMIDE, 1,2-HEXANEDIOL, POLYGLYCERIN-3, CAPRYLIC/CAPRIC TRIGLYCERIDE, TRIETHYLHEXANOIN, BUTYLENE GLYCOL, TRIOLEIN, ACRYLATES/C10-30 ALKYL ACRYLATE CROSSPOLYMER, TROMETHAMINE, HYDROGENATED POLY(C6-20 OLEFIN), CARBOMER, ETHYLHEXYLGLYCERIN, PENTYLENE GLYCOL, TOCOPHEROL, ADENOSINE, HDI/TRIMETHYLOL HEXYLLACTONE CROSSPOLYMER, ASCORBYL TETRAISOPALMITATE, SODIUM METAPHOSPHATE, FRAGRANCE / PARFUM, BETA-GLUCAN, PRUNUS ARMENIACA (APRICOT) KERNEL OIL, XANTHAN GUM, LINALOOL, ACHILLEA MILLEFOLIUM EXTRACT, CAMELLIA JAPONICA SEED EXTRACT, GERANIOL, FERULIC ACID, CAPRYLYL GLYCOL, PAEONIA ALBIFLORA ROOT EXTRACT, YELLOW 6 (CI 15985), RED 33 (CI 17200), SOLUBLE COLLAGEN, VEGETABLE OIL / OLUS OIL / HUILE VÉGÉTALE, ACETYL HEPTAPEPTIDE-4, PAEONIA ALBIFLORA FLOWER EXTRACT, ACETYL HEXAPEPTIDE-8, SODIUM HYDROXIDE, ACETYL TETRAPEPTIDE-2, ACETYL OCTAPEPTIDE-3",niacinamide;vitamin-c;peptides,,,,,,,,,,,,,brand_direct,true,https://us.laneige.com/products/bouncy-firm-serum,/product-images/brand-direct/270284200.jpg
270284216,brightening-texture,Perfect Renew 3X Signature Serum,Laneige,,"#1. Radiance Serum (Brown) WATER / AQUA / EAU, glycerin, butylene glycol, glyceryl polymethacrylate, dipropylene glycol, 1,2-hexanediol, xylitol, polyacrylate crosspolymer-6, lactobacillus ferment, ammonium acryloyldimethyl taurate/VP copolymer, sodium polyacryloyldimethyl taurate, Habelaria rhodopensis leaf extract, propanediol, tranexamic acid, dextrin, cocoa bean extract, disodium EDTA, ethylhexylglycerin, adenosine, dipotassium glycyrrhizate, bioflavonoids, t-butyl alcohol, ferulic acid, chaga mushroom extract, tocopherol #2. Elasticity Serum (White) WATER / AQUA / EAU, dimethicone, butylene glycol, glycerin, 1,2-hexanediol, polysilicone-11, PEG-10 dimethicone, pentaerythrityl tetraethylhexanoate, dimethicone/vinyl dimethicone crosspolymer, vinyl dimethicone/methicone silsesquioxane crosspolymer, dimethiconol, polysorbate 20, boron nitride, sclerotium gum, ammonium acryloyldimethyl taurate/beheneth-25 methacrylate crosspolymer, ammonium acryloyldimethyl taurate/VP copolymer, sodium polyacryloyldimethyl taurate, glyceryl caprylate, caprylyl glycol, ethylhexylglycerin, disodium EDTA, adenosine, Hydrolyzed collagen, acetyl tetrapeptide-2, tocopherol #3. Wrinkle Serum (Yellow) WATER / AQUA / EAU, butylene glycol, glycerin, diphenyl dimethicone, 1,2-hexanediol, diphenyl siloxy phenyl trimethicone, soybean oil, gellan gum, sunflower seed oil, xanthan gum, fragrance, sodium chloride, carrot extract, silica dimethyl silylate, dipotassium glycyrrhizate, magnesium sulfate, ethylhexylglycerin, retinol, adenosine, disodium EDTA, gold, tocopherol, ascorbyl tetraisopalmitate, BHT, beta-carotene, ceramide NP",vitamin-c;retinol-cosmetic;ceramides;tranexamic-acid,,,,,,,,,,,,,brand_direct,true,https://us.laneige.com/products/perfect-renew-3x-signature-serum,/product-images/brand-direct/270284216.jpg
270284106,skin-protectant,Water Bank Gentle Gel Cleanser,Laneige,,"WATER / AQUA / EAU, GLYCERIN, LAURYL HYDROXYSULTAINE, SODIUM COCOYL ISETHIONATE, SODIUM METHYL COCOYL TAURATE, GLYCERYL STEARATE SE, CAPRYLYL/CAPRYL GLUCOSIDE, LAURYL BETAINE, SODIUM CHLORIDE, HYDROXYPROPYL STARCH PHOSPHATE, POLYGLYCERYL-6 CAPRYLATE, POLYGLYCERYL-4 CAPRATE, TRIHYDROXYSTEARIN, GLYCOL DISTEARATE, 1,2-HEXANEDIOL, POLYQUATERNIUM-7, CITRIC ACID, XANTHAN GUM, CETEARYL OLIVATE, SORBITAN OLIVATE, ALLANTOIN, HYDROLYZED HYALURONIC ACID, ARGININE, ASPARTIC ACID, GLUTAMIC ACID, SODIUM BENZOATE, PANTHENOL",hyaluronic-acid;panthenol,,,,,,,,,,,,,brand_direct,true,https://us.laneige.com/products/water-bank-gentle-gel-cleanser,/product-images/brand-direct/270284106.jpg
270284533,skin-protectant,Neo Blurring Powder,Laneige,,"SILICA, CAPRYLIC/CAPRIC TRIGLYCERIDE, DIMETHICONE/VINYL DIMETHICONE CROSSPOLYMER, METHICONE, WATER / AQUA / EAU, CHAMOMILLA RECUTITA (MATRICARIA) FLOWER WATER, ETHYLHEXYLGLYCERIN, GLYCERYL CAPRYLATE, BUTYLENE GLYCOL, MENTHA ARVENSIS LEAF EXTRACT, DIPOTASSIUM GLYCYRRHIZATE, 1,2-HEXANEDIOL, HYDROLYZED HYALURONIC ACID, HYDROLYZED CORN STARCH, PINUS DENSIFLORA LEAF EXTRACT, TOCOPHEROL, DISODIUM EDTA",hyaluronic-acid,,,,,,,,,,,,,brand_direct,true,https://us.laneige.com/products/neo-blurring-powder,/product-images/brand-direct/270284533.jpg
270284029,skin-protectant,Bouncy & Firm Lip Treatment,Laneige,,"HYDROGENATED POLY(C6-14 OLEFIN), HYDROGENATED POLYISOBUTENE, ETHYLENE/PROPYLENE/STYRENE COPOLYMER, CAPRYLIC/CAPRIC TRIGLYCERIDE, TOCOPHERYL ACETATE, SQUALANE, WATER / AQUA / EAU, STEARYL ALCOHOL, LITHOSPERMUM ERYTHRORHIZON ROOT EXTRACT, CETYL ALCOHOL, FRAGRANCE / PARFUM, BUTYLENE/ETHYLENE/STYRENE COPOLYMER, MYRISTYL ALCOHOL, HYDROGENATED OLIVE OIL CETYL ESTERS, ORYZA SATIVA (RICE) BRAN WAX, HYDROGENATED LECITHIN, BUTYLENE GLYCOL, CITRONELLOL, PENTAERYTHRITYL TETRA-DI-T-BUTYL HYDROXYHYDROCINNAMATE, MENTHOXYPROPANEDIOL, LINALOOL, 1,2-HEXANEDIOL, GERANIOL, LIMONENE, CHOLESTEROL, IRON OXIDES (CI 77492), HEXYL CINNAMAL, CERAMIDE NP, PROPANEDIOL, PALMITIC ACID, STEARIC ACID, GLYCINE MAX (SOYBEAN) POLYPEPTIDE, SODIUM HYALURONATE, ETHYLHEXYLGLYCERIN, DISODIUM EDTA, HYDROLYZED COLLAGEN, HYDROLYZED HYALURONIC ACID, SODIUM HYALURONATE CROSSPOLYMER, HYALURONIC ACID, PAEONIA ALBIFLORA ROOT EXTRACT, SODIUM ACETYLATED HYALURONATE, PAEONIA ALBIFLORA FLOWER EXTRACT",hyaluronic-acid;ceramides;squalane,,,,,,,,,,,,,brand_direct,true,https://us.laneige.com/products/bouncy-firm-lip-treatment,/product-images/brand-direct/270284029.jpg
270284032,skin-protectant,Bouncy & Firm Eye Sleeping Mask,Laneige,,"WATER / AQUA / EAU, GLYCERIN, SODIUM ACRYLATES CROSSPOLYMER-2, BUTYLENE GLYCOL, NIACINAMIDE, 1,2-HEXANEDIOL, PANTHENOL, POLYGLYCERIN-3, GLYCERYL POLYMETHACRYLATE, CAFFEINE, LACTOBACILLUS FERMENT LYSATE, ACRYLATES/C10-30 ALKYL ACRYLATE CROSSPOLYMER, PROPANEDIOL, XANTHAN GUM, DIPOTASSIUM GLYCYRRHIZATE, ETHYLHEXYLGLYCERIN, ADENOSINE, SODIUM METAPHOSPHATE, CAPRYLYL GLYCOL, TRYPTOPHAN, HYDROLYZED COLLAGEN, DEXTRIN, THEOBROMA CACAO (COCOA) EXTRACT, SODIUM HYALURONATE, CYANOCOBALAMIN, PAEONIA ALBIFLORA ROOT EXTRACT, TOCOPHEROL, HYDROLYZED HYALURONIC ACID, ACETYL TETRAPEPTIDE-2, SODIUM HYALURONATE CROSSPOLYMER, HYALURONIC ACID, PAEONIA ALBIFLORA FLOWER EXTRACT, SODIUM ACETYLATED HYALURONATE",niacinamide;hyaluronic-acid;panthenol,,,,,,,,,,,,,brand_direct,true,https://us.laneige.com/products/bouncy-firm-eye-sleeping-mask,/product-images/brand-direct/270284032.jpg
270283998,skin-protectant,Bouncy & Firm Sleeping Mask,Laneige,,"Water/Aqua/Eau, Butylene Glycol, Glycerin, Dimethicone, 1,2-Hexanediol, Squalane, Diisostearyl Malate, C12-16 Alcohols, Ammonium Acryloyldimethyltaurate/Beheneth-25 Methacrylate Crosspolymer, Cetearyl Alcohol, Palmitic Acid, Hydrogenated Lecithin, Dimethicone/Vinyl Dimethicone Crosspolymer, Sodium Polyacrylate Starch, Stearic Acid, Hydroxypropyl Bispalmitamide Mea, Mannitol, Lactobacillus Ferment Lysate, Propanediol, Ammonium Acryloyldimethyltaurate/Vp Copolymer, Cetearyl Glucoside, Xanthan Gum, Glyceryl Caprylate, Disodium Edta, Ethylhexylglycerin, Allantoin, Adenosine, Fragrance/Parfum, Acrylates/Ammonium Methacrylate Copolymer, Caprylyl Glycol, Carbomer, Cholesterol, Linalool, Silica, Malachite Extract, Citronellol, Geraniol, Hydroxycitronellal, Carthamus Tinctorius (Safflower) Flower Extract, Dextrin, Benzyl Salicylate, Cyanocobalamin, Hydrolyzed Collagen, Sodium Hyaluronate, Paeonia Albiflora Root Extract, Tocopherol, Hydrolyzed Hyaluronic Acid, Acetyl Tetrapeptide-2, Sodium Hyaluronate Crosspolymer, Hyaluronic Acid, Paeonia Albiflora Flower Extract, Sodium Acetylated Hyaluronate",hyaluronic-acid;squalane,,,,,,,,,,,,,brand_direct,true,https://us.laneige.com/products/bouncy-firm-sleeping-mask,/product-images/brand-direct/270283998.jpg
270284235,brightening-texture,Water Bank Blue Hyaluronic Cleansing Foam,Laneige,,"WATER / AQUA / EAU, GLYCERIN, MYRISTIC ACID, STEARIC ACIDPEG-32, POTASSIUM HYDROXIDE, PALMITIC ACID, LAURIC ACID, COCAMIDOPROPYL BETAINE, GLYCERYL STEARATE, PEG-100 STEARATE, MICROCRYSTALLINE CELLULOSE, FRAGRANCE / PARFUM, SODIUM CHLORIDE, DISODIUM EDTA, BUTYLENE GLYCOL, SODIUM BENZOATE, MENTHA ARVENSIS LEAF EXTRACT, HYDROLYZED HYALURONIC ACID, POLYCAPROLACTONE, TITANIUM DIOXIDE (CI 77891), PROPANEDIOL, 1, 2-HEXANEDIOL, LACTIC ACID, PEG-75, POLYQUATERNIUM-10, LACTIC ACID/GLYCOLIC ACID COPOLYMER, ETHYLHEXYLGLYCERIN, ALUMINUM HYDROXIDE, TRIETHOXYCAPRYLYLSILANE, LYCIUM CHINENSE FRUIT EXTRACT, PANTHENOL, PAPAIN, RUBUS IDAEUS (RASPBERRY) FRUIT EXTRACT, VACCINIUM ANGUSTIFOLIUM (BLUEBERRY) FRUIT EXTRACT, COFFEA ARABICA (COFFEE) SEED EXTRACT, SAPINDUS MUKOROSSI FRUIT EXTRACT, VACCINIUM MACROCARPON (CRANBERRY) FRUIT EXTRACT, FRAGARIA CHILOENSIS (STRAWBERRY) FRUIT EXTRACT, RUBUS CHAMAEMORUS SEED EXTRACT, PHENOXYETHANOL, UNDARIA PINNATIFIDA EXTRACT",hyaluronic-acid;glycolic-acid;panthenol;lactic-acid,,,,,,,,,,,,,brand_direct,true,https://us.laneige.com/products/water-bank-blue-hyaluronic-cleansing-foam,/product-images/brand-direct/270284235.jpg
270283633,skin-protectant,Water Bank Blue Hyaluronic Intensive Moisturizer,Laneige,,"Water/Aqua/Eau, Butylene Glycol, Cetearyl Alcohol, Glycerin, Hydrogenated Poly(C6-14 Olefin), Diethylhexyl Succinate, 1,2-Hexanediol, Glyceryl Stearate Se, Phytosteryl/Behenyl/Octyldodecyl Lauroyl Glutamate, Triolein, Glyceryl Stearate, Squalane, Methyl Trimethicone, Isononyl Isononanoate, Myristyl Myristate, C10-18 Triglycerides, Lactobacillus Ferment Lysate, Cetearyl Glucoside, Carbomer, Hydroxyethyl Acrylate/Sodium Acryloyldimethyl Taurate Copolymer, Sodium Stearoyl Glutamate, Tromethamine, Niacinamide, Sodium Metaphosphate, Glyceryl Caprylate, Propanediol, Ethylhexylglycerin, Ceramide Np, Fragrance / Parfum, Caprylyl Glycol, Hydrolyzed Hyaluronic Acid, Sorbitan Isostearate, Sodium Hyaluronate, Dextrin, Asiaticoside, Carthamus Tinctorius (Safflower) Flower Extract, Madecassic Acid, Asiatic Acid, Theobroma Cacao (Cocoa) Extract, Tocopherol, Sodium Hyaluronate Crosspolymer, Hyaluronic Acid, Vegetable Oil / Olus Oil / Huile Végétale, Adenium Obesum Leaf Cell Extract, Sodium Acetylated Hyaluronate, Acetyl Tetrapeptide-2, Undaria Pinnatifida Extract. For informational purposes only. While we endeavor to keep this ingredient list accurate, please be advised that our ingredient list may change. We recommend you refer to the ingredient list on the individual product package for the most up to date ingredient list",niacinamide;hyaluronic-acid;ceramides;squalane,,,,,,,,,,,,,brand_direct,true,https://us.laneige.com/products/water-bank-blue-hyaluronic-intensive-moisturizer,/product-images/brand-direct/270283633.jpg
270283464,skin-protectant,Water Bank Blue Hyaluronic Gel Moisturizer,Laneige,,"Water/Aqua/Eau, Propanediol, Glycerin, Limnanthes Alba (Meadowfoam) Seed Oil, Betaine, Behenyl Alcohol, 1,2-Hexanediol, Carbomer, Tromethamine, Jojoba Esters, Arachidyl Alcohol, Glyceryl Caprylate, Butylene Glycol, Ethylhexylglycerin, Disodium EDTA, Arachidyl Glucoside, Mentha Arvensis Leaf Extract, Fragrance/Parfum, Hydrolyzed Hyaluronic Acid, Malachite Extract, Aureobasidium Pullulans Ferment, Tocopherol, Undaria Pinnatifida Extract. While we endeavor to keep this ingredient list accurate, please be advised that our ingredient list may change. We recommend you refer to the ingredient list on the individual product package for the most up to date ingredient list",hyaluronic-acid,,,,,,,,,,,,,brand_direct,true,https://us.laneige.com/products/water-bank-blue-hyaluronic-gel-moisturizer,/product-images/brand-direct/270283464.jpg
270284501,skin-protectant,Water Bank Blue Hyaluronic Cream Moisturizer,Laneige,,"Water/Aqua/Eau, Glycerin, Butylene Glycol, Squalane, Dicaprylyl Ether, Polyglyceryl-3 Methylglucose Distearate, Methyl Trimethicone, Glyceryl Stearate, Pentaerythrityl Tetraethylhexanoate, 1,2-Hexanediol, Stearyl Dimethicone, Bis-Hydroxyethoxypropyl Dimethicone, Cetyl Alcohol, Lactobacillus Ferment Lysate, Caprylic/Capric/Myristic/Stearic Triglyceride, Palmitic Acid, Stearic Acid, Panthenol, Hydroxyethyl Acrylate/Sodium Acryloyldimethyl Taurate Copolymer, Propanediol, Acrylates/C10-30 Alkyl Acrylate Crosspolymer, Xanthan Gum, Glyceryl Caprylate, Dextrin, Tromethamine, Ethylhexylglycerin, Disodium EDTA, Sorbitan Isostearate, Allantoin, Hydrolyzed Hyaluronic Acid, Ceramide NP, Fragrance/Parfum, Beta-Glucan, Cholesterol, Mannitol, Tocopherol, Acetyl Tetrapeptide-11, Undaria Pinnatifida Extract",hyaluronic-acid;ceramides;squalane;panthenol,,,,,,,,,,,,,brand_direct,true,https://us.laneige.com/products/water-bank-blue-hyaluronic-cream-moisturizer,/product-images/brand-direct/270284501.jpg
270284210,brightening-texture,Water Bank Blue Hyaluronic Eye Cream,Laneige,,"Water/Aqua/Eau, Glycerin, Dimethicone, Butylene Glycol, Pentaerythrityl Tetraethylhexanoate, Dipropylene Glycol, Methyl Trimethicone, Glyceryl Polymethacrylate, Phenyl Trimethicone, Pca Dimethicone, Caprylyl Methicone, Hydrogenated Polyisobutene, Niacinamide, Polysilicone-11, 1,2-Hexanediol, Polysorbate 20, Cetearyl Alcohol, Propanediol, Caffeine, Glyceryl Stearate Citrate, Polyacrylate-13, Glyceryl Stearate, C14-22 Alcohols, Dimethiconol, Ammonium Acryloyldimethyltaurate/Vp Copolymer, Stearic Acid, Malpighia Emarginata (Acerola) Fruit Extract, Ammonium Acryloyldimethyltaurate/Beheneth-25 Methacrylate Crosspolymer, Polyisobutene, Palmitic Acid, Euterpe Oleracea Fruit Extract, Hydrogenated Lecithin, Cocos Nucifera (Coconut) Oil, Glyceryl Caprylate, Arachidyl Alcohol, C12-20 Alkyl Glucoside, Polyglyceryl-3 Methylglucose Distearate, Ethylhexylglycerin, Fragrance / Parfum, Sodium Hyaluronate, Behenyl Alcohol, Arachidyl Glucoside, Sorbitan Isostearate, Disodium Edta, Hydrolyzed Hyaluronic Acid, Beta-Glucan, Sodium Magnesium Silicate, Glucose, Myristic Acid, Lauric Acid, Glutathione, Tocopherol, Undaria Pinnatifida Extract",niacinamide;hyaluronic-acid,,,,,,,,,,,,,brand_direct,true,https://us.laneige.com/products/water-bank-blue-hyaluronic-acid-eye-cream,/product-images/brand-direct/270284210.jpg
270284105,skin-protectant,Water Bank Blue Hyaluronic Serum,Laneige,,"Water/Aqua/Eau, Butylene Glycol, Dipropylene Glycol, Glycerin, Squalane, 1,2-Hexanediol, Ammonium Acryloyldimethyltaurate/Vp Copolymer, Propanediol, Carbomer, Cetearyl Alcohol, Tromethamine, Polyglyceryl-3 Methylglucose Distearate, Dextrin, Hydrogenated Lecithin, Ethylhexylglycerin, Fragrance / Parfum, Glyceryl Stearate Citrate, Disodium Edta, Betaine, Hydrolyzed Hyaluronic Acid, Beta-Glucan, Xylitylglucoside, Anhydroxylitol, Xylitol, Lactobacillus Ferment Lysate, Glucose, Tocopherol, Magnesium Chloride, Tetradecyl Aminobutyroylvalylaminobutyric Urea Trifluoroacetate, Undaria Pinnatifida Extract.﻿For informational purposes only. While we endeavor to keep this ingredient list accurate, please be advised that our ingredient list may change. We recommend you refer to the ingredient list on the individual product package for the most up to date ingredient list",hyaluronic-acid;squalane,,,,,,,,,,,,,brand_direct,true,https://us.laneige.com/products/water-bank-blue-hyaluronic-serum,/product-images/brand-direct/270284105.jpg
270284236,skin-protectant,Water Bank Blue Hyaluronic Exfoliating Toner,Laneige,,"WATER / AQUA / EAU, BUTYLENE GLYCOL, DIPROPYLENE GLYCOL, 12-HEXANEDIOL, BETAINE, TREHALOSE, DIETHOXYETHYL SUCCINATE, PPG-13-DECYLTETRADECETH-24, XANTHAN GUM, ETHYLHEXYLGLYCERIN, FRAGRANCE / PARFUM, MENTHA ARVENSIS LEAF EXTRACT, DISODIUM EDTA, HYDROLYZED HYALURONIC ACID, PROPANEDIOL, GLUCONOLACTONE, AUREOBASIDIUM PULLULANS FERMENT, LACTOBACILLUS/SOYBEAN FERMENT EXTRACT, YEAST FERMENT EXTRACT, TOCOPHEROL, UNDARIA PINNATIFIDA EXTRACT. ﻿For informational purposes only. While we endeavor to keep this ingredient list accurate, please be advised that our ingredient list may change. We recommend you refer to the ingredient list on the individual product package for the most up to date ingredient list",hyaluronic-acid,,,,,,,,,,,,,brand_direct,true,https://us.laneige.com/products/water-bank-blue-hyaluronic-exfoliating-toner,/product-images/brand-direct/270284236.jpg
270282508,brightening-texture,Radian-C Cream,Laneige,,"Water/Aqua/Eau, 3-O-Ethyl Ascorbic Acid, Glycerin, Cetearyl Alcohol, Caprylic/Capric Triglyceride, Propanediol, Methyl Trimethicone, Hydrogenated Poly(C6-14 Olefin), Pentaerythrityl Tetraethylhexanoate, Cetearyl Olivate, Potassium Cetyl Phosphate, 1,2 Hexanediol, Sorbitan Olivate, Hydroxyethyl Acrylate/Sodium Acryloyldimethyl Taurate Copolymer, Limonene, Polymethyl Methacrylate, Ammonium Acryloyldimethyltaurate/Beheneth-25 Methacrylate Crosspolymer, Citric Acid, Fragrance/Parfum, Thymol Trimethoxycinnamate, Disodium EDTA, Ethylhexylglycerin, Sorbitan Isostearate, Sodium Citrate, Linalool, Tocopherol, Madecassoside, Citral, Geraniol",vitamin-c,,,,,,,,,,,,,brand_direct,true,https://us.laneige.com/products/radian-c-cream,/product-images/brand-direct/270282508.jpg
CL22610T,skin-protectant,The Kissu Lip Mask Japanese Maple Red,Tatcha,,"TRIISOSTEARIN, POLYGLYCERYL-2 TRIISOSTEARATE, SQUALANE, DEXTRIN PALMITATE, VP/HEXADECENE COPOLYMER, SILICA, DEXTRIN PALMITATE/ETHYLHEXANOATE, SACCHAROMYCES/RICE FERMENT FILTRATE, CAMELLIA SINENSIS LEAF EXTRACT, CLADOSIPHON OKAMURANUS EXTRACT, CAMELLIA JAPONICA SEED OIL, PRUNUS PERSICA (PEACH) JUICE, CITRUS UNSHIU PEEL EXTRACT, PRUNUS PERSICA (PEACH) KERNEL EXTRACT, PRUNUS PERSICA (PEACH) LEAF EXTRACT, PROPANEDIOL, AQUA/WATER/EAU, BUTYLENE GLYCOL, ALLANTOIN, PYRIDOXINE HCL, STEARYL GLYCYRRHETINATE, PARFUM/FRAGRANCE, TOCOPHEROL, ALUMINUM HYDROXIDE, LAUROYL LYSINE, ETHYLHEXYLGLYCERIN, PHENOXYETHANOL, LIMONENE, CITRUS AURANTIUM PEEL OIL, CITRUS AURANTIUM BERGAMIA PEEL OIL, LINALYL ACETATE, PINENE, LINALOOL, IRON OXIDES (CI 77491), RED 7 (CI 15850), IRON OXIDES (CI 77499), IRON OXIDES (CI 77492), TITANIUM DIOXIDE (CI 77891)",squalane,,,,,,,,,,,,,brand_direct,true,https://tatcha.com/products/the-kissu-lip-mask-japanese-maple-red,/product-images/brand-direct/cl22610t.jpg
CL22310T,skin-protectant,The Melting Lip Balm,Tatcha,,"POLYBUTENE, CAPRYLIC/CAPRIC TRIGLYCERIDE, DIISOSTEARYL MALATE, POLYGLYCERYL-2 TRIISOSTEARATE, DEXTRIN PALMITATE, DIPHENYL DIMETHICONE, ISOHEXADECANE, JOJOBA ESTERS, SYNTHETIC WAX, DICTYOPTERIS POLYPODIOIDES EXTRACT, CALOPHYLLUM INOPHYLLUM SEED OIL, SODIUM HYALURONATE, LINOLEIC ACID, OLEIC ACID, ETHYLENE/PROPYLENE/STYRENE COPOLYMER, PALMITIC ACID, BUTYLENE/ETHYLENE/STYRENE COPOLYMER, STEARIC ACID, LINOLENIC ACID, TRIPEPTIDE-1, XANTHAN GUM, GLYCERYL DIISOSTEARATE, PARFUM/FRAGRANCE, SIMETHICONE, TOCOPHEROL, PENTAERYTHRITYL TETRA-DI-T-BUTYL HYDROXYHYDROCINNAMATE, LIMONENE, CITRUS AURANTIUM PEEL OIL, CITRUS AURANTIUM BERGAMIA PEEL OIL, LINALYL ACETATE, PINENE, LINALOOL, ETHYLHEXYLGLYCERIN, ALUMINUM HYDROXIDE, PHENOXYETHANOL, [+/- (MAY CONTAIN/PEUT CONTENIR/PUÒ CONTENERE/MOŻE ZAWIERAĆ): TITANIUM DIOXIDE (CI 77891), IRON OXIDES (CI 77491), IRON OXIDES (CI 77492), IRON OXIDES (CI 77499), RED 7 LAKE (CI 15850), YELLOW 5 LAKE (CI 19140), BLUE 1 LAKE (CI 42090)]",hyaluronic-acid,,,,,,,,,,,,,brand_direct,true,https://tatcha.com/products/the-melting-lip-balm,/product-images/brand-direct/cl22310t.jpg
CA11010T,brightening-texture,The Longevity Memory Cream,Tatcha,,"Aqua/water/eau, Glycerin, Butylene Glycol, Dimethicone, Niacinamide, Pentylene Glycol, Glycereth-26, Phytosteryl/octyldodecyl Lauroyl Glutamate, Betaine, Peg-240/hdi Copolymer Bis-decyltetradeceth-20 Ether, Dipropylene Glycol, Caprylic/capric/myristic/stearic Triglyceride, Saccharomyces/rice Ferment Filtrate, Camellia Sinensis Leaf Extract, Cladosiphon Okamuranus Extract, Morinda Citrifolia Fruit Juice, Alpinia Speciosa Leaf Extract, Psidium Guajava Leaf Extract, Citrus Depressa Peel Extract, Saccharomyces Lysate Extract, Ricinus Communis (Castor) Seed Oil, Propanediol, Triethylhexanoin, Sodium Stearoyl Glutamate, Acrylates/c10-30 Alkyl Acrylate Crosspolymer, Arginine, Tocopherol, Dipotassium Glycyrrhizate, Sodium Phosphate, Caprylyl Glycol, Nonapeptide-1, Parfum/fragrance, Ethylhexylglycerin, Potassium Hydroxide, Potassium Laurate, Disodium Phosphate, Hydroxypropyltrimonium Hyaluronate, Phenoxyethanol, Citral, Citrus Aurantium Bergamia Peel Oil, Citrus Limon Peel Oil, Limonene, Linalool, Linalyl Acetate, Pinene, Terpineol, Turpentine, Silica, Iron Oxides (Ci 77491)",niacinamide,,,,,,,,,,,,,brand_direct,true,https://tatcha.com/products/the-longevity-cream,/product-images/brand-direct/ca11010t.jpg
CA07011T,skin-protectant,Ageless Revitalizing Neck Cream,Tatcha,,"AQUA/WATER/EAU, SACCHAROMYCES/CAMELLIA SINENSIS LEAF/CLADOSIPHON OKAMURANUS/RICE FERMENT FILTRATE*, SQUALANE, PROPANEDIOL, GLYCERIN, CYCLOPENTASILOXANE, BEHENYL ALCOHOL, MYRISTYL MYRISTATE, BEESWAX, GLYCERYL STEARATE, SILICA, HYDROXYPROPYL METHYLCELLULOSE, CENTAUREA CYANUS FLOWER EXTRACT, PAEONIA ALBIFLORA ROOT EXTRACT, PASSIFLORA EDULIS FRUIT EXTRACT, MELISSA OFFICINALIS LEAF EXTRACT, CYNARA SCOLYMUS (ARTICHOKE) LEAF EXTRACT, ROSA DAMASCENA FLOWER EXTRACT, CAMELLIA JAPONICA SEED OIL, CHONDRUS CRISPUS EXTRACT, PORPHYRIDIUM CRUENTUM EXTRACT, INOSITOL, 3-LAURYLGLYCERYL ASCORBATE, TOCOPHERYL ACETATE, SODIUM HYALURONATE, PULLULAN, ISOSTEARIC ACID, BUTYLENE GLYCOL, SODIUM DILAURAMIDOGLUTAMIDE LYSINE, CAPRYLIC/CAPRIC/MYRISTIC/STEARIC TRIGLYCERIDE, SODIUM ACRYLATE/ACRYLOYLDIMETHYLTAURATE/DIMETHYLACRYLAMIDE CROSSPOLYMER, ETHYL LINOLEATE, DISODIUM EDTA, 1,2-HEXANEDIOL, CAPRYLYL GLYCOL, ETHYLHEXYLGLYCERIN, STEARYL ALCOHOL, GLUCONOLACTONE, PARFUM/FRAGRANCE, TOCOPHEROL, SODIUM BENZOATE, PHENOXYETHANOL, CITRAL, CITRUS AURANTIUM BERGAMIA PEEL OIL, CITRUS LIMON PEEL OIL, JUNIPERUS VIRGINIANA OIL, LAVANDULA OIL/EXTRACT, LIMONENE, LINALOOL, LINALYL ACETATE, PINENE",hyaluronic-acid;squalane,,,,,,,,,,,,,brand_direct,true,https://tatcha.com/products/ageless-revitalizing-neck-cream,/product-images/brand-direct/ca07011t.jpg
CA08211T,skin-protectant,Indigo Overnight Repair,Tatcha,,"AQUA/WATER/EAU, DIMETHICONE, DIGLYCERIN, SACCHAROMYCES/RICE FERMENT FILTRATE, GLYCERIN, DIPHENYLSILOXY PHENYL TRIMETHICONE, BUTYLENE GLYCOL, NEOPENTYL GLYCOL DIETHYLHEXANOATE, DIISOSTEARYL MALATE, PEG-10 DIMETHICONE, DISTEARDIMONIUM HECTORITE, PROPANEDIOL, OPHIOPOGON JAPONICUS ROOT EXTRACT, POLYGONUM TINCTORIUM LEAF/STEM EXTRACT, SARGASSUM VULGARE EXTRACT, SACCHAROMYCES FERMENT FILTRATE, SALVIA MILTIORRHIZA ROOT EXTRACT, CAMELLIA SINENSIS LEAF EXTRACT, CLADOSIPHON OKAMURANUS EXTRACT, SODIUM HYALURONATE, PHYTOSTEROLS, CERAMIDE NG, HYDROGENATED LECITHIN, PALMITIC ACID, LINOLEIC ACID, LAURYL PEG-9 POLYDIMETHYLSILOXYETHYL DIMETHICONE, CETYL ALCOHOL, MALTODEXTRIN, MAGNESIUM SULFATE, TOCOPHEROL, ETHYLHEXYLGLYCERIN, PHENOXYETHANOL",hyaluronic-acid;ceramides,,,,,,,,,,,,,brand_direct,true,https://tatcha.com/products/indigo-overnight-repair-serum,/product-images/brand-direct/ca08211t.jpg
CA10010T,skin-protectant,The Dewy Milk Moisturizer,Tatcha,,"Aqua/water/eau, Saccharomyces/rice Ferment Filtrate, Glycerin, Dimethicone, Squalane, Diisostearyl Malate, Propanediol, Solanum Lycopersicum (Tomato) Seed Oil, Dipentaerythrityl Hexahydroxystearate, Bis-diglyceryl Polyacyladipate-2, Pentylene Glycol, Tridecyl Trimellitate, Peg-60 Glyceryl Isostearate, Inositol, Camellia Sinensis Leaf Extract, Cladosiphon Okamuranus Extract, Chondrus Crispus Extract, Hydrolyzed Sodium Hyaluronate, Zinc Hydrolyzed Hyaluronate, Epigallocatechin Gallatyl Glucoside, Sodium Hyaluronate, Oryza Sativa (Rice) Bran Extract, Ammonium Acryloyldimethyltaurate/vp Copolymer, Dimethicone/vinyl Dimethicone Crosspolymer, Acrylates/c10-30 Alkyl Acrylate Crosspolymer, Arginine, Tocopherol, Butylene Glycol, Gluconolactone, T-butyl Alcohol, Ethylhexylglycerin, Parfum/fragrance, Citrus Aurantium Bergamia Peel Oil, Citrus Limon Peel Oil, Limonene, Linalool, Linalyl Acetate, Pinene, Sodium Benzoate, Phenoxyethanol, Violet 2 (Ci 60725)",hyaluronic-acid;squalane,,,,,,,,,,,,,brand_direct,true,https://tatcha.com/products/the-dewy-milk-moisturizer,/product-images/brand-direct/ca10010t.jpg
CC03014T,skin-protectant,The Rice Wash,Tatcha,,"AQUA/WATER/EAU, MICROCRYSTALLINE CELLULOSE, PROPANEDIOL, SODIUM COCOYL GLUTAMATE, GLYCERIN, ACRYLATES COPOLYMER, SODIUM CAPROYL METHYLTAURATE, COCO-BETAINE, PARFUM/FRAGRANCE, SACCHAROMYCES/CAMELLIA SINENSIS LEAF/CLADOSIPHON OKAMURANUS/RICE FERMENT FILTRATE*, ORYZA SATIVA (RICE) POWDER, CHONDRUS CRISPUS EXTRACT, SODIUM HYALURONATE, BETAPHYCUS GELATINUM EXTRACT, LAURYL GLUCOSIDE, POTASSIUM HYDROXIDE, POLYQUATERNIUM-39, SODIUM CARBONATE, GLUCONOLACTONE, CITRUS AURANTIUM BERGAMIA PEEL OIL, CITRUS LIMON PEEL OIL, LAVANDULA OIL/EXTRACT, LIMONENE, LINALOOL, LINALYL ACETATE, PINENE, PHENOXYETHANOL, ETHYLHEXYLGLYCERIN, SODIUM BENZOATE, ALCOHOL",hyaluronic-acid,,,,,,,,,,,,,brand_direct,true,https://tatcha.com/products/rice-wash-soft-cream-cleanser,/product-images/brand-direct/cc03014t.jpg
CA06310T,skin-protectant,The Dewy Skin Cream,Tatcha,,"Aqua/water/eau, Saccharomyces/rice Ferment Filtrate, Glycerin, Propanediol, Dimethicone, Squalane, Diisostearyl Malate, Behenyl Alcohol, Myristyl Myristate, Dipentaerythrityl Hexahydroxystearate, Bis-diglyceryl Polyacyladipate-2, Tridecyl Trimellitate, Inositol, Sorbitan Tristearate, Beheneth-20, Camellia Sinensis Leaf Extract, Cladosiphon Okamuranus Extract, Chondrus Crispus Extract, Betaphycus Gelatinum Extract, Oryza Sativa (Rice) Bran Extract, Panax Ginseng Root Extract, Origanum Majorana Leaf Extract, Thymus Serpyllum Extract, Malva Sylvestris (Mallow) Flower Extract, Sodium Hyaluronate, Gold, Sericin, Phytosteryl Macadamiate, Tocopherol, Hydroxyethyl Acrylate/sodium Acryloyldimethyl Taurate Copolymer, Sorbitan Isostearate, Polysorbate 60, Butylene Glycol, Dimethicone/vinyl Dimethicone Crosspolymer, Sodium Benzoate, Gluconolactone, Ethylhexylglycerin, Parfum/fragrance, Alcohol, Phenoxyethanol, Citral, Limonene, Linalool, Mica, Tin Oxide, Titanium Dioxide (Ci 77891), Violet 2 (Ci 60725)",hyaluronic-acid;squalane,,,,,,,,,,,,,brand_direct,true,https://tatcha.com/products/the-dewy-skin-cream,/product-images/brand-direct/ca06310t.jpg
CL21710T,skin-protectant,The Kissu Lip Mask,Tatcha,,"Triisostearin, Polyglyceryl-2 Triisostearate, Squalane, Dextrin Palmitate, Vp/Hexadecene Copolymer, Silica, Dextrin Palmitate/Ethylhexanoate, Camellia Japonica Seed Oil, Prunus Persica (Peach) Kernel Extract, Prunus Persica (Peach) Juice, Prunus Persica (Peach) Leaf Extract, Citrus Unshiu Peel Extract, Saccharomyces/Rice Ferment Filtrate, Camellia Sinensis Leaf Extract, Cladosiphon Okamuranus Extract, Allantoin, Stearyl Glycyrrhetinate, Tocopherol, Pyridoxine Hcl, Aqua/Water/Eau, Propanediol, Butylene Glycol, Ethylhexylglycerin, Parfum/Fragrance, Phenoxyethanol, Limonene, Linalool, Iron Oxides (Ci 77491)",squalane,,,,,,,,,,,,,brand_direct,true,https://tatcha.com/products/the-kissu-lip-mask,/product-images/brand-direct/cl21710t.jpg
CA05310T,skin-protectant,The Water Cream,Tatcha,,"Aqua/water/eau, Saccharomyces/rice Ferment Filtrate, Dimethicone, Propanediol, Glycerin, Diglycerin, Diphenylsiloxy Phenyl Trimethicone, Camellia Sinensis Leaf Extract, Cladosiphon Okamuranus Extract, Peg-9 Polydimethylsiloxyethyl Dimethicone, Gold, Belamcanda Chinensis Root Extract, Rosa Multiflora Fruit Extract, Houttuynia Cordata Extract, Sophora Angustifolia Root Extract, Sodium Hyaluronate, Lecithin, Pistacia Lentiscus (Mastic) Gum, Sodium Chloride, Sodium Citrate, Mica, Tin Oxide, Dimethicone/peg-10/15 Crosspolymer, Dimethicone/phenyl Vinyl Dimethicone Crosspolymer, Tocopherol, Butylene Glycol, Ethylhexylglycerin, Dipropylene Glycol, Parfum/fragrance, Alcohol, Phenoxyethanol, Limonene, Linalool, Citral, Titanium Dioxide (Ci 77891)",hyaluronic-acid,,,,,,,,,,,,,brand_direct,true,https://tatcha.com/products/the-water-cream-lightweight-moisturizer,/product-images/brand-direct/ca05310t.jpg
CJ02110T,skin-protectant,Luminous Deep Hydration Firming Eye Serum,Tatcha,,"Aqua/Water/Eau, Glycerin, Propanediol, Peg-400, Inositol, Dipentaerythrityl Hexahydroxystearate, Squalane, Sericin, Camellia Sinensis Leaf Extract, Origanum Majorana Leaf Extract, Panax Ginseng Root Extract, Lonicera Japonica (Honeysuckle) Leaf Extract, Stearyl Glycyrrhetinate, Caffeine, Royal Jelly Extract, Thymus Serpyllum Extract, Gold, Algae Extract, Hydrolyzed Hyaluronic Acid, Persea Gratissima (Avocado) Oil, Prunus Armeniaca (Apricot) Kernel Oil, Rosa Canina Fruit Oil, Helianthus Annuus (Sunflower) Seed Oil, Hydrogenated Lecithin, Sodium Hyaluronate Crosspolymer, Glycosyl Trehalose, Hydrogenated Starch Hydrolysate, Potassium Hydroxide, Sodium Dilauramidoglutamide Lysine, Natto Gum, Xanthan Gum, Disodium Edta, Sorbitan Stearate, Dimethicone, Carbomer, Mica, Tin Oxide, Titanium Dioxide, Butylene Glycol, Pentylene Glycol, Sodium Chloride, Hydroxyacetophenone, Disodium Phosphate, Sodium Phosphate, Ethylhexylglycerin, Behenyl Alcohol, Alcohol, Phenoxyethanol",hyaluronic-acid;squalane,,,,,,,,,,,,,brand_direct,true,https://tatcha.com/products/luminous-deep-hydration-firming-eye-serum,/product-images/brand-direct/cj02110t.jpg
CM04210T,skin-protectant,Indigo Soothing Hand Cream,Tatcha,,"Aqua/water/eau, Saccharomyces/rice Ferment Filtrate, Squalane, Glycerin, Propanediol, Dimethicone, Myristyl Myristate, Behenyl Alcohol, Diisostearyl Malate, Caprylic/capric/myristic/stearic Triglyceride, Parfum/fragrance, Hydroxyethyl Acrylate/sodium Acryloyldimethyl Taurate Copolymer, Oryza Sativa (Rice) Bran Wax, Sorbitan Tristearate, Beheneth-20, Inositol, Colloidal Oatmeal, Hydrolyzed Gardenia Florida Extract, Polygonum Tinctorium Leaf/stem Extract, Camellia Sinensis Leaf Extract, Cladosiphon Okamuranus Extract, Oryza Sativa (Rice) Germ Oil, Stearyl Glycyrrhetinate, Sericin, Sodium Dilauramidoglutamide Lysine, Sorbitan Isostearate, Butylene Glycol, Polysorbate 60, Synthetic Fluorphlogopite, Dextrin, Tocopherol, Ethylhexylglycerin, Phenoxyethanol, Citral, Limonene, Linalool",squalane,,,,,,,,,,,,,brand_direct,true,https://tatcha.com/products/indigo-soothing-hand-cream,/product-images/brand-direct/cm04210t.jpg
CG01212T,skin-protectant,Luminous Dewy Skin Mist,Tatcha,,"Aqua/water/eau, Glycerin, Squalane, Propanediol, Dimethicone, Triethylhexanoin, Polyglyceryl-2 Diisostearate, Ppg-5-ceteth-10 Phosphate, Saccharomyces/rice Ferment Filtrate, Camellia Sinensis Leaf Extract, Cladosiphon Okamuranus Extract, Camellia Japonica Seed Oil, Sodium Hyaluronate, Sericin, Glycyrrhiza Glabra (Licorice) Root Extract, Oryza Sativa (Rice) Germ Oil, Chondrus Crispus Extract, Panax Ginseng Root Extract, Royal Jelly Extract, Ziziphus Jujuba Fruit Extract, Thymus Serpyllum Extract, Scutellaria Baicalensis Root Extract, Tocopherol, Trideceth-12, Sodium Lauroyl Lactylate, Sorbitan Stearate, Ethylhexylglycerin, Behenyl Alcohol, Glyceryl Stearate Se, Sodium Benzoate, Gluconolactone, Parfum/fragrance, Alcohol, Phenoxyethanol, Limonene, Linalool",hyaluronic-acid;squalane,,,,,,,,,,,,,brand_direct,true,https://tatcha.com/products/luminous-dewy-skin-mist,/product-images/brand-direct/cg01212t.jpg
CA03410T,skin-protectant,The Silk Cream,Tatcha,,"Saccharomyces/rice Ferment Filtrate, Aqua/water/eau, Glycerin, Propanediol, Dimethicone, Squalane, Isononyl Isononanoate, Inositol, Stearic Acid, Sorbitan Stearate, Behenyl Alcohol, Caprylic/capric Triglyceride, Parfum/fragrance, Camellia Sinensis Leaf Extract, Cladosiphon Okamuranus Extract, Sericin, Hydrolyzed Silk, Rosa Damascena Flower Extract, Oryza Sativa (Rice) Germ Oil, Panax Ginseng Root Extract, Royal Jelly Extract, Thymus Serpyllum Extract, Hydrogenated Lecithin, Polyglyceryl-2 Triisostearate, Batyl Alcohol, Ethylhexylglycerin, Arginine, Bis-behenyl/isostearyl/phytosteryl Dimer Dilinoleyl Dimer Dilinoleate, Carbomer, 1,2-hexanediol, Caprylyl Glycol, Xanthan Gum, Biosaccharide Gum-1, Tocopherol, Sodium Hyaluronate, Alcohol, Phenoxyethanol, Citral, Limonene, Linalool",hyaluronic-acid;squalane,,,,,,,,,,,,,brand_direct,true,https://tatcha.com/products/the-silk-cream-line-smoothing-firming-moisturizer,/product-images/brand-direct/ca03410t.jpg
CB01210T,skin-protectant,The Silk Canvas,Tatcha,,"Dimethicone, Aqua/water/eau, Glycerin, Saccharomyces/rice Ferment Filtrate, Hdi/trimethylol Hexyllactone Crosspolymer, Propanediol, Ceresin, Squalane, Synthetic Fluorphligopite, Dimethicone/peg-10/15 Crosspolymer, Parfum/fragrance, Serica/silk Powder/poudre De Soie, Caesalpinia Spinosa Fruit Extract, Camellia Sinensis Leaf Extract, Cladosiphon Okamuranus Extract, Kappaphycus Alvarezii Extract, Hydrolyzed Silk, Sericin, Tocopherol, Biosaccharide Gum-4, Peg/ppg-18/18 Dimethicone, Dimethicone/vinyl Dimethicone Crosspolymer, Peg-9 Polydimethylsiloxyethyl Dimethicone, Polyglyceryl-2 Diisostearate, Distearyldimonium Chloride, Trimethylsiloxysilicate, Silica, Zinc Stearate, Yeast Extract, Aluminum Hydroxide, Ethylhexylglycerin, Dipropylene Glycol, 1,2-hexanediol, Caprylyl Glycol, Sodium Citrate, Stearic Acid, Phenoxyethanol, Isopropyl Alcohol, Limonene, Linalool, Citral, Titanium Dioxide (Ci 77891), Tin Oxide (Ci 77861), Iron Oxides (Ci 77491)",squalane,,,,,,,,,,,,,brand_direct,true,https://tatcha.com/products/the-silk-canvas-filter-finish-protective-primer,/product-images/brand-direct/cb01210t.jpg
CA01010T,skin-protectant,Ageless Enriching Renewal Cream,Tatcha,,"AQUA/WATER/EAU, GLYCERIN, PROPANEDIOL, XYLITOL, SQUALANE, DIISOSTEARYL MALATE, CYCLOPENTASILOXANE, MYRISTYL MYRISTATE, BEHENYL ALCOHOL, MICROCRYSTALLINE WAX, DIPENTAERYTHRITYL HEXAHYDROXYSTEARATE, CAMELLIA JAPONICA SEED OIL, INOSITOL, CAMELLIA SINENSIS LEAF EXTRACT, PAEONIA ALBIFLORA ROOT EXTRACT, GARDENIA JASMINOIDES FRUIT EXTRACT, ARTEMISIA PRINCEPS LEAF EXTRACT, CHONDRUS CRISPUS EXTRACT, MALVA SYLVESTRIS (MALLOW) FLOWER EXTRACT, BEHENETH-20, SORBITAN TRISTEARATE, DIMETHICONE, ETHYLHEXYLGLYCERIN, DIMETHICONE/VINYL DIMETHICONE CROSSPOLYMER, PARFUM/FRAGRANCE, DISODIUM EDTA, SILICA, SODIUM HYALURONATE, SODIUM ACRYLATE/ACRYLOYLDIMETHYLTAURATE/DIMETHYLACRYLAMIDE CROSSPOLYMER, GLUCONOLACTONE, TOCOPHEROL, ALCOHOL, SODIUM BENZOATE, POTASSIUM SORBATE, PHENOXYETHANOL, BHT, CITRUS AURANTIUM BERGAMIA PEEL OIL, CITRUS LIMON PEEL OIL, LAVANDULA OIL/EXTRACT, LIMONENE, LINALOOL, LINALYL ACETATE, PINENE, IRON OXIDES (CI 77491)",hyaluronic-acid;squalane,,,,,,,,,,,,,brand_direct,true,https://tatcha.com/products/ageless-enriching-renewal-cream,/product-images/brand-direct/ca01010t.jpg
CL21110T,skin-protectant,The Kissu Lip Treatment,Tatcha,,"Caprylic/Capric Triglyceride, Aqua/Water/Eau, Polyglyceryl-6 Polyricinoleate, Dipentaerythrityl Tri-Polyhydroxystearate, Saccharomyces/Rice Ferment Filtrate, Dipentaerythrityl Hexahydroxystearate, Dipropylene Glycol, Glycerin, Polyglyceryl-4 Oleate, Disteardimonium Hectorite, Pentylene Glycol, Polyglyceryl-6 Oleate, Polyhydroxystearic Acid, Sodium Citrate, Propanediol, Hydrolyzed Silk, Ceratonia Siliqua (Carob) Fruit Extract, Sodium Hyaluronate, Camellia Sinensis Leaf Extract, Dictyopteris Polypodioides Extract, Undaria Pinnatifida Extract, Cladosiphon Okamuranus Extract, Tocopherol, Glyceryl Diisostearate/Hydrogenated Rosinate, Citric Acid, Diisostearyl Malate, Caprylyl Glycol, Glyceryl Diisostearate, Ethylhexylglycerin, 1,2-Hexanediol, Phenoxyethanol, Iron Oxides (Ci 77491), Iron Oxides (Ci 77492), Red 30 Lake (Ci 73360)",hyaluronic-acid,,,,,,,,,,,,,brand_direct,true,https://tatcha.com/products/the-kissu-lip-treatment-restoring-serum,/product-images/brand-direct/cl21110t.jpg
CJ03210T,skin-protectant,The Silk Peony,Tatcha,,"Saccharomyces/rice Ferment Filtrate, Aqua/water/eau, Glycerin, Propanediol, Squalane, Dimethicone, Behenyl Alcohol, Myristyl Myristate, Glyceryl Stearate Se, Cera Alba/beeswax/cire D’abeille, Inositol, Whey Protein, Silica, Caprylic/capric/myristic/stearic Triglyceride, Camellia Sinensis Leaf Extract, Cladosiphon Okamuranus Extract, Paeonia Albiflora Flower Extract, Hydrolyzed Silk, Sericin, Geranium Robertianum Extract, Chondrus Crispus Extract, Yeast Ferment Extract, Sargassum Vulgare Extract, Sodium Hyaluronate, Isostearic Acid, Sodium Stearoyl Glutamate, Sodium Polyacrylate Starch, Stearyl Alcohol, Sorbitan Isostearate, Polysorbate 60, Tocopheryl Acetate, Tocopherol, Hydroxyethyl Acrylate/sodium Acryloyldimethyl Taurate Copolymer, Sodium Benzoate, Gluconolactone, Butylene Glycol, Ethylhexylglycerin, Parfum/fragrance, Phenoxyethanol, Citral, Limonene, Linalool, Mica, Tin Oxide, Titanium Dioxide (Ci 77891)",hyaluronic-acid;squalane,,,,,,,,,,,,,brand_direct,true,https://tatcha.com/products/the-silk-peony-line-smoothing-eye-cream,/product-images/brand-direct/cj03210t.jpg
CM03210T,skin-protectant,Indigo Body Butter,Tatcha,,"Aqua/water/eau, Saccharomyces/rice Ferment Filtrate, Glycerin, Squalane, Propanediol, Dimethicone, Diisostearyl Malate, Myristyl Myristate, Behenyl Alcohol, Dipentaerythrityl Hexahydroxystearate, Parfum/fragrance, Cera Alba/beeswax/cire D’abeille, Sorbitan Tristearate, Beheneth-20, Inositol, Colloidal Oatmeal, Hydrolyzed Gardenia Florida Extract, Polygonum Tinctorium Leaf/stem Extract, Camellia Sinensis Leaf Extract, Cladosiphon Okamuranus Extract, Oryza Sativa (Rice) Germ Oil, Stearyl Glycyrrhetinate, Sericin, Betaphycus Gelatinum Extract, Sodium Dilauramidoglutamide Lysine, Sodium Polyacrylate Starch, Dimethicone/vinyl Dimethicone Crosspolymer, Hydroxyethyl Acrylate/sodium Acryloyldimethyl Taurate Copolymer, Sorbitan Isostearate, Butylene Glycol, Polysorbate 60, Synthetic Fluorphlogopite, Dextrin, Tocopherol, Alcohol, Ethylhexylglycerin, Phenoxyethanol, Citral, Limonene, Linalool",squalane,,,,,,,,,,,,,brand_direct,true,https://tatcha.com/products/indigo-body-butter,/product-images/brand-direct/cm03210t.jpg
CL20811T,skin-protectant,Camellia Gold Spun Lip Balm,Tatcha,,"Squalane (Olive Origin), Dimer Dilinoleyl Dimer Dilinoleate, Dextrin Palmitate, Fragrance (Natural), Dextrin Palmitate/Ethylhexanoate, Polyglyceryl-10 Pentaisostearate, Oryza Sativa (Rice) Germ Oil, Camellia Japonica Seed Oil, Water, Stearyl Glycyrrhetinate (Licorice Extract), Oryzanol (Rice Bran Oil Extract), Hydrogenated Lecithin (Soy Origin), Inositol (Rice Extract), Camellia Sinensis (Green Tea) Leaf Extract, Alcohol, Glycerin, Algae Extract, Gold",squalane,,,,,,,,,,,,,brand_direct,true,https://tatcha.com/products/camellia-gold-spun-lip-balm,/product-images/brand-direct/cl20811t.jpg
CJ04010T,brightening-texture,The Brightening Eye Cream,Tatcha,,"Aqua/water/eau, Squalane, Saccharomyces/rice Ferment Filtrate, Hydrogenated Rice Bran Oil, Glycerin, C15-19 Alkane, Propanediol, Behenic Acid, Ascorbyl Glucoside, Butylene Glycol, Behenyl Alcohol, Dipentaerythrityl Hexahydroxystearate, Glyceryl Stearate Se, Glyceryl Stearate, Beheneth-20, Dimer Dilinoleyl Dimer Dilinoleate, Camellia Sinensis Leaf Extract, Cladosiphon Okamuranus Extract, Angelica Acutiloba Root Extract, Prunus Mume Fruit Extract, Niacinamide, Sodium Hyaluronate, Ferulic Acid, Saccharomyces Cerevisiae Extract, Bacillus Ferment, Lecithin, Synthetic Fluorphlogopite, Lysolecithin, Sodium Stearoyl Glutamate, Lysine Carboxymethyl Cysteinate, Xanthan Gum, Stearyl Glycyrrhetinate, Caprylyl Glycol, 1,2-hexanediol, Caprylhydroxamic Acid, Tocopheryl Acetate, Glyceryl Caprylate, Tocopherol, Potassium Hydroxide, Phytic Acid, Silica, Ethylhexylglycerin, Phenoxyethanol, Tin Oxide, Titanium Dioxide (Ci 77891), Iron Oxides (Ci 77491), Iron Oxides (Ci 77492)",niacinamide;vitamin-c;hyaluronic-acid;squalane,,,,,,,,,,,,,brand_direct,true,https://tatcha.com/products/the-brightening-eye-cream,/product-images/brand-direct/cj04010t.jpg
CH05010T,brightening-texture,The Clarifying Clay Mask,Tatcha,,"Glycerin, Butylene Glycol, Kaolin, Illite, Propanediol, Bentonite, Aqua/Water/Eau, Glucomannan, Glyceryl Stearate Se, Hydroxyapatite, Behenyl Alcohol, Maris Sal/Sea Salt/Sel Marin, Stearyl Alcohol, Parfum/Fragrance, Saccharomyces/Rice Ferment Filtrate, Camellia Sinensis Leaf Extract, Cladosiphon Okamuranus Extract, Dipotassium Glycyrrhizate, Niacinamide, Volcanic Soil, Quillaja Saponaria Bark Extract, Sapindus Mukorossi Peel Extract, Rosa Multiflora Fruit Extract, Belamcanda Chinensis Root Extract, Eriobotrya Japonica Leaf Extract, Houttuynia Cordata Extract, Tocopherol, Cellulose Acetate, Lauryl Glucoside, Capryloyl Glycine, Propylene Glycol Stearate, Magnesium Stearate, Acrylates/Ammonium Methacrylate Copolymer, Alcohol, Ethylhexylglycerin, Phenoxyethanol, Citral, Limonene, Linalool, Titanium Dioxide (Ci 77891), Iron Oxides (Ci 77491)",niacinamide,,,,,,,,,,,,,brand_direct,true,https://tatcha.com/products/the-clarifying-clay-mask,/product-images/brand-direct/ch05010t.jpg
CF12010T,skin-protectant,The Longevity Serum,Tatcha,,"Aqua/water/eau, Dipropylene Glycol, Saccharomyces/rice Ferment Filtrate, Propanediol, Glycerin, Butylene Glycol, Squalane, Peg-10 Dimethicone, Caprylyl Methicone, Diphenylsiloxy Phenyl Trimethicone, Camellia Sinensis Leaf Extract, Cladosiphon Okamuranus Extract, Astrocaryum Murumuru Seed Butter, Gossypium Herbaceum (Cotton) Seed Oil, Bidens Pilosa Extract, Linum Usitatissimum (Linseed) Seed Oil, Morinda Citrifolia Fruit Juice, Oryza Sativa (Rice) Bran Oil, Citrus Depressa Peel Extract, Alpinia Speciosa Leaf Extract, Acrylates/c10-30 Alkyl Acrylate Crosspolymer, Saccharomyces Lysate Extract, Aphanothece Sacrum Polysaccharides, Psidium Guajava Leaf Extract, Cellulose Gum, Lysine Carboxymethyl Cysteinate, Hydroxypropyl Methylcellulose Stearoxy Ether, Dipotassium Glycyrrhizate, Arginine, Lauryl Betaine, Ethylhexylglycerin, Parfum/fragrance, Tocopherol, Silica, Citral, Limonene, Linalool, Beta-caryophyllene, Citrus Aurantium Bergamia Peel Oil, Citrus Limon Peel Oil, Geranyl Acetate, Linalyl Acetate, Pinene, Terpineol, Turpentine, Terpinolene, Phenoxyethanol, Iron Oxides (Ci 77491)",squalane,,,,,,,,,,,,,brand_direct,true,https://tatcha.com/products/the-longevity-serum,/product-images/brand-direct/cf12010t.jpg
CF10110T,skin-protectant,The Silk Serum,Tatcha,,"AQUA/WATER/EAU, SACCHAROMYCES/RICE FERMENT FILTRATE, GLYCERIN, BETAINE, PENTYLENE GLYCOL, CAPRYLIC/CAPRIC TRIGLYCERIDE, PROPANEDIOL, PARFUM/FRAGRANCE, VACCINIUM MACROCARPON (CRANBERRY) FRUIT EXTRACT, CRITHMUM MARITIMUM EXTRACT, CAMELLIA SINENSIS LEAF EXTRACT, CLADOSIPHON OKAMURANUS EXTRACT, SQUALANE, SERICIN, MORUS ALBA LEAF EXTRACT, HYDROLYZED SILK, CARTHAMUS TINCTORIUS (SAFFLOWER) SEED OIL, TETRAPEPTIDE-4, POLYGLYCERYL-10 STEARATE, DIGLUCOSYL GALLIC ACID, HELIANTHUS ANNUUS (SUNFLOWER) SEED OIL, HYDROLYZED CONCHIOLIN PROTEIN, CAPRYLYL GLYCOL, ACRYLATES/C10-30 ALKYL ACRYLATE CROSSPOLYMER, 1,2-HEXANEDIOL, BUTYLENE GLYCOL, SODIUM CITRATE, CITRIC ACID, POTASSIUM HYDROXIDE, SYNTHETIC FLUORPHLOGOPITE, CITRAL, LIMONENE, LINALOOL, ETHYLHEXYLGLYCERIN, PHENOXYETHANOL, TITANIUM DIOXIDE (CI 77891), TIN OXIDE (CI 77861)",squalane,,,,,,,,,,,,,brand_direct,true,https://tatcha.com/products/the-silk-serum-wrinkle-smoothing-treatment,/product-images/brand-direct/cf10110t.jpg
CF06110T,skin-protectant,The Serum Stick,Tatcha,,"Squalane, Helianthus Annuus (Sunflower) Seed Wax, Cera Alba/beeswax/cire D’ Abeille, Oryza Sativa (Rice) Bran Oil, Saccharomyces/rice Ferment Filtrate, Camellia Sinensis Leaf Extract, Cladosiphon Okamuranus Extract, Betaphycus Gelatinum Extract, Sodium Hyaluronate, Tocopherol, Aqua/water/eau, Pentylene Glycol, Propanediol, Ethylhexylglycerin, Phenoxyethanol",hyaluronic-acid;squalane,,,,,,,,,,,,,brand_direct,true,https://tatcha.com/products/the-serum-stick-moisturizing-balm,/product-images/brand-direct/cf06110t.jpg
CF05110T,brightening-texture,The Brightening Serum,Tatcha,,"Aqua/water/eau, Saccharomyces/rice Ferment Filtrate, Glycerin, Propanediol, Butylene Glycol, Ascorbyl Glucoside, Honey Extract/extrait De Miel, Camellia Sinensis Leaf Extract, Cladosiphon Okamuranus Extract, Ferulic Acid, Angelica Acutiloba Root Extract, Prunus Mume Fruit Extract, Sodium Hyaluronate, Glycyrrhiza Glabra (Licorice) Root Extract, Callicarpa Japonica Fruit Extract, Ziziphus Jujuba Fruit Extract, Artemisia Capillaris Flower Extract, Scutellaria Baicalensis Root Extract, Morus Alba Root Extract, Ppg-13-decyltetradeceth-24, Lysine Carboxymethyl Cysteinate, Dipotassium Glycyrrhizate, Xanthan Gum, 1,2-hexanediol, Polyglyceryl-10 Diisostearate, Citric Acid, Polyglyceryl-10 Laurate, Sodium Citrate, Isostearic Acid, Parfum/fragrance, Ethylhexylglycerin, Potassium Hydroxide, Chlorphenesin, Phenoxyethanol, Citral, Citrus Aurantium Bergamia Peel Oil, Citrus Limon Peel Oil, Eucalyptus Globulus Oil, Juniperus Virginiana Oil, Lavandula Oil/extract, Limonene, Linalool, Linalyl Acetate, Pinene",vitamin-c;hyaluronic-acid,,,,,,,,,,,,,brand_direct,true,https://tatcha.com/products/the-brightening-serum,/product-images/brand-direct/cf05110t.jpg
CE02110T,brightening-texture,The Texture Tonic,Tatcha,,"Aqua/Water/Eau, Butylene Glycol, Pentylene Glycol, Niacinamide, Saccharomyces/Rice Ferment Filtrate, Camellia Sinensis Leaf Extract, Cladosiphon Okamuranus Extract, Sodium Hyaluronate, Luffa Cylindrica Fruit/Leaf/Stem Extract, Salvia Sclarea (Clary) Oil, Foeniculum Vulgare (Fennel) Oil, Citrus Aurantifolia (Lime) Juice, Eucalyptus Globulus Leaf Oil, Rosmarinus Officinalis (Rosemary) Leaf Oil, Rosa Multiflora Fruit Extract, Citrus Aurantium Dulcis (Orange) Juice, Artemisia Princeps Leaf Extract, Cymbopogon Martini Oil, Citrus Medica Limonum (Lemon) Juice, Lavandula Angustifolia (Lavender) Oil, Mentha Arvensis Leaf Oil, Cananga Odorata Flower Oil, Crataegus Cuneata Fruit Extract, Ziziphus Jujuba Fruit Extract, Citrus Paradisi (Grapefruit) Fruit Extract, Pyrus Malus (Apple) Fruit Extract, Belamcanda Chinensis Root Extract, Eriobotrya Japonica Leaf Extract, Houttuynia Cordata Extract, 1,2-Hexanediol, Ppg-6-Decyltetradeceth-20, Peg-30 Glyceryl Isostearate, Peg-50 Glyceryl Isostearate, Propanediol, Sodium Citrate, Pentasodium Pentetate, Citric Acid, Ethylhexylglycerin, Alcohol, Phenoxyethanol",niacinamide;hyaluronic-acid,,,,,,,,,,,,,brand_direct,true,https://tatcha.com/products/the-texture-tonic-liquid-exfoliating-treatment,/product-images/brand-direct/ce02110t.jpg
CH01013T,skin-protectant,Luminous Deep Hydration Lifting Mask,Tatcha,,"AQUA/WATER/EAU, GLYCERIN, PROPANEDIOL, METHYL GLUCETH-20, ALCOHOL, INOSITOL, PPG-6-DECYLTETRADECETH-20, CAMELLIA SINENSIS LEAF EXTRACT, BETAPHYCUS GELATINUM EXTRACT, SERICIN, PANAX GINSENG ROOT EXTRACT, ROYAL JELLY EXTRACT, CHONDRUS CRISPUS EXTRACT, THYMUS SERPYLLUM EXTRACT, SODIUM HYALURONATE, ETHYLHEXYLGLYCERIN, POLYGLYCERYL-10 EICOSANEDIOATE/TETRADECANEDIOATE, POLYGLYCERYL-10 ISOSTEARATE, XANTHAN GUM, PARFUM/FRAGRANCE, GLUCONOLACTONE, PHENOXYETHANOL, POTASSIUM SORBATE, SODIUM BENZOATE, TOCOPHEROL, LIMONENE, LINALOOL, CITRUS AURANTIUM BERGAMIA PEEL OIL, CITRUS LIMON PEEL OIL, LINALYL ACETATE, PINENE",hyaluronic-acid,,,,,,,,,,,,,brand_direct,true,https://tatcha.com/products/luminous-deep-hydration-lifting-mask,/product-images/brand-direct/ch01013t.jpg
CJ01010T,skin-protectant,Ageless Revitalizing Eye Cream,Tatcha,,"Aqua/Water/Eau, Glycerin, Squalane, Propanediol, Xylitol, Glyceryl Sterate Se, Cyclopentasiloxane, Behenyl Alcohol, Myristyl Myristate, Silica, Beeswax, Paeonia Albiflora Root Extract, Camellia Japonica Seed Oil, Camellia Sinensis Leaf Extract, Lonicera Japonica (Honeysuckle) Leaf Extract, Coix Lacryma-Jobi Ma-Yuen Seed Extract, Chondrus Crispus Extract, Inositol, Sodium Hyaluronate, Tocopheryl Acetate, Caprylyl/Capryl Glucoside, Caprylic/Capric/Myristic/Stearic Triglyceride, Tetrasodium Pyrophosphate, Disodium Edta, Sodium Acrylate/Acryloyldimethyltaurate/Dimethylacrylamide Crosspolymer, Sodium Dilauramidoglutamide Lysine, Isostearic Acid, Sorbitan Isostearate, Ethylhexylglycerin, Aluminum Hydroxide, Parfum/Fragrance, Stearyl Alcohol, Alcohol, Phenoxyethanol, Titanium Dioxide (Ci 77891), Iron Oxides (Ci 77491)",hyaluronic-acid;squalane,,,,,,,,,,,,,brand_direct,true,https://tatcha.com/products/ageless-revitalizing-eye-cream,/product-images/brand-direct/cj01010t.jpg
CH03110T,brightening-texture,Violet-C Radiance Mask,Tatcha,,"Kaolin, Aqua/Water/Eau, Glycerin, Saccharomyces/Rice Ferment Filtrate, Propanediol, Oryza Sativa (Rice) Germ Oil, Cetearyl Alcohol, Butylene Glycol, Ascorbyl Tetraisopalmitate, Bis-Glyceryl Ascorbate, Glyceryl Stearate, Cellulose Gum, Dimethicone, Mica, Camellia Sinensis Leaf Extract, Cladosiphon Okamuranus Extract, Pyrus Malus (Apple) Fruit Extract, Citrus Paradisi (Grapefruit) Fruit Extract, Citrus Aurantium Dulcis (Orange) Juice, Citrus Limon (Lemon) Juice, Citrus Aurantifolia (Lime) Juice, Callicarpa Japonica Fruit Extract, Ziziphus Jujuba Fruit Extract, Crataegus Cuneata Fruit Extract, Sodium Stearoyl Glutamate, Tocopherol, Ethylhexylglycerin, Parfum/Fragrance, Limonene, Phenoxyethanol, Tin Oxide, Titanium Dioxide (Ci 77891), Violet 2 (Ci 60725), Carmine (Ci 75470), Ferric Ferrocyanide (Ci 77510)",vitamin-c,,,,,,,,,,,,,brand_direct,true,https://tatcha.com/products/violet-c-radiance-mask-brightening-and-refining-treatment,/product-images/brand-direct/ch03110t.jpg
CF08112T,skin-protectant,The Dewy Serum,Tatcha,,"Saccharomyces/Rice Ferment Filtrate, Glycerin, Propanediol, Aqua/Water/Eau, Squalane, Glyceryl Stearate, Isononyl Isononanoate, Behenyl Alcohol, Dimethicone, Stearyl Alcohol, Camellia Sinensis Leaf Extract, Cladosiphon Okamuranus Extract, Sodium Hyaluronate, Hydrolyzed Collagen, Hydrolyzed Elastin, Betaphycus Gelatinum Extract, Crambe Abyssinica Seed Oil, Stearyl Glycyrrhetinate, Ascorbyl Tetraisopalmitate, Phytosteryl Macadamiate, Tocopheryl Acetate, Sodium Dilauramidoglutamide Lysine, Sodium Chondroitin Sulfate, Polyglyceryl-10 Eicosanedioate/Tetradecanedioate, Cellulose Gum, Hydroxyethyl Acrylate/Sodium Acryloyldimethyl Taurate Copolymer, Disodium Phosphate, Potassium Phosphate, Ethylhexylglycerin, Sorbitan Isostearate, Polysorbate 60, Butylene Glycol, Tocopherol, Alcohol, Parfum/Fragrance, Phenoxyethanol, Citral, Limonene, Linalool",vitamin-c;hyaluronic-acid;squalane,,,,,,,,,,,,,brand_direct,true,https://tatcha.com/products/the-dewy-serum-plumping-treatment,/product-images/brand-direct/cf08112t.jpg
CF02110T,skin-protectant,Gold Camellia Beauty Oil,Tatcha,,"Caprylic/capric Triglyceride, Camellia Japonica Seed Oil, Squalane, Isostearyl Isostearate, Dicaprylyl Ether, Triheptanoin, Parfum/fragrance, Polyglyceryl-10 Pentaisostearate, Oryza Sativa (Rice) Germ Oil, Phytosteryl Macadamiate, Saccharomyces/rice Ferment Filtrate, Camellia Sinensis Leaf Extract, Cladosiphon Okamuranus Extract, Oryzanol, Gold, Tocopherol, Propanediol, Dimer Dilinoleyl Dimer Dilinoleate, Stearyl Glycyrrhetinate, Ethylhexylglycerin, Phenoxyethanol, Citral, Limonene, Linalool",squalane,,,,,,,,,,,,,brand_direct,true,https://tatcha.com/products/gold-camellia-beauty-oil,/product-images/brand-direct/cf02110t.jpg
S_8809784606161,skin-protectant,BALANCEFUL Azelaic Acid Micropoint Spot Patch,Torriden,,"Sodium Hyaluronate, Sodium Hyaluronate Crosspolymer-2, Azelaic Acid, Hydroxypropyl Cyclodextrin, Trehalose, Disodium Phosphate, Potassium Azeloyl Diglycinate, Centella Asiatica Extract, Madecassoside, Madecassic Acid, Asiaticoside, Asiatic Acid, Swertia Japonica Extract, Althaea Rosea Flower Extract, Lactobacillus Ferment, Nymphaea Caerulea Flower Extract, Ergosterol, Butylene Glycol, Cetearyl Alcohol, 1,2-Hexanediol, Sucrose Stearate, Glycerin, Maltodextrin, Hydrogenated Phosphatidylcholine, Caprylic/Capric Triglyceride",azelaic-acid;hyaluronic-acid;centella-asiatica,,,,,,,,,,,,,brand_direct,true,https://torriden.us/products/balanceful-azelaic-acid-micropoint-spot-patch,/product-images/brand-direct/s_8809784606161.jpg
S_8809784606628,brightening-texture,BALANCEFUL Azelaic Acid Mask,Torriden,,"Water, Propanediol, Diethoxyethyl Succinate, Azelaic Acid, Potassium Azeloyl Diglycinate, Centella Asiatica Extract, Madecassoside, Asiaticoside, Madecassic Acid, Asiatic Acid, Althaea Rosea Flower Extract, Swertia Japonica Extract, Nymphaea Caerulea Flower Extract, Lactobacillus Ferment, Glutathione, Sodium DNA, Betaine, Allantoin, Bakuchiyl Salicylate, Hydrogenated Lecithin, Polyglyceryl-10 Stearate, Hydroxypropyl Cyclodextrin, Disodium Phosphate, 7-Dehydrocholesterol, Sodium Phytate, Acrylates/C10-30 Alkyl Acrylate Crosspolymer, Curcuma Longa (Turmeric) Root Extract, Maltodextrin, Glyceryl Linoleate, Hydroxyacetophenone, Butyrospermum Parkii (Shea) Butter, 1,2-Hexanediol, Butylene Glycol, Ethylhexylglycerin, Glyceryl Linolenate, Glycerin, Tromethamine",azelaic-acid;centella-asiatica,,,,,,,,,,,,,brand_direct,true,https://torriden.us/products/balanceful-azelaic-acid-mask,/product-images/brand-direct/s_8809784606628.jpg
S_8809784607724,skin-protectant,DIVE IN Peeling Gel,Torriden,,"Water, Dipropylene Glycol, Glycerin, Cellulose, Hyaluronic Acid, Sodium Hyaluronate, Sodium Acetylated Hyaluronate, Sodium Hyaluronate Dimethylsilanol, Hydrolyzed Hyaluronic Acid, Panthenol, Acetyl Hexapeptide-8, Copper Tripeptide-1, Palmitoyl Pentapeptide-4, Allantoin, Urea, Squalane, Arginine, 1,2-Hexanediol, Calcium Aluminum Borosilicate, Gluconolactone, Butylene Glycol, Sucrose Distearate, Ethylhexylglycerin, Caprylic/Capric Triglyceride, Hydrogenated Lecithin, Polyglyceryl-10 Laurate, Cetyl Ethylhexanoate, Ethylhexyl Palmitate, Glycine, Biosaccharide Gum-1, Hydroxyacetophenone, Acrylates/C10-30 Alkyl Acrylate Crosspolymer, Trisodium Ethylenediamine Disuccinate, Hydroxyethylpiperazine Ethane Sulfonic Acid, Gardenia Florida Fruit Extract, Malachite Extract, Propanediol, Dextrin",hyaluronic-acid;squalane;peptides;panthenol,,,,,,,,,,,,,brand_direct,true,https://torriden.us/products/dive-in-peeling-gel,/product-images/brand-direct/s_8809784607724.jpg
S_8809784606772,brightening-texture,CELLMAZING Brightening Capsule Patch,Torriden,,"Water, Glycerin, Butylene Glycol, Methylpropanediol, Pentaerythrityl Tetraethylhexanoate, Niacinamide, Chondrus Crispus Powder, Ceratonia Siliqua (Carob) Gum, Hippophae Rhamnoides Fruit Extract, Panthenol, Adenosine, Allantoin, 3-O-Ethyl Ascorbic Acid, Glutathione, Tocopherol, Ascorbic Acid, Sodium Ascorbyl Phosphate, Ascorbyl Glucoside, Ascorbyl Palmitate, Caprylic/Capric Triglyceride, Caprylyl Glycol, Ethylhexylglycerin, Pantolactone, Jojoba Esters, Sodium Stearoyl Glutamate, Polyglycerin-3, Dipotassium Glycyrrhizate, Helianthus Annuus (Sunflower) Seed Oil, Xanthophylls, Hydrogenated Lecithin, Hydroxyacetophenone, Hydroxydecyl Ubiquinone, 1,2-Hexanediol, Cetyl Alcohol, Chondrus Crispus, Helianthus Annuus (Sunflower) Seed Wax, Sucrose, Sodium Phytate, Erythritol, Glyceryl Stearate, Cellulose Gum, Stearyl Alcohol, Potassium Chloride, Glyceryl Stearates, Gellan Gum, Agar, Xanthan Gum",niacinamide;vitamin-c;panthenol,,,,,,,,,,,,,brand_direct,true,https://torriden.us/products/cellmazing-brightening-capsule-patch,/product-images/brand-direct/s_8809784606772.jpg
S_8809784606659,brightening-texture,CELLMAZING Firming Patch,Torriden,,"Water, Glycerin, Sodium Polyacrylate, Sorbitol, Niacinamide, Polyacrylic Acid, Agar, Xanthan Gum, Collagen, Collagen Amino Acids, Collagen Extract, Soluble Collagen, Hydrolyzed Collagen, Hexapeptide-2, Palmitoyl Tripeptide-5, Adenosine, Panthenol, Allantoin, Cyanocobalamin, Hydrogenated Polyisobutene, Dipotassium Glycyrrhizate, Biotin, Anemarrhena Asphodeloides Root Extract, Hydroxyacetophenone, Butylene Glycol, 1,2-Hexanediol, Dipropylene Glycol, Caprylyl Glycol, Aluminum Glycinate, Cellulose Gum, Caprylyl/Capryl Glucoside, Tartaric Acid, Sodium Phytate, Pentasodium Triphosphate, Tocopherol",niacinamide;peptides;panthenol,,,,,,,,,,,,,brand_direct,true,https://torriden.us/products/cellmazing-firming-patch,/product-images/brand-direct/s_8809784606659.jpg
S_8809784603467,brightening-texture,CELLMAZING Pore Perfecting Ampoule,Torriden,,"Water, Glycerin, Propanediol, Butylene Glycol, Dipropylene Glycol, Niacinamide, 1,2-Hexanediol, Methylpropanediol, Collagen, Collagen Amino Acids, Collagen Extract, Soluble Collagen, Hydrolyzed Collagen, Hexapeptide-2, Palmitoyl Tripeptide-5, Panthenol, Sodium Hyaluronate, Adenosine, Arginine, Xylitol, Hydroxyethylcellulose, Xanthan Gum, Acrylates/C10-30 Alkyl Acrylate Crosspolymer, Ethylhexylglycerin, Beta-Glucan, Biotin, Capryloyl Salicylic Acid, Gluconolactone, Tocopherol",niacinamide;hyaluronic-acid;peptides;panthenol,,,,,,,,,,,,,brand_direct,true,https://torriden.us/products/cellmazing-pore-perfecting-ampoule,/product-images/brand-direct/s_8809784603467.jpg
S_8809784605690,skin-protectant,BALANCEFUL Control Mask,Torriden,,"Water, Dipropylene Glycol, Niacinamide, Glycerin, 1,2-Hexanediol, Butylene Glycol, Panthenol, Centella Asiatica Extract, Centella Asiatica Leaf Extract, Allantoin, Madecassoside, Asiatic Acid, Madecassic Acid, Asiaticoside, Swertia Japonica Extract, Nymphaea Caerulea Flower Extract, Lactobacillus Ferment, Althaea Rosea Flower Extract, Hydrolyzed Hyaluronic Acid, Sodium DNA, Calcium Pantothenate, Gluconic Acid, Palmitoyl Dipeptide-7, Dipeptide-2, Dipotassium Glycyrrhizate, Sodium Stearoyl Glutamate, Acetyl Glucosamine, Glyceryl Glucoside, Propanediol, Isopentyldiol, 2,3-Butanediol, Octyldodecanol, Glyceryl Acrylate/Acrylic Acid Copolymer, PVM/MA Copolymer, Polyglyceryl-4 Oleate, Sorbitan Stearate, Polyglycerin-3, Phytosterols, Sodium Surfactin, Carbomer, Xanthan Gum, Tromethamine, Sodium Acetate, Ethylhexylglycerin, Coptis Chinensis Root Extract, Malachite Extract",niacinamide;hyaluronic-acid;centella-asiatica;panthenol,,,,,,,,,,,,,brand_direct,true,https://torriden.us/products/balanceful-control-mask,/product-images/brand-direct/s_8809784605690.jpg
S_8809784604679,skin-protectant,BALANCEFUL Control Serum,Torriden,,"Water, Glycerin, Propanediol, Dipropylene Glycol, Niacinamide, 1,2-Hexanediol, Panthenol, Centella Asiatica Extract, Madecassic Acid, Asiaticoside, Asiatic Acid, Madecassoside, Allantoin, Swertia Japonica Extract, Nymphaea Caerulea Flower Extract, Lactobacillus Ferment, Althaea Rosea Flower Extract, Sodium Hyaluronate, Hydrolyzed Hyaluronic Acid, Hyaluronic Acid, Hydroxypropyltrimonium Hyaluronate, Potassium Hyaluronate, Sodium Hyaluronate Crosspolymer, Sodium Acetylated Hyaluronate, Zinc Hydrolyzed Hyaluronate, Calcium Pantothenate, Succinic Acid, Gluconic Acid, Capryloyl Salicylic Acid, Zinc PCA, Palmitoyl Dipeptide-7, Dipeptide-2, Dipotassium Glycyrrhizate, Pentylene Glycol, Sodium Stearoyl Glutamate, Acetyl Glucosamine, Glyceryl Glucoside, Isopentyldiol, 2,3-Butanediol, Octyldodecanol, Glyceryl Acrylate/Acrylic Acid Copolymer, PVM/MA Copolymer, Caproic Acid, Polyglyceryl-4 Oleate, Sorbitan Stearate, Polyglycerin-3, Phytosterols, Sodium Surfactin, Carbomer, Xanthan Gum, Tromethamine, Sodium Acetate, Ethylhexylglycerin, Coptis Chinensis Root Extract, Malachite Extract",niacinamide;hyaluronic-acid;centella-asiatica;panthenol,,,,,,,,,,,,,brand_direct,true,https://torriden.us/products/balanceful-control-serum,/product-images/brand-direct/s_8809784604679.jpg
S_8809784605973,skin-protectant,BALANCEFUL Control Pack Cleanser,Torriden,,"Water, Glycerin, Potassium Laurate, Potassium Myristate, Cellulose, Acrylates Copolymer, 1,2-Hexanediol, Panthenol, Centella Asiatica Leaf Extract, Centella Asiatica Root Extract, Centella Asiatica Extract, Madecassoside, Asiaticoside, Asiatic Acid, Madecassic Acid, Swertia Japonica Extract, Nymphaea Caerulea Flower Extract, Lactobacillus Ferment, Althaea Rosea Flower Extract, Hydrolyzed Sodium Hyaluronate, Squalane, Capryloyl Salicylic Acid, Mentha Arvensis Powder, Ceramide NP, Betaine, Calamine, Palmitoyl Dipeptide-7, Dipotassium Glycyrrhizate, Arginine, Beta-Glucan, Glycine, Hydroxypropyl Methylcellulose, Butylene Glycol, Hydroxyacetophenone, Potassium Hydroxide, Sodium Phytate, Tetrahydroxypropyl Ethylenediamine, Glucomannan, Zea Mays (Corn) Starch, Saccharomyces Ferment, Hydrogenated Lecithin, Glyceryl Glucoside, Tromethamine, Sodium Acetate, Ethylhexylglycerin, Iron Oxides(CI 77491), Iron Oxides(CI 77499), Ficus Carica (Fig) Fruit Extract, Paeonia Suffruticosa Root Extract, Coptis Japonica Root Extract, Malachite Extract",hyaluronic-acid;ceramides;squalane;centella-asiatica;panthenol,,,,,,,,,,,,,brand_direct,true,https://torriden.us/products/balanceful-control-pack-cleanser,/product-images/brand-direct/s_8809784605973.jpg
S_8809784605706,brightening-texture,CELLMAZING Pore Perfecting Mask,Torriden,,"Water, Glycerin, Dipropylene Glycol, Methylpropanediol, Niacinamide, Adenosine, Panthenol, Allantoin, Collagen, Collagen Amino Acids, Collagen Extract, Soluble Collagen, Hydrolyzed Collagen, Hexapeptide-2, Acetyl Hexapeptide-8, Oligopeptide-1, Cyanocobalamin, Sodium Hyaluronate, Sodium Hyaluronate Crosspolymer, Caprylyl Glycol, Sodium Phytate, Pentylene Glycol, Acetyl Glucosamine, Diethoxyethyl Succinate, Hydroxyacetophenone, Ammonium Acryloyldimethyltaurate/VP Copolymer, Acrylates/C10-30 Alkyl Acrylate Crosspolymer, Sodium DNA, Propanediol, Ethylhexylglycerin, Butylene Glycol, Beta-Glucan, Biotin, 1,2-Hexanediol, Betaine, Tocopherol, Xylitol, Arginine, Cynanchum Atratum Extract, Althaea Rosea Flower Extract",niacinamide;hyaluronic-acid;peptides;panthenol,,,,,,,,,,,,,brand_direct,true,https://torriden.us/products/cellmazing-pore-perfecting-mask,/product-images/brand-direct/s_8809784605706.jpg
S_8809784604464,brightening-texture,CELLMAZING Brightening Spot Toning Pad,Torriden,,"Water, Glycerin, Propanediol, Niacinamide, 1,2-Hexanediol, 3-O-Ethyl Ascorbic Acid, Panthenol, Adenosine, Allantoin, Tocopherol, Ascorbyl Glucoside, Ascorbyl Palmitate, Ascorbic Acid, Ascorbyl Tetraisopalmitate, Glutathione, Sodium Hyaluronate, Ethylhexylglycerin, Hydroxyethyl Acrylate/Sodium Acryloyldimethyl Taurate Copolymer, Sorbitan Isostearate, 2,3-Butanediol, Lecithin, Polyglyceryl-4 Oleate, Sodium Stearoyl Glutamate, Xanthan Gum, Sucrose, Dextrin, Gluconolactone, Gardenia Florida Fruit Extract, Carthamus Tinctorius (Safflower) Flower Extract",niacinamide;vitamin-c;hyaluronic-acid;panthenol,,,,,,,,,,,,,brand_direct,true,https://torriden.us/products/cellmazing-brightening-spot-toning-pad,/product-images/brand-direct/s_8809784604464.jpg
S_8809784605515,brightening-texture,CELLMAZING Lip Essence,Torriden,,"Polyisobutene, Diisostearyl Malate, Dibutyl Adipate, Simmondsia Chinensis (Jojoba) Seed Oil, Olea Europaea (Olive) Fruit Oil, Petrolatum, Dipropylene Glycol, Microcrystalline Wax, Butyrospermum Parkii (Shea) Butter, Macadamia Ternifolia Seed Oil, Euphorbia Cerifera (Candelilla) Wax, Adenosine, Glycerin, Sorbitan Sesquioleate, Pentylene Glycol, Tocopheryl Acetate, Collagen, Collagen Amino Acids, Collagen Extract, Soluble Collagen, Hydrolyzed Collagen, Hexapeptide-2, Acetyl Hexapeptide-8, Cyanocobalamin, Lithospermum Erythrorhizon Root Extract, Niacinamide, Sargassum Fusiforme Extract, Butylene Glycol, Caprylyl Glycol, Water, Biotin, 1,2-Hexanediol",niacinamide;peptides;petrolatum,,,,,,,,,,,,,brand_direct,true,https://torriden.us/products/cellmazing-lip-essence,/product-images/brand-direct/s_8809784605515.jpg
S_8809784601746,skin-protectant,CELLMAZING Firming Cream,Torriden,,"Water, Butylene Glycol, Glycerin, Caprylic/Capric Triglyceride, Niacinamide, 1,2-Hexanediol, Cetearyl Olivate, Cetyl Ethylhexanoate, Collagen Extract, Soluble Collagen, Collagen Amino Acids, Collagen, Hydrolyzed Collagen, Hexapeptide-2, Panthenol, Allantoin, Hydrolyzed Hyaluronic Acid, Sodium Hyaluronate, Hydroxyethyl Acrylate/Sodium Acryloyldimethyl Taurate Copolymer, Sodium Hyaluronate Crosspolymer, Potassium Hyaluronate, Hydroxypropyltrimonium Hyaluronate, Hyaluronic Acid, Sodium Acetylated Hyaluronate, Heptyl Undecylenate, Glyceryl Stearate, C10-18 Triglycerides, Acrylates/C10-30 Alkyl Acrylate Crosspolymer, Valine, Threonine, Proline, Isoleucine, Histidine, Methionine, Cysteine, Biotin, Pentylene Glycol, Glycine, Serine, Glutamic Acid, Aspartic Acid, Leucine, Alanine, Lysine, Arginine, Tyrosine, Phenylalanine, Adenosine, Sorbitan Olivate, Sorbitan Isostearate, Cetearyl Alcohol, Vinyl Dimethicone, Tromethamine, Glyceryl Acrylate/Acrylic Acid Copolymer, PVM/MA Copolymer, Xanthan Gum, Disodium EDTA, Ethylhexylglycerin",niacinamide;hyaluronic-acid;panthenol,,,,,,,,,,,,,brand_direct,true,https://torriden.us/products/cellmazing-firming-cream,/product-images/brand-direct/s_8809784601746.jpg
S_8809784603498,skin-protectant,DIVE IN Cleansing Oil,Torriden,,"Ethylhexyl Palmitate, Caprylic/Capric Triglyceride, Sorbeth-30 Tetraoleate, Cetyl Ethylhexanoate, Diisostearyl Malate, Sorbitan Sesquioleate, Isododecane, Panthenol, Allantoin, Tocopherol, Sodium Hyaluronate, Hydroxypropyltrimonium Hyaluronate, Sodium Acetylated Hyaluronate, Hyaluronic Acid, Hydrolyzed Sodium Hyaluronate, Sodium Hyaluronate Crosspolymer, Potassium Hyaluronate, Hydrolyzed Hyaluronic Acid, Ethylhexylglycerin, Water, 1,2-Hexanediol, Citrus Aurantium Bergamia (Bergamot) Fruit Oil, Aniba Rosodora (Rosewood) Wood Oil, Melaleuca Alternifolia (Tea Tree) Leaf Oil, Linalool, Limonene",hyaluronic-acid;panthenol,,,,,,,,,,,,,brand_direct,true,https://torriden.us/products/dive-in-cleansing-oil,/product-images/brand-direct/s_8809784603498.jpg
S_8809784600152,skin-protectant,SOLID IN Lip Essence,Torriden,,"Polyisobutene, Petrolatum, Diisostearyl Malate, Simmondsia Chinensis (Jojoba) Seed Oil, Butyrospermum Parkii (Shea) Butter, Sorbitan Sesquioleate, Macadamia Ternifolia Seed Oil, Olea Europaea (Olive) Fruit Oil, Adansonia Digitata Seed Oil, Ceramide NP, Ceramide NS, Ceramide AS, Ceramide EOP, Ceramide AP, Stearic Acid, Cholesterol, Vinegar, Sodium Hyaluronate, Panthenol, Trehalose, Hydrogenated Lecithin, Microcrystalline Wax, Sargassum Fusiforme Extract, Glycerin, Butylene Glycol, Water, Caprylic/Capric Triglyceride, 1,2-Hexanediol",hyaluronic-acid;ceramides;panthenol;petrolatum,,,,,,,,,,,,,brand_direct,true,https://torriden.us/products/solid-in-lip-essence-set,/product-images/brand-direct/s_8809784600152.jpg
S_8809784600350,skin-protectant,SOLID IN Essence,Torriden,,"Water, Glycerin, Butylene Glycol, 1,2-Hexanediol, Caprylic/Capric Triglyceride, Panthenol, Ceramide NP, Ceramide NS, Ceramide AS, Ceramide EOP, Ceramide AP, Chamomilla Recutita (Matricaria) Leaf Extract, Camellia Sinensis Leaf Extract, Thymus Vulgaris (Thyme) Extract, Mentha Suaveolens Leaf Extract, Allantoin, Sodium Hyaluronate, Trehalose, Sucrose, Cholesterol, Glycereth-26, C14-22 Alcohols, C12-20 Alkyl Glucoside, PVM/MA Copolymer, Acrylates/C10-30 Alkyl Acrylate Crosspolymer, Glyceryl Acrylate/Acrylic Acid Copolymer, Hydrogenated Lecithin, Tromethamine, Tocopherol, Carthamus Tinctorius (Safflower) Flower Extract, Adansonia Digitata Seed Oil, Xanthan Gum, Stearic Acid, Disodium EDTA, Ethylhexylglycerin",hyaluronic-acid;ceramides;panthenol,,,,,,,,,,,,,brand_direct,true,https://torriden.us/products/solid-in-essence,/product-images/brand-direct/s_8809784600350.jpg
S_8809784602958,skin-protectant,SOLID IN Cream,Torriden,,"Water, Propanediol, Glycerin, Simmondsia Chinensis (Jojoba) Seed Oil, Caprylic/Capric Triglyceride, Ethylhexyl Palmitate, Panthenol, 1,2-Hexanediol, Glyceryl Stearate, Cetearyl Olivate, Sorbitan Olivate, Hydrogenated Poly(C6-14 Olefin), Ceramide NP, Ceramide NS, Ceramide AS, Ceramide EOP, Ceramide AP, Cholesterol, Allantoin, Glucose, Betaine, Sodium Hyaluronate, Phytosterols, Stearic Acid, Butylene Glycol, Sodium Polyacrylate, Myristyl Glucoside, Polyglycerin-3, C13-16 Isoalkane, Heptyl Undecylenate, Vinyl Dimethicone, Carbomer, Tromethamine, Arachidyl Alcohol, Hydrogenated Lecithin, Polyglyceryl-6 Distearate, Candelilla/Jojoba/Rice Bran Polyglyceryl-3 Esters, Ethylhexylglycerin, Behenyl Alcohol, Lauryl Glucoside, Polyglyceryl-6 Laurate, Disodium EDTA, Dipropylene Glycol, Arachidyl Glucoside, Tocopherol, Adansonia Digitata Seed Oil, Hydrogenated Rice Bran Oil, Coptis Japonica Root Extract",hyaluronic-acid;ceramides;panthenol,,,,,,,,,,,,,brand_direct,true,https://torriden.us/products/solid-in-cream,/product-images/brand-direct/s_8809784602958.jpg
S_8809504743237,skin-protectant,DIVE IN Toner,Torriden,,"Water, Butylene Glycol, Dipropylene Glycol, 1,2-Hexanediol, Glycerin, Betaine, Allantoin, Panthenol, Portulaca Oleracea Extract, Trehalose, Sodium Hyaluronate, Hydrolyzed Hyaluronic Acid, Sodium Hyaluronate Crosspolymer, Hydrolyzed Sodium Hyaluronate, Sodium Acetylated Hyaluronate, 2,3-Butanediol, Pentylene Glycol, Malachite Extract, Disodium EDTA, Ethylhexylglycerin",hyaluronic-acid;panthenol,,,,,,,,,,,,,brand_direct,true,https://torriden.us/products/dive-in-toner,/product-images/brand-direct/s_8809504743237.jpg
S_8809784600183,skin-protectant,DIVE IN Soothing Cream,Torriden,,"Water, Butylene Glycol, Glycerin, 1,2-Hexanediol, Hydrogenated Didecene, Allantoin, Trehalose, Hamamelis Virginiana (Witch Hazel) Extract, Panthenol, Hydrolyzed Hyaluronic Acid, Sodium Hyaluronate, Sodium Hyaluronate Crosspolymer, Sodium Acetylated Hyaluronate, Hydrolyzed Sodium Hyaluronate, Glyceryl Acrylate/Acrylic Acid Copolymer, PVM/MA Copolymer, Hydroxyethyl Acrylate/Sodium Acryloyldimethyl Taurate Copolymer, 2,3-Butanediol, Cetearyl Alcohol, C14-22 Alcohols, C12-20 Alkyl Glucoside, Pentylene Glycol, Sorbitan Isostearate, Caprylic/Capric Triglyceride, Melia Azadirachta Leaf Extract, Melia Azadirachta Flower Extract, Coccinia Indica Fruit Extract, Solanum Melongena (Eggplant) Fruit Extract, Ocimum Sanctum Leaf Extract, Curcuma Longa (Turmeric) Root Extract, Corallina Officinalis Extract, Salvia Sclarea (Clary) Extract, Lavandula Angustifolia (Lavender) Flower Extract, Hyacinthus Orientalis (Hyacinth) Extract, Chamomilla Recutita (Matricaria) Flower Extract, Centaurea Cyanus Flower Extract, Borago Officinalis Extract, Disodium EDTA, Carbomer, Tromethamine, Xanthan Gum, Glutathione, Malachite Extract, Ethylhexylglycerin",hyaluronic-acid;panthenol,,,,,,,,,,,,,brand_direct,true,https://torriden.us/products/dive-in-soothing-cream,/product-images/brand-direct/s_8809784600183.jpg
S_8809504742018,skin-protectant,DIVE IN Skin Booster,Torriden,,"Water, Butylene Glycol, Glycerin, 1,2-Hexanediol, Caprylic/Capric Triglyceride, Malachite Extract, Ceramide NP, Phytosphingosine, Allantoin, Panthenol, Sodium Hyaluronate, Hydrolyzed Hyaluronic Acid, Sodium Acetylated Hyaluronate, Sodium Hyaluronate Crosspolymer, Hydrolyzed Sodium Hyaluronate, Trehalose, Hamamelis Virginiana (Witch Hazel) Leaf Extract, Anthemis Nobilis Flower Extract, Glycereth-26, Pentylene Glycol, Glyceryl Acrylate/Acrylic Acid Copolymer, PVM/MA Copolymer, C14-22 Alcohols, C12-20 Alkyl Glucoside, Acrylates/C10-30 Alkyl Acrylate Crosspolymer, Xanthan Gum, Tromethamine, Disodium EDTA, Ethylhexylglycerin, Scutellaria Baicalensis Root Extract, Paeonia Suffruticosa Root Extract",hyaluronic-acid;ceramides;panthenol,,,,,,,,,,,,,brand_direct,true,https://torriden.us/products/dive-in-skin-booster,/product-images/brand-direct/s_8809504742018.jpg
S_8809657119446,skin-protectant,DIVE IN Multi Pad,Torriden,,"Water, Butylene Glycol, Glycerin, Dipropylene Glycol, 1,2-Hexanediol, Propanediol, Allantoin, Sodium Hyaluronate, Sodium Hyaluronate Crosspolymer, Hydrolyzed Sodium Hyaluronate, Hyaluronic Acid, Hydrolyzed Hyaluronic Acid, Panthenol, Aloe Ferox Leaf Extract, Salix Alba (Willow) Bark Extract, Melaleuca Alternifolia (Tea Tree) Extract, Betaine, Ceramide NP, Hamamelis Virginiana (Witch Hazel) Water, Pyrus Malus (Apple) Fruit Water, Althaea Rosea Flower Extract, Gluconolactone, Sodium Citrate, Caprylyl Glycol, Polyglyceryl-10 Laurate, Hydrogenated Lecithin, Sodium Carboxymethyl Beta-Glucan, Benzyl Glycol, Hydrolyzed Glycosaminoglycans, Pentylene Glycol, Octanediol, Polyglutamic Acid, Melia Azadirachta Leaf Extract, Melia Azadirachta Flower Extract, Coccinia Indica Fruit Extract, Solanum Melongena (Eggplant) Fruit Extract, Aloe Barbadensis Flower Extract, Ocimum Sanctum Leaf Extract, Curcuma Longa (Turmeric) Root Extract, Corallina Officinalis Extract, Caffeine, Glyceryl Acrylate/Acrylic Acid Copolymer, PVM/MA Copolymer, Dipotassium Glycyrrhizate, Citric Acid, Disodium EDTA, Ethylhexylglycerin, Malachite Extract, Scutellaria Baicalensis Root Extract, Paeonia Suffruticosa Root Extract",hyaluronic-acid;ceramides;panthenol,,,,,,,,,,,,,brand_direct,true,https://torriden.us/products/dive-in-multi-pad,/product-images/brand-direct/s_8809657119446.jpg
S_8809504741653,skin-protectant,DIVE IN Serum,Torriden,,"Water, Butylene Glycol, Glycerin, Dipropylene Glycol, 1,2-Hexanediol, Panthenol, Sodium Hyaluronate, Hydrolyzed Hyaluronic Acid, Sodium Acetylated Hyaluronate, Sodium Hyaluronate Crosspolymer, Hydrolyzed Sodium Hyaluronate, Allantoin, Trehalose, Betaine, Propanediol, Portulaca Oleracea Extract, Hamamelis Virginiana (Witch Hazel) Leaf Extract, Madecassoside, Madecassic Acid, Ceramide NP, Beta-Glucan, Malachite Extract, Cholesterol, Pentylene Glycol, Glyceryl Acrylate/Acrylic Acid Copolymer, PVM/MA Copolymer, Polyglyceryl-10 Laurate, Xanthan Gum, Tromethamine, Carbomer, Ethylhexylglycerin, Scutellaria Baicalensis Root Extract, Paeonia Suffruticosa Root Extract",hyaluronic-acid;ceramides;panthenol,,,,,,,,,,,,,brand_direct,true,https://torriden.us/products/dive-in-serum,/product-images/brand-direct/s_8809504741653.jpg
S_8809784602323,skin-protectant,DIVE IN Modeling Pack,Torriden,,"Diatomaceous Earth, Glucose, Algin, Kaolin, Calcium Sulfate, Xanthan Gum, Zea Mays (Corn) Starch, Cellulose Gum, Trehalose, Betaine, Xylitol, Hyaluronic Acid, Sodium Hyaluronate, Potassium Hyaluronate, Hydroxypropyltrimonium Hyaluronate, Hydrolyzed Sodium Hyaluronate, Panthenol, Allantoin, Potassium Alginate, Sodium Dehydroacetate, Dextrin, Tetrasodium Pyrophosphate, Water, Glycerin, 1,2-Hexanediol, Undaria Pinnatifida Extract, Gardenia Florida Fruit Extract",hyaluronic-acid;panthenol,,,,,,,,,,,,,brand_direct,true,https://torriden.us/products/dive-in-modeling-pack,/product-images/brand-direct/s_8809784602323.jpg
S_X002VLIJ37,skin-protectant,DIVE IN Mask,Torriden,,"Water, Butylene Glycol, Glycerin, Dipropylene Glycol, Sodium Hyaluronate Crosspolymer, Sodium Hyaluronate, Sodium Acetylated Hyaluronate, Hydrolyzed Sodium Hyaluronate, Hydrolyzed Hyaluronic Acid, Panthenol, Trehalose, Allantoin, Chamomilla Recutita (Matricaria) Flower Extract, Calendula Officinalis Flower Extract, Melia Azadirachta Leaf Extract, Melia Azadirachta Flower Extract, Coccinia Indica Fruit Extract, Solanum Melongena (Eggplant) Fruit Extract, Ocimum Sanctum Leaf Extract, Curcuma Longa (Turmeric) Root Extract, Corallina Officinalis Extract, Glyceryl Acrylate/Acrylic Acid Copolymer, PVM/MA Copolymer, Saccharide Isomerate, Carbomer, Xanthan Gum, Tromethamine, Pentylene Glycol, 1,2-Hexanediol, Hydroxyacetophenone, Portulaca Oleracea Extract, Malachite Extract, Ethylhexylglycerin",hyaluronic-acid;panthenol,,,,,,,,,,,,,brand_direct,true,https://torriden.us/products/dive-in-mask,/product-images/brand-direct/s_x002vlij37.jpg
S_8809784602439,skin-protectant,DIVE IN FOR MEN All In One,Torriden,,"Water, Glycerin, Butylene Glycol, Caprylic/Capric Triglyceride, 1,2-Hexanediol, Panthenol, Adenosine, Sodium Hyaluronate, Hydrolyzed Hyaluronic Acid, Sodium Acetylated Hyaluronate, Sodium Hyaluronate Crosspolymer, Hydrolyzed Sodium Hyaluronate, Allantoin, Zinc PCA, Glycereth-26, Pentylene Glycol, 2,3-Butanediol, Urea, Tromethamine, Hydroxyethyl Acrylate/Sodium Acryloyldimethyl Taurate Copolymer, Hydroxyethyl Urea, C12-20 Alkyl Glucoside, Xanthan Gum, Disodium EDTA, Acrylates/C10-30 Alkyl Acrylate Crosspolymer, Glyceryl Acrylate/Acrylic Acid Copolymer, PVM/MA Copolymer, Sorbitan Isostearate, Sodium Acetate, Vinyl Dimethicone, C14-22 Alcohols, Dipeptide-2, Glucose, Ethylhexylglycerin",hyaluronic-acid;panthenol,,,,,,,,,,,,,brand_direct,true,https://torriden.us/products/dive-in-for-men-all-in-one,/product-images/brand-direct/s_8809784602439.jpg
S_8809504741660,skin-protectant,DIVE IN Cream,Torriden,,"Water, Butylene Glycol, Glycerin, Dipropylene Glycol, Caprylic/Capric Triglyceride, 1,2-Hexanediol, C14-22 Alcohols, Glyceryl Stearate, Ethylhexyl Palmitate, Cetearyl Alcohol, Sodium Hyaluronate, Hydrolyzed Hyaluronic Acid, Sodium Acetylated Hyaluronate, Sodium Hyaluronate Crosspolymer, Hydrolyzed Sodium Hyaluronate, Simmondsia Chinensis (Jojoba) Seed Oil, Macadamia Ternifolia Seed Oil, Argania Spinosa Kernel Oil, Trehalose, Sh-Oligopeptide-1, Allantoin, Propanediol, Betaine, Beta-Glucan, Ceramide NP, Portulaca Oleracea Extract, Hamamelis Virginiana (Witch Hazel) Leaf Extract, Morus Nigra Fruit Extract, Lycium Chinense Fruit Extract, Fragaria Chiloensis (Strawberry) Fruit Extract, Berberis Vulgaris Root Extract, Madecassoside, Madecassic Acid, Cetearyl Olivate, Sorbitan Olivate, Malachite Extract, Pentylene Glycol, Dimethicone/Vinyl Dimethicone Crosspolymer, C12-20 Alkyl Glucoside, Polyglyceryl-10 Myristate, Glyceryl Acrylate/Acrylic Acid Copolymer, Xanthan Gum, Arginine, Carbomer, Tromethamine, Ethylhexylglycerin, Scutellaria Baicalensis Root Extract, Paeonia Suffruticosa Root Extract",hyaluronic-acid;ceramides,,,,,,,,,,,,,brand_direct,true,https://torriden.us/products/dive-in-cream,/product-images/brand-direct/s_8809504741660.jpg
S_8809784600411,skin-protectant,DIVE IN Cleansing Water,Torriden,,"Water, Butylene Glycol, Polyglyceryl-6 Caprylate, Isononyl Isononanoate, Panthenol, Sodium Hyaluronate, Hyaluronic Acid, Sodium Acetylated Hyaluronate, Hydroxypropyltrimonium Hyaluronate, Hydrolyzed Sodium Hyaluronate, Sodium Hyaluronate Crosspolymer, Potassium Hyaluronate, Hydrolyzed Hyaluronic Acid, Hamamelis Virginiana (Witch Hazel) Extract, Camellia Sinensis Leaf Extract, Chamomilla Recutita (Matricaria) Extract, Trehalose, Allantoin, Dipropylene Glycol, Polyglyceryl-6 Dicaprate, Dipotassium Glycyrrhizate, Hydroxyacetophenone, Polyglyceryl-4 Lauryl Ether, Hydroxyethylcellulose, 1,2-Hexanediol, Xanthan Gum, Caprylyl Glycol, Disodium EDTA, Malachite Extract",hyaluronic-acid;panthenol,,,,,,,,,,,,,brand_direct,true,https://torriden.us/products/dive-in-cleansing-water,/product-images/brand-direct/s_8809784600411.jpg
S_8809784600404,skin-protectant,DIVE IN Cleansing Foam,Torriden,,"Water, Glycerin, Sodium Cocoyl Glycinate, Sodium Lauroyl Glutamate, Sodium Hyaluronate, Hyaluronic Acid, Hydrolyzed Hyaluronic Acid, Sodium Acetylated Hyaluronate, Hydroxypropyltrimonium Hyaluronate, Hydrolyzed Sodium Hyaluronate, Sodium Hyaluronate Crosspolymer, Potassium Hyaluronate, Panthenol, Allantoin, Trehalose, Tocopherol, Hamamelis Virginiana (Witch Hazel) Extract, Camellia Sinensis Leaf Extract, Chamomilla Recutita (Matricaria) Extract, Butylene Glycol, Dipropylene Glycol, Hydroxypropyl Starch Phosphate, Glyceryl Stearate SE, Potassium Benzoate, Sodium Chloride, Polyquaternium-67, Sodium Acetate, 1,2-Hexanediol, Citric Acid, Ethylhexylglycerin, Disodium EDTA, Malachite Extract",hyaluronic-acid;panthenol,,,,,,,,,,,,,brand_direct,true,https://torriden.us/products/dive-in-cleansing-foam,/product-images/brand-direct/s_8809784600404.jpg
S_8809784601906,brightening-texture,CELLMAZING Firming Gel Mask (Face Only),Torriden,,"Water, Glycerin, Butylene Glycol, Caprylic/Capric Triglyceride, Niacinamide, Chondrus Crispus Powder, Collagen Extract, Collagen, Collagen Amino Acids, Soluble Collagen, Hydrolyzed Collagen, Hexapeptide-2, Palmitoyl Tripeptide-5, Hyaluronic Acid, Sodium Hyaluronate, Hydroxypropyltrimonium Hyaluronate, Hydrolyzed Hyaluronic Acid, Sodium Hyaluronate Crosspolymer, Sodium Hyaluronate Dimethylsilanol, Sodium Acetylated Hyaluronate, Hydrolyzed Sodium Hyaluronate, Potassium Hyaluronate, Dimethylsilanol Hyaluronate, Panthenol, Betaine, Allantoin, Biotin, Glycine, Serine, Leucine, Histidine, Cysteine, Methionine, Alanine, Lysine, Arginine, Tyrosine, Phenylalanine, Proline, Threonine, Valine, Isoleucine, Glutamic Acid, Tocopherol, Aspartic Acid, Ceratonia Siliqua (Carob) Gum, Diospyros Kaki Leaf Extract, Vitis Vinifera (Grape) Fruit Extract, Carthamus Tinctorius (Safflower) Flower Extract, Coffea Arabica (Coffee) Seed Extract, Polygonum Cuspidatum Root Extract, Camellia Sinensis Leaf Extract, Castanea Crenata (Chestnut) Shell Extract, Zanthoxylum Piperitum Fruit Extract, Adenosine, Kaolin (CI 77004), Hydroxyacetophenone, Polyglyceryl-3 Methylglucose Distearate, Glucomannan, Glyceryl Stearate, Polyglyceryl-10 Laurate, Propanediol, Sodium Polyacryloyldimethyl Taurate, Potassium Chloride, Dextrin, Caprylyl Glycol, Ethylhexylglycerin, Sodium Polyacrylate, 1,2-Hexanediol, Cellulose Gum, Cyamopsis Tetragonoloba (Guar) Gum, Xanthan Gum",niacinamide;hyaluronic-acid;peptides;panthenol,,,,,,,,,,,,,brand_direct,true,https://torriden.us/products/cellmazing-firming-gel-mask-face-only,/product-images/brand-direct/s_8809784601906.jpg
S_8809784601999,brightening-texture,CELLMAZING Firming Eye Cream,Torriden,,"Water, Glycerin, Butylene Glycol, Caprylic/Capric Triglyceride, Dipropylene Glycol, Cetearyl Alcohol, Niacinamide, 1,2-Hexanediol, Cetearyl Olivate, Glyceryl Stearate, Sorbitan Olivate, C10-18 Triglycerides, Hydrolyzed Collagen, Collagen Amino Acids, Collagen, Collagen Extract, Soluble Collagen, Hexapeptide-2, Allantoin, Panthenol, Sodium Hyaluronate, Sodium Hyaluronate Crosspolymer, Potassium Hyaluronate, Hydrolyzed Hyaluronic Acid, Hyaluronic Acid, Hydroxypropyltrimonium Hyaluronate, Sodium Acetylated Hyaluronate, Hydrogenated Poly(C6-14 Olefin), Polyglyceryl-6 Distearate, Heptyl Undecylenate, Arachis Hypogaea (Peanut) Oil, Adenosine, Retinol, Retinyl Palmitate, Retinal, Hydroxypinacolone Retinoate, Cetyl Palmitate, Candelilla/Jojoba/Rice Bran Polyglyceryl-3 Esters, Sorbitan Palmitate, Vinyl Dimethicone, Carbomer, Acrylates/C10-30 Alkyl Acrylate Crosspolymer, Tromethamine, Ethylhexylglycerin, Glyceryl Acrylate/Acrylic Acid Copolymer, 2,3-Butanediol, PVM/MA Copolymer, Disodium EDTA, Propanediol, Polyglyceryl-4 Oleate, Sodium Stearoyl Glutamate, Dimethyl Isosorbide, Pentylene Glycol, Xanthan Gum, Biotin, Tocopherol",niacinamide;hyaluronic-acid;retinol-cosmetic;panthenol,,,,,,,,,,,,,brand_direct,true,https://torriden.us/products/cellmazing-firming-eye-cream,/product-images/brand-direct/s_8809784601999.jpg
S_8809784601883,brightening-texture,CELLMAZING Firming Gel Mask (Face & Neck Included),Torriden,,"Water, Glycerin, Butylene Glycol, Caprylic/Capric Triglyceride, Niacinamide, Chondrus Crispus Powder, Collagen Extract, Collagen, Collagen Amino Acids, Soluble Collagen, Hydrolyzed Collagen, Hexapeptide-2, Palmitoyl Tripeptide-5, Hyaluronic Acid, Sodium Hyaluronate, Hydroxypropyltrimonium Hyaluronate, Hydrolyzed Hyaluronic Acid, Sodium Hyaluronate Crosspolymer, Sodium Hyaluronate Dimethylsilanol, Sodium Acetylated Hyaluronate, Hydrolyzed Sodium Hyaluronate, Potassium Hyaluronate, Dimethylsilanol Hyaluronate, Panthenol, Betaine, Allantoin, Biotin, Glycine, Serine, Leucine, Histidine, Cysteine, Methionine, Alanine, Lysine, Arginine, Tyrosine, Phenylalanine, Proline, Threonine, Valine, Isoleucine, Glutamic Acid, Tocopherol, Aspartic Acid, Ceratonia Siliqua (Carob) Gum, Diospyros Kaki Leaf Extract, Vitis Vinifera (Grape) Fruit Extract, Carthamus Tinctorius (Safflower) Flower Extract, Coffea Arabica (Coffee) Seed Extract, Polygonum Cuspidatum Root Extract, Camellia Sinensis Leaf Extract, Castanea Crenata (Chestnut) Shell Extract, Zanthoxylum Piperitum Fruit Extract, Adenosine, Kaolin (CI 77004), Hydroxyacetophenone, Polyglyceryl-3 Methylglucose Distearate, Glucomannan, Glyceryl Stearate, Polyglyceryl-10 Laurate, Propanediol, Sodium Polyacryloyldimethyl Taurate, Potassium Chloride, Dextrin, Caprylyl Glycol, Ethylhexylglycerin, Sodium Polyacrylate, 1,2-Hexanediol, Cellulose Gum, Cyamopsis Tetragonoloba (Guar) Gum, Xanthan Gum",niacinamide;hyaluronic-acid;peptides;panthenol,,,,,,,,,,,,,brand_direct,true,https://torriden.us/products/cellmazing-firming-gel-mask-face-neck-included,/product-images/brand-direct/s_8809784601883.jpg
S_8809784602194,skin-protectant,CELLMAZING Brightening Mask,Torriden,,"Water, Glycerin, Butylene Glycol, Niacinamide, 1,2-Hexanediol, Glycereth-26, Panthenol, 3-O-Ethyl Ascorbic Acid, Adenosine, Allantoin, Tocopherol, Glutathione, Ascorbyl Glucoside, Ascorbyl Palmitate, Ascorbic Acid, Ascorbyl Tetraisopalmitate, Tripeptide-1, Hydrolyzed Hyaluronic Acid, Ceramide NP, Caprylic/Capric Triglyceride, Octyldodecanol, C14-22 Alcohols, Acrylates/C10-30 Alkyl Acrylate Crosspolymer, Ethylhexylglycerin, Sodium Acetylated Hyaluronate, Sodium Hyaluronate, Sodium Hyaluronate Crosspolymer, Tromethamine, Glyceryl Acrylate/Acrylic Acid Copolymer, C12-20 Alkyl Glucoside, PVM/MA Copolymer, Hydrogenated Lecithin, Disodium EDTA, Polyglyceryl-10 Myristate, Pentylene Glycol, Isopentyldiol, 2,3-Butanediol, Hydrolyzed Sodium Hyaluronate, Polyglyceryl-4 Oleate, Sodium Stearoyl Glutamate, Arginine, Carbomer, Proline, Glucose, Xanthan Gum",niacinamide;vitamin-c;hyaluronic-acid;ceramides;panthenol,,,,,,,,,,,,,brand_direct,true,https://torriden.us/products/cellmazing-brightening-mask,/product-images/brand-direct/s_8809784602194.jpg
S_8809784602002,brightening-texture,CELLMAZING Brightening Ampoule,Torriden,,"Water, Propanediol, Glycerin, Niacinamide, 3-O-Ethyl Ascorbic Acid, 1,2-Hexanediol, Isopropyl Myristate, Betaine, Erythritol, Adenosine, Allantoin, Tocopherol, Panthenol, Ascorbic Acid, Sodium Ascorbyl Phosphate, Ascorbyl Glucoside, Ascorbyl Palmitate, Ethylhexylglycerin, Caprylyl Glycol, Xanthan Gum, Corallina Officinalis Extract, Ecklonia Cava Extract, Codium Tomentosum Extract, Gelidium Cartilagineum Extract, Hizikia Fusiforme Extract, Octyldodecanol, Acrylates/C10-30 Alkyl Acrylate Crosspolymer, Tromethamine, Disodium EDTA, Methylpropanediol, Ferulic Acid, Ocimum Sanctum Leaf Extract, Butylene Glycol, Hydrogenated Lecithin, Citrus Aurantium Bergamia (Bergamot) Fruit Oil, Melia Azadirachta Leaf Extract, Melia Azadirachta Flower Extract, Curcuma Longa (Turmeric) Root Extract",niacinamide;vitamin-c;panthenol,,,,,,,,,,,,,brand_direct,true,https://torriden.us/products/cellmazing-brightening-ampoule,/product-images/brand-direct/s_8809784602002.jpg
S_8809784600978,skin-protectant,BALANCEFUL Serum,Torriden,,"Water, Butylene Glycol, Glycerin, Dipropylene Glycol, 1,2-Hexanediol, Glycereth-26, Panthenol, Centella Asiatica Extract, Madecassic Acid, Asiaticoside, Asiatic Acid, Madecassoside, Allantoin, Swertia Japonica Extract, Nymphaea Caerulea Flower Extract, Lactobacillus Ferment, Althaea Rosea Flower Extract, Sodium Hyaluronate, Hydrolyzed Hyaluronic Acid, Hyaluronic Acid, Hydroxypropyltrimonium Hyaluronate, Potassium Hyaluronate, Sodium Hyaluronate Crosspolymer, Sodium Acetylated Hyaluronate, Betaine, Capryloyl Salicylic Acid, Dipeptide-2, Dipotassium Glycyrrhizate, Pentylene Glycol, Sodium Stearoyl Glutamate, Propanediol, Isopentyldiol, Glyceryl Acrylate/Acrylic Acid Copolymer, PVM/MA Copolymer, Caproic Acid, Polyglyceryl-4 Oleate, Sodium Surfactin, Carbomer, Xanthan Gum, Tromethamine, Sodium Acetate, Melia Azadirachta Leaf Extract, Melia Azadirachta Flower Extract, Disodium EDTA, Ethylhexylglycerin",hyaluronic-acid;centella-asiatica;panthenol,,,,,,,,,,,,,brand_direct,true,https://torriden.us/products/balanceful-serum,/product-images/brand-direct/s_8809784600978.jpg
S_8809784600831,skin-protectant,BALANCEFUL Toner Pad,Torriden,,"Water, Dipropylene Glycol, Butylene Glycol, Gluconolactone, Panthenol, Allantoin, Sodium Hyaluronate, Centella Asiatica Extract, Madecassoside, Asiatic Acid, Madecassic Acid, Asiaticoside, Capryloyl Salicylic Acid, Hamamelis Virginiana (Witch Hazel) Extract, Althaea Rosea Flower Extract, Nymphaea Caerulea Flower Extract, Swertia Japonica Extract, Lactobacillus Ferment, Glycerin, Hydroxyacetophenone, Pantolactone, Polyglyceryl-10 Laurate, Glyceryl Acrylate/Acrylic Acid Copolymer, PVM/MA Copolymer, Hydrogenated Phosphatidylcholine, Sucrose Stearate, Sodium Guaiazulene Sulfonate, Caprylic/Capric Triglyceride, Caprylyl Glycol, Cholesterol, Arginine, Melia Azadirachta Flower Extract, Melia Azadirachta Leaf Extract, Dipotassium Glycyrrhizate, 1,2-Hexanediol, Disodium EDTA, Ethylhexylglycerin",hyaluronic-acid;centella-asiatica;panthenol,,,,,,,,,,,,,brand_direct,true,https://torriden.us/products/balanceful-toner-pad,/product-images/brand-direct/s_8809784600831.jpg
S_8809784602903,skin-protectant,BALANCEFUL Peeling Toner,Torriden,,"Water, Propanediol, Glycerin, Gluconolactone, 1,2-Hexanediol, Methylpropanediol, Niacinamide, Panthenol, Betaine Salicylate, Centella Asiatica Extract, Madecassic Acid, Asiaticoside, Asiatic Acid, Madecassoside, Succinic Acid, Lactic Acid, Capryloyl Salicylic Acid, Allantoin, Swertia Japonica Extract, Nymphaea Caerulea Flower Extract, Lactobacillus Ferment, Althaea Rosea Flower Extract, Centella Asiatica Leaf Extract, Salix Alba (Willow) Bark Extract, Tocopherol, Ceramide NP, Beta-Glucan, Potassium Hydroxide, Dimethyl Sulfone, Maltodextrin, Vinyl Dimethicone, Betaine, Hydrolyzed Sclerotium Gum, Dipotassium Glycyrrhizate, Punica Granatum Pericarp Extract, Polyglyceryl-10 Laurate, Polyglyceryl-4 Laurate, Caprylyl/Capryl Glucoside, Hydrogenated Lecithin, Dextrin, Butylene Glycol, Polyglyceryl-10 Oleate, Bifida Ferment Lysate, Lactococcus Ferment Lysate, Lactobacillus Ferment Lysate, Dipropylene Glycol, Ethylhexylglycerin, Carthamus Tinctorius (Safflower) Flower Extract, Gardenia Florida Fruit Extract",niacinamide;ceramides;centella-asiatica;panthenol;lactic-acid,,,,,,,,,,,,,brand_direct,true,https://torriden.us/products/balanceful-peeling-toner,/product-images/brand-direct/s_8809784602903.jpg
S_8809784602330,skin-protectant,BALANCEFUL Modeling Pack,Torriden,,"Diatomaceous Earth, Glucose, Algin, Calcium Sulfate, Kaolin, Trehalose, Betaine, Chlorella Vulgaris Powder, Xylitol, Centella Asiatica Extract, Melaleuca Alternifolia (Tea Tree) Leaf Extract, Panthenol, Allantoin, Madecassoside, Asiaticoside, Asiatic acid, Madecassic acid, Dextrin, Sodium Dehydroacetate, Tetrasodium Pyrophosphate, Carthamus Tinctorius (Safflower) Flower Extract, Gardenia Florida Fruit Extract, Sodium Hyaluronate, Water, Glycerin, Butylene glycol, 1,2-Hexanediol, Lactobacillus Ferment, Althaea Rosea Flower Extract, Nymphaea Caerulea Flower Extract, Swertia Japonica Extract",hyaluronic-acid;centella-asiatica;panthenol,,,,,,,,,,,,,brand_direct,true,https://torriden.us/products/balanceful-modeling-pack,/product-images/brand-direct/s_8809784602330.jpg
S_8809784601272,skin-protectant,BALANCEFUL Mask,Torriden,,"Water, Butylene Glycol, Glycerin, Dipropylene Glycol, 1,2-Hexanediol, Panthenol, Centella Asiatica Extract, Madecassic Acid, Asiaticoside, Asiatic Acid, Madecassoside, Allantoin, Swertia Japonica Extract, Nymphaea Caerulea Flower Extract, Lactobacillus Ferment, Althaea Rosea Flower Extract, Hydrolyzed Hyaluronic Acid, Dipeptide-2, Dipotassium Glycyrrhizate, Propanediol, Isopentyldiol, Glyceryl Acrylate/Acrylic Acid Copolymer, Polyglyceryl-4 Oleate, Sodium Stearoyl Glutamate, PVM/MA Copolymer, Sodium Surfactin, Carbomer, Xanthan Gum, Tromethamine, Melia Azadirachta Leaf Extract, Melia Azadirachta Flower Extract, Disodium EDTA, Ethylhexylglycerin",hyaluronic-acid;centella-asiatica;panthenol,,,,,,,,,,,,,brand_direct,true,https://torriden.us/products/balanceful-mask,/product-images/brand-direct/s_8809784601272.jpg
S_8809784600985,skin-protectant,BALANCEFUL Cream,Torriden,,"Water, Butylene Glycol, Glycerin, Heptyl Undecylenate, 1,2-Hexanediol, Panthenol, Centella Asiatica Extract, Madecassic Acid, Asiaticoside, Asiatic Acid, Madecassoside, Allantoin, Hydrolyzed Hyaluronic Acid, Swertia Japonica Extract, Nymphaea Caerulea Flower Extract, Lactobacillus Ferment, Althaea Rosea Flower Extract, Carthamus Tinctorius (Safflower) Flower Extract, Betaine, Caprylic/Capric Triglyceride, Cetearyl Alcohol, Propanediol, C14-22 Alcohols, Dipeptide-2, Acrylates/C10-30 Alkyl Acrylate Crosspolymer, Hydroxyethyl Acrylate/Sodium Acryloyldimethyl Taurate Copolymer, Sodium Polyacrylate, Glyceryl Acrylate/Acrylic Acid Copolymer, PVM/MA Copolymer, Sorbitan Isostearate, Polyglyceryl-3 Polyricinoleate, Isopentyldiol, Capryloyl Salicylic Acid, C12-20 Alkyl Glucoside, Polyglyceryl-4 Oleate, Sodium Stearoyl Glutamate, Sodium Surfactin, Caproic Acid, Xanthan Gum, Tromethamine, Sodium Acetate, Disodium EDTA, Ethylhexylglycerin, Gardenia Florida Fruit Extract",hyaluronic-acid;centella-asiatica;panthenol,,,,,,,,,,,,,brand_direct,true,https://torriden.us/products/balanceful-cream,/product-images/brand-direct/s_8809784600985.jpg
S_8809784600824,skin-protectant,BALANCEFUL Cleansing Gel,Torriden,,"Water, Glycerin, Sodium Cocoyl Alaninate, Lauryl Glucoside, Lauryl Hydroxysultaine, Coco-Betaine, Disodium Cocoamphodiacetate, Centella Asiatica Extract, Madecassoside, Asiaticoside, Asiatic Acid, Madecassic Acid, Panthenol, Capryloyl Salicylic Acid, Ceramide NP, Allantoin, Hamamelis Virginiana (Witch Hazel) Extract, Althaea Rosea Flower Extract, Nymphaea Caerulea Flower Extract, Swertia Japonica Extract, Lactobacillus Ferment, Glycine Soja (Soybean) Seed Extract, Quillaja Saponaria Bark Extract, Aloe Ferox Leaf Extract, Butylene Glycol, Pentylene Glycol, Hexylene Glycol, Coco-Glucoside, Sodium Chloride, Sodium Cocoyl Isethionate, Caprylyl Glycol, Caprylic/Capric Triglyceride, Octanediol, Acrylates/C10-30 Alkyl Acrylate Crosspolymer, Hydrogenated Lecithin, Melia Azadirachta Leaf Extract, Melia Azadirachta Flower Extract, Dipotassium Glycyrrhizate, Citric Acid, 1,2-Hexanediol, Rosmarinus Officinalis (Rosemary) Leaf Oil, Ethylhexylglycerin",ceramides;centella-asiatica;panthenol,,,,,,,,,,,,,brand_direct,true,https://torriden.us/products/balanceful-cleansing-gel,/product-images/brand-direct/s_8809784600824.jpg
S_8809784602309,skin-protectant,BALANCEFUL Cleansing Foam,Torriden,,"Water, Glycerin, Stearic Acid, Lauric Acid, Potassium Hydroxide, Potassium Cocoyl Glycinate, Dipropylene Glycol, Potassium Cocoate, Glyceryl Stearate SE, Lauryl Glucoside, Salicylic Acid, Centella Asiatica Extract, Madecassoside, Asiaticoside, Asiatic Acid, Madecassic Acid, Panthenol, Gluconolactone, Allantoin, Tocopherol, Althaea Rosea Flower Extract, Nymphaea Caerulea Flower Extract, Lactobacillus Ferment, Swertia Japonica Extract, Pentylene Glycol, Butylene Glycol, Sodium Cocoyl Isethionate, Sodium Isethionate, Caprylyl Glycol, Disodium EDTA, Dextrin, Sodium Benzoate, Coconut Acid, Ethylhexylglycerin, Polyquaternium-7, 1,2-Hexanediol, Rosmarinus Officinalis (Rosemary) Leaf Oil, Decyl Glucoside, Gardenia Florida Fruit Extract, Carthamus Tinctorius (Safflower) Flower Extract",centella-asiatica;panthenol,,,,,,,,,,,,,brand_direct,true,https://torriden.us/products/balanceful-cleansing-foam,/product-images/brand-direct/s_8809784602309.jpg
S_8809504741653,skin-protectant,Hyaluronic Acid Soothing Cream,Torriden,,"Water, Butylene Glycol, Glycerin, 1,2-Hexanediol, Hydrogenated Didecene, Allantoin, Trehalose, Hamamelis Virginiana (Witch Hazel) Extract, Panthenol, Hydrolyzed Hyaluronic Acid, Sodium Hyaluronate, Sodium Hyaluronate Crosspolymer, Sodium Acetylated Hyaluronate, Hydrolyzed Sodium Hyaluronate, Glyceryl Acrylate/Acrylic Acid Copolymer, PVM/MA Copolymer, Hydroxyethyl Acrylate/Sodium Acryloyldimethyl Taurate Copolymer, 2,3-Butanediol, Cetearyl Alcohol, C14-22 Alcohols, C12-20 Alkyl Glucoside, Pentylene Glycol, Sorbitan Isostearate, Caprylic/Capric Triglyceride, Melia Azadirachta Leaf Extract, Melia Azadirachta Flower Extract, Coccinia Indica Fruit Extract, Solanum Melongena (Eggplant) Fruit Extract, Ocimum Sanctum Leaf Extract, Curcuma Longa (Turmeric) Root Extract, Corallina Officinalis Extract, Salvia Sclarea (Clary) Extract, Lavandula Angustifolia (Lavender) Flower Extract, Hyacinthus Orientalis (Hyacinth) Extract, Chamomilla Recutita (Matricaria) Flower Extract, Centaurea Cyanus Flower Extract, Borago Officinalis Extract, Disodium EDTA, Carbomer, Tromethamine, Xanthan Gum, Glutathione, Malachite Extract, Ethylhexylglycerin",hyaluronic-acid;panthenol,,,,,,,,,,,,,brand_direct,true,https://torriden.us/products/amazon-dive-in-soothingcream,/product-images/brand-direct/s_8809504741653.jpg
S_8809504741653,brightening-texture,CELLMAZING Collagen Firming Patch,Torriden,,"Water, Glycerin, Sodium Polyacrylate, Sorbitol, Niacinamide, Polyacrylic Acid, Agar, Xanthan Gum, Collagen, Collagen Amino Acids, Collagen Extract, Soluble Collagen, Hydrolyzed Collagen, Hexapeptide-2, Palmitoyl Tripeptide-5, Adenosine, Panthenol, Allantoin, Cyanocobalamin, Hydrogenated Polyisobutene, Dipotassium Glycyrrhizate, Biotin, Anemarrhena Asphodeloides Root Extract, Hydroxyacetophenone, Butylene Glycol, 1,2-Hexanediol, Dipropylene Glycol, Caprylyl Glycol, Aluminum Glycinate, Cellulose Gum, Caprylyl/Capryl Glucoside, Tartaric Acid, Sodium Phytate, Pentasodium Triphosphate, Tocopherol",niacinamide;peptides;panthenol,,,,,,,,,,,,,brand_direct,true,https://torriden.us/products/amazon-cellmazing-collagen-firming-patch,/product-images/brand-direct/s_8809504741653.jpg
S_8809504741653,skin-protectant,DIVE IN Hyaluronic Acid Serum,Torriden,,"Water, Butylene Glycol, Glycerin, Dipropylene Glycol, 1,2-Hexanediol, Panthenol, Sodium Hyaluronate, Hydrolyzed Hyaluronic Acid, Sodium Acetylated Hyaluronate, Sodium Hyaluronate Crosspolymer, Hydrolyzed Sodium Hyaluronate, Allantoin, Trehalose, Betaine, Propanediol, Portulaca Oleracea Extract, Hamamelis Virginiana (Witch Hazel) Leaf Extract, Madecassoside, Madecassic Acid, Ceramide NP, Beta-Glucan, Malachite Extract, Cholesterol, Pentylene Glycol, Glyceryl Acrylate/Acrylic Acid Copolymer, PVM/MA Copolymer, Polyglyceryl-10 Laurate, Xanthan Gum, Tromethamine, Carbomer, Ethylhexylglycerin, Scutellaria Baicalensis Root Extract, Paeonia Suffruticosa Root Extract",hyaluronic-acid;ceramides;panthenol,,,,,,,,,,,,,brand_direct,true,https://torriden.us/products/amazon-dive-in-hyaluronic-acid-serum-re,/product-images/brand-direct/s_8809504741653.jpg
S_8809504741653,skin-protectant,CELLMAZING Collagen Cream,Torriden,,"Water, Butylene Glycol, Glycerin, Caprylic/Capric Triglyceride, Niacinamide, 1,2-Hexanediol, Cetearyl Olivate, Cetyl Ethylhexanoate, Collagen Extract, Soluble Collagen, Collagen Amino Acids, Collagen, Hydrolyzed Collagen, Hexapeptide-2, Panthenol, Allantoin, Hydrolyzed Hyaluronic Acid, Sodium Hyaluronate, Hydroxyethyl Acrylate/Sodium Acryloyldimethyl Taurate Copolymer, Sodium Hyaluronate Crosspolymer, Potassium Hyaluronate, Hydroxypropyltrimonium Hyaluronate, Hyaluronic Acid, Sodium Acetylated Hyaluronate, Heptyl Undecylenate, Glyceryl Stearate, C10-18 Triglycerides, Acrylates/C10-30 Alkyl Acrylate Crosspolymer, Valine, Threonine, Proline, Isoleucine, Histidine, Methionine, Cysteine, Biotin, Pentylene Glycol, Glycine, Serine, Glutamic Acid, Aspartic Acid, Leucine, Alanine, Lysine, Arginine, Tyrosine, Phenylalanine, Adenosine, Sorbitan Olivate, Sorbitan Isostearate, Cetearyl Alcohol, Vinyl Dimethicone, Tromethamine, Glyceryl Acrylate/Acrylic Acid Copolymer, PVM/MA Copolymer, Xanthan Gum, Disodium EDTA, Ethylhexylglycerin",niacinamide;hyaluronic-acid;panthenol,,,,,,,,,,,,,brand_direct,true,https://torriden.us/products/amazon-cellmazing-collagen-firming-cream-re,/product-images/brand-direct/s_8809504741653.jpg
S_8809504741653,skin-protectant,CELLMAZING Collagen Firming Cream,Torriden,,"Water, Butylene Glycol, Glycerin, Caprylic/Capric Triglyceride, Niacinamide, 1,2-Hexanediol, Cetearyl Olivate, Cetyl Ethylhexanoate, Collagen Extract, Soluble Collagen, Collagen Amino Acids, Collagen, Hydrolyzed Collagen, Hexapeptide-2, Panthenol, Allantoin, Hydrolyzed Hyaluronic Acid, Sodium Hyaluronate, Hydroxyethyl Acrylate/Sodium Acryloyldimethyl Taurate Copolymer, Sodium Hyaluronate Crosspolymer, Potassium Hyaluronate, Hydroxypropyltrimonium Hyaluronate, Hyaluronic Acid, Sodium Acetylated Hyaluronate, Heptyl Undecylenate, Glyceryl Stearate, C10-18 Triglycerides, Acrylates/C10-30 Alkyl Acrylate Crosspolymer, Valine, Threonine, Proline, Isoleucine, Histidine, Methionine, Cysteine, Biotin, Pentylene Glycol, Glycine, Serine, Glutamic Acid, Aspartic Acid, Leucine, Alanine, Lysine, Arginine, Tyrosine, Phenylalanine, Adenosine, Sorbitan Olivate, Sorbitan Isostearate, Cetearyl Alcohol, Vinyl Dimethicone, Tromethamine, Glyceryl Acrylate/Acrylic Acid Copolymer, PVM/MA Copolymer, Xanthan Gum, Disodium EDTA, Ethylhexylglycerin",niacinamide;hyaluronic-acid;panthenol,,,,,,,,,,,,,brand_direct,true,https://torriden.us/products/amazon-cellmazing-collagen-firming-cream-pa,/product-images/brand-direct/s_8809504741653.jpg
S_8809504741653,skin-protectant,Hyaluronic Acid Serum,Torriden,,"Water, Butylene Glycol, Glycerin, Dipropylene Glycol, 1,2-Hexanediol, Panthenol, Sodium Hyaluronate, Hydrolyzed Hyaluronic Acid, Sodium Acetylated Hyaluronate, Sodium Hyaluronate Crosspolymer, Hydrolyzed Sodium Hyaluronate, Allantoin, Trehalose, Betaine, Propanediol, Portulaca Oleracea Extract, Hamamelis Virginiana (Witch Hazel) Leaf Extract, Madecassoside, Madecassic Acid, Ceramide NP, Beta-Glucan, Malachite Extract, Cholesterol, Pentylene Glycol, Glyceryl Acrylate/Acrylic Acid Copolymer, PVM/MA Copolymer, Polyglyceryl-10 Laurate, Xanthan Gum, Tromethamine, Carbomer, Ethylhexylglycerin, Scutellaria Baicalensis Root Extract, Paeonia Suffruticosa Root Extract",hyaluronic-acid;ceramides;panthenol,,,,,,,,,,,,,brand_direct,true,https://torriden.us/products/amazon-dive-in-hyaluronic-acid-serum,/product-images/brand-direct/s_8809504741653.jpg
S_8809784601821,skin-protectant,DIVE IN Hyaluronic Acid Serum*2,Torriden,,"Water, Butylene Glycol, Glycerin, Dipropylene Glycol, 1,2-Hexanediol, Panthenol, Sodium Hyaluronate, Hydrolyzed Hyaluronic Acid, Sodium Acetylated Hyaluronate, Sodium Hyaluronate Crosspolymer, Hydrolyzed Sodium Hyaluronate, Allantoin, Trehalose, Betaine, Propanediol, Portulaca Oleracea Extract, Hamamelis Virginiana (Witch Hazel) Leaf Extract, Madecassoside, Madecassic Acid, Ceramide NP, Beta-Glucan, Malachite Extract, Cholesterol, Pentylene Glycol, Glyceryl Acrylate/Acrylic Acid Copolymer, PVM/MA Copolymer, Polyglyceryl-10 Laurate, Xanthan Gum, Tromethamine, Carbomer, Ethylhexylglycerin, Scutellaria Baicalensis Root Extract, Paeonia Suffruticosa Root Extract",hyaluronic-acid;ceramides;panthenol,,,,,,,,,,,,,brand_direct,true,https://torriden.us/products/amazon-dive-in-serum-pack,/product-images/brand-direct/s_8809784601821.jpg
curel-jp-curel-moisture-facial-milk,skin-protectant,"Moisture Facial Milk for Dry, Sensitive Skin",Curél,,"water/aqua, glycerin, cetyl-pg hydroxyethyl palmitamide, dimethicone, neopentyl glycol dicaprate, squalane, polysorbate 60, butylene glycol, sorbitan stearate, cholesterol, cholesteryl isostearate, allantoin, cetyl alcohol, sodium methyl stearoyl taurate, stearyl alcohol, succinic acid, bis-methoxypropylamido isodocosane, eucalyptus globulus leaf extract, methylparaben",squalane,,,,,,,,,,,,,brand_direct,true,https://www.curel.com/en-us/japanskincare/products/double-moisturizing/curel-moisture-facial-milk/,/product-images/brand-direct/curel-jp-curel-moisture-facial-milk.jpg
vanicream-enhanced-moisturizer,skin-protectant,Vanicream Enhanced Moisturizer Sensitive Skin,Vanicream,,"water, glycerin, C32-54 isoalkane, C12-18 alkanoyl glycerin/sebacic acid copolymer, dimethicone, polyglyceryl-2 stearate, phytosterols, ceramide NG, ceramide AS, ceramide AP, ceramide NP, ceramide EOP, glyceryl stearate, hydrogenated starch hydrolysate, sucrose laurate, sodium hyaluronate, hydrogenated lecithin, stearyl alcohol, polyacrylate crosspolymer-11, caprylyl glycol, 1,2-hexanediol",hyaluronic-acid;ceramides,,,,,,,,,,,,,brand_direct,true,https://www.vanicream.com/product/enhanced-moisturizer,/product-images/brand-direct/vanicream-enhanced-moisturizer.png
vanicream-free-and-clear-conditioner,skin-protectant,"Vanicream Conditioner - Fragrance-Free, Gluten-Free",Vanicream,,"water, cetearyl alcohol, hydrogenated polydecene, propanediol, distearoylethyl dimonium chloride, glycerin, ceteareth-20, panthenol, 1,2-hexanediol, arginine, caprylyl glycol",panthenol,,,,,,,,,,,,,brand_direct,true,https://www.vanicream.com/product/free-and-clear-conditioner,/product-images/brand-direct/vanicream-free-and-clear-conditioner.jpg
vanicream-free-and-clear-hair-gel,skin-protectant,"Free & Clear Hair Gel - Alcohol-Free, Fragrance-Free",Vanicream,,"water, VP/VA copolymer, panthenol, PEG-45 palm kernel glycerides, 1,2-hexanediol, PEG-14, acrylates/C10-30 alkyl acrylate crosspolymer, PEG-33, caprylyl glycol, PEG-8 dimethicone, aminomethyl propanol, tetrasodium EDTA",panthenol,,,,,,,,,,,,,brand_direct,true,https://www.vanicream.com/product/free-and-clear-hair-gel,/product-images/brand-direct/vanicream-free-and-clear-hair-gel.jpg
vanicream-free-and-clear-shampoo,skin-protectant,"Vanicream Shampoo - No Fragrance, Parabens or Sulfates",Vanicream,,"water, lauryl glucoside, coco-glucoside, acrylates copolymer, sodium cocoyl glutamate, sodium cocoyl glycinate, glycerin, sucrose cocoate, panthenol, pentylene glycol, 1,2-hexanediol, disodium EDTA, caprylyl glycol, sodium hydroxide, sodium chloride",panthenol,,,,,,,,,,,,,brand_direct,true,https://www.vanicream.com/product/free-and-clear-shampoo,/product-images/brand-direct/vanicream-free-and-clear-shampoo.jpg
vanicream-vanicream-baby-moisturizing-cream,skin-protectant,Vanicream Moisturizing Cream for Baby,Vanicream,,"water, glycerin, petrolatum, cetearyl alcohol, isopentyldiol, ceteareth-20, dimethicone, beta-glucan, ceramide NP, ceramide AP, polyepsilon-lysine, 1,2-hexanediol",ceramides;petrolatum,,,,,,,,,,,,,brand_direct,true,https://www.vanicream.com/product/vanicream-baby-moisturizing-cream,/product-images/brand-direct/vanicream-vanicream-baby-moisturizing-cream.jpg
vanicream-vanicream-body-wash,skin-protectant,"Vanicream Gentle Body Wash for Sensitive Skin, Sulfate-Free",Vanicream,,"water, glycerin, coco-glucoside, propanediol, sodium cocoyl glycinate, acrylates copolymer, panthenol, caprylyl glycol, disodium EDTA, sodium chloride, 1,2-hexanediol, mica, titanium dioxide, sodium hydroxide, citric acid",panthenol,,,,,,,,,,,,,brand_direct,true,https://www.vanicream.com/product/vanicream-body-wash,/product-images/brand-direct/vanicream-vanicream-body-wash.jpg
vanicream-vanicream-cleansing-bar,skin-protectant,Vanicream Cleansing Bar,Vanicream,,"sodium cocoyl isethionate, stearic acid, water, coconut acid, sodium isethionate, sodium lauroyl sarcosinate, sodium laurate, sorbitol, propanediol, cetearyl alcohol, glyceryl stearate, simethicone, sodium chloride, petrolatum, ceteareth-20, PEG-30 stearate, PEG-20, titanium dioxide",petrolatum,,,,,,,,,,,,,brand_direct,true,https://www.vanicream.com/product/vanicream-cleansing-bar,/product-images/brand-direct/vanicream-vanicream-cleansing-bar.jpg
vanicream-vanicream-daily-facial-moisturizer,skin-protectant,Vanicream Daily Facial Moisturizer for Sensitive Skin,Vanicream,,"water, squalane, glycerin, pentylene glycol, polyglyceryl-2 stearate, glyceryl stearate, stearyl alcohol, hyaluronic acid, ceramide EOP, ceramide NG, ceramide NP, ceramide AS, ceramide AP, carnosine, hydrogenated lecithin, phytosterols, caprylyl glycol, polyacrylate crosspolymer-11, 1,2-hexanediol",hyaluronic-acid;ceramides;squalane,,,,,,,,,,,,,brand_direct,true,https://www.vanicream.com/product/vanicream-daily-facial-moisturizer,/product-images/brand-direct/vanicream-vanicream-daily-facial-moisturizer.jpg
vanicream-vanicream-moisturizing-cream,skin-protectant,"Vanicream Moisturizing Cream for Dry, Sensitive Skin",Vanicream,,"water, petrolatum, sorbitol, cetearyl alcohol, propylene glycol, ceteareth-20, simethicone, glyceryl stearate, PEG-30 stearate, sorbic acid",petrolatum,,,,,,,,,,,,,brand_direct,true,https://www.vanicream.com/product/vanicream-moisturizing-cream,/product-images/brand-direct/vanicream-vanicream-moisturizing-cream.jpg
vanicream-vanicream-moisturizing-lotion,skin-protectant,"Vanicream Moisturizing Lotion for Dry, Sensitive Skin & Face",Vanicream,,"water, petrolatum, propylene glycol, cetearyl alcohol, sorbitol, ceteareth-20, simethicone, glyceryl stearate, PEG-30 stearate, sorbic acid, BHT",petrolatum,,,,,,,,,,,,,brand_direct,true,https://www.vanicream.com/product/vanicream-moisturizing-lotion,/product-images/brand-direct/vanicream-vanicream-moisturizing-lotion.jpg
vanicream-vanicream-shave-cream,skin-protectant,Vanicream Shave Cream,Vanicream,,"water, stearic acid, glycerin, caprylic/capric triglyceride, hydrogenated polydecene, panthenol, PEG-12 dimethicone, 1,2-hexanediol, titanium dioxide, sodium polyacrylate, caprylyl glycol, sodium hydroxide, isopropyl titanium triisostearate, disodium EDTA",panthenol,,,,,,,,,,,,,brand_direct,true,https://www.vanicream.com/product/vanicream-shave-cream,/product-images/brand-direct/vanicream-vanicream-shave-cream.jpg
vanicream-vitamin-c-serum,skin-protectant,Vanicream Vitamin C Serum,Vanicream,,"water, glycerin, diisooctyl succinate, tetrahexyldecyl ascorbate, pentylene glycol, polyglyceryl-2 stearate, carnosine, ceramide NP, ceramide EOP, ceramide AP, ceramide NG, ceramide AS, phytosterols, glyceryl stearate, stearyl alcohol, hydrogenated lecithin, 1,2-hexanediol, polyacrylate crosspolymer-6, citric acid, caprylyl glycol",ceramides,,,,,,,,,,,,,brand_direct,true,https://www.vanicream.com/product/vitamin-c-serum,/product-images/brand-direct/vanicream-vitamin-c-serum.jpg
302990117073,skin-protectant,Deep Hydration Hydrating Water Gel,Cetaphil,,"Water, Glycerin, Dimethicone, Propanediol, Panthenol, Niacinamide, Octyldodecanol, Sodium, Polyacryloyldimethyl Taurate, Xylitylglucoside, Anhydroxylitol, Allantoin, Distarch Phosphate, Hydroxyacetophenone, Xanthan Gum , Acrylates/C10-30 Alkyl Acrylate Crosspolymer, Caprylyl Glycol, 1,2-Hexanediol, Trehalose, Urea, Xylitol, Hydrolyzed Hyaluronic Acid, Polyglutamic Acid, Pentylene Glycol, Serine, Sodium Hydroxide, Pantolactone, Algin, Disodium Phosphate, Glyceryl Polyacrylate, Pullulan, Sodium Hyaluronate, Globularia Alypum Leaf Extract, Citric Acid, Potassium Phosphate",niacinamide;hyaluronic-acid;panthenol,,,,,,,,,,,,,brand_direct,true,https://www.cetaphil.com/us/moisturizers/facial-moisturizers-serums/deep-hydration-hydrating-water-gel/302990117073.html,/product-images/brand-direct/302990117073.png
302990851908-1-oz,brightening-texture,Gentle Clear Repairing Post-Acne Serum,Cetaphil,,0.5% Bakuchiol,bakuchiol,,,,,,,,,,,,,brand_direct,true,https://www.cetaphil.com/us/moisturizers/gentle-clear-repairing-post-acne-serum/302990851908.html,/product-images/brand-direct/302990851908-1-oz.png
302993914938,skin-protectant,Intensive Healing Lotion,Cetaphil,,"Water, Glycerin, Caprylic/Capric Triglyceride, Helianthus Annuus (Sunflower) Seed Oil, Pentylene Glycol, Butyrospermum Parkii (Shea) Butter, Cetearyl Alcohol, Sorbitol, Behenyl Alcohol, Glyceryl Stearate, Cyclopentasiloxane, Tocopheryl Acetate (Vitamin E), Hydroxypalmitoyl Sphinganine (Ceramide), Niacinamide (Vitamin B3), Allantoin, Panthenol (Vitamin B5), Arginine, DisodiumEthylene Dicocamide PEG-15 Disulfate, Glyceryl Stearate Citrate, Sodium PCA, Ceteareth-20, Sodium Polyacrylate, Caprylyl Glycol, Citric Acid, Dimethiconol, Disodium EDTA, Sodium Hyaluronate, Cetyl Alcohol",niacinamide;hyaluronic-acid;ceramides;panthenol,,,,,,,,,,,,,brand_direct,true,https://www.cetaphil.com/us/nav-glycerin/intensive-healing-lotion/302993914938.html,/product-images/brand-direct/302993914938.png
302994116102,skin-protectant,Multi-Purpose Ointment,Cetaphil,,Petrolatum 71.5%,petrolatum,,,,,,,,,,,,,brand_direct,true,https://www.cetaphil.com/us/products/body/multi-purpose-ointment/302994116102.html,/product-images/brand-direct/302994116102.png
302990530711-1,brightening-texture,Skin Activator Hydrating & Firming Cream,Cetaphil,,"WATER, HELIANTHUS ANNUUS (SUNFLOWER) SEED OIL, GLYCERIN, DIMETHICONE, CETEARYL ALCOHOL, HYDROGENATED VEGETABLE OIL, SYNTHETIC BEESWAX, METHYL GLUCOSE SESQUISTEARATE, PRUNUS AMYGDALUS DULCIS (SWEET ALMOND) OIL, MANDELIC ACID, TOCOPHERYL ACETATE, CENTELLA ASIATICA LEAF EXTRACT, DIMETHICONOL, PROPANEDIOL, ACRYLATES/C10-30 ALKYL ACRYLATE CROSSPOLYMER, POTASSIUM CETYL PHOSPHATE, LECITHIN, DISODIUM EDTA, ETHYLHEXYLGLYCERIN, PHENOXYETHANOL, SODIUM HYDROXIDE, TOCOPHEROL",centella-asiatica;mandelic-acid,,,,,,,,,,,,,brand_direct,true,https://www.cetaphil.com/us/products/body/skin-activator-hydrating-and-firming-cream/302990530711.html,/product-images/brand-direct/302990530711-1.png
302993927402,brightening-texture,Cetaphil Daily Facial Cleanser Fragrance Free,Cetaphil,,"Water, Glycerin, Cocamidopropyl Betaine, Disodium Laureth Sulfosuccinate, Sodium Cocoamphoacetate, Panthenol, Niacinamide, Pantolactone, Acrylates/C10-30 Alkyl Acrylate Crosspolymer, Sodium Benzoate, Sodium Chloride, Citric Acid",niacinamide;panthenol,,,,,,,,,,,,,brand_direct,true,https://www.cetaphil.com/us/products/facial/cetaphil-daily-facial-cleanser-fragrance-free/302993927402.html,/product-images/brand-direct/302993927402.png
302993927341,brightening-texture,Cetaphil Daily Facial Cleanser,Cetaphil,,"Water, Glycerin, Cocamidopropyl Betaine, Disodium Laureth Sulfosuccinate, Sodium Cocoamphoacetate, Panthenol, Niacinamide, Pantolactone, Acrylates/C10-30 Alkyl Acrylate Crosspolymer, Sodium Benzoate, Masking Fragrance, Sodium Chloride, Citric Acid",niacinamide;panthenol,,,,,,,,,,,,,brand_direct,true,https://www.cetaphil.com/us/products/product-categories/all-cleansers/cetaphil-daily-facial-cleanser/302993927341.html,/product-images/brand-direct/302993927341.png
302990110227,brightening-texture,Cetaphil Gentle Skin Cleanser,Cetaphil,,"Water, Glycerin, Cetearyl Alcohol, Panthenol, Niacinamide, Pantolactone, Xanthan Gum, Sodium Cocoyl Isethionate, Sodium Benzoate, Citric Acid",niacinamide;panthenol,,,,,,,,,,,,,brand_direct,true,https://www.cetaphil.com/us/products/product-categories/all-cleansers/cetaphil-gentle-skin-cleanser/302990110227.html,/product-images/brand-direct/302990110227.png
302993923589,skin-protectant,Deep Cleansing Bar 3PK,Cetaphil,,"Sodium Cocoyl Isethionate, Stearic Acid, Sodium Tallowate, Water, Sodium Cocoate, Sodium Stearate, Glycerin, Sodium Chloride, PEG-20, Butyl Avocadate, Petrolatum, Sodium Isethionate, Sodium Isostearoyl Lactylate, Pentasodium Pentetate, Sucrose Cocoate, Masking Fragrance, Tetrasodium Etidronate, Propyl Gallate, Titanium Dioxide. May also contain Sodium Palm Kernelate",petrolatum,,,,,,,,,,,,,brand_direct,true,https://www.cetaphil.com/us/products/product-categories/all-cleansers/deep-cleansing-bar/302993923572.html,/product-images/brand-direct/302993923589.png
302993889182,skin-protectant,Extra Gentle Daily Scrub,Cetaphil,,"Water, Cocamidopropyl Betaine, Disodium Cocoamphodiacetate, Glycerin, Coco-Glucoside, Panthenol (Vitamin B5), Tocopheryl Acetate (Vitamin E), Bambusa Arundinacea Stem Extract, Sodium Hydroxide, Sodium Benzoate, Sodium Citrate, Xanthan Gum, Heliotropine, Phenoxyethanol, Polyquaternium-10, Acrylates/C10-30 Alkyl Acrylate Crosspolymer, Citric Acid, Sodium Chloride, Sodium Cocoamphoacetate, Masking Fragrance",panthenol,,,,,,,,,,,,,brand_direct,true,https://www.cetaphil.com/us/products/product-categories/all-cleansers/extra-gentle-daily-scrub/302993889182.html,/product-images/brand-direct/302993889182.png
302993923046-1,skin-protectant,Gentle Cleansing Bar,Cetaphil,,"Sodium Cocoyl Isethionate, Stearic Acid, Sodium Tallowate, Water, Sodium Cocoate, Sodium Stearate, Glycerin, Sodium Chloride, PEG-20, Butyl Avocadate, Petrolatum, Sodium Isethionate, Sodium Isostearoyl Lactylate, Pentasodium Pentetate, Sucrose Cocoate, Masking Fragrance, Tetrasodium Etidronate, Propyl Gallate, Titanium Dioxide. May also contain Sodium Palm Kernelate",petrolatum,,,,,,,,,,,,,brand_direct,true,https://www.cetaphil.com/us/products/product-categories/all-cleansers/gentle-cleansing-bar/302993923046.html,/product-images/brand-direct/302993923046-1.png
302993889175,skin-protectant,Gentle Foaming Cleanser,Cetaphil,,"Water, Cocamidopropyl Betaine, Coco-Glucoside, Betaine, Glycerin, Panthenol (Vitamin B5), Tocopheryl Acetate (Vitamin E), Sodium Benzoate, Polysorbate 20, Polyquaternium-10, Phenoxyethanol, Citric Acid",panthenol,,,,,,,,,,,,,brand_direct,true,https://www.cetaphil.com/us/products/product-categories/all-cleansers/gentle-foaming-cleanser/302993889175.html,/product-images/brand-direct/302993889175.png
302993934035,brightening-texture,Gentle Skin Cleansing Cloths,Cetaphil,,"Water, Glycerin, Dicaprylyl Ether, Decyl Glucoside, Phenoxyethanol, Glyceryl Oleate, Aloe Barbadensis Leaf Juice, Sodium Citrate, Citric Acid, Benzoic Acid, Niacinamide, Panthenol, Tetrasodium Glutamate Diacetate, Dehydroacetic Acid, Sodium Bicarbonate, Tocopheryl Acetate, Potassium Sorbate, Sodium Benzoate",niacinamide;panthenol,,,,,,,,,,,,,brand_direct,true,https://www.cetaphil.com/us/products/product-categories/all-cleansers/gentle-skin-cleansing-cloths/302993934059.html,/product-images/brand-direct/302993934035.png
302990117097,brightening-texture,Hydrating Foaming Cream Cleanser,Cetaphil,,"Water, Sodium Cocoyl Isethionate, Glycerin, Glycol Distearate​, Sodium Cocoyl Glutamate, Cocamidopropyl Betaine, Sodium Lauroyl Sarcosinate, Cetearyl Alcohol, Phenoxyethanol, Acrylates/C10-30 Alkyl Acrylate Crosspolymer, Arginine, Propylene Glycol, Sodium Chloride, Xanthan Gum, Ethylhexylglycerin, Niacinamide, Panthenol, Aloe Barbadensis Leaf Juice Powder, Pantolactone, Citric Acid",niacinamide;panthenol,,,,,,,,,,,,,brand_direct,true,https://www.cetaphil.com/us/products/product-categories/all-cleansers/hydrating-foaming-cream-cleanser/302990117097.html,/product-images/brand-direct/302990117097.png
302990210200,brightening-texture,Restoraderm Soothing Wash,Cetaphil,,"Water, Sodium Trideceth Sulfate, Butyrospermum Parkii (Shea) Butter, Glycerin, Helianthus Annuus (Sunflower) Seed Oil, Sodium Lauroamphoacetate, Sodium Chloride, Cocamide MEA, Citric Acid, Tocopheryl Acetate, Niacinamide, Sodium PCA, 1,2 Hexanediol, Caprylyl Glycol, Guar Hydroxypropyltrimonium Chloride, Potassium Sorbate, Allantoin, Disodium EDTA, Colloidal Oatmeal, Arginine",niacinamide,,,,,,,,,,,,,brand_direct,true,https://www.cetaphil.com/us/products/product-categories/all-cleansers/restoraderm-soothing-wash/302990210200.html,/product-images/brand-direct/302990210200.png
302993938064,skin-protectant,Ultra Gentle Refreshing Body Wash,Cetaphil,,"Water, Glycerin, Sodium Laureth Sulfate, Cocamidopropyl Betaine, Disodium Laureth Sulfosuccinate, Betaine, Aloe Barbadensis Leaf Juice Powder, Panthenol (Vitamin B5), Fragrance, Glycol Distearate, Acrylates/C10-30 Alkyl Acrylate Crosspolymer, Lauryl Lactate, Citric Acid, Sodium Benzoate, Phenoxyethanol, Sodium Citrate, Laureth-4, Hydrolyzed Wheat Protein, Heliotropine, Polyquaternium-10, Sodium Hydroxide",panthenol,,,,,,,,,,,,,brand_direct,true,https://www.cetaphil.com/us/products/product-categories/all-cleansers/ultra-gentle-refreshing-body-wash/302993938064.html,/product-images/brand-direct/302993938064.png
302993938262,skin-protectant,Ultra Gentle Relaxing Body Wash,Cetaphil,,"Water, Glycerin, Sodium Laureth Sulfate, Cocamidopropyl Betaine, Disodium Laureth Sulfosuccinate, Betaine, Calendula Officinalis Flower Extract (Marigold Extract), Aloe Barbadensis Leaf Juice Powder, Panthenol (Vitamin B5), Fragrance, Glycol Distearate, Acrylates/C10-30 Alkyl Acrylate Crosspolymer, Lauryl Lactate, Citric Acid, Sodium Benzoate, Phenoxyethanol, Sodium Citrate, Laureth-4, Hydrolyzed Wheat Protein, Heliotropine, Polyquaternium-10, Sodium Hydroxide",panthenol,,,,,,,,,,,,,brand_direct,true,https://www.cetaphil.com/us/products/product-categories/all-cleansers/ultra-gentle-relaxing-body-wash/302993938262.html,/product-images/brand-direct/302993938262.png
302993938163,skin-protectant,Ultra Gentle Sensitive Body Wash,Cetaphil,,"Water, Glycerin, Sodium Laureth Sulfate, Cocamidopropyl Betaine, Disodium Laureth Sulfosuccinate, Betaine, Aloe Barbadensis Leaf Juice Powder, Panthenol (Vitamin B5), Glycol Distearate, Lauryl Lactate, Acrylates/C10-30 Alkyl Acrylate Crosspolymer, Citric Acid, Sodium Benzoate, Phenoxyethanol, Sodium Citrate, Laureth-4, Hydrolyzed Wheat Protein, Heliotropine, Polyquaternium-10, Sodium Hydroxide",panthenol,,,,,,,,,,,,,brand_direct,true,https://www.cetaphil.com/us/products/product-categories/all-cleansers/ultra-gentle-sensitive-body-wash/302993938163.html,/product-images/brand-direct/302993938163.png
302993914280,brightening-texture,Advanced Radiance Lotion,Cetaphil,,"Water, Glycerin, Isopropyl Palmitate, Helianthus Annuus (Sunflower) Seed Oil, Cetearyl Alcohol, Ceteareth-20, Dimethicone, Butyrospermum Parkii (Shea) Butter, Panthenol, Niacinamide, Tocopheryl Acetate, Sodium PCA, Pantolactone, Glyceryl Stearate, Acrylates/C10-30 Alkyl Acrylate Crosspolymer, Sodium Benzoate, Potassium Sorbate, Citric Acid",niacinamide;panthenol,,,,,,,,,,,,,brand_direct,true,https://www.cetaphil.com/us/products/product-categories/all-moisturizers/advanced-radiance-lotion/302993914280.html,/product-images/brand-direct/302993914280.png
302993889038,skin-protectant,Daily Hydrating Lotion,Cetaphil,,"Water, Dicaprylyl Carbonate, Hydroxyethyl Urea, Cyclopentasiloxane, Glycerin, Glyceryl Stearate, PEG-100 Stearate, Hydrolyzed Hyaluronic Acid, Sodium Hydroxide, Homarine HCI, Sodium PCA, Cetyl Alcohol, Caprylyl Glycol, Phenoxyethanol, Acrylates/C10-30 Alkyl Acrylate Crosspolymer, Erythritol",hyaluronic-acid,,,,,,,,,,,,,brand_direct,true,https://www.cetaphil.com/us/products/product-categories/all-moisturizers/daily-hydrating-lotion/302993889038.html,/product-images/brand-direct/302993889038.png
302990100648,skin-protectant,Deep Hydration 48 Hour Activation Serum,Cetaphil,,"Water, Glycerin, Sorbitol, Coco-Caprylate/Caprate, Glyceryl Citrate/Lactate/Linoleate/Oleate, Helianthus Annuus (Sunflower) Seed Oil, Octyldodecanol, Hexyldecanol, Hexyldecyl Laurate, Distarch Phosphate, Acrylates/C10-30 Alkyl Acrylate Crosspolymer, Anhydroxylitol, Butyrospermum Parkii(Shea)Oil, Citric Acid, Dicaprylyl Carbonate, Disodium Cocoyl Glutamate, Globulariaalypum Leaf Extract(Blue Daisy), Hydrolyzed Hyaluronic Acid, Panthenol (Vitamin B5), Pantolactone, Phenoxyethanol, Propylene Glycol, Sodium Benzoate, Sodium Hydroxide, Sodium Polyacrylate, Tocopherol (Vitamin E), Tocopheryl Acetate (Vitamin E Acetate), Xylitol, Xylitylglucoside",hyaluronic-acid;panthenol,,,,,,,,,,,,,brand_direct,true,https://www.cetaphil.com/us/products/product-categories/all-moisturizers/deep-hydration-48-hour-activation-serum/302990117004.html,/product-images/brand-direct/302990100648.png
302990117141,skin-protectant,Deep Hydration Healthy Glow Daily Cream,Cetaphil,,"Water, Dicaprylyl Carbonate, Glycerin, Caprylic/Capric Triglyceride, Glyceryl Stearate Citrate, Cetearyl Alcohol, Niacinamide (Vitamin B3), Anhydroxylitol, Butyrospermum Parkii (Shea) Oil, Citric Acid, Globularia Alypum Leaf Extract (Blue Daisy), Hydrolyzed Hyaluronic Acid, Panthenol (Vitamin B5), Pantolactone, Phenoxyethanol, Sodium Benzoate, Sodium Polyacrylate, Squalane, Tocopherol (Vitamin E), Xylitol, Xylitylglucoside",niacinamide;hyaluronic-acid;squalane;panthenol,,,,,,,,,,,,,brand_direct,true,https://www.cetaphil.com/us/products/product-categories/all-moisturizers/deep-hydration-hydrating-glow-daily-cream/302990117011.html,/product-images/brand-direct/302990117141.png
302990116038,brightening-texture,Healthy Radiance Antioxidant-C Serum,Cetaphil,,"Water, Sodium Ascorbyl Phosphate, Methyl Gluceth-20, Butylene Glycol, Bis-Peg-18 Methyl Ether Dimethyl Silane, Niacinamide, Gylcerin, Citric Acid, Xanthan Gum, Phenoxyethanol, Sorbitan Oleate Decylglucoside Crosspolymer, Hydroxyacetophenone, Alcohol, Disodium Edta, Sodium Pca, Caprylyl Glycol, Malva Sylvestris (Mallow) Flower/Leaf/Stem Extract, Mentha Piperita (Peppermint) Leaf Extract, Primula Veris Flower Extract, Alchemilla Vulgaris Flower/Leaf/Stem Extract, Veronica Officinalis Flower/Leaf/Stem Extract, Melissa Officinalis Leaf Extract, Achillea Millefolium Flower/Leaf/Stem Extract, Erythritol, Carrageenan, Citrus Paradisi (Grapefruit) Peel Extract, Citrus Aurantium Dulcis (Orange) Peel Extract, Benzoic Acid, Sodium Hydroxide, Sorbic Acid, Citrus Limon (Lemon) Peel Extract, BHT",niacinamide,,,,,,,,,,,,,brand_direct,true,https://www.cetaphil.com/us/products/product-categories/all-moisturizers/healthy-radiance-antioxidant-c-serum/302990116038.html,/product-images/brand-direct/302990116038.png
302993917564,skin-protectant,Moisturizing Cream,Cetaphil,,"Water, Glycerin, Petrolatum, Dicaprylyl Ether, Dimethicone, Glyceryl Stearate, Cetyl Alcohol, Helianthus Annuus (Sunflower) Seed Oil, Peg-30 Stearate, Panthenol, Niacinamide, Prunus Amygdalus Dulcis (Sweet Almond) Oil, Tocopheryl Acetate, Pantolactone, Dimethiconol, Acrylates/C10-30 Alkyl Acrylate Crosspolymer, Carbomer, Propylene Glycol, Disodium Edta, Benzyl Alcohol, Phenoxyethanol, Sodium Hydroxide, Citric Acid",niacinamide;panthenol;petrolatum,,,,,,,,,,,,,brand_direct,true,https://www.cetaphil.com/us/products/product-categories/all-moisturizers/moisturizing-cream/302993917564.html,/product-images/brand-direct/302993917564.png
302990533613-1,skin-protectant,Nourishing & Hydrating Lotion,Cetaphil,,"Hyaluronic Acid, Flaxseed Oil, and Lipids",hyaluronic-acid,,,,,,,,,,,,,brand_direct,true,https://www.cetaphil.com/us/products/product-categories/all-moisturizers/nourishing-lotion/302990533613.html,/product-images/brand-direct/302990533613-1.png
302993889045,skin-protectant,Redness Relieving Night Moisturizer,Cetaphil,,"Water, Caprylic/Capric Triglyceride, Glycerin, Propanediol, Pentylene Glycol, Helianthus Annuus (Sunflower) Seed Oil Sorbitol, Dimethicone, Butyrospermum Parkii (Shea) Butter, Cetearyl Alcohol, Behenyl Alcohol, Glyceryl Stearate, Tocopheryl Acetate, Allantoin, Dipotassium Glycyrrhizate, Sodium Hyaluronate, Ceramide NP, Panthenol, Caffeine, Citric Acid, Cetyl Alcohol, Ceteareth-20, Glyceryl Stearate Citrate, Disodium Ethylene Dicocamide PEG-15 Disulfate, Niacinamide, Caprylyl Glycol, Acrylates/C10-30 Alkyl Acrylate Crosspolymer, Disodium EDTA, Xanthan Gum, BHT, Sodium Hydroxide",niacinamide;hyaluronic-acid;ceramides;panthenol,,,,,,,,,,,,,brand_direct,true,https://www.cetaphil.com/us/products/product-categories/all-moisturizers/redness-relieving-night-moisturizer/302993889045.html,/product-images/brand-direct/302993889045.png
302993889021,skin-protectant,Rich Hydrating Cream,Cetaphil,,"Water, Hydrogenated Polydecene, Caprylic/Capric Triglyceride, Dimethicone, Glycerin, Butylene Glycol, Cetearyl Olivate, Sorbitan Olivate, Cyclopentasiloxane, Marrubium Vulgare Extract, Hydrolyzed Hyaluronic Acid, Olea Europaea (Olive) Fruit Oil, Tocopheryl Acetate (Vitamin E), Ascorbyl Palmitate (Vitamin C), Leuconostoc/Radish Root Ferment Filtrate, Phospholipids, Isopropyl Lauroyl Sarcosinate, Cetearyl Alcohol, Sodium Polyacrylate, 1,2-Hexanediol, Caprylyl Glycol, Polymethylsilsesquioxane, Isohexadecane, Glyceryl Stearate, PEG-100 Stearate, Cetearyl Methicone, Phenoxyethanol, PEG-40 Stearate, Stearteth-2, Stearteth-21, Retinyl Palmitate, Linoleic Acid, Lycopene",hyaluronic-acid,,,,,,,,,,,,,brand_direct,true,https://www.cetaphil.com/us/products/product-categories/all-moisturizers/rich-hydrating-cream/302993889021.html,/product-images/brand-direct/302993889021.png
302990531589-1,skin-protectant,Skin Activator Hydrating & Firming Lotion,Cetaphil,,"Water, Glycerin, Isopropyl Palmitate, Cetearyl Alcohol, Butyrospermum Parkii Butter, Dimethicone, Glyceryl Stearate, Peg-100 Stearate, Panthenol, Tocopherol, Mandelic Acid, Ethylhexylglycerin, Tocopherol Acetate, Centella Asiatica Leaf Extract, Propanediol, Xanthum Gum, Phenoxyethanol, Lecithin, Disodium Edta, Citric Acid, Sodium Hydroxide, Pantolactone, Helianthus Annuus (Sunflower) Seed Oil",centella-asiatica;panthenol;mandelic-acid,,,,,,,,,,,,,brand_direct,true,https://www.cetaphil.com/us/products/product-categories/all-moisturizers/skin-activator-hydrating-and-firming-lotion/302990531589.html,/product-images/brand-direct/302990531589-1.png
Baby Kit,skin-protectant,Baby Daily Lotion,Cetaphil,,"Water, Sorbitol, Helianthus Annuus (Sunflower) Seed Oil, Isopropyl Palmitate, Octyldodecanol, Polyglyceryl-3 Diisostearate, Glycerin, Panthenol (Vitamin B5), Hexyldecanol, Hexyldecyl Laurate, Prunus Amygdalus Dulcis (Sweet Almond) Oil, Caprylyl Glycol, Carbomer, Fragrance, Disodium Cocoyl Glutamate, Sodium Hydroxide, Dipropylene Glycol, Calendula Officinalis Flower Extract, Squalane, Propylene Glycol, Glyceryl Caprylate, Heliotropine, Tocopherol (Vitamin E), Glycine Soja (Soybean) Oil",squalane;panthenol,,,,,,,,,,,,,brand_direct,true,https://www.cetaphil.com/us/products/product-categories/baby-skincare/baby-daily-lotion/302993936039.html,/product-images/brand-direct/baby-kit.png
302994141005,skin-protectant,Baby Healing Ointment,Cetaphil,,Petrolatum 71.5%,petrolatum,,,,,,,,,,,,,brand_direct,true,https://www.cetaphil.com/us/products/product-categories/baby-skincare/baby-healing-ointment/302994141005.html,/product-images/brand-direct/302994141005.png
302990200102,skin-protectant,Baby Healthy Essentials Kit,Cetaphil,,"Water, Glycerin, Hydrogenated Polyisobutene, Cetearyl Alcohol, Macadamia Integrifolia Seed Oil (Macadamia Nut Oil), Butyrospermum Parkii (Shea Butter), Cyclopentasiloxane, Tocopheryl Acetate, Panthenol, Acrylates/C10-30 Alkyl Acrylate Crosspolymer, Sodium Polyacrylate, Phenoxyethanol, Ceteareth-20, Stearoxytrimethylsilane, Stearyl Alcohol, Benzyl Alcohol, Farnesol, Sodium PCA, Citric Acid, Sodium Hydroxide, Dimethiconol",panthenol,,,,,,,,,,,,,brand_direct,true,https://www.cetaphil.com/us/products/product-categories/baby-skincare/baby-healthy-essentials-kit/302990200102.html,/product-images/brand-direct/302990200102.png
302993936374,skin-protectant,Baby Wash and Shampoo,Cetaphil,,"Water, Sodium Laureth Sulfate, Disodium Laureth Sulfosuccinate, Cocamidopropyl Betaine, Glycerin, Panthenol (Vitamin B5), PEG-120 Methyl Glucose Dioleate, Glycol Distearate, Hydrolyzed Wheat Protein, Calendula Officinalis Flower Extract, Aloe Barbadensis Leaf Juice Powder, Fragrance, Citric Acid, Sodium Benzoate, Phenoxyethanol, Sodium Citrate, Laureth-4, Heliotropine, Polyquaternium-10, Sodium Chloride, Sodium Hydroxide, Tocopherol (Vitamin E)",panthenol,,,,,,,,,,,,,brand_direct,true,https://www.cetaphil.com/us/products/product-categories/baby-skincare/baby-wash-and-shampoo/302993936077.html,/product-images/brand-direct/302993936374.png
302990241334,brightening-texture,Moisturizing Lotion,Cetaphil,,"Water, Glycerin, Isopropyl Palmitate, Cetearyl Alcohol, Ceteareth-20, Panthenol, Niacinamide, Tocopheryl Acetate, Dimethicone, Persea Gratissima (Avocado) Oil, Helianthus Annuus (Sunflower) Seed Oil, Pantolactone, Glyceryl Stearate, Sodium Benzoate, Benzyl Alcohol, Citric Acid",niacinamide;panthenol,,,,,,,,,,,,,brand_direct,true,https://www.cetaphil.com/us/products/product-categories/body-moisturizers/moisturizing-lotion/302990241334.html,/product-images/brand-direct/302990241334.png
302990100624,skin-protectant,Deep Hydration Refreshing Eye Serum,Cetaphil,,"Water, Dicaprylyl Carbonate, Glycerin,1,2-Hexanediol, Polyglyceryl-6 Distearate, Distarch Phosphate, 4-T-Butylcyclohexanol, Acrylates/C10-30 Alkyl Acrylate Crosspolymer, Anhydroxylitol, Bisabolol, Caprylyl/Capryl Glucoside, Cetyl Alcohol, Citric Acid, Dunaliella Salina Extract (Algae), Ethylhexylglycerin, Globularia Alypum Leaf Extract(Blue Daisy), Hydrolyzed Hyaluronic Acid, Jojoba Esters, Palmitoyl Tripeptide-5, Panthenol (Vitamin B5), Pantolactone, Pentylene Glycol, Phenoxyethanol, Polyglyceryl-3 Beeswax, Polyisobutene, Potassium Sorbate, Sodium Acrylate/Sodium Acryloyldimethyl Taurate Copolymer, Sodium Benzoate, Sodium Hyaluronate, Sodium Hydroxide, Sodium PCA, Sorbitan Oleate, Tocopherol (Vitamin E), Xylitol, Xylitylglucoside",hyaluronic-acid;peptides;panthenol,,,,,,,,,,,,,brand_direct,true,https://www.cetaphil.com/us/products/product-categories/eye-creams/deep-hydration-refreshing-eye-serum/302990100624.html,/product-images/brand-direct/302990100624.png
302993889168,brightening-texture,Hydrating Eye Gel-Cream,Cetaphil,,"Water, Cyclopentasiloxane, Dimethicone Crosspolymer, Glycerin, HDI/Trimethylol Hexyllactone Crosspolymer, Butylene Glycol, Octyldodecanol, Dihydroxyisopropyl Capryloylcaprylamide, Niacinamide, Polysorbate 20, Sodium Hyaluronate, Sodium Polyacrylate, Tocopheryl Acetate, Portulaca Oleracea Extract, Crithmum Maritimum Extract, Glycyrrhiza Glabra (Licorice) Root Extract, Camellia Sinensis Leaf Extract, Poria Cocos Extract, Vitis Vinifera (Grape) Seed Oil, Camellia Sinensis Seed Oil, Limnanthes Alba (Meadowfoam) Seed Oil, Hydrogenated Vegetable Oil, Sorbitan Olivate, Sucrose Cocoate, Caprylyl Glycol, Bisabolol, Dimethicone, Cetyl Palmitate, Sorbitan Palmitate, Serine, Phytosterols, Alanine, Glycine, Trideceth-6, Caprylic/Capric Triglyceride, Sodium Carboxymethyl Beta-Glucan, Myristoyl/Palmitoyl Oxostearamide/Arachamide MEA, Biotinoyl Hexapeptide-2 Amide, Ammonium Acryloyldimethyltaurate/VP Copolymer, PEG/PPG-18/18 Dimethicone, Xanthan Gum, Silica, Glyceryl Stearate, Sorbitan Stearate, Phenoxyethanol, Polyvinyl Alcohol, Cetearyl Alcohol, Stearic Acid, Citric Acid, Fragrance",niacinamide;hyaluronic-acid,,,,,,,,,,,,,brand_direct,true,https://www.cetaphil.com/us/products/product-categories/eye-creams/hydrating-eye-gel-cream/302993889168.html,/product-images/brand-direct/302993889168.png
302990532371,brightening-texture,Nourishing Oil to Foam Cleanser,Cetaphil,,"Water, Glycerin, Cocamidopropyl Betaine, Butylene Glycol, Peg-40 Hydrogenated Castor Oil, Lauryl Glucoside, Peg-200 Hydrogenated Glyceryl Palmate, Sodium Cocoamphoacetate, Sodium Cocoyl Alaninate, Sodium Chloride, Peg-150 Pentaerythrityl Tetrastearate, Citric Acid, Panthenol, Phenoxyethanol, Peg-7 Glyceryl Cocoate, Ppg-2 Hydroxyethyl Cocamide, Saccharide Isomerate, Ethylhexylglycerin, Disodium Edta, Linum Usitatissimum (Linseed) Seed Oil, Niacinamide, Pantolactone, Sodium Citrate",niacinamide;panthenol,,,,,,,,,,,,,brand_direct,true,https://www.cetaphil.com/us/products/product-categories/facial-cleansers/nourishing-oil-to-foam-cleanser/302990532371.html,/product-images/brand-direct/302990532371.png
302990853407-1,brightening-texture,Advanced Daily Defense Serum,Cetaphil,,"WATER, BUTYLENE GLYCOL, PEG/PPG-8/3 LAURATE, PENTYLENE GLYCOL, POLYGLYCERYL-4 CAPRATE, 1,2-HEXANEDIOL, NIACINAMIDE, EPIGALLOCATECHIN GALLATYL GLUCOSIDE, HYDROLYZED HYALURONIC ACID, ALLANTOIN, TOCOPHERYL ACETATE, AMMONIUM ACRYLOYLDIMETHYLTAURATE/VP COPOLYMER, SODIUM HYALURONATE, TOCOPHEROL, SODIUM GLUCONATE, CITRIC ACID",niacinamide;hyaluronic-acid,,,,,,,,,,,,,brand_direct,true,https://www.cetaphil.com/us/products/product-categories/serums/advanced-daily-defense-serum/302990853407.html,/product-images/brand-direct/302990853407-1.png
302990853391-1,skin-protectant,Repair & Renew Serum,Cetaphil,,"WATER, PROPANEDIOL, PANTHENOL, DIBUTYL ADIPATE, PENTYLENE GLYCOL, BIFIDA FERMENT LYSATE, EPIGALLOCATECHIN GALLATYL GLUCOSIDE, HYDROLYZED HYALURONIC ACID, CAPRYLYL GLYCOL, SODIUM HYALURONATE, TOCOPHEROL, SODIUM CITRATE, CITRIC ACID, CENTELLA ASIATICA LEAF EXTRACT, SODIUM GLUCONATE, ACRYLATES/C10-30 ALKYL ACRYLATE CROSSPOLYMER, SPHINGOMONAS FERMENT EXTRACT, PANTOLACTONE, 1,2-HEXANEDIOL, HYDROXYACETOPHENONE",hyaluronic-acid;centella-asiatica;panthenol,,,,,,,,,,,,,brand_direct,true,https://www.cetaphil.com/us/products/product-categories/serums/repair-and-renew-serum/302990853391.html,/product-images/brand-direct/302990853391-1.png
302994136001,brightening-texture,Healthy Renew Day Cream SPF 30,Cetaphil,,"Water, Glycerin, Dipropylene Glycol, Panthenol, Butyloctyl Salicylate, Silica, Beeswax, Niacinamide, Cetearyl Olivate, Sodium Stearoyl Lactylate, Glyceryl Stearate, Potassium Cetyl Phosphate, Sorbitan Olivate, Tocopheryl Acetate, Caprylyl Glycol, Acrylates/C10-30 Alkyl Acrylate Crosspolymer, Palmitic Acid, Ethylhexylglycerin, Leontopodium Alpinum Extract, Stearic Acid, 1,2-Hexanediol, Oryza Sativa (Rice) Lees Extract, Sodium Hydroxide, Propanediol, Adenosine, Citric Acid, Sodium Benzoate, Potassium Sorbate, Hydrolyzed Soy Flour, Buddleja Davidii Extract, Thymus Vulgaris (Thyme) Extract""",niacinamide;panthenol,,,,,,,,,,,,,brand_direct,true,https://www.cetaphil.com/us/products/skin-concern/healthy-aging/healthy-renew-day-cream-spf-30/302994136001.html,/product-images/brand-direct/302994136001.png
302990530995-1,brightening-texture,"Skin Activator Hydrating & Firming Cream for Neck, Chest & Face",Cetaphil,,"WATER, HELIANTHUS ANNUUS (SUNFLOWER) SEED OIL, GLYCERIN, DIMETHICONE, CETEARYL ALCOHOL, HYDROGENATED VEGETABLE OIL, SYNTHETIC BEESWAX, METHYL GLUCOSE SESQUISTEARATE, PRUNUS AMYGDALUS DULCIS (SWEET ALMOND) OIL, MANDELIC ACID, TOCOPHERYL ACETATE, CENTELLA ASIATICA LEAF EXTRACT, DIMETHICONOL, PROPANEDIOL, ACRYLATES/C10-30 ALKYL ACRYLATE CROSSPOLYMER, POTASSIUM CETYL PHOSPHATE, LECITHIN, DISODIUM EDTA, ETHYLHEXYLGLYCERIN, PHENOXYETHANOL, SODIUM HYDROXIDE, TOCOPHEROL​",centella-asiatica;mandelic-acid,,,,,,,,,,,,,brand_direct,true,https://www.cetaphil.com/us/products/skin-concern/healthy-aging/skin-activator-hydrating-and-firming-cream-for-neck--chest-and-face/302990530995.html,/product-images/brand-direct/302990530995-1.png
aquaphor-072140031251,skin-protectant,Aquaphor® Baby Healing Balm Stick,Aquaphor,,Petrolatum (30%),petrolatum,,,,,,,,,,,,,brand_direct,true,https://www.aquaphorus.com/products/aquaphor/aquaphor-baby-healing-balm-stick-65oz,/product-images/brand-direct/aquaphor-072140031251.jpg
aquaphor-072140007072,skin-protectant,Aquaphor® Baby Healing Ointment 1.75oz,Aquaphor,,Petrolatum (41%),petrolatum,,,,,,,,,,,,,brand_direct,true,https://www.aquaphorus.com/products/aquaphor/aquaphor-baby-healing-ointment-1-75oz,/product-images/brand-direct/aquaphor-072140007072.jpg
aquaphor-072140633868,skin-protectant,Aquaphor® Baby Healing Ointment 14oz,Aquaphor,,Petrolatum (41%),petrolatum,,,,,,,,,,,,,brand_direct,true,https://www.aquaphorus.com/products/aquaphor/aquaphor-baby-healing-ointment-14oz,/product-images/brand-direct/aquaphor-072140633868.jpg
aquaphor-072140003142,skin-protectant,Aquaphor® Baby Healing Ointment 2x 35oz,Aquaphor,,Petrolatum (41%),petrolatum,,,,,,,,,,,,,brand_direct,true,https://www.aquaphorus.com/products/aquaphor/aquaphor-baby-healing-ointment-2x035oz,/product-images/brand-direct/aquaphor-072140003142.jpg
aquaphor-072140633776,skin-protectant,Aquaphor® Baby Healing Ointment 3oz,Aquaphor,,Petrolatum (41%),petrolatum,,,,,,,,,,,,,brand_direct,true,https://www.aquaphorus.com/products/aquaphor/aquaphor-baby-healing-ointment-3oz,/product-images/brand-direct/aquaphor-072140633776.jpg
aquaphor-072140019464,skin-protectant,Aquaphor® Baby Healing Ointment 7oz Tube,Aquaphor,,Petrolatum (41%),petrolatum,,,,,,,,,,,,,brand_direct,true,https://www.aquaphorus.com/products/aquaphor/aquaphor-baby-healing-ointment-7oz,/product-images/brand-direct/aquaphor-072140019464.jpg
aquaphor-072140036157,skin-protectant,Aquaphor® Children's Healing Ointment,Aquaphor,,Petrolatum (41%),petrolatum,,,,,,,,,,,,,brand_direct,true,https://www.aquaphorus.com/products/aquaphor/aquaphor-childrens-healing-ointment-14oz,/product-images/brand-direct/aquaphor-072140036157.jpg
aquaphor-072140010119,skin-protectant,Aquaphor® Lip Protectant + SPF 30 for Ultimate Care,Aquaphor,,"Petrolatum (31%), Avobenzone (3%), Octinoxate (6.75%), Octisalate (4.5%), Octocrylene (2%), Oxybenzone (5.4%)",petrolatum,,,,,,,,,,,,,brand_direct,true,https://www.aquaphorus.com/products/aquaphor/aquaphor-lip-protectant-spf-30,/product-images/brand-direct/aquaphor-072140010119.jpg
aquaphor-072140022242,skin-protectant,Aquaphor® Lip Protectant + SPF 30,Aquaphor,,"Petrolatum (31%), Avobenzone (3%), Octinoxate (6.75%), Octisalate (4.5%), Octocrylene (2%), Oxybenzone (5.4%)",petrolatum,,,,,,,,,,,,,brand_direct,true,https://www.aquaphorus.com/products/aquaphor/aquaphor-lip-protectant-spf-30-dual-pack,/product-images/brand-direct/aquaphor-072140022242.jpg
