product_ndc,niche,brand_name,manufacturer_name,substance_name,active_ingredient_text,active_ingredients_structured,dosage_form,route,marketing_category,product_type,finished,listing_expiration_date,package_ndcs,purpose_text,indications_and_usage,inactive_ingredient_text,spl_set_id,effective_time,source,verified
8436575094182,brightening-texture,The conscious Vitamin C Luminizing Eye Cream Signs of Aging,Biovène Barcelona,,"Aqua, Glycerin, Coco-Caprylate/Caprate, Cetearyl Alcohol, Glyceryl Stearate Citrate, Helianthus Annuus Seed Oil, Caprylic/Capric Triglyceride, Panthenol, Niacinamide, Tocopheryl Acetate, Ascorbyl Tetraisopalmitate, Aloe Barbadensis Leaf Juice, Citric Acid, Chamomilla Recutita Flower Extract, Rubus Idaeus Leaf Extract, Mentha Arvensis Leaf Oil, Citrus Limon Peel Oil, Cymbopogon Citratus Leaf Oil, Acrylates/C10-30 Alkyl Acrylate Crosspolymer, Sodium Hydroxide, Disodium EDTA, Phenoxyethanol, Ethylh",niacinamide,,,,,,,,,,,,,open_beauty_facts,false
8858696834315,brightening-texture,Super C brightening gel cream,Srichand,,"Water, Niacinamide, Glycerin, Pentaerythrityl Tetraisostearate, Glycereth-26. Saccharomyces/Hippophae Rhamnoides Fruit Ferment Filtrate. Dipropylene Glycol, 12-Hexanediol, Butylene Glycol, Carbomer, Trehalose, Tromethamine, Caprylyl Glycol Ethylhexylglycerin, Ammonium Acryloyldimethyltaurate/NP Copolymer, Tranexamic Acid Allantoin, Pentylene Glycol, Alpha-Arbutin, Glyceryl Stearate, Centella Asiatica Leaf Extract, Sodium Hyaluronate, Sodium Phytate, Glycolic Acid, Sodium Ascorbyl Phosphate, Asco",niacinamide;hyaluronic-acid,,,,,,,,,,,,,open_beauty_facts,false
8858696834964,brightening-texture,Photo Camellia PDRN Bright Glowing Gel Cream,Srichand,,"Water, Niacinamide, Glycerin, Cetyl Ethylhexanoate, Glycereth-26, Dipropylene Glycol, Carbomer, Pentylene Glycol, Butylene Glycol, 12-Hexanediol Tromethamine, Hydroxyacetophenone, Ammonium Acryloyldimethylaurate/VP Copolymer, Pentaerythrityl Tetraisostearate, Phenoxyethanol, Adenosine, Allantoin, Alpha-Arbutin Cycent Stearate, Dilauryl Thiodipropionate, Dipotassium Glycyrrhizate, Caprylyl Glycol, Pentaerythrity Tetra-di-t-butyl Hydroxyhydrocinnamate, Tranexamic Acid, Ethylhexylglycerin, glucosid",niacinamide;hyaluronic-acid;ceramides,,,,,,,,,,,,,open_beauty_facts,false
8858696814768,brightening-texture,In-Skin Skin Moisture Burst Essence,Srichand,,"Water, Dipropylene Glycol, Butylene Glycol, Betaine, 1,2-Hexanediol, Niacinamide, PEG/PPG-17/6 Copolymer, Panthenol, Ethylhexylglycerin. Allantoin, Octyldodeceth-16, Chondrus Crispus Extract, Carbomer, Saccharum Officinarum Extract, Tromethamine, Xanthan Gum, Disodium EDTA, Sodium Hyaluronate, Hamamelis Virginiana Extract, Phenoxyethanol, Tocopherol, Glyceryl Glucoside, Glycerin, Glucose",niacinamide;hyaluronic-acid,,,,,,,,,,,,,open_beauty_facts,false
8852526895590,brightening-texture,Acne clear serum anti-acne + oil control,C-Barrier,,"AQUA, GLYCERINE, PROPYLENE GLYCOL, BUTYLENE GLYCOL, SALICYLIC ACID, NIACINAMIDE, AMMONIUM ACRYLOYLDIMETHYL TAURATE/VP COPOLYMER, SODIUM HYDROXIDE, GLUCONOLACTONE. PEG-40 HYDROGENATED CASTOR OIL, PHENOXYETHANOL, GLYCOLIC ACID, ALOE BARBADENSIS EXTRACT, ACACIA SENEGAL GUM, ALLANTOIN, ETHYLHEXYLGLYCERIN, TOCOPHERYL ACETATE, ACETYL HEXAPEPTIDE-49, ZINC PCA, CALENDULA OFFICINALIS FLOWER EXTRACT, ANTHEMIS NOBILIS FLOWER WATER, MELALEUCA ALTERNIFOLIA LEAF OIL, HAMAMELIS VIRGINIANA LEAF EXTRACT, SODIUM ",niacinamide;hyaluronic-acid;ceramides,,,,,,,,,,,,,open_beauty_facts,false
8859228800679,brightening-texture,5C brightening serum,Merci,,"Aqua, Niacinamide, Propanediol, Glycerin, Sodium PCA, Erythritol, Carrageenan, Xanthan Gum, Butylene Glycol, Bis-Ethoxydiglycol Cyclohexane 1,4-Dicarboxylate, Silanediol Salicylate, Juniperus Communis Fruit Extract, Alpho - Arbutin, Sodium Metabisulfite, Tranexamic Acid, Sodium Citrate, Citric Acid, Aminopropyl Ascorbyl Phosphate, Geranium Robertianum Extract, Paeonia Suffruticosa Root Extract, Scutellaria Baicalensis Root Extract Thymus Serpyllum Extract, Alpinia Katsumodai Seed Extract, Glutat",niacinamide;vitamin-c,,,,,,,,,,,,,open_beauty_facts,false
3337872418570,brightening-texture,Lipikar Baume AP+,La Roche-Posay,,"Aqua/water, Butyrospermum parkii butter/shea butter, glycerin, dimethicone, niacinamide, paraffinum liquidum/mineral oil, cetearyl alcohol, Brassica campestris oleifera oil/rapeseed seed oil, ammonium polyacryldimethyltauramide/ammonium polyacryloyldimethyl taurate, PEG-100 stearate, glyceryl stearate, PEG-20 methyl glucose sesquistearate, cera microcristallina/microcrystalline wax, paraffin, sorbitan tristearate, dimethiconol, mannose, disodium EDTA, capryloyl glycine, vitreoscilla ferment, xan",niacinamide,,,,,,,,,,,,,open_beauty_facts,false
0057800964940,brightening-texture,Gentle Skin Cleanser,Life Brand,,"Aqua, Glycerin, Cetearyl Alcohol, Sodium Cocoyl Isethionate, Xanthan Gum, Panthenol, Niacinamide, Phenoxyethanol, Sodium Benzoate, Potassium Sorbate, Citric Acid",niacinamide,,,,,,,,,,,,,open_beauty_facts,false
0138583000091,brightening-texture,Shower Shake Papaya & Peach,SOAK,,"Aqua, Paraffinum Liquidum, Sodium Laureth Sulfate, Glycerin, Cocamidopropyl Betaine, Parfum, Sodium Lauroyl Sarcosinate, Phenoxyethanol, Potassium Cetyl Phosphate, Limonene, Sodium Chloride, Ethylhexylglycerin, Citrus Limon Peel Oil, Citrus Aurantium Peel Oil, Pinene, Niacinamide, Tocopheryl Acetate, Macadamia Ternifolia Seed Oil, Vegetable Oil, Persea Gratissima Oil, Prunus Amygdalus Dulcis Oil, Magnesium Nitrate, Methylchloroisothiazolinone, Magnesium Chloride, Methylisothiazolinone, Tocophero",niacinamide,,,,,,,,,,,,,open_beauty_facts,false
0121000001320,brightening-texture,Moisturizer,Prequel,,"Water, Glycerin, Propanediol, Caprylic/Capric Triglyceride, Cetearyl Alcohol, Glyceryl Stearate, PEG-100 Stearate, Dimethicone, Ceteareth-20, Niacinamide, Ceramide NP, Ceramide AP, Ceramide EOP, Carbomer, Triethanolamine, Sodium Lauroyl Lactylate, Cholesterol, Phenoxyethanol, Disodium EDTA, Hydroxyethylcellulose, Tocopherol, Phytosphingosine, Xanthan Gum, Ethylhexylglycerin, Citric Acid",niacinamide;ceramides,,,,,,,,,,,,,open_beauty_facts,false
8851932443197,brightening-texture,Healthy Bright Superfood Freshlock 100% Peach Essence & Vitamin E body lotion,Vaseline,,"WATER, ETHYLHEXYL METHOXYCINNAMATE, GLYCERIN, NIACINAMIDE, DIMETHICONE, BUTYL METHOXYDIBENZOYLMETHANE, CYCLOPENTASILOXANE, ACRYLATES/C10-30 ALKYL ACRYLATE CROSSPOLYMER, PERFUME, TOCOPHERYL ACETATE, PRUNUS PERSICA (PEACH) FRUIT EXTRACT, PETROLATUM, BUTYLENE GLYCOL, TRIETHANOLAMINE, PHENOXYETHANOL, METHYLPARABEN PROPYLPARABEN, DISODIUM EDTA, BHT, SODIUM ASCORBYL PHOSPHATE",niacinamide,,,,,,,,,,,,,open_beauty_facts,false
8858229093493,brightening-texture,Brightening Crystal Serum,INGU,,"Deionized Water, Niacinamide, Glycerin, Acrylates/ Beheneth-25 Methacrylate Copolymer, Centella Asiatica Extract, Phenoxyethanol, Undecylenoyl Phenylalanine, Caprylyl/Capryl Glucoside, Gluconobacter/Honey Ferment Filtrate, Coffea Arabica Seed Extract, Polysorbate 20, Hydroxyethyl Acrylate/Sodium Acryloyldimethyl Taurate Copolymer, Dimethicone/Vinyl Dimethicone Crosspolymer, Isohexadecane, Triethanolamine, Caprylic/Capric Triglyceride, Dimethicone, Chlorphenesin, Cetyl Palmitate, Propylene Glycol",niacinamide,,,,,,,,,,,,,open_beauty_facts,false
8859214800539,brightening-texture,UV Cooling Body Serum SPF50+ PA++++,MizuMi,,"Aqua (Water), Octocrylene, Propylene Glycol, Ethylhexy Salicylate, Butyl Methoxydibenzoylmethane, Dibutyl Adipate, C12-15 Alkyl Benzoate, Isohexadecane, Diethylhexyl Butamido Triazone, Phenoxyethanol, Glyceryl Stearate, PEG-100 Stearate, Cetearyl Alcohol, Potassium Cetyl Phosphate, Titanium Dioxide, Polyacrylamide, Menthol, Silica, C13-14 Isoalkane Chlorphenesin, Silica Dimethyl Silylate, Disodium EDTA, Xanthan Gum, Methyl Diisopropyl Propionamide, Acrylates/C10-30 Alkyl Acrylate Crosspolymer, N",niacinamide,,,,,,,,,,,,,open_beauty_facts,false
8859870130025,brightening-texture,Green Tea Calming Cream + Biome Balance,INGU,,"Water, Isononyl Isononanoate, Glycerin, Niacinamide, Sodium Acrylates Copolymer, Butylene Glycol, Bifida Ferment Filtrate, Betaine, Cetearyl Alcohol, Glyceryl Glucoside, Propanediol, Phenoxyethanol, Glyceryl Stearate, Xylitylglucoside, Lecithin, Dimethicone, Squalane, Anhydroxylitol, PEG-100 Stearate, Octyl - dodecanol, Chlorphenesin, Xylitol, Hydrogenated Lecithin, Camellia Sinensis Leaf Extract, BHT, Tocopheryl Acetate, Disodium EDTA, 1,2-Hexanediol, Glucose, Sorbitol, Aloe Barbadensis Leaf Ju",niacinamide;ceramides,,,,,,,,,,,,,open_beauty_facts,false
8859214800188,brightening-texture,B3 Acne Concentrate Serum,MizuMi,,"Water, Niacinamide, Butylene Glycol, Ethoxydiglycol, Dipropylene Glycol, Zinc PCA, Phenoxyethanol, Acacia Senegal Gum, Xanthan Gum, Dipotassium Glycyrrhizate, Salicylic Acid, Chlorphenesin, Disodium EDTA, Glycerin, Aloe Barbadensis Leaf Juice, Panthenol, Maltodextrin, Hamamelis Virginiana (Witch Hazel) Leaf Extract, Chamomilla Recutita (Matricaria) Flower Extract, Centella Asiatica Extract, Sodium Benzoate, Potassium Sorbate, Citric Acid",niacinamide,,,,,,,,,,,,,open_beauty_facts,false
8859214800157,brightening-texture,Peptide Acne gel,MizuMi,,"Deionized Water, Propylene Glycol, Niacinamide, Isopentyldiol, Carbomer, Methyl Gluceth-20, Phenoxyethanol, Centella Asiatica Extract, Butylene glycol, Potassium Hydroxide, Salicylic Acid, Oryza Sativa Bran Extract, Boswellia Serrata Extract, Honey Extract, Allantoin, Xanthan Gum, Ethylhexylglycerin, Oligopeptide-10, Dipotassium Glycyrrhizate, Disodium EDTA, Aloe Barbadensis Leaf Juice, Sodium Benzoate, Hydrolyzed Algin, Zinc Sulfate, Glycyrrhiza Glabra Extract, PPG-6-Decyltetradeceth-30, Camell",niacinamide,,,,,,,,,,,,,open_beauty_facts,false
8859870130018,brightening-texture,INGU Green Tea Calming Cream,INGU,,"Water, Isononyl Isononanoate, Glycerin, Niacinamide, Sodium Acrylates Copolymer, Butylene Glycol, Bifida Ferment Filtrate, Betaine, Cetearyl Alcohol, Glyceryl Glucoside, Propanediol, Phenoxyethanol, Glyceryl Stearate, Xylitylglucoside, Lecithin, Dimethicone, Squalane, Anhydroxylitol, PEG-100 Stearate, Octyl - dodecanol, Chlorphenesin, Xylitol, Hydrogenated Lecithin, Camellia Sinensis Leaf Extract, BHT, Tocopheryl Acetate, Disodium EDTA, 1,2-Hexanediol, Glucose, Sorbitol, Aloe Barbadensis Leaf Ju",niacinamide;ceramides,,,,,,,,,,,,,open_beauty_facts,false
8859870130117,brightening-texture,Green Tea Soothing aqua Gel + Biome Balance,INGU,,"Aqua (Water), Glycerin, Niacinamide, Xylitylglucoside, Ectoin, Diglycerin, Anhydroxylitol, Propylene Glycol, C15 - 19 Alkane, Propylene Glycol Dicaprylate/Dicaprate, Squalane, Saccharide Isomerate, Caprylic/Capric Triglyceride, Glyceryl Acrylate/Acrylic Acid Copolymer, Hydroxyethyl Urea, Betaine, Xylitol, Polyacrylate Crosspolymer - 6, Lactobacillus Ferment Lysate, Arginine, Camellia Sinensis Leaf Extract, Polyglyceryl-4 Caprate, Helianthus Annuus (Sunflower) Seed Oil, Ceramide NP, Bentonite, Ce",niacinamide;hyaluronic-acid;ceramides,,,,,,,,,,,,,open_beauty_facts,false
8859109867166,brightening-texture,Bird nest Gold Soap with gluta & Vitamin B3,Primanest,,"COCOS NUCIFERA OIL, ELAEIS GUINEENSIS KERNEL OIL, WATER, SODIUM HYDROXIDE, PERFUME, ETIDRONIC ACID, BHT, SODIUM LAURYL SULFATE SWIFTLET NEST EXTRACT. GLUTATHIONE, CHLOROXYLENOL, KOJIC DIPALMITATE, NIACINAMIDE, GOLD LEAF, TOCOPHERYL ACETATE ALOE BARBADENSIS LEAF JUICE, BUTYLENE GLYCOL, HYDROLYZED COLLAGEN PHENOXYETHANOL CAPRYLYL GLYCOL, CI 77480",niacinamide,,,,,,,,,,,,,open_beauty_facts,false
8859870160015,brightening-texture,9 Peptide Plumping Oil in Serum + Migwort PDRN,INGU,,"Water, Niacinamide, Butylene Glycol, Glycerin, Triethylhexanoin, Bifida Ferment Filtrate, Propanediol, Dipropylene Glycol, Hydroxyacetophenone, Polyacrylate Crosspolymer-6, Caprylyl Glycol, Castor Oil/IPDI Copolymer, Acrylates/ C10-30 Alkyl Acrylate Crosspolymer, Xanthan Gum, 1,2-Hexanediol, Caprylic/Capric Triglyceride, Aloe Barbadensis Leaf Juice Powder, Trisodium Ethylenediamine Disuccinate. Carbomer, Betaine, Hydroxyethylcellulose, Sodium Lactate, Polysorbate 20, Sodium Hydroxide, Beta-Carot",niacinamide;ceramides,,,,,,,,,,,,,open_beauty_facts,false
4066447970173,brightening-texture,Fußcreme mit Urea,Balea,,"INGREDIENTS/SASTOJCI/СЪСТАВКИ: AQUA, UREA, ISOPROPYL PALMITATE, ETHYLHEXYL STEARATE, GLYCERIN, CETEARYL ALCOHOL, GLYCERYL STEARATE, BIS-DIGLYCERYL POLYACYLADIPATE-2, PARFUM, PANTHENOL, NIACINAMIDE, SODIUM STEAROYL GLUTAMATE, XANTHAN GUM, CITRIC ACID, TETRAMETHYL ACETYLOCTAHYDRONAPHTHALENES, CITRONELLOL, JUNIPERUS VIRGINIANA OIL, ANISE ALCOHOL, CAPRYLYL GLYCOL, DECYLENE GLYCOL, PHENOXYETHANOL.",niacinamide,,,,,,,,,,,,,open_beauty_facts,false
4066447968880,brightening-texture,Körperbalsam Ultra Sensitive Panthenol,Balea med,,"AQUA, PANTHENOL, GLYCERIN, CETYL ALCOHOL, HELIANTHUS ANNUUS SEED OIL, ETHYLHEXYL STEARATE, GLYCERYL STEARATE CITRATE, MYRISTYL MYRISTATE, BUTYROSPERMUM PARKII BUTTER, PHENOXYETHANOL, XANTHAN GUM, SODIUM BENZOATE, CITRIC ACID, NIACINAMIDE, SODIUM HYDROXIDE.",niacinamide,,,,,,,,,,,,,open_beauty_facts,false
4066447985467,brightening-texture,Nachtcreme Niacinamide,Balea,,"AQUA, NIACINAMIDE, C12-15 ALKYL BENZOATE, GLYCERIN, ETHYLHEXYL STEARATE, VITIS VINIFERA SEED OIL, CETYL ALCOHOL, MYRISTYL MYRISTATE, GLYCERYL STEARATE CITRATE, TOCOPHERYL ACETATE, GLYCERYL STEARATE, PHENOXYETHANOL, HYDROXYACETOPHENONE, XANTHAN GUM.",niacinamide,,,,,,,,,,,,,open_beauty_facts,false
4066447966022,brightening-texture,Conditioner Ultra Sensitive,Balea med,,"Aqua, Cetyl Alcohol, Glycerin, Cetrimonium Chloride, Dicaprylyl Ether, Isopropyl Palmitate, Panthenol, Hydroxypropyl Guar Hydroxypropyltrimonium Chloride, Sodium Benzoate, Citric Acid, Niacinamide, Potassium Sorbate",niacinamide,,,,,,,,,,,,,open_beauty_facts,false
4070765001624,brightening-texture,Sprühpflege Feuchtigkeit 5in1,Balea,,"Aqua, Glycerin, Ricinus Communis Seed Oil, Panthenol, Niacinamide, Cetearyl Alcohol, Parfum, Behentrimonium Chloride, Isopropyl Alcohol, Sodium Benzoate, Potassium Sorbate, Benzyl Alcohol, Tetramethyl Acetyloctahydronaphthalenes, Citric Acid",niacinamide,,,,,,,,,,,,,open_beauty_facts,false
4066447882643,brightening-texture,Serum Glow BE YOU,Balea,,"AQUA, GLYCERIN, HELIANTHUS ANNUUS SEED OIL*, NIACINAMIDE, TOCOPHERYL ACETATE, CARICA PAPAYA FRUIT EXTRACT, TOCOPHEROL, SODIUM HYALURONATE, XANTHAN GUM, LAURYL GLUCOSIDE, POLYGLYCERYL-6 LAURATE, MICROCRYSTALLINE CELLULOSE, MYRISTYL GLUCOSIDE, CETEARYL ALCOHOL, ETHYLHEXYLGLYCERIN, CITRIC ACID, PHENOXYETHANOL, POTASSIUM SORBATE, SORBIC ACID.",niacinamide;hyaluronic-acid,,,,,,,,,,,,,open_beauty_facts,false
4066447988918,brightening-texture,Waschlotion ultra sensitive seifenfrei & hautneutral,Balea med,,"Aqua, Coco-Glucoside, Glycerin, Sodium Coco-Sulfate, Sodium Cocoamphoacetate, Citric Acid, Panthenol, Niacinamide, Tocopherol, Ascorbyl Palmitate, Glyceryl Oleate, Hydrogenated Palm Glycerides Citrate, Lecithin, Sodium Benzoate, Potassium Sorbate, Sodium Chloride, Sodium Hydroxide",niacinamide,,,,,,,,,,,,,open_beauty_facts,false
4066447966008,brightening-texture,Shampoo Ultra Sensitive,Balea med,,"Ingredients : Aqua, Coco-Glucoside, Glycerin, Sodium Coco-Sulfate, Sodium Cocoamphoacetate, Citric Acid, Panthenol, Niacinamide, Tocopherol, Ascorbyl Palmitate, Glyceryl Oleate, Hydroxypropyl Guar Hydroxypropyltrimonium Chloride, Hydrogenated Palm Glycerides Citrate, Lecithin, Sodium Benzoate, Potassium Sorbate, Sodium Chloride, Sodium Hydroxide",niacinamide,,,,,,,,,,,,,open_beauty_facts,false
4066447983975,brightening-texture,Haar-Tonic Power Effect Coffein Boost,Balea MEN,,"AQUA , ALCOHOL DENAT. , POLYGLYCERYL,4 CAPRATE , GLYCERIN , PANTHENOL , OCIMUM BASILICUM HAIRY ROOT CULTURE EXTRACT , NIACINAMIDE , CAFFEINE , CITRIC ACID , DISODIUM PHOSPHATE , ALCOHOL , PARFUM , LINALOOL , TETRAMETHYL ACETYLOCTAHYDRONAPHTHALENES , LINALYL ACETATE , LIMONENE , CITRUS AURANTIUM PEEL OIL , AMYL SALICYLATE , CITRUS LIMON PEEL OIL.",niacinamide,,,,,,,,,,,,,open_beauty_facts,false
4066447983951,brightening-texture,Shampoo Power Effect Coffein,Balea MEN,,"AQUA , SODIUM LAURETH SULFATE , PEG-4 RAPESEEDAMIDE , COCAMIDOPROPYL BETAINE , SODIUM CHLORIDE , GLYCERIN , PANTHENOL , CAFFEINE , HYDROLYZED WHEAT PROTEIN , UBIQUINONE , GUAR HYDROXYPROPYLTRIMONIUM CHLORIDE , NIACINAMIDE , OLUS OIL ·,MENTHOL , CITRIC ACID , LECITHIN , DISODIUM EDTA , TOCOPHEROL , ASCORBYL TETRAISOPALMITATE , OCTADECYL DI-T-BUTYL-4-HYDROXYHYDROCINNAMATE , PARFUM , LINALOOL , TETRAMETHYL ACETYLOCTAHYDRONAPHTHALENES , LINALYL ACETATE · LIMONENE , CITRUS AURANTIUM PEEL OIL , SODIUM",niacinamide,,,,,,,,,,,,,open_beauty_facts,false
4066447982794,brightening-texture,Conditioner Intensivpflege,Balea,,"Aqua, Cetearyl Alcohol, Panthenol, Niacinamide, Prunus Amygdalus Dulcis Oil, Parfum, Dicaprylyl Ether, Isopropyl Palmitate, Distearoylethyl Hydroxyethylmonium Methosulfate, Behentrimonium Chloride, Cetrimonium Chloride, Isopropyl Alcohol, Sodium Benzoate, Vanillin, Tetramethyl Acetyloctahydronaphthalenes, Citric Acid",niacinamide,,,,,,,,,,,,,open_beauty_facts,false
4066447983739,brightening-texture,Haarserum Anti-Frizz Glatt & Glossy,Balea,,"Aqua, Glycerin, Cetearyl Alcohol, Panthenol, Niacinamide, Hydrolyzed Collagen, Hydrolyzed Keratin, Cashmere Wool Extract, Parfum, Isopropyl Palmitate, Ethylhexylglycerin, Behentrimonium Chloride, Isopropyl Alcohol, Sodium Benzoate, Potassium Sorbate, Phenoxyethanol, Tetramethyl Acetyloctahydronaphthalenes, Vanillin, Acetyl Cedrene, Citric Acid, Butylene Glycol",niacinamide,,,,,,,,,,,,,open_beauty_facts,false
4066447982756,brightening-texture,Conditioner Feuchtigkeit,Balea,,"Aqua, Cetearyl Alcohol, Glycerin, Panthenol, Niacinamide, Parfum, Dicaprylyl Ether, Isopropyl Palmitate, Distearoylethyl Hydroxyethylmonium Methosulfate, Behentrimonium Chloride, Cetrimonium Chloride, Isopropyl Alcohol, Sodium Benzoate, Citric Acid, Tetramethyl Acetyloctahydronaphthalenes",niacinamide,,,,,,,,,,,,,open_beauty_facts,false
4066447438765,brightening-texture,Serum Beauty Expert Vitamin C Serum-Creme LSF 30,Balea,,"AQUA, GLYCERIN, DIBUTYL ADIATE, ETHYLHEXYL SALICYLATE, DIISOPROPYL SEBACATE, C12-15 ALKYL BENZOATE, BUTYL METHOXYDIBENZOYLMETHANE, PHENYLBENZIMIDAZOLE SULFONIC ACID, ALUMINUM STARCH OCTENYLSUCCINATE, ASCORBYL GLUCOSIDE, BIS - ETHYLHEXYLOXYPHENOL METHOXYPHENYL TRIAZINE, CETEARYL ALCOHOL, GLYCERYL STEARATE CITRATE, NIACINAMIDE, ETHYLHEXYL TRIAZONE, TOCOPHERYL ACETATE, SODIUM STEAROYL GLUTAMATE, HELIANTHUS ANNUUS SEED OIL, TOCOPHEROL, SORBITAN LAURATE, ACETYL DIPEPTIDE-1 CETYL ESTER, PALMITOYL TRIP",niacinamide,,,,,,,,,,,,,open_beauty_facts,false
4066447982695,brightening-texture,Shampoo Pure Frische,Balea,,"Aqua, Sodium Laureth Sulfate, Cocamidopropyl Betaine, Sodium Chloride, Panthenol, Menthol, Niacinamide, Parfum, Glycerin, Glycol Distearate, Hydroxypropyl Guar Hydroxypropyltrimonium Chloride, Laureth-4, Sodium Benzoate, Potassium Sorbate, Citric Acid, Sodium Hydroxide, Lactic Acid",niacinamide,,,,,,,,,,,,,open_beauty_facts,false
4066447952605,brightening-texture,Reinigungsmilch Ultra Sensitive,Balea med,,"AQUA, CAPRYLIC/CAPRIC TRIGLYCERIDE, BUTYLENE GLYCOL, C12_15 ALKYL BENZOATE, GLYCERIN, ISONONYL ISONONANOATE, PENTYLENE GLYCOL, GLYCERYL STEARATE CITRATE, METHYLPROPANEDIOL, STEARYL ALCOHOL, XANTHAN GUM, PANTHENOL, ETHYLHEXYLGLYCERIN, GLYCERYL CAPRYLATE, NIACINAMIDE, SODIUM HYDROXIDE, TOCOPHEROL.",niacinamide,,,,,,,,,,,,,open_beauty_facts,false
4066447970111,brightening-texture,Gesichtscreme Energy Vitamin C,Balea MEN,,"Aqua, Caprylic/Capric Triglyceride, Glycerin, Niacinamide, Dicaprylyl Ether, 3-O-Ethyl Ascorbic Acid, Behenyl Alcohol, Cetyl Alcohol, Glyceryl Stearate Citrate, Caffeine, Tocopheryl Acetate, Phenoxyethanol, Hydroxyacetophenone, Parfum, Xanthan Gum, Citric Acid, Sodium Hydroxide, Tetramethyl Acetyloctahydronaphthalenes, Citrus Aurantium Peel Oil, Limonene, Alpha-Isomethyl Ionone, Citral, Eucalyptus Globulus Oil, Tocopherol",niacinamide;vitamin-c,,,,,,,,,,,,,open_beauty_facts,false
4066447982817,brightening-texture,Haarmaske Intensivpflege 3in1,Balea,,"Aqua, Cetearyl Alcohol, Behentrimonium Chloride, Dicaprylyl Ether, Ricinus Communis Seed Oil, Panthenol, Niacinamide, Helianthus Annuus Hybrid Oil, Prunus Amygdalus Dulcis Oil, Parfum, Distearoylethyl Hydroxyethylmonium Methosulfate, Isopropyl Alcohol, Sodium Benzoate, Potassium Sorbate, Vanillin, Tetramethyl Acetyloctahydronaphthalenes, Citric Acid",niacinamide,,,,,,,,,,,,,open_beauty_facts,false
4066447982671,brightening-texture,Shampoo Volumen,Balea,,"Aqua, Sodium Laureth Sulfate, Cocamidopropyl Betaine, Sodium Chloride, Panthenol, Niacinamide, Parfum, Glycerin, Urea, Glycol Distearate, Laureth-4, Starch Hydroxypropyltrimonium Chloride, Sodium Benzoate, Potassium Sorbate, Citric Acid, Sodium Hydroxide, Lactic Acid, Sodium Lactate",niacinamide,,,,,,,,,,,,,open_beauty_facts,false
4066447951219,brightening-texture,"Conditioner Feuchtigkeit, Reisegröße",Balea,,"Ingredients : Aqua, Cetearyl Alcohol, Glycerin, Panthenol, Niacinamide, Parfum, Dicaprylyl Ether, Isopropyl Palmitate, Distearoylethyl Hydroxyethylmonium Methosulfate, Behentrimonium Chloride, Cetrimonium Chloride, Isopropyl Alcohol, Sodium Benzoate, Citric Acid, Tetramethyl Acetyloctahydronaphthalenes",niacinamide,,,,,,,,,,,,,open_beauty_facts,false
4066447982916,brightening-texture,Haarkur Seidenglanz,Balea,,"AQUA, GLYCERIN, CETEARYL ALCOHOL, CAPRYLIC/CAPRIC TRIGLYCERIDE, CETRIMONIUM CHLORIDE, PARFUM, ARGANIA SPINOSA KERNEL OIL, NIACINAMIDE, POTASSIUM SORBATE, PANTHENOL, DICAPRYLYL ETHER, LAURYL ALCOHOL, SODIUM STEAROYL GLUTAMATE, CITRIC ACID, SODIUM CHLORIDE, TOCOPHEROL, SODIUM BENZOATE.",niacinamide,,,,,,,,,,,,,open_beauty_facts,false
4003573021959,brightening-texture,AHA Peeling Tuchmaske,Schaebens,,"Aqua, Pentylene Glycol, Acer Saccharum Extract, Allantoin, Citrus Limon Peel Oil, Glucose, Glycolic Acid, Niacinamide, Panthenol, Sodium Ascorbyl Phosphate, Sodium Hyaluronate, Tartaric Acid, Citric Acid, Lactic Acid, Parfum, Sodium Hydroxide, Xanthan Gum.",niacinamide;hyaluronic-acid,,,,,,,,,,,,,open_beauty_facts,false
4066447985450,brightening-texture,Nachtcreme Vital+,Balea,,"AQUA, C12-15 ALKYL BENZOATE, GLYCERIN, ETHYLHEXYL STEARATE, CAPRYLIC/CAPRIC TRIGLYCERIDE, CETYL ALCOHOL, MYRISTYL MYRISTATE, GLYCERYL STEARATE CITRATE, NIACINAMIDE, PANTHENOL, GLYCERYL STEARATE, GLYCINE SOJA OIL, PALMITOYL TRIPEPTIDE-1, PALMITOYL TETRAPEPTIDE_7, PHENOXYETHANOL, PARFUM, HYDROXYACETOPHENONE, TOCOPHERYL ACETATE, XANTHAN GUM, MANNITOL, CALCIUM PCA, SORBITAN LAURATE, FAEX EXTRACT, C18-36 ACID GLYCOL ESTER, C18-36 ACID TRIGLYCERIDE, DISODIUM PHOSPHATE, LACTIC ACID, DISODIUM EDTA, DISO",niacinamide,,,,,,,,,,,,,open_beauty_facts,false
4066447985405,brightening-texture,Gesichtsserum Anti Pigmentflecken Konzentrat,Balea,,"AQUA, GLYCERIN, C12-15 ALKYL BENZOATE, NIACINAMIDE, ETHYLHEXYL STEARATE, GLYCERYL STEARATE CITRATE, CETYL ALCOHOL, GLYCINE SOJA OIL, MYRISTYL MYRISTATE, GLYCERYL STEARATE, PHENOXYETHANOL, PANTHENOL, HYDROXYACETOPHENONE, PARFUM, TOCOPHERYL ACETATE, XANTHAN GUM, ALCOHOL, PENTYLENE GLYCOL, LINALOOL, GERANIOL, CITRONELLOL, PINUS CEMBRA WOOD EXTRACT, ACETYL CEDRENE, LINALYL ACETATE, BENZYL ALCOHOL, PELARGONIUM GRAVEOLENS FLOWER OIL.",niacinamide,,,,,,,,,,,,,open_beauty_facts,false
4066447985290,brightening-texture,Dunkle Flecken Aufheller Vitamin C,Balea,,"AQUA, GLYCERIN, ETHYLHEXYL STEARATE, NIACINAMIDE, DICAPRYLYL ETHER, XANTHAN GUM, SODIUM ASCORBYL PHOSPHATE, PHENOXYETHANOL, PANTHENOL, HYDROXYACETOPHENONE, TOCOPHERYL ACETATE, CHONDRUS CRISPUS POWDER, PARFUM, CITRIC ACID, CITRUS AURANTIUM DULCIS FRUIT EXTRACT, TOCOPHEROL, BENZYL ALCOHOL, LINALOOL, LINALYL ACETATE, ACETYL CEDRENE, TERPINEOL.",niacinamide,,,,,,,,,,,,,open_beauty_facts,false
4066447982879,brightening-texture,Sprühpflege Seidenglanz 5in1,Balea,,"Aqua, Glycerin, Ricinus Communis Seed Oil, Panthenol, Niacinamide, Cetearyl Alcohol, Parfum, Behentrimonium Chloride, Isopropyl Alcohol, Sodium Benzoate, Potassium Sorbate, Dimethyl Phenethyl Acetate, Benzaldedehyde, Citric Acid",niacinamide,,,,,,,,,,,,,open_beauty_facts,false
4066447940695,brightening-texture,Shampoo Lemon Lover,Balea,,"Aqua, Sodium Laureth Sulfate, Cocamidopropyl Betaine, Sodium Chloride, Panthenol, Niacinamide, Parfum, Glycerin, Hydroxypropyl Oxidized Starch PG-Trimonium Chloride, Hydroxypropyl Guar Hydroxypropyltrimonium Chloride, Sodium Benzoate, Potassium Sorbate, Linalool, Citric Acid, Sodium Lactate, Lactic Acid, Sodium Hydroxide",niacinamide,,,,,,,,,,,,,open_beauty_facts,false
4070765002447,brightening-texture,Gesichtsserum Hydro,Balea MEN,,AQUA · NIACINAMIDE · GLYCERIN · BUTYLENE GLYCOL · PANTHENOL · PHENOXYETHANOL · CAPRYLYL GLYCOL · XANTHAN GUM · ALLANTOIN · SODIUM HYALURONATE · CITRIC ACID · PARFUM · TETRAMETHYL ACETYLOCTAHYDRONAPHTHALENES · ACETYL CEDRENE.,niacinamide;hyaluronic-acid,,,,,,,,,,,,,open_beauty_facts,false
4070765012422,brightening-texture,"Feuchtigkeitscreme Dewy Water, korean skincare",Balea,,"AQUA, DICAPRYLYL CARBONATE, NIACINAMIDE, BETAINE, GLYCERIN, PROPANEDIOL, POLYGLYCERYL-4 ISOSTEARATE, COCO - CAPRYLATE/CAPRATE, SODIUM LACTATE, SODIUM PCA, UREA, INOSITOL, GLYCINE, FRUCTOSE, LACTIC ACID, DISTEARDIMONIUM HECTORITE, MAGNESIUM SULFATE, SODIUM BENZOATE, POTASSIUM SORBATE, CITRIC ACID, TOCOPHEROL.",niacinamide,,,,,,,,,,,,,open_beauty_facts,false
4070765031782,brightening-texture,Adventskalender 2026 XMAS Face Beauty Collection,Balea,,"PANTHENOL CLEANSER INGREDIENTS: AQUA, COCO-GLUCOSIDE, COCAMIDOPROPYL BETAINE, PENTYLENE GLYCOL, GLYCERIN, XANTHAN GUM, PANTHENOL, ETHYLHEXYLGLYCERIN, SODIUM CHLORIDE, CAPRYLYL/CAPRYL GLUCOSIDE, CITRIC ACID VITAMIN C TONER INGREDIENTS: AQUA, BETAINE, GLYCERIN, 3-O-ETHYL ASCORBIC ACID, SORBITOL, PANTHENOL, SODIUM LACTATE, SODIUM PCA, ASCORBYL GLUCOSIDE, BIOSACCHARIDE GUM-1, FRUCTOSE, GLYCINE, INOSITOL, LACTIC ACID, NIACINAMIDE, UREA, CITRIC ACID, DISODIUM PHOSPHATE, ETHYLHEXYLGLYCERIN, PHENOXYETHA",niacinamide;vitamin-c;hyaluronic-acid;ceramides,,,,,,,,,,,,,open_beauty_facts,false
4066447972542,brightening-texture,"Shampoo Ultra Sensitive, Reisegröße",Balea med,,"Aqua, Coco-Glucoside, Glycerin, Sodium Coco-Sulfate, Sodium Cocoamphoacetate, Citric Acid, Panthenol, Niacinamide, Tocopherol, Ascorbyl Palmitate, Glyceryl Oleate, Hydroxypropyl Guar Hydroxypropyltrimonium Chloride, Hydrogenated Palm Glycerides Citrate, Lecithin, Sodium Benzoate, Potassium Sorbate, Sodium Chloride, Sodium Hydroxide",niacinamide,,,,,,,,,,,,,open_beauty_facts,false
0065656915245,brightening-texture,Aloe Vera Hydration Lotion,Vaseline,,"Aqua, Stearic Acid, Glycerin, Glycol Stearate, Isopropyl Palmitate, Petrolatum, Niacinamide, Aloe Barbadensis Leaf Juice Powder, Triethanolamine, Glyceryl Stearate, Phenoxyethanol, Dimethicone, Cetyl Alcohol, Tapioca Starch, Magnesium Aluminum Silicate, Carbomer, Parfum, Propylparaben, Stearamide AMP, Disodium EDTA, Helianthus Annuus (Sunflower) Seed Oil, Titanium Dioxide, Stearyl Alcohol, Hexyl Cinnamal, Linalool, CI 77891",niacinamide,,,,,,,,,,,,,open_beauty_facts,false
4070765061666,brightening-texture,"Rice Milky Essence, korean skincare",Balea,,"Aqua, Glycerin, Niacinamide, Glyceryl Stearate Citrate, Squalane, Panthenol, Lactobacillus/Rice Ferment Filtrate, Oryza Sativa Extract, Limnanthes Alba Seed Oil, Betaine, PCA, Serine, Alanine, Glycine, Glutamic Acid, Lysine HCL, Threonine, Arginine, Proline, Microcrystalline Cellulose, Sphingobacterium Ferment Extract, Helianthus Annuus Seed Oil, Polyglyceryl-10 Stearate, Tocopherol, Sodium PCA, Dipropylene Glycol, Cellulose Gum, Pentylene Glycol, Sodium Lactate, Citric Acid, Sodium Benzoate.",niacinamide,,,,,,,,,,,,,open_beauty_facts,false
4066447983753,brightening-texture,Locken Revitalizing Spray,Balea,,AQUA • GLYERIN • NITROGEN • SODIUM BENZOATE • PEG-40 HYDROGENATED CASTOR OIL • PARFUM • PANTHENOL • POTASSIUM SORBATE • PYRIDOXINE HCL • NIACINAMIDE • COCAMIDOPROPYL BETANE • LACTIC ACID • COCOS NUCIFERA OIL • BUTYROSPERMUM PARKII BUTTER • CITRONELLOL SODIUM CHLORIDE • GERANIOL • GERANYL ACETATE • CITRIC ACID.,niacinamide,,,,,,,,,,,,,open_beauty_facts,false
4070765072259,brightening-texture,Shampoo pure softness,Balea,,"Aqua, Sodium Laureth Sulfate, Cocamidopropyl Betaine, Sodium Chloride, Panthenol, Niacinamide, Parfum, Glycerin, Hydroxypropyl Oxidized Starch PG-Trimonium Chloride, Hydroxypropyl Guar Hydroxypropyltrimonium Chloride, Sodium Benzoate, Potassium Sorbate, Citric Acid, Sodium Hydroxide, Sodium Lactate, Lactic Acid",niacinamide,,,,,,,,,,,,,open_beauty_facts,false
4066447965629,brightening-texture,Cremedusche Milch & Honig,Balea,,"Aqua, Sodium Laureth Sulfate, Sodium Chloride, Cocamidopropyl Betaine, Coco-Glucoside, Glyceryl Oleate, Glycerin, Panthenol, Hydrogenated Starch Hydrolysate, Lac Powder, Mel, Niacinamide, Opuntia Ficus-Indica Stem Extract, Guar Hydroxypropyltrimonium Chloride, Citric Acid, Glycol Distearate, Sodium Sulfate, Hydrogenated Palm Glycerides Citrate, Tocopherol, Parfum, Hexyl Cinnamal, Benzyl Alcohol, Citrus Aurantium Peel Oil, Limonene, Sodium Benzoate, Phenoxyethanol, CI 10316, CI 45100",niacinamide,,,,,,,,,,,,,open_beauty_facts,false
0667554738485,brightening-texture,INTO THE NIGHT,Bath & BodyWorks,,"Aqua, Glycerin, Caprylic/Capric Triglyceride, Niacinamide, ...",niacinamide,,,,,,,,,,,,,open_beauty_facts,false
4070765018905,brightening-texture,Serum Azelain Booster,Balea,,"AQUA, NIACINAMIDE, POTASSIUM AZELOYL DIGLYCINATE, GLYCERIN, BETAINE, PANTHENOL, LACTIC ACID, XANTHAN GUM, SODIUM HYDROXIDE, CITRIC ACID, SODIUM BENZOATE.",niacinamide,,,,,,,,,,,,,open_beauty_facts,false
3606000537750,brightening-texture,CeraVe,Cerave,,"AQUA/WATER/EAU, COCAMIDOPROPYL HYDROXYSULTAINE, GLYCERIN, SODIUM LAUROYL SARCOSINATE, PEG-150 PENTAERYTHRITYL TETRASTEARATE, NIACINAMIDE, PEG-6 CAPRYLIC/CAPRIC GLYCERIDES, SODIUM METHYL COCOYL TAURATE, PROPYLENE GLYCOL, CERAMIDE NP, CERAMIDE AP, CERAMIDE EOP, CARBOMER, METHYLPARABEN, SODIUM CHLORIDE, SODIUM LAUROYL LACTYLATE, CHOLESTEROL, DISODIUM EDTA, PROPYLPARABEN, CITRIC ACID, TETRASODIUM EDTA, HYDROLYZED HYALURONIC ACID, PHYTOSPHINGOSINE, XANTHAN GUM",niacinamide;hyaluronic-acid;ceramides,,,,,,,,,,,,,open_beauty_facts,false
0055086013840,brightening-texture,Coconut Water + Hyaluronic Acid Body Lotion,Love Beauty and Planet,,"WATER (AQUA), STEARIC ACID, GLYCERIN, NIACINAMIDE, GLYCINE SOJA (SOYBEAN) OIL, GLYCERYL STEARATE, FRAGRANCE (PARFUM), CETYL ALCOHOL, PHENOXYETHANOL, CAPRYLYL GLYCOL, HYDROXYETHYLCELLULOSE, CARBOMER, DILAURYL THIODIPROPIONATE, DISODIUM EDTA, COCOS NUCIFERA (COCONUT) LIQUID ENDOSPERM, HYDROLYZED HYALURONIC ACID, ACACIA DECURRENS FLOWER EXTRACT, ALPHA-ISOMETHYL IONONE, CITRAL, CITRONELLOL, COUMARIN, HEXYL CINNAMAL, LIMONENE, LINALOOL",niacinamide;hyaluronic-acid,,,,,,,,,,,,,open_beauty_facts,false
8909106067325,brightening-texture,Vaseline Healthy Bright Sun + Pollution Protection Body Lotion SPF 30,Vaseline,,"Water, Ethylhexyl Salicylate, Glycerin, Stearic Acid, Octocrylene, Cyclopentasiloxane, Phenylbenzimidazole Sulfonic Acid, Butyl Methoxydibenzoylmethane, Glycol Stearate (and) Stearamide AMP, PEG-100 Stearate, Phenoxyethanol, Caprylyl Glycol, Potassium Hydroxide, Glyceryl Stearate, Carbomer, Cetyl Alcohol, Xanthan Gum, Sodium Hydroxide, Disodium EDTA, Niacinamide, BHT, Sodium Ascorbyl Phosphate, Tocopheryl Acetate, Petrolatum, Perfume, Benzyl Alcohol, Benzyl Salicylate, Citronellol, Geraniol, Hex",niacinamide,,,,,,,,,,,,,open_beauty_facts,false
3600551164540,brightening-texture,Mixa lozione corpo,Mixa,,"880387 13 - INGREDIENTS: AQUA/WATER, CETYL ALCOHOL, GLYCERIN, CAPRYLIC/CAPRIC TRIGLYCERIDE, BUTYROSPERMUM PARKII BUTTER/SHEA BUTTER, GLYCERYL STEARATE, NIACINAMIDE, DIMETHICONE, PEG-40 STEARATE, PRUNUS AMYGDALUS DULCIS OIL/SWEET ALMOND OIL, ASCORBYL GLUCOSIDE, CAPRYLYL GLYCOL, CHLORHEXIDINE DIGLUCONATE, GLYCINE SOJA OIL / SOYBEAN OIL, SALICYLIC ACID, SODIUM HYDROXIDE, SORBITAN TRISTEARATE, TOCOPHEROL, PARFUM/FRAGRANCE. (F.I.L. Z70047599/1).",niacinamide,,,,,,,,,,,,,open_beauty_facts,false
0030772283905,brightening-texture,Deodorant White Pumpkin & Clove,Native,,"Alcohol Denat., Dipropylene Glycol, Caprylic/Capric Triglyceride, Water, Fragrance, Nitrogen, Citric Acid, Triethyl Citrate, Niacinamide, Piroctone Olamine",niacinamide,,,,,,,,,,,,,open_beauty_facts,false
4066447981070,brightening-texture,Serum Beauty Expert Plump & Glow,Balea,,"AQUA, GLYCERIN, NIACINAMIDE, SODIUM HYALURONATE, CAFFEINE, POLYGLUTAMIC ACID, BETA-GLUCAN, SODIUM BENZOATE, POTASSIUM SORBATE, CITRIC ACID, PENTYLENE GLYCOL, TRISODIUM ETHYLENEDIAMINE DISUCCINATE, CAPRYLYL GLYCOL",niacinamide;hyaluronic-acid,,,,,,,,,,,,,open_beauty_facts,false
8721202480347,brightening-texture,Balancing Toner,plump & glaze,,"Aqua, Dipropylene Glycol, Glycerin, Niacinamide, 1,2-Hexanediol, Disodium EDTA, Panthenol, Magnesium PCA, Copper PCA, Zinc PCA, Hydroxyacetophenone, Ethylhexylglycerin, Parfum, Linalool, Limonene, Citric Acid, Sodium Citrate, Sodium Hydroxide, Phenoxyethanol, Ethylhexyl Methoxycinnamate, Butyl Methoxydibenzoylmethane, Bis-Ethylhexyloxyphenol Methoxyphenyl Triazine, Tocopherol, Glycine Soja Oil, Ceramide NP, Ceramide AP, Ceramide EOP, Phytosphingosine, Cholesterol, Sodium Lauroyl Lactylate, Carbo",niacinamide;ceramides,,,,,,,,,,,,,open_beauty_facts,false
3800221841539,brightening-texture,Pure skin glow revival day cream SPF 50+,Biotrade,,"AQUA, NIACINAMIDE, PROPYLHEPTYL CAPRYLATE, BUTYL METHOXYDIBENZOYLMETHANE, ETHYLHEXYL SALICYLATE, BIS-ETHYLHEXYLOXYPHENOL METHOXYPHENYL TRIAZINE, GLYCERIN, TRANEXAMIC ACID, PEG-20 METHYL GLUCOSE SESQUISTEARATE, TOCOPHERYL ACETATE, METHYL GLUCOSE SESQUISTEARATE, DIMETHICONE, SODIUM HYALURONATE, PHENOXYETHANOL, SODIUM ACRYLATES COPOLYMER, PARFUM, LECITHIN, ETHYLHEXYLGLYCERIN, XYLITYLGLUCOSIDE, ANHYDROXYLITOL, XYLITOL, TETRAMETHYL ACETYLOCTAHYDRONAPHTHALENES, LINALYL ACETATE, DIMETHYL PHENETHYL ACET",niacinamide;hyaluronic-acid,,,,,,,,,,,,,open_beauty_facts,false
6973665940834,brightening-texture,Rose Eye Mask,BREYLEE,,"Aqua, Glycerin, Butylene Glycol, Sorbitol, Chondrus Crispus (Carrageenan), Rosa Rugosa Flower Extract, Trehalose, Niacinamide, Ascorbic Acid, Hydroxypropyl Methylcellulose, Rosa Rugosa Flower Oil, Tocopheryl Acetate, Allantoin, Acetyl Tetrapeptide-5, Ceratonia Siliqua (Carob) Gum, Calcium Lactate, Xanthan Gum, Caffeine, Sodium Hyaluronate, Ectoin, Hydroxypropyl Tetrahydropyrantriol, Colloidal Gold, Biotin, Palmitoyl Tetrapeptide-7, Palmitoyl Tripeptide-1, Adenosine, Disodium EDTA, Hydroxyacetoph",niacinamide;vitamin-c;hyaluronic-acid,,,,,,,,,,,,,open_beauty_facts,false
0008400000071,brightening-texture,Refreshing Citrus Body Wash,Trader Joe's,,"Water, Sodium C14-16 Olefin Sulfonate, Glycerin, Cocamidopropyl Betaine, Sodium Chloride, Cocamide DIPA, Phenoxyethanol, PEG-150 Distearate, Fragrance, Isoceteth-20, Citric Acid, Sodium Benzoate, Panthenol, Caffeine, Citrus Aurantium Dulcis Oil, Citrus Reticulata Peel Oil, Niacinamide, Panax Ginseng Root Extract, Simmondsia Chinensis (Jojoba) Oil, Solanum, Tocopherol, Ascorbyl Palmitate, Chamomilla Recutita (Matricaria) Flower Extract, Sodium Hyaluronate, Leuconostoc/Radish Root Ferment Filtrate",niacinamide;hyaluronic-acid,,,,,,,,,,,,,open_beauty_facts,false
8806109108034,brightening-texture,Madeca Azelaic Acid Serum,"COSMAX Inc., Centellian24+, Madeca",,"Water/Aqua, Propylene Glycol, Azelaic Acid, Sodium Hydroxide, Pentylene Glycol, Niacinamide, Succinic Acid, Gluconol actone, Erythritol, Xylitol, Panthenol, Butylene Glycol, Glycerin, 1,2-Hexanediol, Ethylhexyl - glycerin, Allantoin, Hydroxyethylcellulose, Ade - nosine, Dextrin, Biosaccharide Gum-1, Coptis Japonica Root Extract, Gardenia Florida Fruit Extract, Madecassic Acid, Asiaticoside, Asiatic Acid, Beta-Glucan, Cynanchum Atratum Extract, Althaea Rosea Flower Extract, Tocopherol, Zinc PCA, ",niacinamide;azelaic-acid,,,,,,,,,,,,,open_beauty_facts,false
4070765004748,brightening-texture,Gesichtscreme Niacinamide LSF 30,Balea,,"AQUA, NIACINAMIDE, DIBUTYL ADIPATE, GLYCERIN, ETHYLHEXYL SALICYLATE, BUTYL METHOXYDIBENZOYLMETHANE, DIISOPROPYL SEBACATE, PHENYLBENZIMIDAZOLE SULFONIC ACID, C12-15 ALKYL BENZOATE, BIS-ETHYLHEXYLOXYPHENOL METHOXYPHENYL TRIAZINE, CETEARYL ALCOHOL, GLYCERYL STEARATE CITRATE, ETHYLHEXYL TRIAZONE, PANTHENOL, SCLEROTIUM GUM, SODIUM STEAROYL GLUTAMATE, PROPYLENE GLYCOL, GLYCYRRHIZA GLABRA ROOT EXTRACT, SORBITOL, TETRASODIUM EDTA, SODIUM HYDROXIDE, CITRIC ACID, CAPRYLYL GLYCOL, ETHYLHEXYLGLYCERIN, PHENO",niacinamide,,,,,,,,,,,,,open_beauty_facts,false
4066447953206,brightening-texture,Augenpads Hydrogel Rainbow,Balea,,"Aqua, Sorbitol, Glycerin, Trehalose, Chondrus Crispus Powder, Glucomannan, Sodium Hyaluronate, Niacinamide, Leontopodium Alpinum Extract, Leuconostoc/Radish Root Ferment Filtrate, Butylene Glycol, 1,2-Hexanediol, Hydroxyacetophenone, Potassium Chloride, Sodium Chloride, Polyglyceryl-6 Caprylate, Sodium Sulfate, Proline, Synthetic Fluorphlogopite, Kaolin, Xanthan Gum, Tin Oxide, Parfum, CI 77891, CI 77007, CI 74160, CI 77492, CI 77510, Benzyl Salicylate, Hexyl Cinnamal",niacinamide;hyaluronic-acid,,,,,,,,,,,,,open_beauty_facts,false
8700216652896,brightening-texture,"Anti-Schuppen Shampoo, Classic Clean",head & shoulders,,"Aqua, Sodium Laureth Sulfate, Sodium Xylenesulfonate, Cocamidopropyl Betaine, Sodium Citrate, Parfum, Citric Acid, Cocamide MEA, Glycol Distearate, Piroctone Olamine, Dimethiconol, Sodium Chloride, Guar Hydroxypropyltrimonium Chloride, Dimethicone, Sodium Benzoate, TEA-Dodecylbenzenesulfonate, Hexyl Cinnamal, Sodium Salicylate, Linalool, Tetrasodium EDTA, Sodium Hydroxide, Trideceth-10, Hexamethylindanopyran, Niacinamide, Linalyl Acetate, Tetramethyl Acetyloctahydronaphthalenes, Panthenol, Tocop",niacinamide,,,,,,,,,,,,,open_beauty_facts,false
99901219,brightening-texture,GBJ complex,Istituito Elvetico Sanders,,"Aqua (Water), Alcohol Denat Propanediol, Betaine, Glycerin, Niacinamide, Hydrolyzed Wheat Protein, Caffeine, Panthenol, Heptyl Glucoside, Eucalyptus Globulus Leaf Water, Tetrasodium Glutamate Diacetate, Cucurbita Pepo Fruit/ Seed Extract, Pisum Sativum Seed Extract, Betula Alba Leaf Extract, Cetrimonium Chloride, Citric Acid.",niacinamide,,,,,,,,,,,,,open_beauty_facts,false
8054042630475,brightening-texture,CP complex,Istituto Elvetico Sanders,,"Aqua (Water), Alcohol Denat, Glycerin, Propanediol, Niacinamide, Panthenol, Cucurbita Pepo (Pumpkin) Seed Extract, Leontopodium Alpinum Flower/Leaf Extract, Harpagophytum Procumbens Root Extract, Salvia Officinalis Flower/Leaf/Stem Extract, Serenoa Serrulata Fruit Extract, Caffeine, Zinc PCA, Beta-Glucan, Camphor.",niacinamide,,,,,,,,,,,,,open_beauty_facts,false
4047196057124,brightening-texture,Maska do Włosów Jednominutowa Olejek Arganowy i Żurawina,ISANA,,"Aqua, Dicaprylyl Ether, Cetyl Alcohol, Cetrimonium Chloride, Stearamidopropyl Dimethylamine, Stearyl Alcohol, Argania Spinosa Kernel Oil, Phenoxyethanol, Parfum, Potassium Sorbate, Vaccinium Macrocarpon Seed Oil, Citric Acid, Niacinamide, Benzoic Acid, Dehydroacetic Acid, Ethylhexylglycerin, Tocopherol.",niacinamide,,,,,,,,,,,,,open_beauty_facts,false
0305210049864,brightening-texture,Vanilla Comfort Body Lotion,Vaseline,,"WATER (AQUA), GLYCERIN, PETROLATUM, STEARIC ACID, BUTYLENE GLYCOL, DIMETHICONE, GLYCERYL STEARATE, PEG-100 STEARATE, FRAGRANCE (PARFUM), NIACINAMIDE, SODIUM HYDROXYPROPYL STARCH PHOSPHATE, ISOPROPYL MYRISTATE, GLYCERYL STEARATE, HELIANTHUS ANNUUS (SUNFLOWER) SEED OIL, COCOS NUCIFERA (COCONUT) OIL, CETYL ALCOHOL, THEOBROMA CACAO (COCOA) SEED BUTTER, PHENOXYETHANOL, MAGNESIUM ALUMINUM SILICATE, METHYLPARABEN, PROPYLPARABEN, STEARAMIDE AMP, DISODIUM EDTA, ALPHA-ISOMETHYL IONONE, BENZYL ALCOHOL, BEN",niacinamide,,,,,,,,,,,,,open_beauty_facts,false
8809694628116,brightening-texture,Cell fusion C Aquatica Sun Spray SPF 50+,"CMS Lab Inc., Cell fusion C",,"Water, Ethylhexyl Palmitate, Ethylhexyl Salicylate, Propanediol, Phenylbenzimida zole Sulfonic Acid, 1,2-Hexanediol, Butyl octyl Salicylate, Diethylamino Hydroxyben zoyl Hexyl Benzoate, Bis-Ethylhexyloxy phenol Methoxyphenyl Triazine, Homo salate, Niacinamide, Tromethamine, Methyl Methacrylate Crosspolymer, Adenosine, Terephthalylidene Dicamphor Sulfonic Acid, Allantoin, Ceramide NP, Mentha Aquatica Extract, Glycerin, Oenothera Biennis (Evening Primrose) Oil, Phytosphin gosine, Sodium Hyaluronat",niacinamide;hyaluronic-acid;ceramides,,,,,,,,,,,,,open_beauty_facts,false
8800312067065,brightening-texture,Knock Naked Body Sun Toner SPF 50*,"Benow Inc., Knock",,"Water, Dibutyl Adipate, Dipropylene Gl mycol, Butylene Glycol, Propanediol, Ethyl hexyl Triazone, Terephthalylidene Dicamphor Sulfonic Acid, Drometrizole Trisiloxane, Butyloctyl Salicylate, Fragrance, Niacinamide, Caprylyl Methicone, Diethylamino Hydroxybenzoyl Hexyl Benzoate, Vinyl Dimethicone/Methicone Silsesquioxane Crosspolymer, Isononyl Isononanoate, Glycerin, Tromethamine, Dimethicone Sorbitan Laurate, C14-22 Alcohols, Bis-Ethylhexyloxyphenol Methoxyphenyl Triazine, Polyglyceryl-3 Methylgl",niacinamide;vitamin-c;hyaluronic-acid;ceramides,,,,,,,,,,,,,open_beauty_facts,false
8809572896910,brightening-texture,Dear Klairs Blue Caffeine Full Cover Eye patch,"Jincostech Co., Klairs",,"Water (Aqua), Glycerin, Niacinamide (2%), Chondrus Crispus Powder, Cyamopsis Tetra - gonoloba (Guar) Gum, 1,2-Hexanediol, Carrageenan, Ceratonia Siliqua (Carob) Gum, Cellulose Gum, Caffeine(5115ppm), Panthenol, Butylene Glycol, Boron Nitride, Hydroxyacetophenone, Potassium Chloride, Sucrose, Dextrin, Allantoin, Arginine, Sodium Phytate, Caprylic/Capric Triglyceride, Dipotassium Glycyrrhizate, Caprylyl Glycol, Gardenia Florida Fruit Extract, Adenosine (400ppm), Sodium PCA Hydrogenated Lecithin, S",niacinamide,,,,,,,,,,,,,open_beauty_facts,false
4003573023144,brightening-texture,Reiswasser Tuchmaske,Schaebens,,"Aqua, Saccharomyces/Rice Ferment Filtrate, Butylene Glycol, Glycerin, Pentylene Glycol, Niacinamide, Butyrospermum Parkii Butter, Lecithin, Panthenol, Tocopheryl Acetate, Trehalose, 1,2-Hexanediol, Acrylates/C10-30 Alkyl Acrylate Crosspolymer, Polyglyceryl-10 Laurate, Caprylic/Capric Triglyceride, Choleth-24, Disodium EDTA, Hydroxyacetophenone, Isoamyl Isononanoate, Polyquaternium-6, Sodium Hydroxide, Tapioca Starch, Xanthan Gum",niacinamide,,,,,,,,,,,,,open_beauty_facts,false
8809891186556,brightening-texture,Biodance Caviar  PDRN Jelly Serum Mist,"Beauty selection Co. Ltd., Biodance, Nowcos Co. Ltd.",,"Caviar Water(760, 867ppm), Glycerin, Methylpropanediol, Glycereth - 26, 1,2-Hexanediol, Niacinamide, Sodium Chloride, Hydroxyacetophenone, Gellan Gum, Sodium DNA (1,000 ppm), Calcium Lactate, Adenosine, Ethylhex ylglycerin, Disodium EDTA, Dextrin, Salmon Egg Ex tract, Caviar Extract (77ppm), Gardenia Florida Fruit Extract, Hydrolyzed Sclerotium Gum, Carrageenan, Xanthan Gum, Water/Eau, Ceratonia Siliqua (Carob) Gum, Sucrose, Sodium Hyaluronate, Potassium Hyaluronate, Hydroxypropyltrimonium Hyalu",niacinamide;hyaluronic-acid,,,,,,,,,,,,,open_beauty_facts,false
4066447215458,brightening-texture,Serum Niacinamide,Balea,,"AQUA, NIACINAMIDE, GLYCERIN, PENTYLENE GLYCOL, ALOE BARBADENSIS LEAF JUICE, ZINC PCA, PANTHENOL, PHENOXYETHANOL, CELLULOSE GUM, ALLANTOIN, SODIUM BENZOATE, CITRIC ACID, XANTHAN GUM, ETHYLHEXYLGLYCERIN, TRISODIUM ETHYLENEDIAMINE DISUCCINATE, SODIUM HYALURONATE.",niacinamide;hyaluronic-acid,,,,,,,,,,,,,open_beauty_facts,false
4066447967678,brightening-texture,Glass Skin Collagen Maske,Balea,,"AQUA, GLYCERIN, CAPRYLIC/CAPRIC TRIGLYCERIDE, PROPYLENE GLYCOL, XANTHAN GUM, SODIUM HYALURONATE, HYDROLYZED COLLAGEN, HYDROLYZED SODIUM HYALURONATE, 3-O-ETHYL ASCORBIC ACID, EUGLENA GRACILIS POLYSACCHARIDE, NIACINAMIDE, CARRAGEENAN, 1,2-HEXANEDIOL, GLYCERYL STEARATE CITRATE, HYDROXYACETOPHENONE, CAPRYLYL GLYCOL, ETHYLHEXYLGLYCERIN. Vers.001",niacinamide;vitamin-c;hyaluronic-acid,,,,,,,,,,,,,open_beauty_facts,false
4005900925022,brightening-texture,Body lotion Radiant and Beauty,NIVEA,,"Aqua, Glycerin, Paraffinum Liquidum, Cetearyl Alcohol, Glyceryl Stearate SE, Isopropyl Palmitate, Dicaprylyl Ether, Glyceryl Stearate, Hydroxypropyl Starch Phosphate, Glycine Soja Oil, Phenoxyethanol, Caprylic/Capric Triglyceride, Cera Microcristallina, Sodium Cetearyl Sulfate, Trisodium EDTA, Ethylhexylglycerin, Tocopheryl Acetate, Citric Acid, Potassium Lactate, Macadamia Integrifolia Seed Oil, Olea Europaea Fruit Oil, Persea Gratissima Oil, Prunus Amygdalus Dulcis Oil, Niacinamide, Retinyl Pa",niacinamide,,,,,,,,,,,,,open_beauty_facts,false
3600542663045,brightening-texture,Vitamin C Fresh & Bright Hydrating Sorbet Cream,Garnier,,"Aqua/Water, Glycerin, Niacinamide, Alcohol Denat., Cetearyl Isononanoate, Sodium Polyacrylate, Citrus Limon Fruit Extract/Lemon Fruit Extract, Sodium Hydroxide, Silica, Salicylic Acid, Sodium Phytate, Citric Acid, Limonene, Parfum/Fragrance, Linalool, CI 19140/Yellow 5, CI 15985/Yellow 6",niacinamide,,,,,,,,,,,,,open_beauty_facts,false
5057566835794,brightening-texture,Superfix Super Grip Primer,Revolution,,"Aqua/Water/Eau, Glycerin, Propanediol, PEG-150 Distearate, Polysorbate 20, Butylene Glycol, Betaine, Niacinamide, Tocopheryl Acetate, Bis-PEG-18 Methyl Ether Dimethyl Silane, 1,2-Hexanediol, Caprylyl Glycol, Bis-Diglyceryl Polyacyladipate-2, Acrylates/C10-30 Alkyl Acrylate Crosspolymer, Parfum (Fragrance), Ethylhexylglycerin, Disodium EDTA, Phenoxyethanol, Sodium Hydroxide, Benzyl Salicylate, Linalool, Hexyl Cinnamal, Limonene, Benzyl Alcohol, Citronellol, Geraniol, Citrus Aurantium Dulcis (Oran",niacinamide;hyaluronic-acid,,,,,,,,,,,,,open_beauty_facts,false
8906087779216,brightening-texture,Rice Oil-Free Face Moisturizer,Mamaearth,,"Aqua*, Glycerin*, Niacinamide, Hydrogenated Polyisobutene, Rice Water, Aloe Vera Extract, Ammonium Acryloyldimethyl Taurate, Vinyl Pyrrolidone Copolymer, Glyceryl Stearate, Phenoxyethanol, Ethylhexylglycerin, Black Oat Seed Extract*, Lecithin*, Potassium Sorbate, Citric Acid, Xanthan Gum, Vitamin E, Disodium EDTA, Pentaerythrityl Tetra-di-t-butyl Hydroxyhydrocinnamate & IFRA Certified Fragrance.",niacinamide,,,,,,,,,,,,,open_beauty_facts,false
4068134169129,brightening-texture,Isana Med Ultra Sensitiv+ Anti Schuppen Shampoo,Rossmann,,"Aqua, Sodium Laureth Sulfate, Cocamidopropyl Betaine, Sodium Chloride, Piroctone Olamine, Glyceryl Oleate, Coco-Glucoside, Panthenol, Niacinamide, Bisabolol, Hydroxypropyl Guar Hydroxypropyltrimonium Chloride, Tocopherol, Hydrogenated Vegetable Glycerides Citrate, Sodium Salicylate, Sodium Citrate, Citric Acid, Sodium Benzoate",niacinamide,,,,,,,,,,,,,open_beauty_facts,false
8908028623008,brightening-texture,Multi-Active Complex 12 Modern Actives Face Serum,The Constant,,"Aqua, Niacinamide, Potassium Azeloyl Diglycinate, Tranexamic Acid, Sodium PCA, Centella Asiatica Extract, Betaine, Sodium Polyacryloyldimethyl Taurate, Zinc PCA, Lactic Acid, Encapsulated Salicylic Acid, Benzyl Alcohol, Dehydroacetic Acid, Panthenol, Sodium Hyaluronate, Triethanolamine, Saccharide Isomerate, Citric Acid, Sodium Citrate, Disodium EDTA",niacinamide;hyaluronic-acid,,,,,,,,,,,,,open_beauty_facts,false
4061464949638,brightening-texture,Radiant AHA + Vitamin C Serum,Lacura,,"Water, Glycerin, Niacinamide, Propylene Glycol, Lactic Acid, Hydroxypropyl Starch Phosphate, Sodium Lactate, Ascorbyl Glucoside, Xanthan Gum, Palmitoyl Tetrapeptide-10, Ethylhexylglycerin",niacinamide,,,,,,,,,,,,,open_beauty_facts,false
3616303446321,brightening-texture,Pink Frosted Animal Cracker,philosophy,,"aqua/water/eau, sodium c14-16 olefin sulfonate, glycerin, lauryl glucoside, propanediol, acrylates copolymer, parfum/fragrance, ppg-2 hydroxyethyl coco/isostearamide, sodium chloride, disodium laureth sulfosuccinate, coco-glucoside, glycol distearate, cocamidopropyl betaine, sodium benzoate, citric acid, polyquaternium-7, butyl methoxydibenzoylmethane, sodium hydroxide, saccharide isomerate, benzyl benzoate, niacinamide, tetrasodium edta, tetrasodium etidronate, tetrasodium glutamate diacetate, ",niacinamide,,,,,,,,,,,,,open_beauty_facts,false
8682397032813,brightening-texture,Hyalüronik acit nemlendirici krem,Maru derm,,"Ingredients: Aqua, Glycerin, Niacinamide, Solidago Virgaurea Extract, Butyrospermum Parkii Butter, Sodium Hyaluronate, Panthenol, Allantoin, Sodium PCA, Urea, Glycine, Cetyl Stearate, Caprylic/Capric Triglyceride, Potassium Cetyl Phosphate, Fructose, Tocopherol Acetate, Ethylhexylglycerin, Dimethicone, Tridecyl Salicylate, Carbomer, Inositol, Sodium Benzoate, Phenoxyethanol, Lactic Acid, Stearic Acid, Sodium Lactate.",niacinamide;hyaluronic-acid,,,,,,,,,,,,,open_beauty_facts,false
0030772288542,brightening-texture,Coconut & Vanilla Moisturizing Lotion,Native,,"Water, glycerin, caprylic/capric triglyceride, coconut alkanes, polyglycerol-3 methylglucose distearate, niacinamide, cetearyl alcohol, butyrospermum, parkii (shea) butter, zea mays (corn) starch, behenyl alcohol, benzyl alcohol, fragrance, sodium acrylates copolymer, panthenol, sodium benzoate, coco-caprylate/caprate, ethylhexylglycerine",niacinamide,,,,,,,,,,,,,open_beauty_facts,false
8800312067140,brightening-texture,Knock Melt-In Body Toner Sea Salt,"Benow Inc., Knock",,"Water, Pentaerythrityl Tetraethyh exanoate, Glycerin, Propanediol, Fragrance, Niacinamide, Pentylene Glycol, 12-Hexane dio, Cetyl Ethylhexanoate, Caprylic/Capric Triglyceride, Polyglyceryl-2 Trisostearate, Poly sorbate 60, Vinyl Dimethicone, Trimethylpentanediol Adipic Acid Glycerin Crosspolymer, Sorbitan Sesquioleate, Tapioca Starch, Butylene Glycol, Sphingomonas Ferment Extract, Limonene, Dilauryl Thiodipropionate, Pentaerythrityl Tetra-d-+-butyl Hydroxyhydrocinna mate, Ethylhexylglycerin, Alp",niacinamide,,,,,,,,,,,,,open_beauty_facts,false
3337875930338,brightening-texture,Lipikar AP+M Anti-Irritation Balm,La Roche-Posay,,"AQUA / WATER / EAU, GLYCERIN, ISOPROPYL PALMITATE, BUTYROSPERMUM PARKII BUTTER / SHEA BUTTER, PROPANEDIOL, CETYL ALCOHOL, MYRISTYL MYRISTATE, SILICA, MAIS STARCH / CORN STARCH, NIACINAMIDE, OPHIOPOGON JAPONICUS ROOT EXTRACT, CARBOMER, SODIUM HYDROXIDE, MANNAN, HYDROXYACETOPHENONE, CAPRYLYL GLYCOL, VITREOSCILLA FERMENT, CITRIC ACID, MALTODEXTRIN, POLYGLYCERYL-3 METHYLGLUCOSE DISTEARATE, TOCOPHEROL",niacinamide,,,,,,,,,,,,,open_beauty_facts,false
8429420245297,brightening-texture,Fotoultra Redness SPF 50,ISDIN,,"Aqua (Water), Propylene Glycol Dicaprylate/Dicaprate, Coco-Caprylate/Caprate, Ethylhexyl Salicylate, Ethylhexyl Triazone, Bis-Ethylhexyloxyphenol Methoxyphenyl Triazine, Diethylamino Hydroxybenzoyl Hexyl Benzoate, Niacinamide, Methylene Bis-Benzotriazolyl Tetramethylbutylphenol [nano], C15-19 Alkane, Potassium Azeloyl Diglycinate, Alpha-Glucan Oligosaccharide, Pentylene Glycol, Polyglyceryl-6 Stearate, 1,2-Hexanediol, Caprylyl Glycol, Tocopheryl Acetate, 4-T-Butylcyclohexanol, Polysorbate 60, De",niacinamide,,,,,,,,,,,,,open_beauty_facts,false
3760378511511,brightening-texture,Curl Hero Hair & Scalp Fortifying Serum,Secret,,"Aqua, Niacinamide, Isomalt, Glycerin, Propandiol, Polyglyceryl-4 Caprate, Pentylene Glycol, Panthenol, Coco-Caprylate/Caprate, Butylene Glycol, Citrate, Ammonium Glycyrrhizate, Alcohol, Sodium Hyaluronate, Parfum, Sodium Benzoate, Potassium Sorbate, Citric Acid, Calcium Gluconate, Sodium Phytate, Gluconolactone, Litchi Chinensis Fruit Extract, Cocos Nucifera Fruit Extract, Melilotus Officinalis Extract, Tilia Cordata Flower Extract, Malva Sylvestris Flower Extract, Tropaeolum Majus Flower/Leaf/S",niacinamide;hyaluronic-acid,,,,,,,,,,,,,open_beauty_facts,false
3662361001293,brightening-texture,Eau solaire sun secure,SVR,,"AQUA/WATER/EAU, DICAPRYLYL CARBONATE, COCO-CAPRYLATE/CAPRATE, DIETHYLAMINO HYDROXYBENZOYL HEXYL BENZOATE, BIS-ETHYLHEXYLOXYPHENOL METHOXYPHENYL TRIAZINE, DICAPRYLYL ETHER, DIISOPROPYL ADIPATE, ETHYLHEXYL TRIAZONE, HEXYLENE GLYCOL, NIACINAMIDE, SODIUM CHLORIDE, BIXA ORELLANA SEED EXTRACT, GLYCINE SOJA (SOYBEAN) OIL, LEPIDIUM SATIVUM SPROUT EXTRACT, HELIANTHUS ANNUUS (SUNFLOWER) SEED OIL, TOCOPHEROL, CAPRYLIC/CAPRIC TRIGLYCERIDE, CITRIC ACID, COCO-BETAINE, POTASSIUM SORBATE, SODIUM BENZOATE, PARFU",niacinamide,,,,,,,,,,,,,open_beauty_facts,false
0030772251782,brightening-texture,Body Lotion Sensitive Series Babe Coconut,Native,,"Water, Glycerin, Caprylic/Capric Triglyceride, Coconut Alkanes, Polyglyceryl-3 Methylglucose Distearate, Niacinamide, Cetearyl Alcohol, Butyrospermum Parkii (Shea) Butter, Zea Mays (Corn) Starch, Behenyl Alcohol, Glyceryl Stearate, Cetearyl Alcohol, Cetearyl Glucoside, Tocopherol, Chrysanthemum Parthenium (Feverfew) Extract, Phenoxyethanol, Cetearyl Alcohol, Fragrance, Sodium Acrylates Copolymer, Panthenol, Sodium Benzoate, Coco-Caprylate/Caprate, Ethylhexylglycerin",niacinamide,,,,,,,,,,,,,open_beauty_facts,false
3337875926058,brightening-texture,Effaclar Duo+M Multi-Target Acne Treatment,La Roche-Posay,,"water, glycerin, dimethicone, niacinamide, sorbitan stearate, isocetyl stearate, ammonium polyacryloyldimethyl taurate, glyceryl stearate, potassium cetyl phosphate, zinc PCA, sodium hydroxide, capryloyl salicylic acid, linoleic acid, myristyl myristate, caprylyl glycol, caprylic/capric triglyceride, xanthan gum, acrylates/C10-30 alkyl acrylate crosspolymer, sodium benzoate, phenoxyethanol, tetrasodium EDTA, polysorbate 80, citric acid, parfum/fragrance",niacinamide,,,,,,,,,,,,,open_beauty_facts,false
4311596019397,brightening-texture,Frucht & Vitamin Shampoo,Hairwell,,"AQUA, SODIUM LAURETH SULFATE, SODIUM CHLORIDE, COCAMIDOPROPYL BETAINE, GLYCERIN, COCO-GLUCOSIDE, GLYCERYL OLEATE, GLYCOL DISTEARATE, COCAMIDE MEA, SODIUM BENZOATE, CITRIC ACID, PARFUM, PANTHENOL, NIACINAMIDE, GUAR HYDROXYPROPYLTRIMONIUM CHLORIDE, PROPYLENE GLYCOL, ANANAS SATIVUS FRUIT EXTRACT, ACTINIDIA CHINENSIS FRUIT EXTRACT, CARICA PAPAYA FRUIT EXTRACT, TETRASODIUM GLUTAMATE DIACETATE, POTASSIUM SORBATE, TOCOPHEROL, HYDROGENATED PALM GLYCERIDES CITRATE, CITRUS AURANTIUM PEEL OIL, LIMONENE, DI",niacinamide,,,,,,,,,,,,,open_beauty_facts,false
0062600621757,brightening-texture,Stubborn Texture Niacinamide Serum,Neutrogena,,"Water (eau), Niacinamide, Glycerin, Acetyl Glucosamine, Pentylene Glycol, Dimethicone, Phenoxyethanol, Carbomer, Disodium EDTA, Sodium Hydroxide, Ethylhexylglycerin, Dimethicone/Vinyl Dimethicone Crosspolymer, Amodimethicone",niacinamide,,,,,,,,,,,,,open_beauty_facts,false
4006000011400,brightening-texture,Nivea Cellular Luminous 630 Anti Age & Dark Spot Serum 30ml,Nivea,,"Glycerin, Hyaluronic Acid, Luminous630® Technology, Vitamin C, Glycolic Acid, Niacinamide (Vitamin B3)",niacinamide;hyaluronic-acid,,,,,,,,,,,,,open_beauty_facts,false
4006000174686,brightening-texture,Nivea Derma Skin Clear UV Fluid 50+SPF Akne Karşıtı Yüz Güneş Kremi 40 ml,Nivea,,"Aqua, Alcohol Denat., C12-15 Alkyl Benzoate, Ethylhexyl Triazone, Dibutyl Adipate, Diethylamino Hydroxybenzoyl Hexyl Benzoate, Phenylbenzimidazole Sulfonic Acid, Tapioca Starch, Polyglyceryl-6 Stearate, Distarch Phosphate, Silica Dimethyl Silylate, Glycerin, Niacinamide, Carnitine, Glycyrrhiza Inflata Root Extract, Tocopheryl Acetate, Polyglyceryl-6 Behenate, Glyceryl Stearate, Cetearyl Alcohol, Copernicia Cerifera Cera, Hydroxyacetophenone, Decylene Glycol, Hydroxypropyl Methylcellulose, Hydrox",niacinamide,,,,,,,,,,,,,open_beauty_facts,false
8697711740046,brightening-texture,Herbaderm Dry Touch Sun Fluid SPF50+ Yoğun Nemlendirici Likit Güneş Koruyucu,Herbaderm,,"Aqua, Dicaprylyl Carbonate, Coco-Caprylate, Zinc Oxide, Diethylamino Hydroxybenzoyl Hexyl Benzoate, Bis-Ethylhexyloxyphenol Methoxyphenyl Triazine, Cetearyl Alcohol, Maleated Soybean Oil Glyceryl/Octyldodecanol Esters, Polyglyceryl-6 Stearate, Glycerin, Pentylene Glycol, Propanediol, Ethylhexyl Salicylate, Ethylhexyl Triazone, Niacinamide, Camellia Sinensis Leaf Extract, Ectoin, Inulin, Hippophae Rhamnoides Fruit Oil, Sodium Stearoyl Glutamate, Carnosine, Tocopherol, Oleanolic Acid, Acacia Seneg",niacinamide,,,,,,,,,,,,,open_beauty_facts,false
8683548273369,brightening-texture,Rimu Health Lekeli Ciltler İçin Cilt Tonu Eşitleyici Aydınlatıcı SPF50+ Güneş Kremi,Rimu Health,,"Aqua, Diethylamino Hydroxybenzoyl Hexyl Benzoate, Niacinamide, Glycerin, Butyl Methoxydibenzoylmethane, Ethylhexyl Methoxycinnamate, Caprylic/Capric Triglyceride, Phenylbenzimidazole Sulfonic Acid, Bis-Ethylhexyloxyphenol Methoxyphenyl Triazine, Potassium Cetyl Phosphate, Ethylhexyl Triazone, C13-14 Isoparaffin, Hyaluronic Acid, Polyacrylamide, Hydrolyzed Glycosaminoglycans, Propanediol, Zinc Oxide, Arbutin, Glycyrrhiza Glabra Root Extract, Ascorbic Acid, Laureth-7, Phenoxyethanol, Stearic Acid,",niacinamide;vitamin-c;hyaluronic-acid;ceramides,,,,,,,,,,,,,open_beauty_facts,false
8680512628118,brightening-texture,Bioxcin Biotin Şampuan,Bioxcin,,"Aqua, Magnesium Laureth Sulfate, Disodium Laureth Sulfosuccinate, Cocamidopropyl Betaine, Glycerin, Biotin, Pyridoxine HCl, Niacinamide, Thiamine HCl, Cyanocobalamin, Panthenol, Allantoin, Zinc Sulfate, Benzyl Alcohol, Parfum, Hydroxypropyl Guar Hydroxypropyltrimonium Chloride, Piroctone Olamine, Tetrasodium EDTA, Propylene Glycol, PEG/PPG-120/10 Trimethylolpropane Trioleate, Laureth-2, Sodium Chloride, Methylchloroisothiazolinone, Methylisothiazolinone",niacinamide,,,,,,,,,,,,,open_beauty_facts,false
8680512635581,brightening-texture,Bioblas Kolajen + Keratin Şampuan,Bioblas,,"Aqua, Sodium Laureth Sulfate, Cocamidopropyl Betaine, Sodium Chloride, Cocamide MEA, Parfum, Glycol Distearate, Benzyl Alcohol, Herbal Complex B19 (Urtica Urens Leaf Extract, Hedera Helix Leaf Extract, Rosmarinus Officinalis Leaf Extract, Equisetum Arvense Leaf Extract), Niacinamide, Tocopheryl Acetate, Hydrolyzed Keratin, Hydrolyzed Collagen, Guar Hydroxypropyltrimonium Chloride, Glycerin, Silicone Quaternium-16, Tetrasodium EDTA, Undeceth-11, Benzyl Salicylate, Butyloctanol, Undeceth-5, CI 607",niacinamide,,,,,,,,,,,,,open_beauty_facts,false
3600531716233,brightening-texture,Maybelline New York Lifter Plump & Glow 110 Foundation,Maybelline New York,,"Aqua, Isohexadecane, Isododecane, Dimethicone, Glycerin, PEG-9 Polydimethylsiloxyethyl Dimethicone, Butylene Glycol, Niacinamide, Dimethicone Crosspolymer, Disteardimonium Hectorite, Synthetic Fluorphlogopite, PEG-10 Dimethicone, Kaolin, Cetyl PEG/PPG-10/1 Dimethicone, Phenoxyethanol, Sodium Chloride, Polyglyceryl-4 Isostearate, Caprylyl Glycol, Silica, Disodium Stearoyl Glutamate, Ethylhexylglycerin, Butyrospermum Parkii Butter, Sodium Hyaluronate, Maltodextrin, Aluminum Hydroxide, Citric Acid,",niacinamide;hyaluronic-acid,,,,,,,,,,,,,open_beauty_facts,false
3760420014069,brightening-texture,Note 3in1 Serum Concealer 10 Medium,Note,,"Aqua, Caprylic/Capric Triglyceride, Ethylhexyl Salicylate, Niacinamide, Isoamyl Laurate, Glycerin, Polyglyceryl-3 Polyricinoleate, Silica, Undecane, Disteardimonium Hectorite, Tridecane, Zinc Stearate, Polyglyceryl-3 Diisostearate, Magnesium Sulfate, 1,2-Hexanediol, Caprylyl Glycol, Xanthan Gum, Parfum, Sodium PCA, Urea, Helianthus Annuus Seed Oil, Tocopheryl Acetate, Trehalose, Leuconostoc/Radish Root Ferment Filtrate, Polyquaternium-51, Chamomilla Recutita Flower Extract, Sodium Hyaluronate, T",niacinamide;hyaluronic-acid,,,,,,,,,,,,,open_beauty_facts,false
8809783322635,brightening-texture,Isntree Onion Newpair Gel Cream,Isntree,,"Water, Propanediol, Glycerin, Butylene Glycol, Caprylic/Capric Triglyceride, Niacinamide, 1,2-Hexanediol, Hydroxyethyl Acrylate/Sodium Acryloyldimethyl Taurate Copolymer, Sodium Heparin, Allium Cepa Bulb Extract, Cetearyl Alcohol, Vinyl Dimethicone, Carbomer, Cetearyl Olivate, Sorbitol, Sorbitan Olivate, Biosaccharide Gum-1, Sodium Polyacryloyldimethyl Taurate, Sodium Ascorbyl Phosphate, Tromethamine, Melia Azadirachta Leaf Extract, Melia Azadirachta Flower Extract, Sorbitan Isostearate, Hydroge",niacinamide;hyaluronic-acid,,,,,,,,,,,,,open_beauty_facts,false
8683561170133,brightening-texture,Pure Choice Yoğun Nemlendirici ve Besleyici Cilt Bakım Kremi,Pure Choice,,"Aqua, Caprylic/Capric Triglyceride, Panthenol, Sodium Hyaluronate, Niacinamide, Butylene Glycol, Glycerin, Sodium Hyaluronate Crosspolymer, Hydrolyzed Sodium Hyaluronate, Sodium Acetylated Hyaluronate, PEG-12 Dimethicone, Dimethicone, Cyclopentasiloxane, Avena Sativa Meal Extract, Prunus Amygdalus Dulcis Seed Extract, Pyrus Malus Fruit Extract, Acetyl Glucosamine, Narcissus Tazetta Bulb Extract, Cucumis Sativus Fruit Extract, Lens Esculenta Fruit Extract, Citrullus Lanatus Fruit Extract, Silybum",niacinamide;hyaluronic-acid,,,,,,,,,,,,,open_beauty_facts,false
8683561170119,brightening-texture,Pure Choice Leke Karşıtı Cilt Bakım Kremi,Pure Choice,,"Aqua, Caprylic/Capric Triglyceride, Niacinamide, Sodium Ascorbyl Phosphate, Sodium Hyaluronate, Glycolic Acid, Azelaic Acid, Butylene Glycol, Glycerin, Alpha-Arbutin, Dicaprylyl Carbonate, Butyrospermum Parkii Butter, Camellia Sinensis Leaf Extract, Glycyrrhiza Glabra Root Extract, Centella Asiatica Leaf Extract, Arnica Montana Flower Extract, Cinchona Succirubra Bark Extract, Cystoseira Tamariscifolia Extract, Pancratium Maritimum Extract, Larix Sibirica Wood Extract, Bisabolol, Euterpe Olerace",niacinamide;azelaic-acid;hyaluronic-acid,,,,,,,,,,,,,open_beauty_facts,false
8683561170126,brightening-texture,Pure Choice Aydınlatıcı ve Canlandırıcı Cilt Bakım Kremi,Pure Choice,,"Aqua, Caprylic/Capric Triglyceride, Sodium Ascorbyl Phosphate, Niacinamide, Sodium Hyaluronate, Butylene Glycol, Thiamine HCl, Pantothenic Acid, Pyridoxine HCl, Avena Sativa Meal Extract, Glycerin, Sodium PCA, Camellia Sinensis Leaf Extract, Glycyrrhiza Glabra Root Extract, Centella Asiatica Leaf Extract, Arnica Montana Flower Extract, Salix Alba Bark Water, Pyrus Malus Fruit Water, Biotin, Phenoxyethanol, Triethanolamine, Allantoin, Ethylhexylglycerin",niacinamide;hyaluronic-acid,,,,,,,,,,,,,open_beauty_facts,false
8684149134127,brightening-texture,The Ceel Retinal Shot Tightening Booster Retinal Yüz Kremi,The Ceel,,"Aqua, Butyrospermum Parkii Butter, Propylene Glycol, Azelaic Acid, Ethoxydiglycol, 3-O-Ethyl Ascorbic Acid, Niacinamide, Glycerin, Urea, Cetearyl Alcohol, Sodium Stearoyl Lactylate, Glyceryl Stearate, Helianthus Annuus Seed Oil, Dimethicone, Phospholipids, Chamomilla Recutita Flower Extract, Caffeine, Aloe Barbadensis Leaf Juice, Apigenin, Oleanolic Acid, Prunus Amygdalus Dulcis Oil, Biotinoyl Tripeptide-1, Caprylic/Capric Glycerides, Olive Oil Glycereth-8 Esters, Butylene Glycol, Phenoxyethanol",niacinamide;azelaic-acid;vitamin-c;hyaluronic-acid,,,,,,,,,,,,,open_beauty_facts,false
8684252215560,brightening-texture,Authoriderm Pantenol %9 Arındırıcı ve Canlandırıcı Yüz Temizleme Jeli,Authoriderm,,"Aqua, Panthenol, Cocamidopropyl Betaine, Lauryl Glucoside, Sodium C14-16 Olefin Sulfonate, Glycerin, Cocamide MEA, Aloe Barbadensis Leaf Juice, Niacinamide, Phenoxyethanol, Argania Spinosa Kernel Oil, Tetrasodium EDTA, Ethylhexylglycerin, Sodium Benzoate, Potassium Sorbate, Citric Acid, Sodium Hydroxide",niacinamide,,,,,,,,,,,,,open_beauty_facts,false
8684225891937,brightening-texture,Thalia Salisilik Asit Yüz Temizleme Jeli,Thalia Natural Beauty,,"Aqua, Coco-Glucoside, Cocamidopropyl Betaine, Triethanolamine, Glycerin, Salicylic Acid, Disodium Cocoyl Glutamate, Glyceryl Oleate, Benzyl Alcohol, Niacinamide, PEG-12 Dimethicone, Acrylates/C10-30 Alkyl Acrylate Crosspolymer, Sodium Cocoyl Glutamate, Centella Asiatica Extract, Ceramide NP, Panthenol, Inulin, Dehydroacetic Acid, Tetrasodium EDTA, PEG-7 Glyceryl Cocoate, Sodium Benzoate, Citric Acid, Fructose, Tocopheryl Acetate, Phenoxyethanol",niacinamide;ceramides,,,,,,,,,,,,,open_beauty_facts,false
5901887056225,brightening-texture,Ziaja C Vitamini B3 Niacinamide Yüz Temizleme Jeli,Ziaja,,"Aqua, Cocamidopropyl Betaine, Sodium Lauroyl Sarcosinate, Coco-Glucoside, Glycerin, Undecylenamidopropyl Betaine, Hydrolyzed Rice Protein, Inulin, Fructose, Niacinamide, Calcium Pantothenate, Sodium Ascorbyl Phosphate, Tocopheryl Acetate, Pyridoxine HCl, Maltodextrin, Sodium Starch Octenylsuccinate, Silica, Camellia Japonica Seed Oil, C12-13 Alkyl Lactate, PEG-120 Methyl Glucose Dioleate, Sodium Benzoate, Parfum, Linalool, Geraniol, Citric Acid",niacinamide,,,,,,,,,,,,,open_beauty_facts,false
4049639411609,brightening-texture,M.Asam Aqua Intense Hyaluron Yüz Temizleme Jeli,M.Asam,,"Aqua, Glycerin, Cocamidopropyl Betaine, Disodium Cocoyl Glutamate, Acrylates/C10-30 Alkyl Acrylate Crosspolymer, Sodium Chloride, Hydrogenated Jojoba Oil, Methylpropanediol, Panthenol, Sodium Hyaluronate, Niacinamide, Ethylhexylglycerin, Sodium Hydroxide, Isopropyl Alcohol, Disodium EDTA",niacinamide;hyaluronic-acid,,,,,,,,,,,,,open_beauty_facts,false
8720181698972,brightening-texture,Vaseline Gluta-Hya Overnight Radiance Serum Burst Lotion,Vaseline,,"Aqua, Dimethicone, Glycerin, Isohexadecane, Niacinamide, Carbomer, Phenoxyethanol, Methylparaben, Parfum, Sodium Hydroxide, Acrylates/C10-30 Alkyl Acrylate Crosspolymer, Disodium EDTA, Cystine, Glycine, Sodium PCA, Hydrolyzed Collagen, Sodium Hyaluronate, Glutathione, Petrolatum, Alpha-Isomethyl Ionone, Citronellol, Linalool, Linalyl Acetate, Tetramethyl Acetyloctahydronaphthalenes, CI 77891",niacinamide;hyaluronic-acid,,,,,,,,,,,,,open_beauty_facts,false
8697711741920,brightening-texture,Herbaderm %77 Leke Azaltıcı Vücut Kremi,Herbaderm,,"Aqua, Glycerin, Caprylic/Capric Triglyceride, Dicaprylyl Carbonate, Ethylhexyl Methoxycinnamate, Niacinamide, Cyclopentasiloxane, Glyceryl Stearate, Ethylhexyl Salicylate, Titanium Dioxide (Nano), Propylene Glycol, Cetearyl Alcohol, PEG-100 Stearate, Butyl Methoxydibenzoylmethane, Butylene Glycol, Dimethicone, Cera Alba, Sodium Ascorbyl Phosphate, Glycyrrhiza Glabra Root Extract, Allantoin, Centella Asiatica Extract, Rosmarinus Officinalis Leaf Extract, Tocopheryl Acetate, Butyrospermum Parkii B",niacinamide,,,,,,,,,,,,,open_beauty_facts,false
8999999581947,brightening-texture,Vaseline Gluta-Hya Serum Etkili Canlandırıcı Vücut Losyonu,Unilever,,"Aqua, Dimethicone, Isohexadecane, Glycerin, Niacinamide, Carbomer, Phenoxyethanol, Parfum, Methylparaben, Sodium Hydroxide, Acrylates/C10-30 Alkyl Acrylate Crosspolymer, Disodium EDTA, Titanium Dioxide, Cystine, Glycine, Sodium PCA, Glutathione, Sodium Hyaluronate, Petrolatum, Tocopherol, BHT, Citronellol, Hexyl Cinnamal, Limonene, Linalool",niacinamide;hyaluronic-acid,,,,,,,,,,,,,open_beauty_facts,false
8851932473446,brightening-texture,Vaseline Gluta-Hya Serum Etkili Vücut Losyonu Pürüzsüzleştirici,Vaseline,,"Aqua, Dimethicone, Niacinamide, Isohexadecane, Glycerin, Propylene Glycol, Carbomer, Phenoxyethanol, Parfum, Lactic Acid, Sodium PCA, Glycine, Cystine, Gluconolactone, Salicylic Acid, Glycolic Acid, Glutathione, Petrolatum, Sodium Acetylated Hyaluronate, Sodium Hyaluronate, Sodium Hyaluronate Crosspolymer, Hydrolyzed Sodium Hyaluronate, Ethylhexylglycerin, Methylparaben, Sodium Hydroxide, Acrylates/C10-30 Alkyl Acrylate Crosspolymer, Disodium EDTA, Titanium Dioxide, Pentylene Glycol, BHT, Tocoph",niacinamide;hyaluronic-acid,,,,,,,,,,,,,open_beauty_facts,false
8999999581930,brightening-texture,Vaseline Gluta-Hya Serum Etkili UV Leke Karşıtı & Aydınlatıcı Losyon,Vaseline,,"Aqua, Ethylhexyl Methoxycinnamate, Niacinamide, Glycerin, Phenoxyethanol, Triethanolamine, Dimethicone, Cyclopentasiloxane, Acrylates/C10-30 Alkyl Acrylate Crosspolymer, Butyl Methoxydibenzoylmethane, Parfum, Methylparaben, Propylparaben, Styrene/Acrylates Copolymer, Disodium EDTA, Coco-Glucoside, Cystine, Glycine, Potassium Hydroxide, Sodium PCA, BHT, Citric Acid, Benzoic Acid, Glutathione, Sodium Hyaluronate, Petrolatum, Retinyl Palmitate, Helianthus Annuus Seed Oil, Potassium Carbonate, Tocop",niacinamide;hyaluronic-acid,,,,,,,,,,,,,open_beauty_facts,false
4005900297099,brightening-texture,Nivea Repair & Care Yoğun Bakım Vücut Losyonu,Nivea,,"Aqua, Glycerin, Alcohol Denat., Cetearyl Alcohol, Ethylhexyl Cocoate, Glyceryl Stearate SE, Butyrospermum Parkii Butter, Isopropyl Palmitate, Panthenol, Niacinamide, Tocopherol, Macadamia Integrifolia Seed Oil, Helianthus Annuus Seed Oil, Glyceryl Stearate, Hydroxypropyl Starch Phosphate, Sodium Cetearyl Sulfate, Xanthan Gum, Trisodium Ethylenediamine Disuccinate, Pantolactone, Citric Acid, Ethylhexylglycerin, Phenoxyethanol, Parfum, BHT",niacinamide,,,,,,,,,,,,,open_beauty_facts,false
8697916023661,brightening-texture,Dermokil Kojik Asit C Vitamini Leke Karşıtı Yenileyici Twister Vücut Losyonu,Dermokil,,"Aqua, Propylene Glycol, Glycerin, Hydrogenated Lecithin, C12-16 Alcohols, Palmitic Acid, Coco-Caprylate, Cetearyl Alcohol, Ethylhexyl Palmitate, Hydroxyethyl Acrylate/Sodium Acryloyldimethyl Taurate Copolymer, Ammonium Acryloyldimethyltaurate/VP Copolymer, Polysorbate 20, 3-O-Ethyl Ascorbic Acid, Phenoxyethanol, Dimethicone, Dimethicone/Vinyl Dimethicone Crosspolymer, Kojic Acid, Centella Asiatica Flower/Leaf/Stem Extract, Sorbitol, Butylene Glycol, Carbomer, Hibiscus Sabdariffa Flower Extract, ",niacinamide;vitamin-c,,,,,,,,,,,,,open_beauty_facts,false
5900117008393,brightening-texture,Jantar Sun,Farmona,,"Aqua (Water), Octocrylene, Ethylhexyl Methoxycinnamate, Glycerin, C12-15 AlkylAqua (Water), Octocrylene, Butyl Methoxydibenzoylmethane, Titanium Dioxide (nano), Glycerin, C12-15 Alkyl Benzoate, Ethylhexyl Methoxycinnamate, Aluminum Starch Octenylsuccinate, Cetearyl Alcohol, Ethylhexyl Stearate, Niacinamide, Coco-Caprylate/Caprate, Butyrospermum Parkii (Shea) Butter, Prunus Amygdalus Dulcis (Sweet Almond) Oil, Thermus Thermophilus Ferment, Tropaeolum Majus (Nasturtium) Flower/Leaf/Stem Extract, H",niacinamide,,,,,,,,,,,,,open_beauty_facts,false
8809563103430,brightening-texture,Purito Seoul Mighty Bamboo Panthenol Cream,Purito Seoul,,"Water(Aqua), Panthenol (10%), Squalane Butylene Glycol, 1,2-Hexanediol, Niacinamide, Bambusa Vulgaris Extract(3,497 ppm), Hydrolyzed Jojoba Esters, Acrylates/C10-30 Alkyl Acrylate Crosspolymer, Ammonium Acryloyldimethyltaurate/VP Copolymer, Hydroxyaceto - phenone, Tromethamine, Dipotassium Glycyrrhizate, Ethylhexylglycerin, Xanthan Gum, Disodium EDTA, Sodium Hyaluronate, Madecassoside, Asiaticoside, Asiatic Acid, Madecassic Acid, Copper Tripeptide-1",niacinamide;hyaluronic-acid,,,,,,,,,,,,,open_beauty_facts,false
8904417314755,brightening-texture,1% Kojic Acid Daily Face Wash,The DermaCo,,"Myristic Acid, Glycerin, Aqua, Potassium Hydroxide, Propylene Glycol, Stearic Acid, Decyl Glucoside, Lauric Acid, Glycol Distearate, Cocamidopropyl Betaine, Xylitol, Glucose, Anhydroxylitol, Phoenix Dactylifera (Date Palm) Extract, Kojic Acid Dipalmitate, Niacinamide, Sodium PCA, Glyceryl Stearate, Phenoxyethanol, Polyquaternium-7, Titanium Dioxide, Sodium Metabisulfite, Butylated Hydroxytoluene, Vitamin E, Pentaerythrityl Tetra-Di-T-Butyl Hydroxyhydrocinnamate, Disodium EDTA, Glyceryl Glucoside",niacinamide,,,,,,,,,,,,,open_beauty_facts,false
3606000577213,brightening-texture,Hydrating Cream-to-Foam Cleanser,CeraVe,,"Aqua/Water/Eau, Glycerin, Sodium Methyl Cocoyl Taurate, Coco-Betaine, Glyceryl Stearate, Cocamidopropyl Hydroxysultaine, Sodium Cocoyl Isethionate, Sodium Chloride, PCA, Aspartic Acid, Ceramide NP, Ceramide AP, Ceramide EOP, Carbomer, Glycol Distearate, Glyceryl Oleate, Glycine, Cerath-20, Niacinamide, Sodium Methosulfate, Threonine, Sodium Hyaluronate, Salicylic Acid, Sodium PCA, Arginine, Sodium Lauroyl Lactylate, Serine, Sodium Hydroxide, Phenoxyethanol, Tocopherol, Phytosphingosine, Choleste",niacinamide;hyaluronic-acid;ceramides,,,,,,,,,,,,,open_beauty_facts,false
0100494608925,brightening-texture,Champú anticaspa,Ultrex,,"INGREDIENTS: Aqua, Sodium Laureth Sulfate, Cocamidopropyl Betaine, Parfum, Sodium Benzoate, Dimethiconol, Sodium Chloride, Citric Acid, Menthol, Piroctone Olamine, Carbomer, Dimethicone, Niacinamide, Guar Hydroxypropyltrimonium Chloride, Mica, Helianthus Annuus Seed Oil, Glycerin, Disodium EDTA, Acrylamidopropyltrimonium Chloride/Acrylamide Copolymer, TEA-Dodecylbenzenesulfonate, TEA-Sulfate, Glycine, Laureth-23, Poloxamer 407, PPG-6, Sodium Hydroxide, Phenoxyethanol, Taurine, Citrus Limon Juice",niacinamide,,,,,,,,,,,,,open_beauty_facts,false
6281006606104,brightening-texture,Essential Even Tone Glutathione Serum Moisturizer Lotion Flawless Glow,Vaseline,,"Water, Glycerin, Niacinamide, Isopropyl Myristate, Stearic Acid, Glyceryl Stearate, PEG-100 Stearate, Dimethicone, Cyclopentasiloxane, Niacinamide, Cetearyl Alcohol, Petrolatum, Triethanolamine, Phenoxyethanol, Fragrance, Carbomer, Methylparaben, Disodium EDTA, Cocoa Extract, Glycine Soja (Soybean) Oil, Tocopheryl Acetate, Glutathione, Sodium Ascorbyl Phosphate, Acerola Cherry Extract, Citric Acid, Sodium Citrate, CI 77891, CI 77492, CI 77491, CI 77499, Helianthus Annuus (Sunflower) Seed Oil, Po",niacinamide;hyaluronic-acid,,,,,,,,,,,,,open_beauty_facts,false
8021694330374,brightening-texture,Sublime Fruit Nourishing and Silky Honey Shampoo,Oyster,,"Aqua, Sodium Coceth Sulfate, Cocamidopropyl Betaine, Cocamide DEA, Mel Extract, Glycerin, Panthenol, Polyquaternium-10, Niacinamide, Dimethicone, Parfum, Glycol Distearate, Glyceryl Oleate, Inulin, Glyceryl Linoleate, Glyceryl Linolenate, Glyceryl Palmitate, Glyceryl Stearate, PEG-90 Glyceryl Isostearate, PEG-40 Hydrogenated Castor Oil, PEG-7 Glyceryl Cocoate, PEG-120 Methyl Glucose Dioleate, Phenoxyethanol, Ethylhexylglycerin, Sodium Benzoate, Potassium Sorbate, Citric Acid, Sodium Chloride, Te",niacinamide,,,,,,,,,,,,,open_beauty_facts,false
8859870120002,brightening-texture,INGU Anti Acne Gel,INGU,,"Deionized Water, Propanediol, Niacinamide, Silica, PEG-8, Polysorbate 20, Butylene Glycol, Hydroxyethyl Acrylate/Sodium Acryloyldimethyl Taurate Copolymer, Polyacrylate Crosspolymer-6, Salicylic Acid, Triethanolamine, Phenoxyethanol, Maltodextrin, Olive Oil PEG-7 Esters, Alcohol, Garcinia Mangostana Peel Extract, Panthenol, Chlorphenesin, Polysorbate 60, Sorbitan Isostearate, Isostearamidopropyl Ethyldimonium Ethosulfate. Sodium Hydroxide, Syringa Vulgaris (Lilac) Extract, Hydrolyzed Jojoba Este",niacinamide,,,,,,,,,,,,,open_beauty_facts,false
5060489796134,brightening-texture,Barrier Repair Treatment,BYOMA,,"Aqua, Glycerin, Butylene Glycol, Pentaerythrityl Tetraisostearate, Butylene Glycol Dicaprylate/Dicaprate, Diisostearyl Malate, Cetyl Ethylhexanoate, Methyl Trimethicone, Butyrospermum Parkii (Shea) Butter, Phenyl Trimethicone, Behenyl Alcohol, Cetearyl Alcohol, Persea Gratissima (Avocado) Oil, Sorbitan Olivate, C12-22 Alcohols, Ectoin, Dipropylene Glycol, Ethylhexylglycerin, 1,2-Hexanediol, Glucose, Arachidyl Glucoside, Niacinamide, Ceramide NP, Polyacrylate-13, Palmitic Acid, Arachidyl Alcohol,",niacinamide;hyaluronic-acid;ceramides,,,,,,,,,,,,,open_beauty_facts,false
5900116091990,brightening-texture,Face it!,AA,,"Aqua, Propylene Glycol, Niacinamide, Propanediol, Betaine, Hydroxypropyl Starch Phosphate, Glycerin, Sodium Hyaluronate, Xanthan Gum, Allantoin, Panthenol, Zinc PCA, Inulin, Alpha-Glucan Oligosaccharide, Betaine Salicylate, Mandelic Acid, 3-0-Ethyl Ascorbic Acid, Azelaic Acid, Polyacrylate Crosspolymer-6, 1,2-Hexanediol, Hydroxyacetophenone, Tetrasodium Glutamate Diacetate, Polysorbate 20, Parfum.",niacinamide;azelaic-acid;vitamin-c;hyaluronic-acid,,,,,,,,,,,,,open_beauty_facts,false
3600551164465,brightening-texture,Mixa,L'Oréal,,AQUA/WATER · GLYCERIN · BUTYROSPERMUM PARKII BUTTER (SHEA BUTTER) · ISOPROPYL PALMITATE · NIACINAMIDE · PROPANEDIOL · CETYL ALCOHOL · MYRISTYL MYRISTATE · ZEA MAYS STARCH (CORN STARCH) · ASCORBYL GLUCOSIDE · CAPRYLYL GLYCOL · CARBOMER · HYDROXYACETOPHENONE · POLYGLYCERYL-3 METHYLGLUCOSE DISTEARATE · SALICYLIC ACID · SODIUM HYDROXIDE · TOCOPHEROL · PARFUM/FRAGRANCE,niacinamide,,,,,,,,,,,,,open_beauty_facts,false
0772618075007,brightening-texture,Gentle Skim Cleanser,Cetaphil,,"AQUA, GLYCERIN, CETEARYL ALCOHOL, SODIUM BENZOATE, SODIUM COCOYL ISETHIONATE, XANTHAN GUM, PANTHENOL, CITRIC ACID, NIACINAMIDE, PANTOLACTONE. FIL 1747.",niacinamide,,,,,,,,,,,,,open_beauty_facts,false
0302990532364,brightening-texture,Gentle Exfoliating SA Cleanser,Cetaphil,,"WATER, GLYCERIN, COCAMIDOPROPYL BETAINE, COCO-GLUCOSIDE, GLUCONOLACTONE, BETAINE, PEG-120 METHYL GLUCOSE DIOLEATE, SODIUM COCOAMPHOACETATE, GLYCERETH-26, SALICYLIC ACID, SODIUM CHLORIDE, PANTHENOL, NIACINAMIDE, MANDELIC ACID, SODIUM CITRATE, SODIUM HYDROXIDE, HELIANTHUS ANNUUS (SUNFLOWER) SEED OIL, TOCOPHEROL, PHENOXYETHANOL, CITRIC ACID, ETHYLHEXYLGLYCERIN, DISODIUM EDTA, PANTOLACTONE",niacinamide,,,,,,,,,,,,,open_beauty_facts,false
3574661875255,brightening-texture,Ultra Sheer unsichtbares Sonnenschutzfluid,Neutrogena,,"Aqua, Alcohol, Silica, C12-15 Alkyl Benzoate, Diisopropyl Sebacate, Diethylamino Hydroxybenzoyl Hexyl Benzoate, Ethylhexyl Triazone, Aluminum Starch Octenylsuccinate, Bis-Ethylhexyloxyphenol Methoxyphenyl Triazine, Diisopropyl Adipate, Isopropyl Palmitate, Niacinamide, Trehalose, Methylene bis-benzotriazolyl tetramethylbutylphenol (nano), Calcium Sodium Borosilicate, Caprylyl Methicone, Glycerin, Hydrogenated Castor Oil, Hydroxyacetophenone, Pentylene Glycol, Dimethicone, Triacontanyl PVP, Hydro",niacinamide,,,,,,,,,,,,,open_beauty_facts,false
3468080009332,brightening-texture,Crème protectrice visage et corps,Corine de Farme,,"Aqua, C12-15 Alkyl Benzoate, Diethylamino Hydroxybenzoyl Hexyl Benzoate, Bis-Ethylhexyloxyphenol Methoxyphenyl Triazine, 2 Dibutyl Adipate, Dicaprylyl Carbonate, Diethylhexyl Butamido Triazone, Phenylbenzimidazole Sulfonic Acid, Polyglyceryl-6 Stearate, Propylheptyl Caprylate, Hydrogenated Dimer Dilinoleyl/ Dimethylcarbonate Copolymer, Propanediol, Oryza Sativa Starch, Arginine, Pentaerythrityl Distearate, Potassium Cetyl Phosphate, Cocos Nucifera Oil, Parfum, Hydroxyacetophenone, Cetearyl Alcoh",niacinamide,,,,,,,,,,,,,open_beauty_facts,false
8800312062824,brightening-texture,Knock Melt-in Body Toner Pistachio,Knock,,"Water, Pentaerythrityl Tetraethyl hexanoate, Glycerin, Propanediol, Niacinamide, Pentylene Glycol, 1,2-Hexanediol, Cetyl Ethylhexanoate, Fragrance, Caprylic/Capric Triglyceride, Polycitronellol, Poly sorbate 60, Vinyl Dimethicone, Trimethylpentanediol/Adipic Acid/Glycerin Crosspo lymer, Limonene, Sorbitan Sesquioleate, Butylene Glycol, Polymethylsilsesquioxan e, Sphingomonas Ferment Extract, Dilauryl Thiodipropionate, Pentaerythrityl Tetra - di-t-butyl Hydroxyhydrocinnamate, Ethylhexylglycerin, ",niacinamide;ceramides,,,,,,,,,,,,,open_beauty_facts,false
3337875844543,brightening-texture,Lipikar AP+M Triple Repair Moisturizing Cream,La Roche-Posay,,"Aqua / Water / Eau, Butyrospermum Parkii Butter / Shea Butter, Glycerin, Dimethicone, Niacinamide, Cetearyl Alcohol, Brassica Campestris Seed Oil / Rapeseed Seed Oil, Glyceryl Stearate, Ammonium Polyacryloyldimethyl Taurate, PEG-100 Stearate, Sorbitan Tristearate, Butyrospermum Parkii Extract / Shea Butter Extract, Pentylene Glycol, Ophiopogon Japonicus Root Extract, Pisum Sativum Extract / Pea Extract, Capryloyl Glycine, Sodium Hydroxide, Acrylates Copolymer, Caprylyl Glycol, Citric Acid, Disod",niacinamide,,,,,,,,,,,,,open_beauty_facts,false
9806984692283,brightening-texture,Abib PDRN retinal eye patch Glow jelly,"Abib, Jincostech Co.",,"Water (Aqua), Glycerin, Niacinamide, Butylene Glycol, Carrageenan, Glucomannan, 1,2-Hexanediol, Ceratonia Siliqua (Carob) Gum, Hydroxyacetophenone, Gellan Gum, Allantoin, Caprylyl Glycol, Sucrose, Cyamopsis Tetragonoloba (Guar) Gum, Caffeine, Dipotassium Glycyrrhizate, Synthetic Fluorphlogopite, Adenosine, Calcium Chloride, Propanediol, Polyglyceryl-10 Laurate, Ethylhexylglycerin, Titanium Dioxide*, Panthenol, Sodium Hyaluronate, Collagen, Squalane, Arginine, Hydrogenated Lecithin, Sodium DNA, C",niacinamide;hyaluronic-acid,,,,,,,,,,,,,open_beauty_facts,false
8800280695840,brightening-texture,Abib PDRN Volume fill-it Booster Creme,"Abib, COSMAX",,"Water (Aqua), Glycerin, Octyldodecanol, Caprylyl Methicone, Caprylic/Capric Triglyceride, Polyglyceryl-3 Methylglucose Distearate, Behenyl Alcohol, Niacinamide, Pentaerythrityl Tetraethylhex - anoate, Pentylene Glycol, 1,2-Hexanediol, Cetearyl Olivate, Methylpropanediol, Propanediol, Sodium DNA, Panthenol, Sorbitan Olivate, Macadamia Integrifolia Seed Oil, Hydrogenated Polyisobutene, Cetearyl Alcohol, Distarch Phosphate, Glyceryl Stearate, Mangifera Indica (Mango) Seed Butter, Stearyl Alcohol, P",niacinamide;ceramides,,,,,,,,,,,,,open_beauty_facts,false
8809292443210,brightening-texture,Abib Collagen Eye Creme Jericho Rose,"Abib, COSMAX",,"Water, Glycerin, Niacinamide, Octyl - dodecanol, Caprylyl Methicone, Ca - prylic/Capric Triglyceride, Pentaery - thrityl Tetraethylhexanoate, Pentylene Glycol, Polyglyceryl-3 Methylglucose Distearate, Behenyl Alcohol, Methyl - propanediol, Polymethylsilsesquiox - ane, 1,2-Hexanediol, Panthenol, Ma - cadamia Integrifolia Seed Oil, Cetea - ryl Olivate, Hydroxyethyl Acrylate/ Sodium Acryloyldimethyl Taurate Co - polymer, Sorbitan Olivate, Glyceryl Stearate, Mangifera Indica (Mango) Seed Butter, Pol",niacinamide;ceramides,,,,,,,,,,,,,open_beauty_facts,false
8720181658013,brightening-texture,Dove Women Whole Body Deodorant Stick Raspberry Rose 81g,Dove,,"Water, Glycerin, Propylene Glycol, Dipropylene Glycol, Sodium Stearate, Poloxamine 1307, Fragrance, Stearyl Alcohol, Stearic Acid, Disodium EDTA, Tocopheryl Acetate, Niacinamide.",niacinamide,,,,,,,,,,,,,open_beauty_facts,false
4987176038630,brightening-texture,Head & Shoulders Shampoo Itchy Scalp 400mL,Head & Shoulders,,"WATER, SODIUM LAURETH SULFATE, SODIUM LAURYL SULFATE, SODIUM CHLORIDE, COCAMIDOPROPYL BETAINE, SODIUM XYLENESULFONATE, GLYCOL DISTEARATE, FRAGRANCE, SODIUM CITRATE, DIMETHICONOL, PIROCTONE OLAMINE, DIMETHICONE, CITRIC ACID, SODIUM BENZOATE, SODIUM SALICYLATE, GUAR HYDROXYPROPYLTRIMONIUM CHLORIDE, TEA-DODECYLBENZENESULFONATE, TETRASODIUM EDTA, TRIDECETH-10, COCOS NUCIFERA (COCONUT) OIL, NIACINAMIDE, PANTHENOL, TOCOPHERYL ACETATE, BENZYL ALCOHOL, PROPYLENE GLYCOL, METHYLCHLOROISOTHIAZOLINONE, METH",niacinamide,,,,,,,,,,,,,open_beauty_facts,false
3600551135939,brightening-texture,Ceramide Protect Strengthening Cream,Mixa,,"Aqua/Water, Glycerin, Cetearyl Alcohol, Butyrospermum Parkii Butter/Shea Butter, Niacinamide, Cetearyl Isononanoate, Glyceryl Stearate, PEG-100 Stearate, Dimethicone, Cera Alba/Beeswax, Cera Microcristallina/Microcrystalline Wax, Sodium Polyacrylate, Phenoxyethanol, Caprylyl Glycol, Chlorphenesin, Acrylates/C10-30 Alkyl Acrylate Crosspolymer, Disodium EDTA, Sodium Hydroxide, Carbomer, Citric Acid, Tocopherol",niacinamide,,,,,,,,,,,,,open_beauty_facts,false
3600542024204,brightening-texture,Liso & Brillo,Garnier,,"AQUA/WATER, SODIUM LAURETH SULFATE, COCO-BETAINE, COCAMIDE MIPA, SDM
GALORIDE, CI 19140/YELLOW 5, CI 14700/ RED 4, NIACINAMIDE, SACCHARUM OFFICINARUM EXTRACT
AR CANE EXTRACT, SODIUM BENZOATE, SODIUM ACETATE, HYDROLYZED CORN PROTEIN, HYDROLED
ER,HYDROLYZED WHEAT PROTEIN, HYDROXYPROPYLTRIMONIUM LEMON PROTEIN, SODIUM A
PHENOIYETHANOL, PPG-5-CETETH-20, PEG-55 PROPYLENE GLYCOL OLEATE, PEG-60 HYDROGENATED CASTOR
OLARGANIA SPINOSA KERNEL OIL, POLYQUATERNIUM-10, SALICYLIC ACID, CAMELLIA SINENSIS LE",niacinamide,,,,,,,,,,,,,open_beauty_facts,false
8720181594830,brightening-texture,Déodorant,Dove,,"Aqua, Glycerin, Propylene Glycol, Dipropylene Glycol, Sodium Stearate, Poloxamine 1307, Parfum, Stearyl Alcohol, Stearic Acid, Disodium EDTA, Niacinamide, Tocopheryl Acetate, Alpha-Isomethyl Ionone, Citronellol, Coumarin, Geraniol, Geranyl Acetate, Hexyl Cinnamal, Linalool, Rose Ketones, Tetramethyl Acetyloctahydronaphthalenes, Vanillin.",niacinamide,,,,,,,,,,,,,open_beauty_facts,false
0810077123249,brightening-texture,Golden Vanilla Skin Replenishing Body Wash,Athena club,,"Water (Eau), Sodium Cocoyl Isethionate, Sodium C14-16 Olefin Sulfonate, Acrylates Copolymer, Fragrance (Parfum), Cocamidopropyl Hydroxysultaine, Glycerin, Panthenol, Niacinamide, 3-O-Ethyl Ascorbic Acid, Avena Sativa (Oat) Kernel Extract, Butyrospermum Parkii (Shea) Butter, Persea Gratissima (Avocado) Oil, Opuntia Vulgaris Leaf Extract, Propandiol, Tocopheryl Acetate, Glyceryl Caprylate/Caprate, Cocamide MIPA, Sodium Hydroxide, Citric Acid, Ethylhexylglycerin, Trisodium Ethylenediamine Disuccina",niacinamide;vitamin-c,,,,,,,,,,,,,open_beauty_facts,false
3662361002146,brightening-texture,SVR Spray Sun Secure SPF 50+,SVR,,"WATER, DICAPRYLYL ETHER, DIISOPROPYL ADIPATE, DIETHYLAMINO HYDROXYBENZOYL HEXYL BENZOATE, ETHYLHEXYL TRIAZONE, C12-15 ALKYL BENZOATE, BIS - ETHYLHEXYLOXYPHENOL METHOXYPHENYL TRIAZINE, DIETHYLHEXYL BUTAMIDO TRIAZONE, SILICA, BEHENETH-25, PROPANEDIOL, PENTYLENE GLYCOL, ACRYLATES/C12-22 ALKYL METHACRYLATE COPOLYMER, HYDROGENATED VEGETABLE OIL, NIACINAMIDE, CETEARYL ALCOHOL, POLYESTER-7, COCO-GLUCOSIDE, MICROCRYSTALLINE CELLULOSE, NEOPENTYL GLYCOL DIHEPTANOATE, PARFUM (FRAGRANCE), 1,2-HEXANEDIOL, CA",niacinamide,,,,,,,,,,,,,open_beauty_facts,false
4005900173997,brightening-texture,Laques cheveux,Nivea,,"Alcohol Denat
Butane,
 Isobutane, 
Propane, 
Aqua, 
Octylacrylamide/
Acrylates/
Butylaminoethyl Methacrylate Copolymer, 
Macadamia Ternifolia Seed Oil, Panthenol,
 Niacinamide, 
Benzophenone-4, 
PEG-12 
Dimethicone Glycerin,
 PEC-40 Hydrogenated Castor Oil, Aminomethyl Propanol, Linalool, Citronellol, Geraniol, Benzyl Alcohol, Butylphenyl Methylpropional, Limonene, Amyl Cinnamal, Alpha-Isomethyl Ionone, Parfum.",niacinamide,,,,,,,,,,,,,open_beauty_facts,false
3600551156699,brightening-texture,Crème anti-taches - vitamine c + niacinamide,"LASCAD, Mixa",,"AQUA / WATER, GLYCERIN, ETHYLHEXYL SALICYLATE, NIACINAMIDE, DIMETHICONE, ISOPROPYL MYRISTATE, PENTYLENE GLYCOL, C12-15 ALKYL BENZOATE, OCTYLDODECANOL, ISOPROPYL ISOSTEARATE, SQUALANE, BEHENYL ALCOHOL, PHENYLBENZIMIDAZOLE SULFONIC ACID, AMMONIUM POLYACRYLOYLDIMETHYL TAURATE, ETHYLHEXYL TRIAZONE, BUTYL METHOXYDIBENZOYLMETHANE, STEARIC ACID, TITANIUM DIOXIDE [NANO] / TITANIUM DIOXIDE, CARBOMER, DIMETHICONOL, CETEARYL ALCOHOL, CETEARYL, GLUCOSIDE, PEG-100 STEARATE, SODIUM HYDROXIDE, MYRISTIC ACID, P",niacinamide,,,,,,,,,,,,,open_beauty_facts,false
8809576261592,brightening-texture,centella sun cream,Skin1004,,"Water, Dibutyl Adipate, Propanediol, Diethylamino Hydroxybenzoyl Hexyl Benzoate, Polymethylsilsesquioxane, Ethylhexyl Triazone, Methylene Bis-Benzotriazolyl Tetramethylbutylphenol, Niacinamide, Coco-Caprylate/Caprate, Caprylyl Methicone, Diethylhexyl Butamido Triazone, Glycerin, 1,2-Hexanediol, Butylene Glycol, Centella Asiatica Extract, Betula Platyphylla Japonica Bark Extract, Ginkgo Biloba Leaf Extract, Camellia Sinensis Leaf Extract, Triticum Vulgare Sprout Extract, Medicago Sativa Extract, ",niacinamide;hyaluronic-acid,,,,,,,,,,,,,open_beauty_facts,false
0603084267682,brightening-texture,garnier leave in,Garnier Fructis,,"AQUA/WATER/EAU, CETEARYL ALCOHOL CAMODIMETHICONE, CETYL ESTERS, BEHENTRIMONIUM CHLORIDE, PARFIN FRAGRANCE, PHENOXYETHANOL, ISOPROPYL ALCOHOL, TRIDECETH-6. ARGANA SPINOSA KERNEL OIL, NIACINAMIDE, PYRIDOXINE HCL, HEXYL CONNAMAL CHLORHEXIDINE DIHYDROCHLORIDE, CITRIC ACID, CETRIMONIUM CHLORIDE SACCHARUM OFFICINARUM EXTRACT/SUGARCANE EXTRACT/EXTRAIT DE CANNE A SUCRE, BENZYL ALCOHOL, AMYL CINNAMAL, TOCOPHEROL, GERANYL ACETATE, LINALOOL, HYDROXYPROPYLTRIMONIUM LEMON PROTEN BENZALDEHYDE ROSE KETONES, HY",niacinamide,,,,,,,,,,,,,open_beauty_facts,false
0812154038248,brightening-texture,Coconut & Vanilla Moisturizing Lotion,Native,,"WATER, GLYCERIN, CAPRYLIC/CAPRIC TRIGLYCERIDE, COCONUT ALKANES, POLYGLYCERYL-3 METHYGLUCOSE DISTEARATE, NIACINAMIDE, CETEARYL ALCOHOL, BUTYROSPERMUM PARKII (SHEA) BUTTER, ZEA MAYS (CORN) STARCH, BEHENYL ALCOHOL, BENZYL ALCOHOL, FRAGRANCE, SODIUM ACRYLATES COPOLYMER, PANTHENOL, SODIUM BENZOATE, COCO-CAPRYLATE/CAPRATE, ETHYLHEXYLGLYCERIN",niacinamide,,,,,,,,,,,,,open_beauty_facts,false
4335619070042,brightening-texture,gel coiffant effet mouillé,cien men,,"Aqua, Alcohol Denat., Glycerin, VP/VA Copolymer, Niacinamide, Parfum, Sorbitol, Ethylhexyl - glycerin, Carbomer, PVP, Benzyl Alcohol, Phenoxy - ethanol, Linalool, Hexyl Cinnamal, Alpha-Isomethy Ionone, Geraniol, Citronellol, Aminomethyl Propanol LE TRI +FACILE TUBE Fabricant: Mann & Schröder GmbH hnhofstraße 14 - 74936 Siegelsbach LIDL Volume net: 200 mle",niacinamide,,,,,,,,,,,,,open_beauty_facts,false
4006000092195,brightening-texture,Nivea,Nivea,,"Aqua, Glycerin, Alcohol Denat., Cetearyl Alcohol, Ethylhexyl Cocoate, Glyceryl Stearate SE, Butyrospermum Parkii Butter, Isopropyl Palmitate, Panthenol, Niacinamide, Tocopherol, Macadamia Integrifolia Seed Oil, Helianthus Annuus Seed Oil, Glyceryl Stearate, Hydroxypropyl Starch Phosphate, Sodium Cetearyl Sulfate, Xanthan Gum, Trisodium Ethylenediamine Disuccinate, Pantolactone, Citric Acid, Ethylhexylglycerin, Phenoxyethanol, Parfum",niacinamide,,,,,,,,,,,,,open_beauty_facts,false
3606000612655,brightening-texture,Facial Moisturizing Lotion AM Lightweight SPF 50,Cerave,,"Homosalate 8%, Zinc oxide 7%, Octisalate 5%, Octocrylene 5%. Inactive ingredients: Aqua, Glycerin, Dimethicone, Propanediol, Butyloctyl salicylate, Steareth-20, Cellulose, Niacinamide, Ethylhexyl methoxycrylene, Steareth-2, Glycine soja (soybean) oil, Tocopherol, Ammonium polyacryloyldimethyl taurate, Hydroxyacetophenone, Polyhydroxystearic acid, Oryza sativa (rice) bran wax, C12-22 alkyl acrylate/hydroxyethylacrylate copolymer, Caprylyl glycol, Chlorphenesin, Hydroxyethyl acrylate/sodium acrylo",niacinamide;hyaluronic-acid;ceramides,,,,,,,,,,,,,open_beauty_facts,false
4260544081088,brightening-texture,real deep - Glass Skin Mask - PINK PDRN [DNA],Svenja Walberg,,"INGREDIENTS: Aqua, Glycerin, Polyurethane-35, Chondrus Crispus, Niacinamide, Bifida Ferment Filtrate, Panthenol, Sodium DNA, Carnosine, Sodium Polyglutamate, Cyanocobalamin, Sodium Hyaluronate, Citrus Reticulata (Tangerine) Peel Extract, Betaine, Allantoin, Glucomannan, Butylene Glycol, 1,2-Hexanediol, Hydroxyacetophenone, Potassium Chloride, Hydroxyethylcellulose, Xanthan Gum, Yeast Extract, Disodium EDTA, PEG-12 Dimethicone, Polysorbate 60, Disodium Phosphate, Sodium Phosphate",niacinamide;hyaluronic-acid,,,,,,,,,,,,,open_beauty_facts,false
8809990960200,brightening-texture,SOOTHAL Baby Moisturizing Cream,abooba,,"Water, Glycerin, Oryza Sativa (Rice) Bran Water, Propanediol, Methylpropanediol, Panthenol, 1,2-Hexanediol, Butylene Glycol, Cetyl Ethylhexanoate, Glyceryl Stearate, Cetearyl Olivate, Sorbitan Olivate, Cetearyl Alcohol, Propylene Glycol Dicaprylate/Dicaprate, Avena Sativa (Oat) Kernel Flour, Niacinamide, Vinyl Dimethicone, Carbomer, Dimethicone/Vinyl Dimethicone Crosspolymer, Caprylic/Capric Triglyceride, Tromethamine, Allantoin, Borago Officinalis Seed Oil, Squalane, Xanthan Gum, Ceramide NP, P",niacinamide;hyaluronic-acid;ceramides,,,,,,,,,,,,,open_beauty_facts,false
0621732008586,brightening-texture,Strictly Curls Triple Blend Conditioner,Marc Anthony,,"aqua, cetearyl alcohol, glycerin, cyclopentasiloxane, behentrimonium chloride, cyclohexasiloxane, parfum, cetrimonium chloride, dimethicone, cocos nucifera oil, sclerocarya birrea seed oil, butyrospermum parkii butter, panthenol, hydrolyzed silk, tocopheryl acetate, niacinamide, biotin, linum usitatissimum seed oil, helianthus annuus seed oil, aloe barbadensis leaf juice, cinnamidopropyltrimonium chloride, citric acid, phenoxyethanol, caprylyl glycol, hexylene glycol, disodium edta, benzyl benzo",niacinamide,,,,,,,,,,,,,open_beauty_facts,false
8402001014123,brightening-texture,Loción Corporal Hidrata,"Deliplus, Mercadona",,"INGREDIENTS AQUA, LAURYL OLEATE, GLYCERIN, NIACINAMIDE, CETEARYL ETHYLHEXANOATE, GLYCERYL STEARATE CITRATE, BUTYROSPERMUM PARKII BUTTER, CETEARYL ALCOHOL, DIMETHICONE, PANTHENOL, TOCOPHEROL, HELIANTHUS ANNUUS SEED OIL, GLYCINE SOJA OIL, CAPRYLIC/CAPRIC TRIGLYCERIDE, PARFUM, XANTHAN GUM, ACRYLATES/C10-30 ALKYL ACRYLATE CROSSPOLYMER, SODIUM GLUCONATE, ETHYLHEXYLGLYCERIN, GLYCERYL LINOLEATE, HEXAMETHYLINDANOPYRAN, TETRAMETHYL ACETYLOCTAHYDRONAPHTHALENES, GLYCERYL OLEATE, GLYCERYL PALMITATE, PANTOLA",niacinamide,,,,,,,,,,,,,open_beauty_facts,false
8906118414215,brightening-texture,Plum Rice Water & Niacinamide 3% Toner,Plum,,"Aqua, Niacinamide, Pentylene Glycol, Oryza Sativa (Rice) Extract, Rice Ferment Filtrate (Sake), Butylene Glycol, Rosa Damascena (Rose) Flower Water, Methyl Gluceth-20, Sorbitol, Cyclodextrin, Avena Sativa (Oat) Kernel Extract, Hydroxyethyl Acrylate/Sodium Acryloyldimethyl Taurate Copolymer, Xylitylglucoside, Panthenol, Sodium Gluconate, Anhydroxylitol, Xylitol, Phenoxyethanol, Ethylhexylglycerin, PEG-40 Hydrogenated Castor Oil",niacinamide,,,,,,,,,,,,,open_beauty_facts,false
8901030837418,brightening-texture,POND'S BRIGHT BEAUTY Face Scrub,"Pond's, HINDUSTAN UNILEVER LIMITED.",,"WATER, PENTYLENE GLYCOL, PEG-6 CAPRYLIC/CAPRIC GLYCERIDES, GLYCERIN, PEG 40 HYDROGENATED CASTOR OIL, HYDRATED SILICA, PHENOXYETHANOL, METHYLPARABEN, ETHYLPARABEN, CAPRYLYL GLYCOL, TRIETHANOLAMINE, ACRYLATES/C10-30 ALKYL ACRYLATE CROSSPOLYMER, PERFUME, DISODIUM EDTA, NIACINAMIDE, SODIUM ASCORBYL PHOSPHATE, TOCOPHERYL ACETATE, BENZOPHENONE-4, PROPYLENE GLYCOL, JUGLANS REGIA (WALNUT) SEED EXTRACT, LACTIC ACID, GLUCOSE, SODIUM BENZOATE, POTASSIUM SORBATE, BENZYL ALCOHOL, CITRONELLOL, HEXYL CINNAMAL,",niacinamide,,,,,,,,,,,,,open_beauty_facts,false
8001090941848,brightening-texture,anti-haarverlust,head & shoulders,,"INGREDIENTS : Aqua, Sodium Laureth Sulfate, Sodium Xylenesulfonate, Cocamidopropyl Betaine, Sodium Citrate, Parfum, Citric Acid, Cocamide MEA, Glycol Distearate, Piroctone Olamine, Sodium Chloride, Guar Hydroxypropyltrimonium Chloride, Dimethiconol, Menthol, Sodium Benzoate, Dimethicone, Sodium Salicylate, Tetrasodium EDTA, Caffeine, TEA-Dodecylbenzenesulfonate, Sodium Hydroxide, Glycerin, Limonene, Trideceth-10, Linalool, Niacinamide, Panthenol, Tocopheryl Acetate, Acetic Acid, CI 19140, Benzyl",niacinamide,,,,,,,,,,,,,open_beauty_facts,false
8402001013607,brightening-texture,Shampoo,Deliplus,,"INGREDIENTS: AQUA, SODIUM LAURETH SULFATE, HYDROGENATED STARCH HYDROLYSATE, COCAMIDOPROPYL BETAINE, PARFUM, NIACINAMIDE, SODIUM ACETYLATED HYALURONATE, SODIUM HYALURONATE, SODIUM HYALURONATE CROSSPOLYMER, HYDROLYZED SODIUM HYALURONATE, PANTHENOL, COCO-GLUCOSIDE, POLYQUATERNIUM-22, GLYCOL DISTEARATE, SODIUM LAUROYL SARCOSINATE, CITRIC ACID, AMODIMETHICONE, GUAR HYDROXYPROPYLTRIMONIUM CHLORIDE, HYDROGENATED CASTOR OIL, SODIUM CHLORIDE, TETRASODIUM GLUTAMATE DIACETATE, PEG-45M, GLYCERYL OLEATE, GLY",niacinamide;hyaluronic-acid,,,,,,,,,,,,,open_beauty_facts,false
0302993927341,brightening-texture,Daily Facial Cleanser,Cetaphil,,"water, glycerin, cocamidopropyl betaine, disodium laureth sulfosuccinate, sodium cocoyl isethionate, panthenol, niacinamide, pantolactone, acrylates/c10-30 alkyl acrylate crosspolymer, sodium benzoate, masking fragrance, sodium chloride, citric acid",niacinamide,,,,,,,,,,,,,open_beauty_facts,false
7613312508435,brightening-texture,Bloom & Citrus,I am,,"Aqua, Sodium Laureth Sulfate, Cocamidopropyl Betaine, Sodium Chloride, Coco-Glucoside, Glyceryl Oleate, Niacinamide, Guar Hydroxypropyltrimonium Chloride, Citric Acid, Glycol Distearate, Sodium Sulfate, Benzophenone-4, Trisodium Ethylenediamine Disuccinate, Glycerin, Hydrogenated Palm Glycerides Citrate, Tocopherol, Parfum, Sodium Benzoate, CI 47005, CI 45100, CI 42090",niacinamide,,,,,,,,,,,,,open_beauty_facts,false
7630028601021,brightening-texture,Feel Good,I am,,"Aqua, Sodium Laureth Sulfate, Cocamidopropyl Betaine, Sodium Chloride, Coco - Glucoside, Glyceryl Oleate, Glycerin, Niacinamide, Citrus Aurantium Dulcis Flower Extract, Guar Hy - droxypropyltrimonium Chloride, Citric Acid, Glycol Distearate, Hydrogenated Palm Glycerides Citrate, Tocopherol, Parfum, Sodium Benzoate",niacinamide,,,,,,,,,,,,,open_beauty_facts,false
4987176193070,brightening-texture,Olay Regenerist Retinol 24 Max Night Serum 30mL,Olay,,"Water, Dimethicone, Glycerin, Dimethicone Crosspolymer, Polyacrylamide, Retinyl Propionate, Titanium Dioxide, C13-14 Isoparaffin, Dmdm Hydantoin, Laureth-4, Polysorbate 20, Dimethiconol, Laureth-7, Disodium Edta, Butylene Glycol, Niacinamide, Iodopropynyl Butylcarbamate, Caprylic/Capric Triglyceride, Retinol, Palmitoyl Pentapeptide-4, Ci 77019",niacinamide;retinol-cosmetic,,,,,,,,,,,,,open_beauty_facts,false
8699211771018,brightening-texture,Black Mask,Gutto,,"Aqua, Polyvinyl Alcohol, Alcohol Denat, Glycerin, Propylene Glycol, Phenoxyethanol, parfum, Ascophyllum Nodosum Powder, Niacinamide (Vitamin B3), Panthenol(Vitamin B5), menthol, Tocopheryl Acetate(Vitamin E), Salicylic Acid, Carbon Black, Titanium Dioxide, PEG-40 Hydrogenated Castor Oil, Arbutin, Lecithin, Ascorbyl Palmitate (Vitamin C), Sodium Ascorbyl Phosphate, Glutathione, Linolenic Acid, Linoleic Acid (Vitamin F), Tocopherol, Vitis Vinifera (Grape) Seed Extract,Ethylhexylglycerin",niacinamide,,,,,,,,,,,,,open_beauty_facts,false
8904430201957,brightening-texture,moisture gel cream,Plum,,"Aqua, Glycerin, Pseudoalteromonas Ferment Extract, Niacinamide, Oryza Sativa (Rice) Extract, Caprylyl Methicone, PEG-12 Dimethicone/PPG-20 Crosspolymer, Triolein, Opuntia Ficus-Indica (Prickly Pear) Stem Water, Squalane, Ammonium Acryloyldimethyltaurate/VP Copolymer, Ethoxydiglycol, Cyclopentasiloxane, Phenoxyethanol, Ethylhexylglycerin, Disodium EDTA",niacinamide,,,,,,,,,,,,,open_beauty_facts,false
8908020836123,brightening-texture,Oliva Sunscreen,Oliva,,"Aqua, Ethylhexyl Methoxycinnamate, Butyl Methoxydibenzoylmethane, Oxybenzone, Phosph 1,3-Butylene Glycol, Stearic Acid, Cetyl Alcohol, Sorbitan Stearate And Sucrose Cocoate,Caprylic Triglyceride, Polyacrylamide, C13-14 Isoparaffin 19-11 Pareth-6, Coco Caprylate/Caprate, Mica, Sodium Lactate, Sodium Pca, Glycine, Fruc Urea, Niacinamide, Inositol, Sodium Benzoate, Lad Phenoxyethanol, Ethylhexylglycerin, Carbomer, 3-0-Ethyl Ascorbic Acid, Aloe Barbadensis (Aloe Ven) Leaf Extract, Citric Acid, Disod",niacinamide;vitamin-c,,,,,,,,,,,,,open_beauty_facts,false
8901030703133,brightening-texture,Hydra Miracle,Ponds,,"WATER DIMETHICONE, GLYCERIN, BUTYLENE GLYCOL, AMMONIUM ACRYLOYLDIMETHYLTAURATE VP COPOLYMER, NIACINAMIDE, LINOLEAMIDOPROPYL PG-DIMONIUM CHLORIDE PHOSPHATE, PHENOXYETHANOL, AMMONIUM ACRYLOYLDIMETHYLTAURATE/BEHENETH-25 METHACRYLATE CROSSPOLYMER, DIMETHICONE, PERFUME, SODIUM PCA, DISODIUM EDTA, STEARIC ACID, CAPRYLIC/CAPRIC TRIGLYCERIDE, TOCOPHERYL ACETATE, TRIETHANOLAMINE, BHT, IODOPROPYNYL BUTYLCARBAMATE, SODIUM HYALURONATE CROSSPOLYMER (AND) SODIUM HYALURONATE (AND) SODIUM ACETYLATED HYALURONATE",niacinamide;hyaluronic-acid,,,,,,,,,,,,,open_beauty_facts,false
3337872418587,brightening-texture,lipkar Ap + Max triple repair moisturizing cream,La Roche Posay,,"Aqua (Water, Eau), Butyrospermum Parkii Butter (Shea Butter), Glycerin, Dimethicone, Niacinamide, Cetearyl Alcohol, Brassica Campestris Seed Oil (Rapeseed Seed Oil), Glyceryl Stearate, Ammonium Polyacryloyldimethyl Taurate, PEG-100 Stearate, Propanediol, Ophiopogon Japonicus Root Extract, Ceramide NP, Sorbitan Tristearate, Dimethiconol, PEG-20 Methyl Glucose Sesquistearate, Sodium Chloride, Mannose, Coco-Betaine, Disodium EDTA",niacinamide;ceramides,,,,,,,,,,,,,open_beauty_facts,false
4743318143293,brightening-texture,Sunscreen peach + antioxidant day face cream SPF 30 for oily skin,Organic shop,,"Aqua, Coco-Caprylate/Caprate, Diethylamino Hydroxybenzoyl Hexyl Benzoate, Ethylhexyl Salicylate, C12-15 Alkyl Benzoate, Ethylhexyl Triazone, Glyceryl Stearate, Cetearyl Alcohol, Bis-Ethylhexyloxyphenol Glucoside, Cetearyl Methoxyphenyl Triazine, Glycerin, Sodium Stearoyl Glutamate, Prunus Persica Fruit Extract*, Zinc PCA, Panthenol, Bisabolol, Tocopherol, Retinyl Palmitate, Niacinamide, Lactic Acid, Xanthan Gum, Citric Acid, Ethylhexylglycerin, Benzyl Alcohol, Dehydroacetic Acid, Sodium Benzoate",niacinamide,,,,,,,,,,,,,open_beauty_facts,false
8809838652502,brightening-texture,R.E.D. blemish clear Soothing Cream,"COSMAX INC., R.E.D. Blemish",,"[Ingredients] Water(Aqua/Eau), Glycerin, Butylene Glycol, Dicaprylyl Ether, Niacinamide, 1,2-Hexanediol, Hydrogenated Polydecene, Pentylene Glycol, Dicaprylyl Carbonate, Vinyl Dimethicone, Caprylyl Methicone, Hydroxyethyl Acrylate/So - dium Acryloyldimethyl Taurate Copolymer, Panthenol, Acrylates/C10-30 Alkyl Acrylate Crosspolymer, Dimethiconol, Polymethyl - silsesquioxane, Tromethamine, Dipotassium Glycyrrhizate, Glyceryl Acrylate/Acrylic Acid Copolymer, Ethylhexylglycerin, Xanthan Gum, Centell",niacinamide,,,,,,,,,,,,,open_beauty_facts,false
3606000514959,brightening-texture,Hydrating mineral sunscreen spf50,CeraVe,,"Titanium dioxide 9%. Zinc oxide 7%, water, glycerin, C12-15 alkyl benzoate, dimethicone, isododecane, styrene/acrylates copolymer, glyceryl stearate, butyloctyl salicylate, dicaprylyl carbonate, propanediol, stearic acid, aluminum hydroxide, PEG-100 stearate, sorbitan stearate, niacinamide, PEG-8 laurate, ceramide NP, ceramide AP, ceramide EOP, sorbitan isostearate, carbomer, cetearyl alcohol, ceteareth-20, triethoxycaprylylsilane, dimethiconol, sodium citrate, sodium lauroyl lactylate, sodium d",niacinamide;hyaluronic-acid;ceramides,,,,,,,,,,,,,open_beauty_facts,false
8684252202652,brightening-texture,Hyp Me Hyaluron Nemlendirici Saç Maskesi 50 ml,Hyp Me,,"Aqua, Cetearyl Alcohol, Cetrimonium Chloride, Glycerin, Parfum, Aloe Barbadensis Leaf Extract, Mel (Honey) Extract, Olea Europaea (Olive) Fruit Oil, Niacinamide, Rosmarinus Officinalis (Rosemary) Leaf Extract, Lauryl Glucoside, Phenoxyethanol, Dehydroacetic Acid, Benzoic Acid, Citric Acid, Triethylene Glycol, Sodium Benzoate, Benzyl Alcohol, Propylene Glycol, Lactic Acid, Potassium Sorbate, Magnesium Chloride, Magnesium Nitrate, Methylchloroisothiazolinone, Methylisothiazolinone, Linalool, Limon",niacinamide,,,,,,,,,,,,,open_beauty_facts,false
8683548273314,brightening-texture,Rimu Health Cilt Tonu Eşitleyici ve Yoğun Nemlendirici Yüz Kremi 50 ml (Hyaluronic Acid - Niacinamid,Rimu Health,,"Aqua, Sodium Polyacrylate, Trideceth-6, Hydrogenated Polydecene, Glycerin, Panthenol, Propylene Glycol, Phenoxyethanol, Ethylhexylglycerin, Niacinamide, Hyaluronic Acid, Allantoin, Caffeine, Citric Acid, Persea Gratissima Leaf Extract, Rosmarinus Officinalis Leaf Extract, Equisetum Arvense Extract, Salvia Officinalis Leaf Extract, Pisum Sativum Sprout Extract, Rosa Canina Leaf Extract, Olea Europaea Leaf Extract",niacinamide;hyaluronic-acid,,,,,,,,,,,,,open_beauty_facts,false
8683130069042,brightening-texture,Clear Men Kepeğe Karşı Etkili Şampuan Cool Sport Menthol 350 ml + 180 ml,Clear,,"Aqua, Sodium Laureth Sulfate, Cocamidopropyl Betaine, Sodium Chloride, Parfum, Sodium Benzoate, Menthol, Dimethiconol, Piroctone Olamine, Citric Acid, Carbomer, Dimethicone, Guar Hydroxypropyltrimonium Chloride, Sodium Hydroxide, Mica, Helianthus Annuus (Sunflower) Seed Oil, Disodium EDTA, Acrylamidopropyltrimonium Chloride/Acrylamide Copolymer, Glycerin, TEA-Dodecylbenzenesulfonate, TEA-Sulfate, Glycine, Niacinamide, Laureth-23, Poloxamer 407, PPG-9, Phenoxyethanol, Laureth-4, PEG-4, Taurine, X",niacinamide,,,,,,,,,,,,,open_beauty_facts,false
6973795915214,brightening-texture,AZTK Liquid Blush Jöle Etkili Likit Allık JC01 Sakura Milk Jelly,AZTK,,"Water, Glycerin, Butylene Glycol, Dimethicone, Polyacrylate Crosspolymer-6, Niacinamide, Panthenol, Allantoin, Sodium Hyaluronate, CI 77891, CI 77491, 1,2-Hexanediol, Ethylhexylglycerin.",niacinamide;hyaluronic-acid,,,,,,,,,,,,,open_beauty_facts,false
8809937361466,brightening-texture,Biodance Radiant Vita Niacinamide Mask,Biodance,,"Water, Ananas Sativus (Pineapple) Fruit Water(100,000ppm), Glycerin, Acrylates Copolymer, Niacinamide(20,000ppm), 1,2-Hexanediol, Ceratonia Siliqua (Carob) Gum, Betaine, Chondrus Crispus, Polyglyceryl-10 Laurate, Potassium Chloride, Sucrose, Polyglyceryl-2 Triisostearate, Allantoin, Agar, Cellulose Gum, Ethylhexylglycerin, Butylene Glycol, Adenosine, Pyrus Communis (Pear) Fruit Extract, Sclerotium Gum, Disodium EDTA, Rosa Dama scena Flower Water, Melia Azadirachta Leaf Extract, Melia Azadirachta",niacinamide;hyaluronic-acid,,,,,,,,,,,,,open_beauty_facts,false
8809937361060,brightening-texture,Biodance Bio Collagen-Real Deep Mask,Biodance,,"Water(Aqua), Glycerin, Acrylates Copolymer, Niacinamide, Ceratonia Siliqua (Carob) Gum, Chondrus Crispus Extract, Dipropylene Glycol, Betaine, Algin, Agar, Hydroxyacetophenone, 1,2-Hexanediol, Potassium Chloride, Caprylyl Glycol, Sucrose, Allantoin, Polyglyceryl-10 Laurate, Ethylhe xylglycerin, Galactomyces Fement Filtrate, Adenosine, Disodium EDTA, Pyrus Communis (Pear) Fruit Extract, Rosa Damascena Flower Water, Collagen Extract(52,000ppb), Iris Florentina Root Extract, Cucumis Melo (Melon) Fr",niacinamide;hyaluronic-acid,,,,,,,,,,,,,open_beauty_facts,false
8809891184613,brightening-texture,Biodance Rejuvenating Caviar PDRN Real Deep Mask Pack (4 stuks),Biodance,,"Caviar Water, Water, Glycerin, Dipropylene Glycol, Cetyl Ethylhexanoate, 1,2-Hexanediol, Niacinamide, Propylene Glycol Dibenzoate, Chondrus Crispus Extract, Ceratonia Siliqua (Carob) Gum, Butyrospermum Parkii (Shea) Butter, Hydroxyacetophenone, Polyglyceryl-3 Methylglucose Distearate, Potassium Chloride, Algin, Chondrus Crispus Powder, Polyacrylate-13, Allantoin, Glyceryl Stearate, Cellulose Gum, Glucomannan, Xanthan Gum, Ethylhexyl Olivate, Eclipta Prostrata Extract, Sucrose, Ethylhexylglycerin",niacinamide,,,,,,,,,,,,,open_beauty_facts,false
3337875840620,brightening-texture,CeraVe SPF30 Hydraterende Gezichtscrème,CeraVe,,"AQUA/WATER, GLYCERIN, ISOPROPYL PALMITATE, ETHYLHEXYL SALICYLATE, NIACINAMIDE, PENTYLENE GLYCOL, BIS-ETHYLHEXYLOXYPHENOL METHOXYPHENYL TRIAZINE, BUTYL METHOXYDIBENZOYLMETHANE, ZEA MAYS STARCH/CORN STARCH, ETHYLHEXYL TRIAZONE, POTASSIUM CETYL PHOSPHATE, DIISOPROPYL SEBACATE, ORYZA SATIVA CERA/RICE BRAN WAX, STEARIC ACID, CERAMIDE NP, CERAMIDE AP, CERAMIDE EOP, CARBOMER, GLYCERYL STEARATE, CETEARYL ALCOHOL, TRIETHANOLAMINE, BEHENTRIMONIUM METHOSULFATE, TRIETHYL CITRATE, SODIUM HYALURONATE, SODIUM ",niacinamide;hyaluronic-acid;ceramides,,,,,,,,,,,,,open_beauty_facts,false
3337875814652,brightening-texture,CeraVe SPF50 Hydraterende Gezichtscrème,CeraVe,,"AQUA/WATER, GLYCERIN, ISOPROPYL PALMITATE, BIS-ETHYLHEXYLOXYPHENOL METHOXYPHENYL TRIAZINE, ETHYLHEXYL SALICYLATE, NIACINAMIDE, PENTYLENE GLYCOL, BUTYL METHOXYDIBENZOYLMETHANE, ETHYLHEXYL TRIAZONE, PROPANEDIOL, ZEA MAYS STARCH/CORN STARCH, POTASSIUM CETYL PHOSPHATE, DIISOPROPYL SEBACATE, ORYZA SATIVA CERA/RICE BRAN WAX, STEARIC ACID, CERAMIDE NP, CERAMIDE AP, CERAMIDE EOP, CARBOMER, GLYCERYL STEARATE, CETEARYL ALCOHOL, TRIETHANOLAMINE, BEHENTRIMONIUM METHOSULFATE, TRIETHYL CITRATE, SODIUM HYALURO",niacinamide;hyaluronic-acid;ceramides,,,,,,,,,,,,,open_beauty_facts,false
3282771001432,brightening-texture,Cleanance comedomed spf30,Avène,,"AVENE THERMAL SPRING WATER (AVENE AQUA). C12-15 ALKYL BENZOATE. DICAPRYLYL CARBONATE. DIETHYLAMINO HYDROXYBENZOYL HEXYL BENZOATE. DIETHYLHEXYL BUTAMIDO TRIAZONE. OCTYLDODECANOL. BIS-ETHYLHEXYLOXYPHE - NOL METHOXYPHENYL TRIAZINE. NIACINAMIDE. ORYZA SATIVA (RICE) STARCH (ORYZA SATIVA STARCH). ALCOHOL DENAT. MYRISTYL ALCOHOL SILYBUM MARIANUM FRUIT EXTRACT. WATER (AQUA). DIISOPROPYL SEBACATE. POTASSIUM CETYL PHOSPHATE. TAPIOCA STARCH. TRIMETHYLPENTANEDIOL/ADIPIC ACID/GLYCERIN CROSSPOLYMER, BENZOIC A",niacinamide;hyaluronic-acid,,,,,,,,,,,,,open_beauty_facts,false
3662361002115,brightening-texture,svr,SVR,,"aqua/water/eau, glycerin, sodium c14-16 olefin sulfonate, sodium lauro coco-betaine, niacinamide, citric acid, sodium olivamphoacetate, alpha-glucan oligosacc (fragrance), saccharide isomerate, caprylyl/capryl glucoside, sodium benzoate, potassium sorbater cocoate, polyglyceryl-10 laurate, gossypium herbaceum (cotton) seed oil, sodium citrate 1000: acl: 366 361002115 / cnk: 4327-433/cnp: 6233684/cn: 188294,3 moida 1c/1d, 1500-473 lisbon evr españa m",niacinamide,,,,,,,,,,,,,open_beauty_facts,false
0052800681903,brightening-texture,Touchable Hold Gel,Ogx,,"Water (Aqua), Hydrolyzed Corn Starch, Polysorbate 20, PVP, Niacinamide, Panthenol, Carbomer, Citric Acid (Anhydrous), Sodium Hydroxide, Phenoxyethanol, Ethylhexylglycerin, Fragrance (Parfum)",niacinamide,,,,,,,,,,,,,open_beauty_facts,false
3606000537316,brightening-texture,Skin renewing retinol serum,Cerave,,"AQUA/WATER/EAU, GLYCERIN, CAPRYLIC/CAPRIC TRIGLYCERIDE, POTASSIUM CETYL PHOSPHATE, HYDROGENATED PALM GLYCERIDES, POLYSORBATE 20, DIMETHICONE, PEG-40 STEARATE, POTASSIUM PHOSPHATE, CERAMIDE NP, CERAMIDE AP, CERAMIDE EOP, CARBOMER, NIACINAMIDE, TRIETHANOLAMINE, CETEARYL ALCOHOL, BEHENTRIMONIUM METHOSULFATE, TRIETHYL CITRATE, CICHORIUM INTYBUS ROOT EXTRACT/CHICORY ROOT EXTRACT, LECITHIN, RETINOL, SODIUM LAUROYL LACTYLATE, SODIUM HYALURONATE, CHOLESTEROL, PHENOXYETHANOL, ALCOHOL, TOCOPHEROL, HYDROXY",niacinamide;hyaluronic-acid;retinol-cosmetic;ceramides,,,,,,,,,,,,,open_beauty_facts,false
3600542573689,brightening-texture,Garnier Ambre Solaire,Garnier,,"20716482-INGREDIENTS: AQUA/WATER, ALCOHOL DENAT, DIISOPROPYL SEBACATE, SILICA, ISOPROPYL MYRISTATE, ETHYLHEXYL SALICYLATE, ETHYLHEXYL TRIAZONE, BIS-ETHYLHEXYLOXYPHENOL METHOX YPHENYL TRIAZINE, BUT YL METHOXYDIBENZOYLMETHANE, GLYCERIN, NIACINAMIDE, PROPANEDIOL, C12-22 ALKYL ACRYLATE/HYDROXYETHYLACRYLATE COPOLYMER, DROMETRIZOLE TRISILOXANE, PERLITE, CAPRYLIC/CAPRIC TRIGLYCERIDE, TOCOPHEROL, HYDROXYACETOPHENONE, HYDROXYETHYLCELLULOSE, SODIUM BENZOATE, TRIETHANOLAMINE, TRISODIUM ETHYLENEDIAMINE DISU",niacinamide,,,,,,,,,,,,,open_beauty_facts,false
8718801812105,brightening-texture,Drs. Leenarts Dagcrème SPF30,Drs.,,"Aqua, C12-15 Alkyl Benzoate, Diethylamino Hydroxybenzoyl Hexyl Benzoate, Ethylhexyl Salicylate, Bis-Ethylhexyloxyphenol Methoxyphenyl Triazine, Dibutyl Adipate, Ethylhexyl Triazone, Coco-Caprylate, Glycerin, Cetearyl Alcohol, Cetearyl Glucoside, Niacinamide, Hydrogenated Vegetable Glycerides, Pentaerythrityl Distearate, Sodium Stearoyl Glutamate, Cocos Nucifera Oil, Butyrospermum Parkii Butter, Caprylyl Glycol, Triethyl Citrate, Xanthan Gum, Piroctone Olamine, Tocopheryl Acetate, Benzoic Acid, T",niacinamide,,,,,,,,,,,,,open_beauty_facts,false
8809738316146,brightening-texture,Beauty of Joseon Revive Eye Serum,Beauty of Joseon,,"Aqua, Glycerin, Dipropylene Glycol, Caprylic/Capric Triglyceride, 1,2-Hexanediol, Butylene Glycol Dicaprylate/Dicaprate, Niacinamide, Pentaerythrityl Tetraethylhexanoate, Cetearyl Alcohol, Cetearyl Olivate, Sorbitan Olivate, Butylene Glycol, Hydrogenated Lecithin, Panax Ginseng Root Extract, Carbomer, Glyceryl Stearate, Tromethamine, Macadamia Ternifolia Seed Oil, Ethylhexylglycerin, Adenosine, Cholesterol, Dextrin, Polyglyceryl-10 Oleate, Theobroma Cacao (Cocoa) Extract, Disodium EDTA, Brassica",niacinamide;hyaluronic-acid;ceramides,,,,,,,,,,,,,open_beauty_facts,false
3600524122737,brightening-texture,Loreal Paris Bright Reveal SPF 50+ Koyu Leke Karşıtı Fluid Günlük Yüz Güneş Kremi 50 ml,Loreal Paris,,"Aqua, Alcohol Denat., Diisopropyl Sebacate, Silica, Isopropyl Myristate, Ethylhexyl Salicylate, Bis-Ethylhexyloxyphenol Methoxyphenyl Triazine, Ethylhexyl Triazone, Butyl Methoxydibenzoylmethane, Glycerin, Phenylbenzimidazole Sulfonic Acid, Propanediol, C12-22 Alkyl Acrylate/Hydroxyethylacrylate Copolymer, Triethanolamine, Niacinamide, Drometrizole Trisiloxane, Caprylic/Capric Triglyceride, Tocopherol, Hydroxyacetophenone, Sodium Hyaluronate, Hydroxyethylcellulose, Sodium Lactate, Adenosine, Tri",niacinamide;hyaluronic-acid,,,,,,,,,,,,,open_beauty_facts,false
7350087738338,brightening-texture,Decubal Face Vital Kuru ve Hassas Ciltler İçin Ekstra Besleyici Yüz Kremi 50 ml,Decubal,,"Aqua, Pentylene Glycol, Cetearyl Isononanoate, Glycerin, Niacinamide, Simmondsia Chinensis (Jojoba) Seed Oil, Glyceryl Stearate, Dicaprylyl Carbonate, Polyglyceryl-3 Methylglucose Distearate, Butyrospermum Parkii (Shea) Butter, Cetearyl Alcohol, Glyceryl Stearate Citrate, Magnesium Aluminum Silicate, Phytosphingosine, Cholesterol, Ceramide 6 II, Ceramide 3, Sorbitol, Caprylic/Capric Triglyceride, Stearic Acid, Palmitic Acid, Tocopherol, Tocopheryl Acetate, Galactoarabinan, Xanthan Gum, Polyglyce",niacinamide;ceramides,,,,,,,,,,,,,open_beauty_facts,false
8683130040676,brightening-texture,Clear Women Kepeğe Karşı Şampuan Yumuşak Parlak 500 ml,Clear,,"Aqua, Sodium Laureth Sulfate, Cocamidopropyl Betaine, Dimethiconol, Sodium Chloride, Dimethicone, Parfum, Sodium Benzoate, Piroctone Olamine, Citric Acid, Carbomer, Guar Hydroxypropyltrimonium Chloride, Sodium Hydroxide, Glycerin, Niacinamide, TEA-Dodecylbenzenesulfonate, TEA-Sulfate, Mica, Disodium EDTA, Acrylamidopropyltrimonium Chloride/Acrylamide Copolymer, Laureth-23, Poloxamer 407, Phenoxyethanol, Helianthus Annuus (Sunflower) Seed Oil, Laureth-4, PPG-9, Glycine, PEG-4, Xanthan Gum, Hydrol",niacinamide,,,,,,,,,,,,,open_beauty_facts,false
8697853217857,brightening-texture,Dr. Ea Salis Gözenek Sıkılaştırıcı Sabun 70 gr,Dr. EA,,"Sodium Palmate, Sodium Palm Kernelate, Aqua, Mandelic Acid, Niacinamide, Parfum, Glycerin, Lauryl Glucoside, Sodium Chloride, Propylene Glycol, Cocos Nucifera (Coconut) Oil, Allantoin, Sesamum Indicum (Sesame) Seed Oil, Cucumis Sativus (Cucumber) Extract, Phenoxyethanol, Benzoic Acid, Dehydroacetic Acid, Disodium Etidronate, Disodium EDTA",niacinamide,,,,,,,,,,,,,open_beauty_facts,false
3337875549493,brightening-texture,Effaclar DUO (+) SPF 30,La Roche-Posay,,"Aqua, Octocrylene, Glycerin, Homosalate, Ethylhexyl Salicylate, Alcohol Denat. , Niacinamide, Butyl Methoxydibenzoylmethane, Dimethicone, Sorbitan Stearate, Silica, Isopropyl Lauroyl Sarcosinate, Styrene/Acrylates Copolymer, Propylene Glycol, Potassium Cetyl Phospate, Diisopropyl Sebacate, Peg-20, Peg-8 Laurate, Zinc PCA, Dimethicone/Vinyl Dimethicone Crosspolymer, 2-Oleamido-1n 3-Octadecanediol, Inulin Lauryl Carbamate, Carnosine, Poloxamer 338, Ammonium Polyacryloyldimethyl Taurate, Disodium E",niacinamide,,,,,,,,,,,,,open_beauty_facts,false
3662361002016,brightening-texture,Huile lavante,SVR,,"AQUA/WATER/EAU, GLYCERIN, SODIUM C14-16 OLEFIN SULFONATE, COCO-BETAINE, SODIUM LAUROAN bradable/Easily biodegradable OCDE301F, 94% en 28 jours/days.2-Mesures cornéométriques, 12 volontaires/Corneometry measurements, 12 volunteers. LAUROYL/MYRISTOYL METHYL GLUCAMIDE, NIACINAMIDE, PARFUM/FRAGRANCE, CAPRYLYL/CAPRYL GLUCOSIDE, CARAMEL, POLYGLYCE POLYGLYCERYL-3 COCOATE, ALPHA-GLUCAN OLIGOSACCHARIDE, CITRIC ACID, GOSSYPIUM HERBACEUM (COTTON) SEED OIL SOD POTASSIUM SORBATE, SODIUM BENZOATE 62361002016/",niacinamide,,,,,,,,,,,,,open_beauty_facts,false
3337875597357,brightening-texture,CeraVe Schuimende Reinigingsgel,CeraVe,,"aqua, water, cocamidopropyl hydroxysultaine, glycerin, sodium lauroyl sarcosinate, propanediol, peg-150 pentaerythrityl tetrastearate, niacinamide, ceramide np, ceramide ap, ceramide eop, carbomer, sodium methyl cocoyl taurate, sodium chloride, sodium lauroyl lactylate, cholesterol, phenoxyethanol, disodium edta, tocopherol, phytosphingosine, xanthan gum, ethylhexylglycerin, citric acid",niacinamide;ceramides,,,,,,,,,,,,,open_beauty_facts,false
4005900977953,brightening-texture,NIVEA Derma Skin Clear Reinigingsgel,NIVEA,,"Aqua, Sodium Cocoamphoacetate, Propylene Glycol, Sodium Laureth Sulfate, Sodium Chloride, Citric Acid, Salicylic Acid, Niacinamide, Sodium Benzoate",niacinamide,,,,,,,,,,,,,open_beauty_facts,false
8684149130051,brightening-texture,The Ceel Vitamin C Serum,The Ceel,,"Aqua, Sodium Ascorbyl Phosphate, PEG-40 Castor Oil, Panthenol, Polysorbate 20, Glycerin, Benzyl Alcohol, Dehydroacetic Acid, Niacinamide, Hydroxyethylcellulose, Glutathione, Fragrance, Alpha-Arbutin, Ferulic Acid, Benzyl Salicylate, Hexyl Cinnamal, Terpineol, CI 15985",niacinamide,,,,,,,,,,,,,open_beauty_facts,false
8809820705384,brightening-texture,Etude Cloud Filter Cushion Fondöten 21 Ivory + Yedekli,Etude,,"Water / Aqua / Eau, Dimethicone, Methyl Trimethicone, Titanium Dioxide (CI 77891), Homosalate, Butylene Glycol, Lauryl Polyglyceryl-3 Polydimethylsiloxyethyl Dimethicone, Titanium Dioxide (Nano), Phenyl Trimethicone, Trisiloxane, Caprylyl Methicone, Polymethylsilsesquioxane, Silica, VP/Hexadecene Copolymer, Niacinamide, Disteardimonium Hectorite, Boron Nitride, Trimethylsiloxysilicate, Aluminum Hydroxide, 1,2-Hexanediol, Iron Oxides (CI 77492), Stearic Acid, Sodium Chloride, Acrylates/Stearyl Ac",niacinamide,,,,,,,,,,,,,open_beauty_facts,false
8684438670091,brightening-texture,Mia Klinika Sivilce ve Leke Karşıtı Azelaik Asit Serumu 30 ml,Mia Klinika,,"Aqua, Niacinamide, Propylene Glycol, Glycerin, Polyglycerin-6, Panthenol, Azelaic Acid, Melaleuca Alternifolia Leaf Extract, Zinc, PCA, Allantoin, Glycine, PEG-12 Dimethicone, Pentylene Glycol, Phenoxyethanol, Hydroxyethylcellulose, Ethylhexylglycerin, PEG-40 Hydrogenated Castor Oil, Tetrasodium EDTA, Benzoic Acid, Dehydroacetic Acid",niacinamide;azelaic-acid,,,,,,,,,,,,,open_beauty_facts,false
8906005274069,brightening-texture,Cetaphil Gentle Skin Cleanser,"Cetaphil, Galderma",,"AQUA, GLYCERIN, CETEARYL ALCOHOL, PANTHENOL, NIACINAMIDE, PANTOLACTONE, XANTHAN GUM, SODIUM COCOYL ISETHIONATE SODIUM BENZOATE, CITRIC ACID.",niacinamide,,,,,,,,,,,,,open_beauty_facts,false
3662361003204,brightening-texture,Sun Secure,Svr,,"EAU DICAPRYLYL ETHER DIISOPROPYLADIPATE, DIETHYLAMINO ATE ETHYLHEXYL TRIAZONE, C12-15 ALKYL BENZOATE, SILICA HOL NETHOXYPHENYL TRIAZINE, PROPANEDIOL, PENTYLENE EOL 12-HEXANEDIOL, NIACINAMIDE, GLYCINE SOJA (SOYBEAN) OIL DTRACT, GLYCERIN, TOCOPHEROL, CAPRYLYL GLYCOL, CELLULOSE ELLOSE NEOPENTYL GLYCOL DIHEPTANOATE, POLYESTER-7 HOPOXYETHYL ACRYLATE/SODIUM ACRYLOYLDIMETHYL TAURATE PATE COCO GLUCOSIDE PARFUM/FRAGRANCE P0953556 الحجم: 200 مل",niacinamide,,,,,,,,,,,,,open_beauty_facts,false
3606000607019,brightening-texture,CeraVe Gentle Hydrating Shampoo,CeraVe,,Aqua / Water / Eau (Solvent) Sodium C14-16 Olefin Sulfonate (Cleansing Agent) Cocamidopropyl Betaine (Gentle Cleanser) Laureth-5 Carboxylic Acid (Surfactant) Glycerin (Hydrating Humectant) Sodium Chloride (Thickener) Ceramide NP (Barrier Protection) Ceramide AP (Barrier Protection) Ceramide EOP (Barrier Protection) Carbomer (Texture Enhancer) Niacinamide (Soothes Scalp) Sodium Lauroyl Lactylate (Emulsifier) Sodium Hyaluronate (Hyaluronic Acid) Salicylic Acid (Gentle Exfoliant) Sodium Hydroxide (,niacinamide;hyaluronic-acid;ceramides,,,,,,,,,,,,,open_beauty_facts,false
3282770145175,brightening-texture,fluide anti-imperfection,Ducray,,"WATER (AQUA). C12-15 ALKYL BENZOATE, DICAPRYLYL CARBONATE. METHYLENE BIS-BENZOTRIAZOLYL TETRAMETHYLBUTYLPHENOL [NANO]. DIISOPROPYL ADIPATE. SILICA. BIS-ETHYL - HEXYLOXYPHENOL METHOXYPHENYL TRIAZINE. DIETHYLHEXYL BUTAMIDO TRIAZONE. ZEA MAYS (CORN) STARCH (ZEA MAYS STARCH). BUTYL METHOXYDIBENZOYLMETHANE. C10-18 TRIGLYCERIDES. DECYL GLUCOSIDE. GLYCERIN. GLYCERYL STEARATE. PEG-100 STEARATE, POTASSIUM CETYL PHOSPHATE. ACRYLATES/C10-30 ALKYL ACRYLATE CROSSPOLYMER. BENZOIC ACID, CAPRYLYL GLYCOL. DISODI",niacinamide,,,,,,,,,,,,,open_beauty_facts,false
3337872414145,brightening-texture,Cicaplast Mains,La Roche Posay,,"Aqua/water, glycerin, butylene glycol, cetearyl alcohol, niacinamide, glyceryl stearate, Butyrospermum parkii butter/shea butter, dimethicone, PEG/PPG-18/18 dimethicone, glyceryl stearate SE, sodium polyacrylate, caprylyl glycol, phenoxyethanol",niacinamide,,,,,,,,,,,,,open_beauty_facts,false
8470001710529,brightening-texture,ISDIN FotoUltra 100 active unify fusion fluid,isdin,,"de proteccion solar. No aplicar sobre heridas abiertas. Ningun producto de
proteccion solar bloquea al 100% la radiacion UV.
Resistente al agua. Testado dermatologicamente.
Ingredients/Ingredientes: Aqua (Water), Dibutyl Adipate, Cyclopentasi-
loxane, Octocrylene, Niacinamide, Alcohol Denat., Titanium Dioxide
[Nano], Butyl Methoxydibenzoylmethane, Cyclohexasiloxane,
Bis-Ethylhexyloxyphenol Methoxyphenyl Triazine, Butylene Glycol,
PEG-30 Dipolyhydroxystearate, Glycerin, Nylon-12, PEG-10 Di",niacinamide;vitamin-c;hyaluronic-acid,,,,,,,,,,,,,open_beauty_facts,false
3337875537308,brightening-texture,Lipikar Syndet AP+,La Roche-Posay,,"Aqua/water, glycerin, sodium laureth sulfate, PEG-200 hydrogenated glyceryl palmate, coco-betaine, polysorbate 20, PEG-7 glyceryl cocoate, niacinamide, acrylates copolymer, Butyrospermum parkii butter/shea butter, citric acid, cocamide MEA, disodium EDTA, mannose, polyquaternium-11, sodium benzoate, sodium chloride, sodium hydroxide, styrene/acrylates copolymer, vitreoscilla ferment,",niacinamide,,,,,,,,,,,,,open_beauty_facts,false
3337875763967,brightening-texture,Crème Mains Réparatrice,CeraVe,,"aqua, glycerin, cetearyl alcohol, caprylic/capric triglyceride, glyceryl stearate, niacinamide, ceteareth-20, ceramide np, ceramide ap, ceramide eop, carbomer, dimethicone, sodium lauroyl lactylate, cholesterol, phenoxyethanol, tocopherol, disodium edta, hydroxyethylcellulose, citric acid, xanthan gum, phytosphingosine, ethylhexylglycerin, sodium hydroxide",niacinamide;ceramides,,,,,,,,,,,,,open_beauty_facts,false
0302993917564,brightening-texture,Cetaphil Moisturizing Cream,Cetaphil,,"Water, Glycerin, Petrolatum, Dicaprylyl either, Dimethicone, Glyceryl stearate, cetyl alcohol, helianthus annus (sunflower) seed oil, Pg-30 stearate, pantheol, niacinamide, prunus amygdalus dulcis (sweet almond) oil, tocopheryl acetate, pantolactone, Dimethicone, acrylate/c10-30 alkyl acrylate crosspolymer, carbomer, propylene glycol, sodium edta, benzyl alcohol, phenoxyethanol, sodium hydroxide, citric acid",niacinamide,,,,,,,,,,,,,open_beauty_facts,false
4068134115355,brightening-texture,Anti-pickel zink toner spray,Isana,,"Bampit Unreinheiten und versogt d ******* ERTRAGLICHKEIT: dermatologisch besta RENTS: Aqua, Niacinamide, Glycerin, Phena adensis Leaf Juice Powder. Zinc PCA, Allantoin, Citric Acid, Ethylhe ederstudie gegen Hautunreinheiten meterstudie zur Messung feuchtigkeit mann GmbH er Str. 16 Burgwedel mannde VEGAN Omle 12 M Hergestellt in Deutschland RICH TREN (GILTIN GELBE Flasche Sp Kappe g Bostua 4068134 115",niacinamide,,,,,,,,,,,,,open_beauty_facts,false
8029041109147,brightening-texture,Defence sun baby & kid 50+,Bionike,,"Ingredients: aqua (water), dibutyl adipate, dieth - ylamino hydroxybenzoyl hexyl benzoate, C12-15 alkyl benzoate, caprylic/capric triglyceride, betaine, ethylhexyl triazone, diethylhexyl butamido triazone, glycerin, bis-ethylhexyloxyphenol methoxyphenyl triazine, dicaprylyl carbonate, calcium carbonate, polyglyceryl-3 stearate/sebacate crosspolymer, hydroxyapatite, panthenol, niacinamide, sodium stearoyl glutamate, microcrystalline cellulose, acrylates/C12-22 alkyl methacrylate copolymer, hydrog",niacinamide,,,,,,,,,,,,,open_beauty_facts,false
8909106030534,brightening-texture,Glow & Lovely Re-New Bright Advanced Multi Vitamin Serum in Cream,"Glow & Lovely, Hindustan Unilever Limited (HUL)",,"WATER, PALMITIC ACID & STEARIC ACID, NIACINAMIDE, GLYCERIN, DIMETHICONE, ETHYLHEXYL METHOXYCINNAMATE, BUTYL METHOXYDIBENZOYLMETHANE, TITANIUM DIOXIDE, SODIUM ASCORBYL PHOSPHATE, ISOPROPYL MYRISTATE, TOCOPHERYL ACETATE, ALLANTOIN, PYRIDOXINE HYDROCHLORIDE, CETYL ALCOHOL, TITANIUM DIOXIDE & ALUMINUM HYDROXIDE & STEARIC ACID, PHENOXYETHANOL, METHYLPARABEN, PROPYLPARABEN, POTASSIUM HYDROXIDE, DISODIUM EDTA, PERFUME, ALPHA-ISOMETHYL IONONE, BENZYL SALICYLATE, BUTYLPHENYL METHYLPROPIONAL, CITRONELLOL,",niacinamide,,,,,,,,,,,,,open_beauty_facts,false
3337875656764,brightening-texture,LA ROCHE-POSAY LIPIKAR AP+ CLEANSING OIL,LA ROCHE-POSAY,,"Aqua / Water, Glycerin, Sucrose, Sodium Laureth Sulfate, Coco-Betaine, Sodium Chloride, Citric Acid, Niacinamide, Parfum/Fragrance, PEG-75 Shea Butter, Polysorbate 20, PPG-5-Ceteth-20, Sodium Benzoate, Sodium Hydroxide, Vitroscilla Ferment.",niacinamide,,,,,,,,,,,,,open_beauty_facts,false
7629999091795,brightening-texture,The Peptide Mask,Kalysta,,"Aqua, Glycerin, Betaine, Pentylene Glycol, Sodium Alginate, Niacinamide, Galactomyces Ferment Filtrate, Bifida Ferment Filtrate, Palmitoyl Tripeptide-1, Palmitoyl Tetrapeptide-7, Acetyl Hexapeptide-8, Ceramide NP, Ceramide AP, Ceramide EOP, Centella Asiatica Extract, Sodium Hyaluronate, Hydrolyzed Hyaluronic Acid, Allantoin, Tocopherol, Sodium PCA, Amorphophallus Konjac Root Powder, Agar, Sodium Benzoate, Potassium Sorbate, Sodium Phytate, Citric Acid",niacinamide;hyaluronic-acid;ceramides,,,,,,,,,,,,,open_beauty_facts,false
8908027247007,brightening-texture,Reginald Helios,Reginald,,"Aqua, C12-15 Alkyl Benzoate, Diethylamino Hydroxybenzoyl Hexyl Benzoate, Ethylhexyl Triazone, Bis-Ethylhexyloxyphenol Methoxyphenyl Triazine, Propanediol, Phospholipids, Phenoxyethanol, Hydroxyace - tophenone, Camellila Sinensis Leaf Extract, Centella Asiatica Extract, Portulaca Oleracea Extract, Polypodium Leucotomos Extract, Niacinamide, Alpha Arbutin, Glycerine, Glyceryl Stearate Citrate, Isoamyl Laurate, Kojic Acid Dipalmitate, Caprylic Capric Triglyceride,1,2-Hexanediol, Sodium Hyaluronate,",niacinamide;hyaluronic-acid,,,,,,,,,,,,,open_beauty_facts,false
3701129804193,brightening-texture,Atoderm,Bioderma,,"AQUA/WATER/EAU, GLYCERIN, ALUMINUM STARCH OCTENYLSUCCINATE, ISONONYL ISONONANOATE, BUTYROSPERMUM PARKII (SHEA) OIL, PALMITIC ACID, STEARIC ACID, SORBITAN STEARATE, AMMONIUM ACRYLOYLDIMETHYLTAURATE/VP COPOLYMER, PENTYLENE GLYCOL, 1,2-HEXANEDIOL, CAPRYLYL GLYCOL, DISODIUM EDTA, MANNITOL, XYLITOL, RHAMNOSE, SODIUM HYDROXIDE, NIACINAMIDE, POLYQUATERNIUM-51, FRAGRANCE (PARFUM). (B1 707) NAOS Ecobiology Company - France NAOS 13290 Aix-en-Provence www.naos.com Made in France E27DJ-UK C2 HDPE Ask.NAOS.c",niacinamide,,,,,,,,,,,,,open_beauty_facts,false
8906005274106,brightening-texture,Gentle Skin Cleanser,Cetaphil,,"AQUA, GLYCERIN, CETEARYL ALCOHOL, PANTHENOL, NIACINAMIDE, PANTOLACTONE, XANTHAN GUM, SODIUM COCOYL ISETHIONATE, SODIUM BENZOATE, CITRIC ACID.",niacinamide,,,,,,,,,,,,,open_beauty_facts,false
3337875545822,brightening-texture,Toleriane Purifying Foaming Cleanser,La Roche-Posay,,"AQUA/WATER/EAU, GLYCERIN, COCO-BETAINE, PROPANEDIOL, SODIUM, COCOYL GLYCINATE, PEG-120 METHYL GLUCOSE, DIOLEATE, SODIUM HYDROXIDE, SODIUM CHLORIDE, CITRIC ACID, CERAMIDE NP, NIACINAMIDE, DISODIUM, EDTA, HYDROXYACETOPHENONE, CAPRYLOYL GLYCINE, CAPRYLYL GLYCOL, TRISODIUM ETHYLENEDIAMINE, DISUCCINATE, PENTYLENE GLYCOL, ACRYLATES, COPOLYMER, TOCOPHEROL (CODE F.I.L.: N70042172/1)",niacinamide;ceramides,,,,,,,,,,,,,open_beauty_facts,false
3337875537315,brightening-texture,Lipikar Syndet AP+,La Roche Posay,,"Aqua/water, glycerin, sodium laureth sulfate, PEG-200 hydrogenated glyceryl palmate, coco-betaine, polysorbate 20, PEG-7 glyceryl cocoate, niacinamide, acrylates copolymer, Butyrospermum parkii butter/shea butter, citric acid, cocamide MEA, disodium EDTA, mannose, polyquaternium-11, sodium benzoate, sodium chloride, sodium hydroxide, styrene/acrylates copolymer, vitreoscilla ferment,",niacinamide,,,,,,,,,,,,,open_beauty_facts,false
9309000350001,brightening-texture,Hairification Pure Grow Shampoo 300mL,Hairification,,"Aqua, Sodium C14-16 Olefin Sulfonate, Sodium Cocoyl Isethionate, Cocamidopropyl Betaine, Glycol Distearate, Phenoxyethanol, Coconut Acid, Parfum, Sodium Chloride, Panthenol, Guar Hydroxypropyltrimonium Chloride, Chlorphenesin, Sodium Sulfate, Glycerin, Citric Acid, Tetradecene, Hexadecene, Sodium Benzoate, Hydrolyzed Soy Protein, Coffea Arabica Seed Extract, Propanediol, Pantolactone, Polyquaternium-11, Propylene Glycol, Zinc PCA, Glucose, Larix Europaea Wood Extract, Glycine, Sodium Metabisulfi",niacinamide,,,,,,,,,,,,,open_beauty_facts,false
4902430735087,brightening-texture,Olay Regenerist Micro-sculpting Night Face Cream Moisturiser 50g,Olay,,"Water, Cyclopentasiloxane, Glycerin, Niacinamide, Aluminum Starch Octenylsuccinate, Dimethicone, Dimethicone Crosspolymer, Panthenol, Polyethylene, Polyacrylamide, Tocopheryl Acetate, C13-14 Isoparaffin, Dmdm Hydantoin, Allantoin, Laureth-4, Dimethiconol, Laureth-7, Acrylates/C10-30 Alkyl Acrylate Crosspolymer, Sodium Hyaluronate, Sodium Peg-7 Olive Oil Carboxylate, Disodium Edta, Peucedanum Graveolens (Dill) Extract, Citric Acid, Peg-100 Stearate, Camellia Sinensis Leaf Extract, Iodopropynyl Bu",niacinamide;hyaluronic-acid,,,,,,,,,,,,,open_beauty_facts,false
9300830069729,brightening-texture,TRESemme Cleanse Replenish Shampoo 940mL,TRESemme,,"Water, Sodium Laureth Sulfate, Cocamidopropyl Betaine, Polyquaternium-10, Panthenol Vitamin B5), Ascorbic Acid (Vitamin C), Tocopheryl Acetate (Vitamin E Acetate), Biotin (Vitamin B7), Niacinamide (Vitamin B3), Vitis Vinifera (Grape) Seed Oil (Grape Seed Oil), Aloe Barbadensis Leaf Juice Powder (Aloe Vera), Polysorbate 20, Sodium Chloride, Citric Acid, Disodium EDTA, Sodium Benzoate, Fragrance.",niacinamide;vitamin-c,,,,,,,,,,,,,open_beauty_facts,false
9300830069743,brightening-texture,TRESemme Shampoo Volume & Fullness 940mL,TRESemme,,"Water, Sodium Laureth Sulfate, Cocamidopropyl Betaine, Polyquaternium-10, Panthenol (Vitamin B5), Ascorbic Acid (Vitamin C), Tocopheryl Acetate (Vitamin E Acetate), Biotin (Vitamin B7), Niacinamide (Vitamin B3), Cocos Nucifera (Coconut) Oil (Coconut Oil), Collagen Amino Acids, Polysorbate 20, Sodium Chloride, Citric Acid, Disodium EDTA, Sodium Benzoate, Fragrance.",niacinamide;vitamin-c,,,,,,,,,,,,,open_beauty_facts,false
4987176349361,brightening-texture,Head & Shoulders Anti-dan Shampoo Refreshing Tea Tree 400mL,Head & Shoulders Anti-dan,,"WATER, SODIUM LAURETH SULFATE, SODIUM LAURYL SULFATE, SODIUM CHLORIDE, COCAMIDOPROPYL BETAINE, SODIUM XYLENESULFONATE, GLYCOL DISTEARATE, FRAGRANCE, SODIUM CITRATE, PIROCTONE OLAMINE, DIMETHICONOL, CITRIC ACID, SODIUM BENZOATE, SODIUM SALICYLATE, GUAR HYDROXYPROPYLTRIMONIUM CHLORIDE, DIMETHICONE, TETRASODIUM EDTA, TEA-DODECYLBENZENESULFONATE, TRIDECETH-10, NIACINAMIDE, PANTHENOL, TOCOPHERYL ACETATE, MELALEUCA ALTERNIFOLIA (TEA TREE) LEAF OIL, MENTHOL, MENTHA ARVENSIS LEAF/STEM OIL, MENTHA PIPERI",niacinamide,,,,,,,,,,,,,open_beauty_facts,false
9300830069804,brightening-texture,TRESemme Conditioner Cleanse Replenish 940mL,TRESemme,,"Water, Cetearyl Alcohol, Dimethicone, Stearamidopropyl Dimethylamine, Behentrimonium Chloride, Panthenol (Vitamin B5), Ascorbic Acid (Vitamin C), Tocopheryl Acetate (Vitamin E Acetate), Biotin (Vitamin B7), Niacinamide (Vitamin B3), Vitis Vinifera (Grape) Seed Oil (Grape Seed Oil), Aloe Barbadensis Leaf Juice (Aloe Vera), Amodimethicone, PEG-7 Propylheptyl Ether, Cetrimonium Chloride, Polysorbate 20, Dipropylene Glycol, Lactic Acid, Sodium Chloride, Disodium EDTA, Methylchloroisothiazolinone, Me",niacinamide;vitamin-c,,,,,,,,,,,,,open_beauty_facts,false
9346720003107,brightening-texture,Grow Thicker Fuller 250mL,Grow,,"Aqua (Water), Cocamidopropyl Betaine, Sodium C14-16 Olefin Sulfonate, Sodium Chloride, Parfum (Fragrance), Coco-Glucoside, Niacinamide (Vitamin B3), Phenoxyethanol, Glycerin, Sodium Benzoate, Guar Hydroxypropyltrimonium Chloride, Limonene, Citric Acid, Polysorbate 20, Hydrolyzed Wheat Protein, Disodium EDTA, Citronellol, Citrus Aurantium Dulcis (Orange) Peel Oil, Citrus Aurantifolia (Key Lime) Peel Oil, Pelargonium Graveolens (Rose Geranium) Oil, Cananga Odorata (Ylang Ylang) Flower Oil, Pogoste",niacinamide,,,,,,,,,,,,,open_beauty_facts,false
9300666565891,brightening-texture,Dove Women Whole Body Deodorant Spray Sea Mist & Peony 230mL,Dove,,"Butane, Isobutane, Propane, Isohexadecane, C12-15 Alkyl Benzoate, Zinc Neodecanoate, Fragrance, PPG-14 Butyl Ether, Tocopheryl Acetate, Niacinamide, Helianthus Annuus (Sunflower) Seed Oil, Isopropyl Myristate, Octyldodecanol.",niacinamide,,,,,,,,,,,,,open_beauty_facts,false
3574661876412,brightening-texture,Ogx Progrowth + Peptide Conditioner 385mL,Ogx,,"Aqua/Water/Eau, Cetearyl Alcohol, Behentrimonium Chloride, Glycerin, Parfum/Fragrance, Pisum Sativum Peptide, Hydrolyzed Rice Protein, Niacinamide, Dimethicone, Isopropyl Myristate, Stearamidopropyl Dimethylamine, Isopropyl Alcohol, Coco-Caprylate/Caprate, Panthenol, Leuconostoc/Radish Root Ferment Filtrate, Steareth-20, Sodium Benzoate, Citric Acid, Sodium Hydroxide",niacinamide,,,,,,,,,,,,,open_beauty_facts,false
4987176038678,brightening-texture,Head & Shoulders Clean & Balanced 2in1 350mL,Head & Shoulders,,"WATER, SODIUM LAURETH SULFATE, SODIUM LAURYL SULFATE, SODIUM CHLORIDE, COCAMIDOPROPYL BETAINE, SODIUM XYLENESULFONATE, GLYCOL DISTEARATE, FRAGRANCE, SODIUM CITRATE, PIROCTONE OLAMINE, DIMETHICONOL, CITRIC ACID, SODIUM BENZOATE, SODIUM SALICYLATE, DIMETHICONE, GUAR HYDROXYPROPYLTRIMONIUM CHLORIDE, TEA-DODECYLBENZENESULFONATE, TETRASODIUM EDTA, TRIDECETH-10, NIACINAMIDE, PANTHENOL, TOCOPHERYL ACETATE, BENZYL ALCOHOL, PROPYLENE GLYCOL, METHYLCHLOROISOTHIAZOLINONE, METHYLISOTHIAZOLINONE, CI 42090, C",niacinamide,,,,,,,,,,,,,open_beauty_facts,false
4987176038609,brightening-texture,Head & Shoulders Shampoo Clean Balanced 400mL,Head & Shoulders,,"WATER, SODIUM LAURETH SULFATE, SODIUM LAURYL SULFATE, SODIUM CHLORIDE, COCAMIDOPROPYL BETAINE, SODIUM XYLENESULFONATE, GLYCOL DISTEARATE, FRAGRANCE, SODIUM CITRATE, PIROCTONE OLAMINE, DIMETHICONOL, CITRIC ACID, SODIUM BENZOATE, SODIUM SALICYLATE, GUAR HYDROXYPROPYLTRIMONIUM CHLORIDE, DIMETHICONE, TETRASODIUM EDTA, TEA-DODECYLBENZENESULFONATE, TRIDECETH-10, NIACINAMIDE, PANTHENOL, TOCOPHERYL ACETATE, BENZYL ALCOHOL, PROPYLENE GLYCOL, METHYLCHLOROISOTHIAZOLINONE, METHYLISOTHIAZOLINONE, CI 42090, C",niacinamide,,,,,,,,,,,,,open_beauty_facts,false
3574661876450,brightening-texture,Ogx Peptides Progrowth Shampoo 385mL,Ogx,,"Aqua/Water/Eau, Sodium C14-16 Ole_x001F_n Sulfonate, Cocamidopropyl Betaine, Decyl Glucoside, Mandelic Acid, Pisum Sativum Peptide, Hydrolyzed Rice Protein, Niacinamide, Starch Hydroxypropyltrimonium Chloride, Linoleamidopropyl PG-Dimonium Chloride Phosphate, Urea, Propylene Glycol, Coco-Glucoside, Panthenol, Glyceryl Oleate, Sodium Lactate, Lactic Acid, Benzoic Acid, Tocopheryl Acetate, Leuconostoc/Radish Root Ferment Filtrate, Tocopherol, Hydrogenated Palm Glycerides Citrate, Sodium Chloride, ",niacinamide,,,,,,,,,,,,,open_beauty_facts,false
4987176038562,brightening-texture,Head & Shoulders Shampoo Smooth & Silky 400mL,Head & Shoulders,,"WATER, SODIUM LAURETH SULFATE, SODIUM LAURYL SULFATE, SODIUM CHLORIDE, COCAMIDOPROPYL BETAINE, SODIUM XYLENESULFONATE, GLYCOL DISTEARATE, SODIUM CITRATE, FRAGRANCE, PIROCTONE OLAMINE, DIMETHICONOL, DIMETHICONE, CITRIC ACID, SODIUM SALICYLATE, SODIUM BENZOATE, GUAR HYDROXYPROPYLTRIMONIUM CHLORIDE, TEA-DODECYLBENZENESULFONATE, TETRASODIUM EDTA, TRIDECETH-10, NIACINAMIDE, PANTHENOL, TOCOPHERYL ACETATE, BENZYL ALCOHOL, PROPYLENE GLYCOL, METHYLCHLOROISOTHIAZOLINONE, METHYLISOTHIAZOLINONE",niacinamide,,,,,,,,,,,,,open_beauty_facts,false
3600524222901,brightening-texture,L'Oreal Elvive Growth Booster Conditioner 150mL,L'Oréal,,AQUA / WATER - CETEARYL ALCOHOL - GLYCERIN - ISOPROPYL MYRISTATE - STEARAMIDOPROPYL DIMETHYLAMINE - GLYCINE SOJA OIL / SOYBEAN OIL - PARFUM / FRAGRANCE - NIACINAMIDE - DIAMINOPYRIMIDINE OXIDE - COCO-CAPRYLATE/CAPRATE - HYDROXYPROPYL GUAR HYDROXYPROPYLTRIMONIUM CHLORIDE - HELIANTHUS ANNUUS SEED OIL / SUNFLOWER SEED OIL - SALICYLIC ACID - LIMONENE - BENZYL ALCOHOL - ZINGIBER OFFICINALE ROOT EXTRACT / GINGER ROOT EXTRACT - LINALOOL - CAPRYLYL GLYCOL - TARTARIC ACID - CETYL ESTERS - HEXYL CINNAMAL (,niacinamide,,,,,,,,,,,,,open_beauty_facts,false
4987176038500,brightening-texture,Head & Shoulders Anti-dandruff Shampoo Itchy Scalp Care 400mL,Head & Shoulders,,"WATER, SODIUM LAURETH SULFATE, SODIUM LAURYL SULFATE, SODIUM CHLORIDE, COCAMIDOPROPYL BETAINE, SODIUM XYLENESULFONATE, GLYCOL DISTEARATE, FRAGRANCE, SODIUM CITRATE, PIROCTONE OLAMINE, DIMETHICONOL, CITRIC ACID, SODIUM BENZOATE, SODIUM SALICYLATE, GUAR HYDROXYPROPYLTRIMONIUM CHLORIDE, DIMETHICONE, TETRASODIUM EDTA, TEA-DODECYLBENZENESULFONATE, TRIDECETH-10, NIACINAMIDE, PROPYLENE GLYCOL, PANTHENOL, EUCALYPTUS GLOBULUS LEAF EXTRACT, TOCOPHERYL ACETATE, MENTHOL, MENTHA ARVENSIS LEAF/STEM OIL, MENTH",niacinamide,,,,,,,,,,,,,open_beauty_facts,false
4987176038661,brightening-texture,Head & Shoulders Anti-dandruff Shampoo + Conditioner Itchy Scalp Care 350mL,Head & Shoulders,,"WATER, SODIUM LAURETH SULFATE, SODIUM LAURYL SULFATE, SODIUM CHLORIDE, COCAMIDOPROPYL BETAINE, SODIUM XYLENESULFONATE, GLYCOL DISTEARATE, FRAGRANCE, SODIUM CITRATE, PIROCTONE OLAMINE, DIMETHICONOL, CITRIC ACID, SODIUM BENZOATE, SODIUM SALICYLATE, DIMETHICONE, GUAR HYDROXYPROPYLTRIMONIUM CHLORIDE, TEA-DODECYLBENZENESULFONATE, TETRASODIUM EDTA, TRIDECETH-10, NIACINAMIDE, PROPYLENE GLYCOL, PANTHENOL, EUCALYPTUS GLOBULUS LEAF EXTRACT, TOCOPHERYL ACETATE, MENTHOL, MENTHA ARVENSIS LEAF/STEM OIL, MENTH",niacinamide,,,,,,,,,,,,,open_beauty_facts,false
3574661881607,brightening-texture,Ogx Progrowth + Peptide Mist 193mL,Ogx,,"Aqua/Water/Eau, Isopentyldiol, Oleth-10, Ethylhexylglycerin,Parfum/Fragrance, Pisum Sativum Peptide, Hydrolyzed Rice Protein,Niacinamide, Propoxytetramethyl Piperidinyl Dimethicone, Trideceth-6,Panthenol, Cetrimonium Chloride, Tocopherol, Leuconostoc/Radish Root Ferment Filtrate, C11-15 Alketh-7, PVP, Sodium Acetate, Disodium EDTA,Citric Acid, Phenoxyethanol, Sodium Benzoate, Rose Ketones",niacinamide,,,,,,,,,,,,,open_beauty_facts,false
3600524222925,brightening-texture,L'Oreal Elvive Growth Booster Shampoo 200mL,L'Oréal,,AQUA / WATER - SODIUM C14-16 OLEFIN SULFONATE - COCAMIDOPROPYL BETAINE - LAURETH-5 CARBOXYLIC ACID - PARFUM / FRAGRANCE - SODIUM CHLORIDE - NIACINAMIDE - DIAMINOPYRIMIDINE OXIDE - SODIUM HYDROXIDE - SODIUM BENZOATE - PEG-55 PROPYLENE GLYCOL OLEATE - SALICYLIC ACID - POLYQUATERNIUM-67 - LIMONENE - BENZOIC ACID - BENZYL ALCOHOL - ZINGIBER OFFICINALE ROOT EXTRACT / GINGER ROOT EXTRACT - LINALOOL - PROPYLENE GLYCOL - CAPRYLYL/CAPRYL GLUCOSIDE - CITRIC ACID - HEXYLENE GLYCOL - HEXYL CINNAMAL (F.I.L. ,niacinamide,,,,,,,,,,,,,open_beauty_facts,false
9344329280141,brightening-texture,Maybelline Face Lifter 112 Foundation 30mL,Maybelline,,G682521 1 - INGREDIENTS: AQUA / WATER - ISOHEXADECANE - ISODODECANE - DIMETHICONE - GLYCERIN - PEG-9 POLYDIMETHYLSILOXYETHYL DIMETHICONE - BUTYLENE GLYCOL - NIACINAMIDE - DIMETHICONE CROSSPOLYMER - DISTEARDIMONIUM HECTORITE - SYNTHETIC FLUORPHLOGOPITE - PEG-10 DIMETHICONE - KAOLIN - CETYL PEG/PPG-10/1 DIMETHICONE - PHENOXYETHANOL - SODIUM CHLORIDE - POLYGLYCERYL-4 ISOSTEARATE - CAPRYLYL GLYCOL - SILICA - DISODIUM STEAROYL GLUTAMATE - ETHYLHEXYLGLYCERIN - BUTYROSPERMUM PARKII BUTTER / SHEA BUTTER,niacinamide;hyaluronic-acid,,,,,,,,,,,,,open_beauty_facts,false
4987176229717,brightening-texture,Head & Shoulders Anti-dandruff Shampoo + Conditioner Smooth & Silky 350mL,Head & Shoulders,,"WATER, SODIUM LAURETH SULFATE, SODIUM LAURYL SULFATE, SODIUM CHLORIDE, COCAMIDOPROPYL BETAINE, SODIUM XYLENESULFONATE, GLYCOL DISTEARATE, SODIUM CITRATE, FRAGRANCE, DIMETHICONOL, PIROCTONE OLAMINE, DIMETHICONE, CITRIC ACID, SODIUM SALICYLATE, SODIUM BENZOATE, GUAR HYDROXYPROPYLTRIMONIUM CHLORIDE, TEA-DODECYLBENZENESULFONATE, TETRASODIUM EDTA, TRIDECETH-10, NIACINAMIDE, PANTHENOL, TOCOPHERYL ACETATE, BENZYL ALCOHOL, PROPYLENE GLYCOL, METHYLCHLOROISOTHIAZOLINONE, METHYLISOTHIAZOLINONE",niacinamide,,,,,,,,,,,,,open_beauty_facts,false
4987176038623,brightening-texture,Head & Shoulders Anti-dandruff Shampoo + Conditioner Instant Oil Control 350mL,Head & Shoulders,,"WATER, SODIUM LAURETH SULFATE, SODIUM LAURYL SULFATE, SODIUM CHLORIDE, COCAMIDOPROPYL BETAINE, SODIUM XYLENESULFONATE, GLYCOL DISTEARATE, FRAGRANCE, SODIUM CITRATE, PIROCTONE OLAMINE, DIMETHICONOL, CITRIC ACID, DIMETHICONE, SODIUM SALICYLATE, SODIUM BENZOATE, GUAR HYDROXYPROPYLTRIMONIUM CHLORIDE, TEA-DODECYLBENZENESULFONATE, TETRASODIUM EDTA, TRIDECETH-10, NIACINAMIDE, PROPYLENE GLYCOL, PANTHENOL, TOCOPHERYL ACETATE, CITRUS LIMON (LEMON) FRUIT EXTRACT, METHYLCHLOROISOTHIAZOLINONE, METHYLISOTHIAZ",niacinamide,,,,,,,,,,,,,open_beauty_facts,false
4987176038555,brightening-texture,Head & Shoulders Anti-dandruff Shampoo Apple Fresh 400mL,Head & Shoulders,,"WATER, SODIUM LAURETH SULFATE, SODIUM LAURYL SULFATE, SODIUM CHLORIDE, COCAMIDOPROPYL BETAINE, SODIUM XYLENESULFONATE, GLYCOL DISTEARATE, SODIUM CITRATE, FRAGRANCE, PIROCTONE OLAMINE, DIMETHICONOL, CITRIC ACID, SODIUM BENZOATE, SODIUM SALICYLATE, GUAR HYDROXYPROPYLTRIMONIUM CHLORIDE, DIMETHICONE, TETRASODIUM EDTA, TEA-DODECYLBENZENESULFONATE, TRIDECETH-10, NIACINAMIDE, PANTHENOL, TOCOPHERYL ACETATE, BENZYL ALCOHOL, PROPYLENE GLYCOL, METHYLCHLOROISOTHIAZOLINONE, METHYLISOTHIAZOLINONE, CI 19140, C",niacinamide,,,,,,,,,,,,,open_beauty_facts,false
9309000350131,brightening-texture,Hairification Pure Grow Hair Growth Intensifying Serum 50mL,Hairification,,"Water (Aqua), Glycerin, Propanediol, Hydrolyzed Soy Protein, Panthenol, Zinc PCA, Glucose, Ornithine HCl, Niacinamide, Arginine HCl, Panax Ginseng Root Extract, Citrulline, Glucosamine HCl, Pyridoxine HCl, Allium Cepa (Onion) Bulb Extract, Biotin, Larix Europaea Wood Extract, Glycine, Zinc Chloride, Camellia Sinensis Leaf Extract, Polyquaternium-7, Coffea Arabica (Coffee) Seed Extract, Sodium Metabisulfite, Guar Hydroxypropyltrimonium Chloride, PEG-40 Hydrogenated Castor Oil, Citric Acid, Fragra",niacinamide,,,,,,,,,,,,,open_beauty_facts,false
4987176161246,brightening-texture,Head & Shoulders Anti-dandruff Shampoo + Conditioner Sensitive Scalp Care 350mL,Head & Shoulders,,"WATER, SODIUM LAURETH SULFATE, SODIUM LAURYL SULFATE, SODIUM CHLORIDE, COCAMIDOPROPYL BETAINE, SODIUM XYLENESULFONATE, GLYCOL DISTEARATE, SODIUM CITRATE, PIROCTONE OLAMINE, DIMETHICONOL, FRAGRANCE, DIMETHICONE, CITRIC ACID, SODIUM BENZOATE, SODIUM SALICYLATE, GUAR HYDROXYPROPYLTRIMONIUM CHLORIDE, TEA-DODECYLBENZENESULFONATE, TETRASODIUM EDTA, TRIDECETH-10, NIACINAMIDE, PANTHENOL, TOCOPHERYL ACETATE, ALOE BARBADENSIS LEAF JUICE, BENZYL ALCOHOL, PROPYLENE GLYCOL, METHYLCHLOROISOTHIAZOLINONE, METHY",niacinamide,,,,,,,,,,,,,open_beauty_facts,false
3600524122867,brightening-texture,L'Oreal Paris Bright Reveal Moisturiser Day Cream SPF 15 50mL,L'Oréal,,2071526 32D - INGREDIENTS: AQUA / WATER - DIISOPROPYL SEBACATE - DIISOPROPYL ADIPATE - SILICA - BIS-ETHYLHEXYLOXYPHENOL METHOXYPHENYL TRIAZINE - ETHYLHEXYL TRIAZONE - PROPYLENE GLYCOL - BUTYL METHOXYDIBENZOYLMETHANE - ALCOHOL DENAT. - C12-15 ALKYL BENZOATE - NIACINAMIDE - ALUMINUM STARCH OCTENYLSUCCINATE - DIPROPYLENE GLYCOL - STEARIC ACID - POTASSIUM CETYL PHOSPHATE - METHOXYPROPYLAMINO CYCLOHEXENYLIDENE ETHOXYETHYLCYANOACETATE - ORYZA SATIVA CERA / RICE BRAN WAX - CI 16035 / RED 40 - TOCOPHERO,niacinamide,,,,,,,,,,,,,open_beauty_facts,false
4987176229724,brightening-texture,Head & Shoulders Anti-dandruff Shampoo + Conditioner Apple Fresh 350mL,Head & Shoulders,,"WATER, SODIUM LAURETH SULFATE, SODIUM LAURYL SULFATE, SODIUM CHLORIDE, COCAMIDOPROPYL BETAINE, SODIUM XYLENESULFONATE, GLYCOL DISTEARATE, SODIUM CITRATE, FRAGRANCE, PIROCTONE OLAMINE, DIMETHICONOL, CITRIC ACID, DIMETHICONE, SODIUM SALICYLATE, SODIUM BENZOATE, GUAR HYDROXYPROPYLTRIMONIUM CHLORIDE, TEA-DODECYLBENZENESULFONATE, TETRASODIUM EDTA, TRIDECETH-10, NIACINAMIDE, PANTHENOL, TOCOPHERYL ACETATE, BENZYL ALCOHOL, PROPYLENE GLYCOL, METHYLCHLOROISOTHIAZOLINONE, METHYLISOTHIAZOLINONE, CI 19140, C",niacinamide,,,,,,,,,,,,,open_beauty_facts,false
9344329280189,brightening-texture,Maybelline Face Lifter 220 Foundation 30mL,Maybelline,,G682521 1 - INGREDIENTS: AQUA / WATER - ISOHEXADECANE - ISODODECANE - DIMETHICONE - GLYCERIN - PEG-9 POLYDIMETHYLSILOXYETHYL DIMETHICONE - BUTYLENE GLYCOL - NIACINAMIDE - DIMETHICONE CROSSPOLYMER - DISTEARDIMONIUM HECTORITE - SYNTHETIC FLUORPHLOGOPITE - PEG-10 DIMETHICONE - KAOLIN - CETYL PEG/PPG-10/1 DIMETHICONE - PHENOXYETHANOL - SODIUM CHLORIDE - POLYGLYCERYL-4 ISOSTEARATE - CAPRYLYL GLYCOL - SILICA - DISODIUM STEAROYL GLUTAMATE - ETHYLHEXYLGLYCERIN - BUTYROSPERMUM PARKII BUTTER / SHEA BUTTER,niacinamide;hyaluronic-acid,,,,,,,,,,,,,open_beauty_facts,false
9344329280370,brightening-texture,Maybelline Face Lifter 368 Foundation 30mL,Maybelline,,G682521 1 - INGREDIENTS: AQUA / WATER - ISOHEXADECANE - ISODODECANE - DIMETHICONE - GLYCERIN - PEG-9 POLYDIMETHYLSILOXYETHYL DIMETHICONE - BUTYLENE GLYCOL - NIACINAMIDE - DIMETHICONE CROSSPOLYMER - DISTEARDIMONIUM HECTORITE - SYNTHETIC FLUORPHLOGOPITE - PEG-10 DIMETHICONE - KAOLIN - CETYL PEG/PPG-10/1 DIMETHICONE - PHENOXYETHANOL - SODIUM CHLORIDE - POLYGLYCERYL-4 ISOSTEARATE - CAPRYLYL GLYCOL - SILICA - DISODIUM STEAROYL GLUTAMATE - ETHYLHEXYLGLYCERIN - BUTYROSPERMUM PARKII BUTTER / SHEA BUTTER,niacinamide;hyaluronic-acid,,,,,,,,,,,,,open_beauty_facts,false
9344329278384,brightening-texture,L'oreal Paris True Match Radiant Serum Concealer 1n 10mL,L'Oréal,,G2047921 - INGREDIENTS: AQUA / WATER - ISODODECANE - DIMETHICONE - ALCOHOL DENAT. - BUTYLENE GLYCOL - GLYCERIN - TRIMETHYLSILOXYSILICATE - DIPHENYLSILOXY PHENYL TRIMETHICONE - SYNTHETIC FLUORPHLOGOPITE - PEG-10 DIMETHICONE - NIACINAMIDE - SODIUM HYALURONATE - SILICA - DISTEARDIMONIUM HECTORITE - ISOPROPYL LAUROYL SARCOSINATE - DIISOPROPYL SEBACATE - MAGNESIUM SULFATE - DIMETHICONE/VINYL DIMETHICONE CROSSPOLYMER - BIS-PEG/PPG-14/14 DIMETHICONE - DISODIUM STEAROYL GLUTAMATE - PHENOXYETHANOL - PROP,niacinamide;hyaluronic-acid,,,,,,,,,,,,,open_beauty_facts,false
9344329278612,brightening-texture,L'Oreal Paris True Match Radiant Serum Concealer 2c 10mL,L'Oréal,,G2047921 - INGREDIENTS: AQUA / WATER - ISODODECANE - DIMETHICONE - ALCOHOL DENAT. - BUTYLENE GLYCOL - GLYCERIN - TRIMETHYLSILOXYSILICATE - DIPHENYLSILOXY PHENYL TRIMETHICONE - SYNTHETIC FLUORPHLOGOPITE - PEG-10 DIMETHICONE - NIACINAMIDE - SODIUM HYALURONATE - SILICA - DISTEARDIMONIUM HECTORITE - ISOPROPYL LAUROYL SARCOSINATE - DIISOPROPYL SEBACATE - MAGNESIUM SULFATE - DIMETHICONE/VINYL DIMETHICONE CROSSPOLYMER - BIS-PEG/PPG-14/14 DIMETHICONE - DISODIUM STEAROYL GLUTAMATE - PHENOXYETHANOL - PROP,niacinamide;hyaluronic-acid,,,,,,,,,,,,,open_beauty_facts,false
4902430759540,brightening-texture,Olay Luminous Hyaluronic Super Serum 30mL,Olay,,"Water, Hexyldecanol, Niacinamide, Pentylene Glycol, Glycerin, Butylene Glycol, Xylitol, Tapioca Starch, Panthenol, Phytosteryl/Octyldodecyl Lauroyl Glutamate, Dimethicone, Boron Nitride, Polysorbate 20, Tocopheryl Acetate, Mica, Acrylates/C10-30 Alkyl Acrylate Crosspolymer, Inositol, Phenoxyethanol, PEG-11 Methyl Ether Dimethicone, Dimethicone/Vinyl Dimethicone Crosspolymer, Polyacrylamide, Benzyl Alcohol, Undecylenoyl Phenylalanine, Aminomethyl Propanol, C13-14 Isoparaffin, Fragrance, Sodium Hy",niacinamide;hyaluronic-acid,,,,,,,,,,,,,open_beauty_facts,false
4902430734066,brightening-texture,Olay Luminous Niacinamide Super Serum 30mL,Olay Luminous,,"Water, Hexyldecanol, Niacinamide, Pentylene Glycol, Glycerin, Butylene Glycol, Xylitol, Tapioca Starch, Panthenol, Phytosteryl/Octyldodecyl Lauroyl Glutamate, Dimethicone, Boron Nitride, Polysorbate 20, Tocopheryl Acetate, Mica, Acrylates/C10-30 Alkyl Acrylate Crosspolymer, Inositol, Phenoxyethanol, Peg-11 Methyl Ether Dimethicone, Dimethicone/Vinyl Dimethicone Crosspolymer, Polyacrylamide, Benzyl Alcohol, Undecylenoyl Phenylalanine, Aminomethyl Propanol, C13-14 Isoparaffin, Disodium Edta, Sodiu",niacinamide,,,,,,,,,,,,,open_beauty_facts,false
4987176238719,brightening-texture,Olay Luminous Vitamin C Sensitive Serum 30mL,Olay Luminous,,"Water, Glycerin, Dimethicone, Niacinamide, Lactic Acid, Polyacrylate Crosspolymer-6, Trehalose, Sodium Lactate, Panthenol, 3-O-Ethyl Ascorbic Acid, Peg-11 Methyl Ether Dimethicone, Sodium Benzoate, T-Butyl Alcohol",niacinamide;vitamin-c,,,,,,,,,,,,,open_beauty_facts,false
4987176209740,brightening-texture,Olay Eyes Pro- Retinol Eye Treatment 15mL,Olay,,"Water, Glycerin, Niacinamide, C12-15 Alkyl Benzoate Dimethicone, Polyethylene, Stearyl Alcohol, Cetyl Palmitate, Caprylic/Capric Triglyceride, Cetyl Alcohol, Behenyl Alcohol, Sodium Acrylate/Sodium Acryloyldimethyl Taurate Copolymer, Panthenol, Tocopheryl Acetate, Isohexadecane, Retinyl Propionate, Cetyl Ricinoleate, DMDM Hydantoin, Carbomer, Carnosine, Polysorbate 80, PEG-100 Stearate, Polysorbate 20, Disodium EDTA, Palmitic Acid, Stearic Acid, Sodium Hydroxide, BHT, Butylene Acid, Sodium Hydro",niacinamide,,,,,,,,,,,,,open_beauty_facts,false
4987176325402,brightening-texture,Olay Ultra Firming Serum 30mL,Olay,,"Water, Dimethicone, Lauroyl Lysine, Pentylene Glycol, Silica, Gluconolactone, Dipropylene Glycol, Glycerin, Isopropyl Lauroyl Sarcosinate, Propylene Glycol, Sodium Gluconate, Niacinamide, Trehalose, Polyacrylate Crosspolymer-6, Boron Nitride, Bakuchiol, Panthenol, Lactic Acid, 4-T-Butylcyclohexanol, Hydroxycinnamic Acid, Sorbitan Stearate, Tetrahydrocurcumin, Fragrance, Peg-11 Methyl Ether Dimethicone, Disodium Edta, Butylene Glycol, Sodium Benzoate, Sodium Sulfite, Acetyl Hexapeptide-8, Tripept",niacinamide,,,,,,,,,,,,,open_beauty_facts,false
4902430917681,brightening-texture,OLAY EYES,Olay,,"Water, Dimethicone, Glycerin, Dimethicone Crosspolymer, Polyacrylamide, C13-14 Isoparaffin, Titanium Dioxide, Retinyl Propionate, Dmdm Hydantoin, Laureth-4, Polysorbate 20, Acrylates/C10-30 Alkyl Acrylate Crosspolymer, Laureth-7, Dimethiconol, Aminomethyl Propanol, Disodium Edta, Butylene Glycol, Iodopropynyl Butylcarbamate, Niacinamide, Tocopheryl Acetate, Caprylic/Capric Triglyceride, Retinol",niacinamide;retinol-cosmetic,,,,,,,,,,,,,open_beauty_facts,false
4987176107695,brightening-texture,Olay Regenerist Antioxidant Cream 50g,Olay,,"Water, Glycerin, Isohexadecane, Niacinamide, Dimethicone, Lactic Acid, Isopropyl Isostearate, Sodium Polyacryloyldimethyl Taurate, Stearyl Alcohol, Cetyl Alcohol, Sodium Lactate, Panthenol, Behenyl Alcohol, 3-O-Ethyl Ascorbic Acid, Dimethiconol, Peg-100 Stearate, Cetearyl Alcohol, Cetearyl Glucoside, Palmitic Acid, Sodium Benzoate, Stearic Acid, Fragrance, Trehalose, Tocopherol, Palmitoyl Pentapeptide-4",niacinamide;vitamin-c,,,,,,,,,,,,,open_beauty_facts,false
4987176168634,brightening-texture,Olay Luminous Hyaluron + Niacinamide Gel Serum 30mL,Olay,,"Water, Glycerin, Dimethicone, Niacinamide, Sodium Hyaluronate, Panthenol, Polyacrylamide, Phenoxyethanol, Dimethiconol, C13-14 Isoparaffin, Laureth-4, Polysorbate 20, Hydroxyacetophenone, Ethylhexylglycerin, Laureth-7, Disodium Edta",niacinamide;hyaluronic-acid,,,,,,,,,,,,,open_beauty_facts,false
9421027316461,brightening-texture,Glow Lab Smoothing Hair Mask Coconut & Vanilla 390mL,Glow Lab,,"Aqua (Water), Cetyl Alcohol, Helianthus Annuus (Sunflower) Seed Oil, Cetearyl Alcohol, Behentrimonium Methosulfate, Butyrospermum Parkii (Shea) Butter, Macadamia Ternifolia Seed Oil, Cocos Nucifera (Coconut) Oil, Niacinamide (Vitamin B3), Ceteareth-20, Glyceryl Stearate, Polyquaternium-10, Tocopheryl Acetate (Vitamin E), Ascorbyl Tetraisopalmitate (Vitamin C), Citric Acid, Sodium Benzoate, Phenoxyethanol, Fragrance (Essential Oil Blend), Coumarin, Limonene.",niacinamide,,,,,,,,,,,,,open_beauty_facts,false
9421027316430,brightening-texture,Glow Lab Hydrating Hair Mask Aloe Vera & Cucumber 390mL,Glow Lab,,"Aqua (Water), Cetyl Alcohol, Helianthus Annuus (Sunflower) Seed Oil, Behentrimonium Methosulfate, Cetearyl Alcohol, Butyrospermum Parkii (Shea) Butter, Sodium Hyaluronate, Aloe Barbadensis (Aloe Vera) Leaf Extract, Niacinamide (Vitamin B3), Ceteareth-20, Polyquaternium-10, Tocopheryl Acetate (Vitamin E), Ascorbyl Tetraisopalmitate (Vitamin C), Citric Acid, Sodium Benzoate, Phenoxyethanol, Fragrance (Essential Oil Blend), Citronellol, Hydroxycitronellal, Linalool.",niacinamide;hyaluronic-acid,,,,,,,,,,,,,open_beauty_facts,false
9344329280172,brightening-texture,Maybelline Lifter Plump & Glow Foundation Shade 120 SPF15 30mL,Maybelline,,G682521 1 - INGREDIENTS: AQUA / WATER - ISOHEXADECANE - ISODODECANE - DIMETHICONE - GLYCERIN - PEG-9 POLYDIMETHYLSILOXYETHYL DIMETHICONE - BUTYLENE GLYCOL - NIACINAMIDE - DIMETHICONE CROSSPOLYMER - DISTEARDIMONIUM HECTORITE - SYNTHETIC FLUORPHLOGOPITE - PEG-10 DIMETHICONE - KAOLIN - CETYL PEG/PPG-10/1 DIMETHICONE - PHENOXYETHANOL - SODIUM CHLORIDE - POLYGLYCERYL-4 ISOSTEARATE - CAPRYLYL GLYCOL - SILICA - DISODIUM STEAROYL GLUTAMATE - ETHYLHEXYLGLYCERIN - BUTYROSPERMUM PARKII BUTTER / SHEA BUTTER,niacinamide;hyaluronic-acid,,,,,,,,,,,,,open_beauty_facts,false
9344329280165,brightening-texture,Maybelline Lifter Plump & Glow Foundation Shade 119 SPF15 30mL,Maybelline,,G682521 1 - INGREDIENTS: AQUA / WATER - ISOHEXADECANE - ISODODECANE - DIMETHICONE - GLYCERIN - PEG-9 POLYDIMETHYLSILOXYETHYL DIMETHICONE - BUTYLENE GLYCOL - NIACINAMIDE - DIMETHICONE CROSSPOLYMER - DISTEARDIMONIUM HECTORITE - SYNTHETIC FLUORPHLOGOPITE - PEG-10 DIMETHICONE - KAOLIN - CETYL PEG/PPG-10/1 DIMETHICONE - PHENOXYETHANOL - SODIUM CHLORIDE - POLYGLYCERYL-4 ISOSTEARATE - CAPRYLYL GLYCOL - SILICA - DISODIUM STEAROYL GLUTAMATE - ETHYLHEXYLGLYCERIN - BUTYROSPERMUM PARKII BUTTER / SHEA BUTTER,niacinamide;hyaluronic-acid,,,,,,,,,,,,,open_beauty_facts,false
9344329280158,brightening-texture,Maybelline Lifter Plump & Glow Foundation Shade 114 SPF15 30mL,Maybelline,,G682521 1 - INGREDIENTS: AQUA / WATER - ISOHEXADECANE - ISODODECANE - DIMETHICONE - GLYCERIN - PEG-9 POLYDIMETHYLSILOXYETHYL DIMETHICONE - BUTYLENE GLYCOL - NIACINAMIDE - DIMETHICONE CROSSPOLYMER - DISTEARDIMONIUM HECTORITE - SYNTHETIC FLUORPHLOGOPITE - PEG-10 DIMETHICONE - KAOLIN - CETYL PEG/PPG-10/1 DIMETHICONE - PHENOXYETHANOL - SODIUM CHLORIDE - POLYGLYCERYL-4 ISOSTEARATE - CAPRYLYL GLYCOL - SILICA - DISODIUM STEAROYL GLUTAMATE - ETHYLHEXYLGLYCERIN - BUTYROSPERMUM PARKII BUTTER / SHEA BUTTER,niacinamide;hyaluronic-acid,,,,,,,,,,,,,open_beauty_facts,false
9344329270326,brightening-texture,Maybelline Poreless Jelly Primer 30mL,Maybelline,,"AQUA / WATER / EAU, BUTYLENE GLYCOL, GLYCERIN, SODIUM ACRYLATES CROSSPOLYMER-2, NIACINAMIDE, DIPROPYLENE GLYCOL, 1,2-HEXANEDIOL, CARBOMER, AMINOMETHYL PROPANEDIOL, CAPRYLYL GLYCOL, PPG-26-BUTETH-26, PEG-40 HYDROGENATED CASTOR OIL, [+/- MAY CONTAIN / PEUT CONTENIR CI 42090 / BLUE 1] (F.I.L T70047393/1). Please be aware that ingredient lists for the products of our brand are updated regularly. Please refer to the ingredient list on your product package for the most up to date list of ingredients t",niacinamide,,,,,,,,,,,,,open_beauty_facts,false
9344329264882,brightening-texture,Maybelline Superstay Lumi 30H Matte Foundation 119 each,Maybelline,,"G2063420, AQUA / WATER, DIMETHICONE, ISODODECANE, ALCOHOL, TRIMETHYLSILOXYSILICATE, BUTYLENE GLYCOL, PEG-10 DIMETHICONE, PERLITE, SYNTHETIC FLUORPHLOGOPITE, NYLON-12, ISOPROPYL LAUROYL SARCOSINATE, DIISOPROPYL SEBACATE, HDI/TRIMETHYLOL HEXYLLACTONE CROSSPOLYMER, BIS-PEG/PPG-14/14 DIMETHICONE, DISTEARDIMONIUM HECTORITE, MAGNESIUM SULFATE, PHENOXYETHANOL, DISODIUM STEAROYL GLUTAMATE, SILICA SILYLATE, DIPENTAERYTHRITYL TETRAHYDROXYSTEARATE/TETRAISOSTEARATE, HYDROLYZED SOY PROTEIN, PROLINE, PEG/PPG/",niacinamide,,,,,,,,,,,,,open_beauty_facts,false
9344329264875,brightening-texture,Maybelline Superstay Lumi 30H Matte Foundation 115 each,Maybelline,,"G2063420, AQUA / WATER, DIMETHICONE, ISODODECANE, ALCOHOL, TRIMETHYLSILOXYSILICATE, BUTYLENE GLYCOL, PEG-10 DIMETHICONE, PERLITE, SYNTHETIC FLUORPHLOGOPITE, NYLON-12, ISOPROPYL LAUROYL SARCOSINATE, DIISOPROPYL SEBACATE, HDI/TRIMETHYLOL HEXYLLACTONE CROSSPOLYMER, BIS-PEG/PPG-14/14 DIMETHICONE, DISTEARDIMONIUM HECTORITE, MAGNESIUM SULFATE, PHENOXYETHANOL, DISODIUM STEAROYL GLUTAMATE, SILICA SILYLATE, DIPENTAERYTHRITYL TETRAHYDROXYSTEARATE/TETRAISOSTEARATE, HYDROLYZED SOY PROTEIN, PROLINE, PEG/PPG/",niacinamide,,,,,,,,,,,,,open_beauty_facts,false
9344329264868,brightening-texture,Maybelline Superstay Lumi 30H Matte Foundation 98 each,Maybelline,,"G2063420, AQUA / WATER, DIMETHICONE, ISODODECANE, ALCOHOL, TRIMETHYLSILOXYSILICATE, BUTYLENE GLYCOL, PEG-10 DIMETHICONE, PERLITE, SYNTHETIC FLUORPHLOGOPITE, NYLON-12, ISOPROPYL LAUROYL SARCOSINATE, DIISOPROPYL SEBACATE, HDI/TRIMETHYLOL HEXYLLACTONE CROSSPOLYMER, BIS-PEG/PPG-14/14 DIMETHICONE, DISTEARDIMONIUM HECTORITE, MAGNESIUM SULFATE, PHENOXYETHANOL, DISODIUM STEAROYL GLUTAMATE, SILICA SILYLATE, DIPENTAERYTHRITYL TETRAHYDROXYSTEARATE/TETRAISOSTEARATE, HYDROLYZED SOY PROTEIN, PROLINE, PEG/PPG/",niacinamide,,,,,,,,,,,,,open_beauty_facts,false
9312825697220,brightening-texture,L'Oreal Paris Age Perfect Day Cream 50mL,L'Oréal Paris,,909224 11 - INGREDIENTS: AQUA / WATER - CAPRYLIC/CAPRIC TRIGLYCERIDE - CYCLOHEXASILOXANE - GLYCERIN - CETYL ALCOHOL - GLYCERYL STEARATE - NIACINAMIDE - MYRISTYL MYRISTATE - HYDROLYZED SOY PROTEIN - PEG-40 STEARATE - LIMNANTHES ALBA SEED OIL / MEADOWFOAM SEED OIL - HYDROXYETHYLPIPERAZINE ETHANE SULFONIC ACID - OCTYLDODECANOL - ACETYL TETRAPEPTIDE-9 - CALCIUM PANTETHEINE SULFONATE - CAPRYLOYL SALICYLIC ACID - DISODIUM EDTA - HYDROXYPALMITOYL SPHINGANINE - PALMITOYL TETRAPEPTIDE-7 - PALMITOYL TRIPE,niacinamide,,,,,,,,,,,,,open_beauty_facts,false
9309002901010,brightening-texture,Soma Body Wash Almond & Vanille 750mL,Soma,,"(&gt;98% Naturally Derived); Aqua, Cocamidopropyl Betaine, Sodium Coco-Sulfate, Cocamide MEA, Sodium Chloride, Glycerin, Aloe Barbadensis Leaf Juice (Aloe Vera), Tocopherol (Vitamin E), Niacinamide, Panthenol (Provitamin B5), Terminalia Ferdinandiana Fruit Extract (Kakadu Plum), Helianthus Annuus Seed Oil (Sunflower Oil), Potassium Sorbate, Sodium Benzoate, Benzyl Alcohol, Parfum, Citric Acid, Natural Annatto CI75120, &lt;1% Phenoxyethanol.",niacinamide,,,,,,,,,,,,,open_beauty_facts,false
9309002901003,brightening-texture,Soma Body Wash Amber & Jasmine 750mL,Soma,,"(&gt;98% Naturally Derived); Aqua, Cocamidopropyl Betaine, Sodium
Coco-Sulfate, Cocamide MEA, Sodium Chloride, Glycerin, Aloe Barbadensis Leaf Juice (Aloe Vera), Tocopherol (Vitamin E), Niacinamide, Panthenol (Provitamin B5),
Terminalia Ferdinandiana Fruit Extract (Kakadu Plum), Helianthus Annuus Seed Oil
(Sunflower Oil), Potassium Sorbate, Sodium Benzoate, Benzyl Alcohol, Parfum
(Fragrance), Citric Acid, Natural Annatto CI75120, &lt;1% Phenoxyethanol.",niacinamide,,,,,,,,,,,,,open_beauty_facts,false
9300830099252,brightening-texture,Vaseline Gluta-Hya Body Lotion Overnight Renewal 200mL,Vaseline,,"Water, Dimethicone, Glycerin, Isohexadecane, Niacinamide, Glutathione, Sodium Hyaluronate, Hydrolysed Sodium Hyaluronate, Sodium Hyaluronate Crosspolymer, Sodium Acetylated Hyaluronate, Acetyl Hexapeptide-8, Hydrolysed Collagen, Albizia Julibrissin (Persian Silk Tree) Bark Extract, Glycine, Cystine, Sodium PCA, Tocopherol, Petrolatum, Carbomer, Acrylates/C10-30 Alkyl Acrylate Crosspolymer, Pentylene Glycol, Ethylhexylglycerin, Disodium EDTA, Phenoxyethanol, Methylparaben, Sodium Benzoate, BHT, C",niacinamide;hyaluronic-acid,,,,,,,,,,,,,open_beauty_facts,false
9300830099221,brightening-texture,Vaseline Gluta-Hya Serum Burst Lotion Perfectly Smooth 200mL,Vaseline,,"Water, Dimethicone, Niacinamide, Isohexadecane, Glycerin, Glutathione, Sodium Hyaluronate, Sodium Hyaluronate Crosspolymer, Sodium Acetylated Hyaluronate, Hydrolysed Sodium Hyaluronate, Glycolic Acid, Salicylic Acid, Lactic Acid, Gluconolactone, Glycine, Cystine, Sodium PCA, Tocopherol, Propylene Glycol, Petrolatum, Carbomer, Acrylates/C10-30 Alkyl Acrylate Crosspolymer, Pentylene Glycol, Ethylhexylglycerin, Disodium EDTA, Phenoxyethanol, Methylparaben, BHT, Fragrance, Titanium Dioxide.",niacinamide;hyaluronic-acid,,,,,,,,,,,,,open_beauty_facts,false
9300830092130,brightening-texture,Vaseline Gluta-Hya Body Lotion Pro-Age Restore 200mL,Vaseline,,"Water, Dimethicone, Glycerin, Isohexadecane, Niacinamide, Glutathione, Sodium Hyaluronate, Hydrolysed Collagen, Glycine, Cystine, Sodium PCA, Tocopherol, Petrolatum, Carbomer, Acrylates/C10-30 Alkyl Acrylate Crosspolymer, Disodium EDTA, Phenoxyethanol, Methylparaben, Fragrance, Titanium Dioxide.",niacinamide;hyaluronic-acid,,,,,,,,,,,,,open_beauty_facts,false
9300830092123,brightening-texture,Vaseline Gluta-Hya Body Lotion Flawless Glow 200mL,Vaseline,,"Water, Ethylhexyl Methoxycinnamate, Niacinamide, Glycerin, Glutathione, Sodium Hyaluronate, Retinyl Palmitate, Glycine, Cystine, Sodium PCA, Butyl Methoxydibenzoylmethane, Helianthus Annuus (Sunflower) Seed Oil, Tocopherol, Dimethicone, Cyclopentasiloxane, Acrylates/C10-30 Alkyl Acrylate Crosspolymer, Styrene/Acrylates Copolymer, Petrolatum, Coco-Glucoside, Disodium EDTA, Citric Acid, Benzoic Acid, Phenoxyethanol, Methylparaben, Propylparaben, Fragrance.",niacinamide;hyaluronic-acid,,,,,,,,,,,,,open_beauty_facts,false
9300830092116,brightening-texture,Vaseline Gluta-Hya Body Lotion Dewy Radiance 200ml,Vaseline,,"Water, Dimethicone, Isohexadecane, Niacinamide, Glycerin, Glutathione, Sodium Hyaluronate, Glycine, Cystine, Sodium PCA, Tocopherol, Carbomer, Acrylates/C10-30 Alkyl Acrylate Crosspolymer, Petrolatum, Disodium EDTA, Phenoxyethanol, Methylparaben, Fragrance, Titanium Dioxide.",niacinamide;hyaluronic-acid,,,,,,,,,,,,,open_beauty_facts,false
3337875923859,brightening-texture,Gel moussant anti-imperfections,CeraVe,,"AQUA/WATER, COCAMIDOPROPYL HYDROXYSULTAINE, GLYCERIN, SODIUM LAUROYL SARCOSINATE, NIACINAMIDE, SALICYLIC ACID, SODIUM METHYL COCOYL TAURATE, PEG-150 PENTAERYTHRITYL TETRASTEARATE, GLUCONOLACTONE, SODIUM COCOYL ISETHIONATE, CERAMIDE NP, CERAMIDE AP, CERAMIDE EOP, CARBOMER, CALCIUM GLUCONATE, TRIETHYL CITRATE, SODIUM HYDROXIDE, SODIUM BENZOATE, SODIUM CHLORIDE, SODIUM LAUROYL LACTYLATE, CHOLESTEROL, COCONUT ACID, TETRASODIUM EDTA, CAPRYLYL GLYCOL, HYDROLYZED HYALURONIC ACID, TRISODIUM ETHYLENEDIAM",niacinamide;hyaluronic-acid;ceramides,,,,,,,,,,,,,open_beauty_facts,false
9300607563542,brightening-texture,Neutrogena Hydro Boost Niacinamide Serum 30mL,Neutrogena,,"Water, Niacinamide, Glycerin, Acetyl Glucosamine, Pentylene Glycol, Dimethicone, Phenoxyethanol, Carbomer, Disodium EDTA, Sodium Hyaluronate, Sodium Hydroxide, Ethylhexylglycerin, Dimethicone/Vinyl Dimethicone Crosspolymer, Amodimethicone",niacinamide;hyaluronic-acid,,,,,,,,,,,,,open_beauty_facts,false
9300607563528,brightening-texture,Neutrogena Deep Clean Brightening Foaming Cleanser 150g,Neutrogena,,"Water, Glycerin, Sodium Cocoyl Glycinate, Sodium Cocoyl Isethionate, Cocamidopropyl Betaine, Myristic Acid, Glycol Distearate, Acrylates Copolymer, Niacinamide, Lauric Acid, PEG-120 Methyl Glucose Dioleate, Phenoxyethanol, Caprylyl Glycol, Fragrance, Chlorphenesin, Sodium Hydroxide, Hydroxyethylcellulose, Disodium EDTA",niacinamide,,,,,,,,,,,,,open_beauty_facts,false
9300607563412,brightening-texture,Neutrogena Ultra Gentle Daily Face Moisturiser Sensitive 100mL,Neutrogena,,"Water, Glycerin, Dicaprylyl Ether, Caprylic/Capric Triglyceride, Niacinamide, Cetyl Alcohol, Cetearyl Alcohol, Palmitic Acid, Dimethicone, Panthenol, Phenoxyethanol, Stearic Acid, Carbomer, Caprylyl Glycol, Ceteareth-20, Sodium Hydroxide, Chlorphenesin, Sodium Citrate, Tocopheryl Acetate, Citric Acid.",niacinamide,,,,,,,,,,,,,open_beauty_facts,false
8851932492386,brightening-texture,Vaseline Intensive Care Body Lotion Ceramide Glow 750mL,Vaseline,,"Water, Stearic Acid, Isopropyl Palmitate, Glyceryl Stearate, Mineral Oil, Ethylhexyl Methoxycinnamate, Glycerin, Niacinamide, Butyl Methoxydibenzoylmethane, Titanium Dioxide, Sodium Ascorbyl Phosphate, Tocopheryl Acetate, Cystine, Glycine, Sodium PCA, Ceramide NP, Ceramide AP, Ceramide EOP, Petrolatum, Glutathione, Dimethicone, Carbomer, Cetyl Alcohol, Perfume, Triethanolamine, Potassium Hydroxide, Aluminum Hydroxide, BHT, Disodium EDTA, Phenoxyethanol, Methylparaben, Propylparaben, Tocopherol, ",niacinamide;ceramides,,,,,,,,,,,,,open_beauty_facts,false
8851932492362,brightening-texture,Vaseline Intensive Care Body Lotion Ceramide Glow 225mL,Vaseline,,"Water, Stearic Acid, Isopropyl Palmitate, Glyceryl Stearate, Mineral Oil, Ethylhexyl Methoxycinnamate, Glycerin, Niacinamide, Butyl Methoxydibenzoylmethane, Titanium Dioxide, Sodium Ascorbyl Phosphate, Tocopheryl Acetate, Cystine, Glycine, Sodium PCA, Ceramide NP, Ceramide AP, Ceramide EOP, Petrolatum, Glutathione, Dimethicone, Carbomer, Cetyl Alcohol, Perfume, Triethanolamine, Potassium Hydroxide, Aluminum Hydroxide, BHT, Disodium EDTA, Phenoxyethanol, Methylparaben, Propylparaben, Tocopherol, ",niacinamide;ceramides,,,,,,,,,,,,,open_beauty_facts,false
0075609209000,brightening-texture,Olay Super Serum Night Repair 30mL,Olay,,"Water, Glycerin, Dimethicone, Niacinamide, Lactic Acid, Polyacrylate Crosspolymer-6, Sodium Lactate, Panthenol, Tocopheryl Acetate, Mica, Titanium Dioxide, Peg-11 Methyl Ether Dimethicone, Sodium Benzoate, Trehalose, 3-O-Ethyl Ascorbic Acid, Salicylic Acid, Sodium Hyaluronate, Palmitoyl Dipeptide-7",niacinamide;vitamin-c;hyaluronic-acid,,,,,,,,,,,,,open_beauty_facts,false
0075609208768,brightening-texture,Olay Super Serum 30mL,Olay,,"Water, Glycerin, Dimethicone, Niacinamide, Lactic Acid, Polyacrylate Crosspolymer-6, Palmitoyl Pentapeptide-4*, 3-O-Ethyl Ascorbic Acid**, Sodium Hyaluronate***, Tocopheryl Acetate^, Panthenol^*, Trehalose, Peg-11 Methyl Ether Dimethicone, Sodium Lactate, Mica, Titanium Dioxide, Sodium Benzoate, Fragrance",niacinamide;vitamin-c;hyaluronic-acid,,,,,,,,,,,,,open_beauty_facts,false
0075609200571,brightening-texture,Olay Regenerist Vitamin C Peptide 24 Brightening Facial Cleanser 150mL,Olay,,"Water, PPG-15 Stearyl Ether, Glycerin, Stearyl Alcohol, Cetyl Betaine, Hydrated Silica, Salicylic Acid, Distearyldimonium Chloride, Sodium Lauryl Sulfate, 3-O-Ethyl Ascorbic Acid*, Palmitoyl Pentapeptide-4**, Niacinamide***, PPG-30, Steareth-21, Steareth-2, Cetyl Alcohol, Behenyl Alcohol, Disodium EDTA, Benzyl Alcohol, Fragrance",niacinamide;vitamin-c,,,,,,,,,,,,,open_beauty_facts,false
0070501078624,brightening-texture,Neutrogena Collagen Bank Eye Gel Cream 14g,Neutrogena,,"Water, Glycerin, Niacinamide, Dimethicone,Avena Sativa (Oat) Kernel Flour, Acetyl Dipeptide-31Amide, Hydrolyzed Collagen, Vaccinium Macrocarpon(Cranberry) Fruit Extract, Cetearyl Olivate, Sorbitan Olivate,Glyceryl Dilaurate, Caprylyl Glycol, Dimethiconol,Dimethicone crosspolymer, Polyacrylamide, SodiumPolyacrylate, Steareth-10, C13-14 Isoparaffin, Laureth-7,Chlorphenesin, Citric Acid",niacinamide,,,,,,,,,,,,,open_beauty_facts,false
5011451103931,brightening-texture,Simple,Simple,,"Aqua, Glycerin, Paraffinum Liquidum, Polyglyceryl - 3 Methylglucose Distearate, Niacinamide, Dimethico ne, Cetyl Palmitate, Cetyl Alcohol, Panthenol, Cap rylyl Glycol, Carbomer, Phenoxyethanol, Potassium Hydroxide, Tocopheryl Acetate, Acrylates/C10-30 Al kyl Acrylate Crosspolymer, Disodium EDTA, Pantolac tone, Borago Officinalis Seed Oil, Stearic Acid, P otassium carbonate, Bisabolol, Citric Acid, Pentyl ene Glycol, Urea, Lactic Acid, Sodium Lactate, Ser ine, Sorbitol, Sodium Chloride, Allantoin",niacinamide,,,,,,,,,,,,,open_beauty_facts,false
4987176342201,brightening-texture,Olay SPF50 Super Fluid Moisturiser 50mL,Olay,,"WATER, OCTOCRYLENE, HOMOSALATE, DIMETHICONE, ETHYLHEXYL SALICYLATE, PHENYLBENZIMIDAZOLE SULFONIC ACID, BUTYL METHOXYDIBENZOYLMETHANE, GLYCERIN, LAUROYL LYSINE, TREHALOSE, SODIUM HYDROXIDE, ACRYLATES/C10-30 ALKYL ACRYLATE CROSSPOLYMER, 1,2-HEXANEDIOL, CAPRYLYL GLYCOL, PHENOXYETHANOL, SODIUM BENZOATE, PROPYLENE GLYCOL, DISODIUM EDTA, NIACINAMIDE, CAMELLIA SINENSIS LEAF EXTRACT, PALMITOYL PENTAPEPTIDE-4.",niacinamide,,,,,,,,,,,,,open_beauty_facts,false
4987176267306,brightening-texture,Olay Regenerist Super Collagen Peptides Soft Moisturiser 45g,Olay,,"Water, Glycerin, Niacinamide, Isohexadecane, Pentylene Glycol, Dimethicone, Isopropyl Isostearate, Butylene Glycol, Polyacrylamide, Mannitol, Acetyl Tetrapeptide-11, Palmitoyl Dipeptide-7, Palmitoyl Pentapeptide-4, Acetyl Hexapeptide-8, Tripeptide-3, Panthenol, Tocopheryl Acetate, Stearyl Alcohol, C13-14 Isoparaffin, Cetyl Alcohol, 1,2-Hexanediol, Behenyl Alcohol, Caprylyl Glycol, Phenoxyethanol, Dimethiconol, Laureth-7, Peg-100 Stearate, Disodium Edta, Fragrance, Cetearyl Alcohol, Cetearyl Gluc",niacinamide,,,,,,,,,,,,,open_beauty_facts,false
4987176193025,brightening-texture,Olay Regenerist Retinol24 Max Cream 50g,Olay,,"Water, Dimethicone, Glycerin, Tapioca Starch, Dimethicone Crosspolymer, Polyacrylamide, C13-14 Isoparaffin, Retinyl Propionate, Dmdm Hydantoin, Laureth-4, Polysorbate 20, Acrylates/C10-30 Alkyl Acrylate Crosspolymer, Laureth-7, Dimethiconol, Polymethylsilsesquioxane, Aminomethyl Propanol, Titanium Dioxide, Disodium Edta, Butylene Glycol, Niacinamide, Iodopropynyl Butylcarbamate, Caprylic/Capric Triglyceride, Retinol, Palmitoyl Pentapeptide-4",niacinamide;retinol-cosmetic,,,,,,,,,,,,,open_beauty_facts,false
4987176038432,brightening-texture,Head & Shoulders Clean & Balanced Anti Dandruff Conditioner 660mL,Head & Shoulders,,"WATER, STEARYL ALCOHOL, CETYL ALCOHOL, STEARAMIDOPROPYL DIMETHYLAMINE, GLUTAMIC ACID, DIMETHICONE, FRAGRANCE, PHENOXYETHANOL, BENZYL ALCOHOL, CITRIC ACID, PIROCTONE OLAMINE, SODIUM BENZOATE, NIACINAMIDE, POLYSORBATE 20, PANTHENOL, TOCOPHERYL ACETATE",niacinamide,,,,,,,,,,,,,open_beauty_facts,false
4902430986717,brightening-texture,Olay Complete UV Protection Moisturiser Cream SPF 15 150mL,Olay,,"Water, Glycerin, Ethylhexyl Salicylate, Niacinamide, Butyl Methoxydibenzoylmethane, Isopropyl Isostearate, Octocrylene, Phenylbenzimidazole Sulfonic Acid, Panthenol, Aminomethyl Propanol, Zea Mays (Corn) Starch, 1,2-Hexanediol, Behenyl Alcohol, Caprylyl Glycol, Polyacrylamide, Stearyl Alcohol, Phenoxyethanol, Cetyl Alcohol, Tocopheryl Acetate, C13-14 Isoalkane, Carbomer, Fragrance, Cetearyl Alcohol, Cetearyl Glucoside, Peg-100 Stearate, Disodium Edta, Laureth-7, Palmitic Acid, Stearic Acid",niacinamide,,,,,,,,,,,,,open_beauty_facts,false
4902430951432,brightening-texture,Olay Complete UV Protection Sensitive Lotion SPF 15 150mL,Olay,,"Water, Glycerin, Ethylhexyl Salicylate, Niacinamide, Butyl Methoxydibenzoylmethane, Isopropyl Isostearate, Octocrylene, Phenylbenzimidazole Sulfonic Acid, Panthenol, Aminomethyl Propanol, Zea Mays (Corn) Starch, 1,2-Hexanediol, Behenyl Alcohol, Caprylyl Glycol, Polyacrylamide, Stearyl Alcohol, Phenoxyethanol, Cetyl Alcohol, Tocopheryl Acetate, C13-14 Isoalkane, Carbomer, Cetearyl Alcohol, Cetearyl Glucoside, Peg-100 Stearate, Disodium Edta, Laureth-7, Palmitic Acid, Stearic Acid",niacinamide,,,,,,,,,,,,,open_beauty_facts,false
4902430917896,brightening-texture,Olay Retinol 24 night serum,Olay,,"Water, Dimethicone, Glycerin, Dimethicone Crosspolymer, Polyacrylamide, Retinyl Propionate, Titanium Dioxide, C13-14 Isoparaffin, Laureth-4, Polysorbate 20, Hydroxyacetophenone, Dimethiconol, Laureth-7, Phenoxyethanol, Disodium Edta, Niacinamide, Benzyl Alcohol, Caprylic/Capric Triglyceride, Retinol, Palmitoyl Pentapeptide-4, Ci 77019",niacinamide;retinol-cosmetic,,,,,,,,,,,,,open_beauty_facts,false
4902430917872,brightening-texture,Olay Regenerist Retinol 24 Night Moisturiser Face Cream 50g,Olay,,"Water, Dimethicone, Glycerin, Tapioca Starch, Dimethicone Crosspolymer, Polyacrylamide, C13-14 Isoparaffin, Retinyl Propionate, Dmdm Hydantoin, Laureth-4, Polysorbate 20, Acrylates/C10-30 Alkyl Acrylate Crosspolymer, Laureth-7, Dimethiconol, Polymethylsilsesquioxane, Aminomethyl Propanol, Titanium Dioxide, Disodium Edta, Butylene Glycol, Iodopropynyl Butylcarbamate, Niacinamide, Caprylic/Capric Triglyceride, Retinol, Palmitoyl Pentapeptide-4",niacinamide;retinol-cosmetic,,,,,,,,,,,,,open_beauty_facts,false
4902430735124,brightening-texture,Olay Total Effects Night Face Cream Moisturiser 50g,Olay,,"Water, Glycerin, Niacinamide, Isohexadecane, Dimethicone, Isopropyl Isostearate, Polyacrylamide, Stearyl Alcohol, Cetyl Alcohol, Behenyl Alcohol, C13-14 Isoparaffin, Panthenol, Polymethylsilsesquioxane, Tocopheryl Acetate, Titanium Dioxide, 1,2-Hexanediol, Caprylyl Glycol, Phenoxyethanol, Dimethiconol, Fragrance, Laureth-7, Cetearyl Alcohol, Cetearyl Glucoside, PEG-100 Stearate, Sodium Benzoate, Disodium EDTA, Palmitic Acid, Stearic Acid, Sodium Ascorbyl Phosphate, Camellia Sinensis Leaf Extract",niacinamide,,,,,,,,,,,,,open_beauty_facts,false
4902430734974,brightening-texture,Olay Regenerist Face Cream Moisturiser Fragrance Free 48g,Olay,,"Water, Glycerin, Isohexadecane, Distarch Phosphate, Niacinamide, Isopropyl Isostearate, Dimethicone, Panthenol, Stearyl Alcohol, Cetyl Alcohol, Titanium Dioxide, Sodium Acrylates Copolymer, Behenyl Alcohol, Caprylic/Capric Triglyceride, Phenoxyethanol, Mica, Ethylhexylglycerin, Dimethiconol, Hydroxyacetophenone, Peg-100 Stearate, Cetearyl Alcohol, Cetearyl Glucoside, Palmitic Acid, Stearic Acid, Disodium Edta, Sodium Hyaluronate, Palmitoyl Pentapeptide-4",niacinamide;hyaluronic-acid,,,,,,,,,,,,,open_beauty_facts,false
4902430734936,brightening-texture,Olay Regenerist Micro Sculpting Face Cream Moisturiser 50g,Olay,,"Water, Glycerin, Isohexadecane, Distarch Phosphate, Niacinamide, Isopropyl Isostearate, Dimethicone, Panthenol, Stearyl Alcohol, Cetyl Alcohol, Titanium Dioxide, Sodium Acrylates Copolymer, Behenyl Alcohol, Caprylic/Capric Triglyceride, Phenoxyethanol, Mica, Ethylhexylglycerin, Dimethiconol, Hydroxyacetophenone, Fragrance, Peg-100 Stearate, Cetearyl Alcohol, Cetearyl Glucoside, Palmitic Acid, Stearic Acid, Disodium Edta, Sodium Hyaluronate, Palmitoyl Pentapeptide-4",niacinamide;hyaluronic-acid,,,,,,,,,,,,,open_beauty_facts,false
4902430483322,brightening-texture,Olay Anti Wrinkle Provital Night Cream For Mature Skin Care 50g,Olay,,"Water, Glycerin, Isohexadecane, Niacinamide, Dimethicone, Isopropyl Isostearate, Stearyl Alcohol, Cetyl Alcohol, Polyacrylamide, Behenyl Alcohol, Panthenol, C13-14 Isoparaffin, 1,2-Hexanediol, Caprylyl Glycol, Phenoxyethanol, Tocopheryl Acetate, Dimethiconol, Titanium Dioxide, Laureth-7, Cetearyl Alcohol, Cetearyl Glucoside, Peg-100 Stearate, Palmitic Acid, Stearic Acid, Disodium Edta",niacinamide,,,,,,,,,,,,,open_beauty_facts,false
4902430182003,brightening-texture,Olay Total Effects Touch Of Foundation Moisturiser 50g,Olay,,"Water, Glycerin, Ethylhexyl Salicylate, Butyl Methoxydibenzoylmethane, Niacinamide, Dimethicone, Titanium Dioxide, Isopropyl Isostearate, Octocrylene, Phenylbenzimidazole Sulfonic Acid, Triethanolamine, Aluminum Starch Octenylsuccinate, Stearyl Alcohol, Polyacrylamide, Cetyl Alcohol, Polyethylene, Benzyl Alcohol, Behenyl Alcohol, Panthenol, Tocopheryl Acetate, C13-14 Isoparaffin, Sorbitan Stearate, Methylparaben, Dimethiconol Fragrance, Carbomer, Ethylparaben, Propylparaben, Laureth-7, Cetearyl ",niacinamide,,,,,,,,,,,,,open_beauty_facts,false
4902430129411,brightening-texture,Olay Total Effects 7-In-1 Foaming Cleanser 100mL,Olay,,"Water, Glycerin, Myristic Acid, Palmitic Acid, Stearic Acid, Sodium Lauroyl Sarcosinate, Potassium Hydroxide, Lauric Acid, Polyquaternium-10, DMDM Hydantoin, Fragrance, Pentasodium Pentetate, Butylene Glycol, Iodopropynyl Butylcarbamate, Niacinamide.",niacinamide,,,,,,,,,,,,,open_beauty_facts,false
4902430051231,brightening-texture,Olay Total Effects Face Cream Moisturiser Normal SPF 15 50g,Olay,,"Water, Glycerin, Niacinamide, Ethylhexyl Salicylate, Butyl Methoxydibenzoylmethane, Isopropyl Isostearate, Octocrylene, Panthenol, Phenylbenzimidazole Sulfonic Acid, Acrylamide/Sodium Acryloyldimethyltaurate Copolymer, Triethanolamine, Stearyl Alcohol, Tocopheryl Acetate, Benzyl Alcohol, PTFE, Cetyl Alcohol, Titanium Dioxide, C13-14 Isoparaffin, Behenyl Alcohol, Sucrose Polysoyate, Methyl Paraben, Carbomer, Ethylparaben, Fragrance, Laureth-7, Cetearyl Alcohol, Cetearyl Glucoside, PEG-100 Stearat",niacinamide,,,,,,,,,,,,,open_beauty_facts,false
3600524189655,brightening-texture,L'Oreal Paris Bright Reveal Tinted Daily Fluid SPF 50 Light 50mL,L'Oréal Paris,,2071763 8 - INGREDIENTS: AQUA / WATER - DICAPRYLYL CARBONATE - ETHYLHEXYL TRIAZONE - DIMETHICONE - NIACINAMIDE - PROPANEDIOL - BIS-ETHYLHEXYLOXYPHENOL METHOXYPHENYL TRIAZINE - BUTYL METHOXYDIBENZOYLMETHANE - PHENYLBENZIMIDAZOLE SULFONIC ACID - METHYLENE BIS-BENZOTRIAZOLYL TETRAMETHYLBUTYLPHENOL [NANO] / METHYLENE BIS-BENZOTRIAZOLYL TETRAMETHYLBUTYLPHENOL - SILICA - ALCOHOL DENAT. - HYDROXYETHYLPIPERAZINE ETHANE SULFONIC ACID - DIETHYLAMINO HYDROXYBENZOYL HEXYL BENZOATE - SYNTHETIC FLUORPHLOGOPIT,niacinamide,,,,,,,,,,,,,open_beauty_facts,false
0020800307703,brightening-texture,Olay Total Effects Face Cream Moisturiser Gentle SPF 15 50g,Olay,,"Water, Glycerin, Niacinamide, Ethylhexyl Salicylate, Butyl Methoxydibenzoylmethane, Isopropyl Isostearate, Octocrylene, Panthenol, Phenylbenzimidazole Sulfonic Acid, Polyacrylamide, Tocopheryl Acetate, C13-14 Isoparaffin, Aminomethyl Propanol, PTFE, Titanium Dioxide, 1,2-Hexanediol, Behenyl Alcohol, Caprylyl Glycol, Stearyl Alcohol, Phenoxyethanol, Cetyl Alcohol, Carbomer, Laureth-7, Cetearyl Alcohol, Cetearyl Glucoside, PEG-100 Stearate, Sodium Ascorbyl Phosphate, Sodium Benzoate, Disodium EDTA",niacinamide,,,,,,,,,,,,,open_beauty_facts,false
3337875766326,brightening-texture,La Roche-Posay - Cicaplast Mains,La Roche-Posay,,"Aqua/Water/Eau, Glycerin, Butylene Glycol, Cetearyl Alcohol, Niacinamide, Glyceryl Stearate, Butyrospermum Parkii Butter/Shea Butter, Dimethicone, Peg/Ppg-18/18 Dimethicone, Glyceryl Stearate Se, Sodium Polyacrylate, Caprylyl Glycol, Citric Acid, Tocopherol, Phenoxyethanol",niacinamide,,,,,,,,,,,,,open_beauty_facts,false
3337875722827,brightening-texture,Effaclar,La roche-posay,,"WATER, DENATURED ALCOHOL, PROPANEDIOL, GLYCOLIC ACID, NIACINAMIDE, DIMETHYL ISOSORBIDE, PENTYLENE GLYCOL, SALICYLIC ACID, SODIUM HYDROXIDE, PEG-60 HYDROGENATED CASTOR OIL, HYDROXYETHYLPIPERAZINE ETHANE SULFONIC ACID, CITRIC ACID, PEG-30 GLYCERYL COCOATE, CAPRYLOYL SALICYLIC ACID, BIOSACCHARIDE GUM-1, MALTODEXTRIN, PHYTIC ACID, POLYQUATERNIUM-10, PERFUME.",niacinamide,,,,,,,,,,,,,open_beauty_facts,false
8402001027307,brightening-texture,GEL DE BAÑO - AVENA CON VITAMINA B3 (PIEL SENSIBLE),deliplus,,"Aqua, Sodium Laureth Sulfate, Glycerin, Coco-Glucoside, Cocamidopropylbetaine, Sodium Chloride, Oleth-10, Parfum, Avena sativa metal extract, Niacinamide, Styrene/Acrylates copolymer, PEG-4 RAPESEEDAMIDA, CITRIC ACID, PPG-5-CETETH-20, HYDROXYPROPYL METHYLCELLULOSE, TETRASODIUM GLUTAMATE DIACETATE, SODIUM CITRATE, SODIUM HYDROXIDE, OCTADECYL DI-T-BUTYL-4-HYDROXYHYDROCINNAMATE, CAPRYLIC/CAPRIC TRIGLYCERIDE, GLYCERYL OLEATE CITRATE, HEXAMETHYLINDANOPYRAN, SODIUM BENZOATE, BENZOIC ACID, POTASSIUM SO",niacinamide,,,,,,,,,,,,,open_beauty_facts,false
3337875588348,brightening-texture,TOLERIANE SENSITIVE RICHE,La Roche-Posay,,"AQUA, ISOCETYL STEARATE, COCO-CAPRYLATE (CAPRATE), SQUALANE, BUTYROSPERMUM PARKII BUTTER (SHEA BUTTER), GLYCERIN, PROPANEDIOL CETYL ALCOHOL, ALUMINUM STARCH OCTENYLSUCCINATE, GLYCERYL STEARATE, PENTYLENE GLYCOL, PEG-100 STEARATE, NIACINAMIDE, CETEARYL ALCOHOL, SODIUM HYDROXIDE, CAPRYLYL GLYCOL, CITRIC ACID, ACRYLATES (C10-30 ALKYL ACRYLATE CROSSPOLYMER)",niacinamide,,,,,,,,,,,,,open_beauty_facts,false
4068706085123,brightening-texture,Lotion corporelle Soft,"Lacura, Lacura Body",,"AQUA, CANOLA OIL, CETEARYL ALCOHOL, GLYCERIN, GLYCERYL STEARATE, NIACINAMIDE, INOSITOL, BUTYROSPERMUM PARKII BUTTER, PERSEA GRATISSIMA OIL, PARFUM, FRUCTOSE, SORBITOL, GLYCINE, UREA, SODIUM CETEARYL SULFATE, XANTHAN GUM, SODIUM PCA, SODIUM BENZOATE, POTASSIUM SORBATE, BENZYL ALCOHOL, LINALOOL, LIMONENE, HEXYL CINNAMAL, CITRONELLOL, GERANIOL, ALPHA-ISOMETHYL IONONE, SODIUM CHLORIDE, CITRIC ACID, SODIUM LACTATE, SODIUM HYDROXIDE",niacinamide,,,,,,,,,,,,,open_beauty_facts,false
8690131774097,brightening-texture,Farmasi CC Krem 02 Light to Medium SPF 25,Farmasi,,"Titanium Dioxide, Water/Aqua, Cyclopentasiloxane, Phenyl Trimethicone, PEG-10 Dimethicone, Butylene Glycol, Butylene Glycol Dicaprylate/Dicaprate, Dimethicone, Cetyl PEG/PPG-10/1 Dimethicone, Niacinamide, Disteardimonium Hectorite, Trimethylsiloxysilicate, Glycerin, Phenoxyethanol, Pancratium Maritimum Extract, Sodium Chloride, Aluminum Starch Octenylsuccinate, Silica, Jojoba Esters, Mica, Dimethicone Crosspolymer, Tocopheryl Acetate, Triethoxycaprylylsilane, Ethylhexylglycerin, Tocopherol, Frag",niacinamide,,,,,,,,,,,,,open_beauty_facts,false
0717334243408,brightening-texture,Origins GinZing Ultra-Hydrating Energy-Boosting Cream,Origins,,"Water\Aqua\Eau, Glycerin, Caprylic/Capric Triglyceride, C12-20 Acid PEG-8 Ester, Simmondsia Chinensis (Jojoba) Seed Oil, Caprylic/Capric/Myristic/Stearic Triglyceride, Hydroxyethyl Urea, Cetyl Alcohol, Niacinamide, Dimethicone, Butylene Glycol, Sodium Polyaspartate, Ammonium Acryloyldimethyltaurate/VP Copolymer, Citrus Limon (Lemon) Peel Oil, Citrus Grandis (Grapefruit) Peel Oil, Mentha Viridis (Spearmint) Leaf Oil, Citrus Aurantium Dulcis (Orange) Peel Oil, Limonene, Linalool, Citral, Panax Gin",niacinamide;hyaluronic-acid,,,,,,,,,,,,,open_beauty_facts,false
8710447474426,brightening-texture,Simple Daily Skin Detox Clear Pore Scrub,Simple,,"Aqua, Hamamelis Virginiana Leaf Water, Cocamidopropyl Betaine, Glycerin, Bambusa Arundinacea Stem Extract, Sodium Laureth Sulfate, Acrylates/C10-30 Alkyl Acrylate Crosspolymer, PEG-7 Glyceryl Cocoate, Phenoxyethanol, Sodium Chloride, Zinc PCA, Sodium Hydroxide, Panthenol, Benzophenone-4, Sodium Benzoate, Hydroxypropyl Cyclodextrin, Citric Acid, Niacinamide, Thymus Vulgaris Flower/Leaf Extract, Xanthan Gum.",niacinamide,,,,,,,,,,,,,open_beauty_facts,false
8683130108000,brightening-texture,Clear Men Legend By CR7 Cristiano Ronaldo Kepeğe Karşı Etkili Şampuan,"Clear, Clear Men",,"Aqua, Sodium Laureth Sulfate, Cocamidopropyl Betaine, Sodium Chloride, Parfum, Sodium Benzoate, Dimethiconol, Piroctone Olamine, Citric Acid, Carbomer, Dimethicone, Menthol, Guar Hydroxypropyltrimonium Chloride, Sodium Hydroxide, Mica, Helianthus Annuus (Sunflower) Seed Oil, Disodium EDTA, Acrylamidopropyltrimonium Chloride/Acrylamide Copolymer, Glycerin, TEA-Dodecylbenzenesulfonate, TEA-Sulfate, Laureth-23, Poloxamer 407, PPG-9, Phenoxyethanol, Laureth-4, PEG-4, Glycine, Niacinamide, Sea Salt, ",niacinamide,,,,,,,,,,,,,open_beauty_facts,false
8683608064227,brightening-texture,JEONJU Pirinç Mayası Aydınlatıcı Leke Karşıtı Nemlendirici Tonik,Jeonju,,"Aqua, Sodium Polyacrylate, Hydrogenated Polydecene, Trideceth-6, Oryza Sativa Bran Oil, Oryza Sativa Bran Extract, Amaranthus Caudatus Seed Extract, Niacinamide, Glycerin, Panthenol, Allantoin, Ethylhexylglycerin, Phenoxyethanol, Tetrasodium EDTA, Sodium Hydroxide.",niacinamide,,,,,,,,,,,,,open_beauty_facts,false
8684190135395,brightening-texture,Olalab Dream Cream Night Restore Retinol Gece Yüz Kremi,Olalab,,"Aqua, Ethylhexyl Palmitate, Glyceryl Stearate, Prunus Armeniaca Kernel Oil, Glycerin, PEG-100 Stearate, Caprylic/Capric Triglyceride, Butyrospermum Parkii Butter, Sodium PCA, Cetearyl Alcohol, Propylene Glycol, Simmondsia Chinensis Seed Oil, PEG-35 Castor Oil, Niacinamide, Tocopheryl Acetate, Parfum, Squalene, Phenoxyethanol, Aesculus Hippocastanum Seed Extract, Hyaluronic Acid, Alcohol, Ethylhexylglycerin, Polysorbate 20, Tocopherol, Calcium Pantothenate, Retinyl Palmitate, Biotin, Inositol, Li",niacinamide;hyaluronic-acid,,,,,,,,,,,,,open_beauty_facts,false
8809472905712,brightening-texture,Atomy Scalpcare Hair Shampoo,Atomy,,"Aqua, Ammonium Laureth Sulfate, Ammonium Lauryl Sulfate, Glycerin, 1,2-Hexanediol, Acacia Concinna Fruit Extract, Achillea Millefolium Extract, Alchemilla Vulgaris Extract, Alcohol, Althaea Officinalis Root Extract, Ammonium Sulfate, Arnica Montana Flower Extract, Artemisia Absinthium Extract, Borago Officinalis Extract, Butylene Glycol, Calendula Officinalis Flower Extract, Cetearyl Alcohol, Chamomilla Recutita Flower Extract, Citric Acid, Cocamide MEA, Cocamidopropyl Betaine, Disodium EDTA, Ec",niacinamide,,,,,,,,,,,,,open_beauty_facts,false
00611903,brightening-texture,Dr.Melaxin Hydro Ceramic Serum Infused Essence Sun Cream SPF50+ PA++++,Dr.Melaxin,,"Water, Ethylhexyl Methoxycinnamate, Bis-Ethylhexyloxyphenol Methoxyphenyl Triazine, Propanediol, Ethylhexyl Salicylate, Diethylamino Hydroxybenzoyl Hexyl Benzoate, Ethylhexyl Triazone, 1,2-Hexanediol, Niacinamide, Octocrylene, Silica, Caprylyl Methicone, Polymethylsilsesquioxane, Acrylates/C10-30 Alkyl Acrylate Crosspolymer, C18-36 Acid Triglyceride, Arginine, Ammonium Acryloyldimethyltaurate/VP Copolymer, Jojoba Esters, Citrus Aurantium Dulcis (Orange) Oil, C12-18 Acid Triglyceride, Squalane, E",niacinamide;hyaluronic-acid,,,,,,,,,,,,,open_beauty_facts,false
8699956514185,brightening-texture,Bioderma Atoderm Cream Ultra,Bioderma,,"Aqua/Water/Eau, Paraffinum Liquidum/Mineral Oil/Huile Minerale, Glycerin, Brassica Campestris (Rapeseed) Seed Oil, Sodium Polyacrylate, Pentylene Glycol, Cetearyl Alcohol, 1,2-Hexanediol, Caprylyl Glycol, Acrylates/C10-30 Alkyl Acrylate Crosspolymer, Sodium Citrate, Xylitol, Cetearyl Glucoside, Mannitol, Tocopherol, Rhamnose, Xylitylglucoside, Helianthus Annuus (Sunflower) Seed Oil, Anhydroxylitol, Niacinamide, Glucose, Fructooligosaccharides, Caprylic/Capric Triglyceride, Laminaria Ochroleuca E",niacinamide,,,,,,,,,,,,,open_beauty_facts,false
8683130120088,brightening-texture,Rexona Vitamin + Bright Kadın Roll On Deodorant Sunflower Care,Rexona,,"Aqua, Aluminum Sesquichlorohydrate, Glycerin, Helianthus Annuus (Sunflower) Seed Oil, Steareth-2, Parfum, Calcium Chloride, Glycine, Steareth-20, Disodium EDTA, Pentaerythrityl Tetra-di-t-butyl Hydroxyhydrocinnamate, Niacinamide, Tocopheryl Acetate, Butylene Glycol, Glycyrrhiza Glabra Root Extract, Citric Acid, Sodium Ascorbyl Phosphate, Alpha-Isomethyl Ionone, Benzyl Salicylate, Citronellol, Citrus Limon Peel Oil, Geraniol, Hexyl Cinnamal, Limonene, Pinene, Tetramethyl Acetyloctahydronaphthalen",niacinamide,,,,,,,,,,,,,open_beauty_facts,false
0445000015980,brightening-texture,MinoXsi Hair Therapy Professional Multi-Peptide Saç Yoğunlaştırıcı Serum,MinoXsi,,"Aqua, Glycerin, Niacinamide, Thiamine HCl, Pantothenic Acid, Pyridoxine HCl, Butylene Glycol, Pisum Sativum Sprout Extract, Sodium Hyaluronate, PEG-40 Hydrogenated Castor Oil, Tocopheryl Acetate, Phenoxyethanol, Apigenin, Oleanolic Acid, Biotinoyl Tripeptide-1, Polysorbate 20, Folic Acid, Ascorbic Acid, Zinc Sulfate, Ethylhexylglycerin",niacinamide;vitamin-c;hyaluronic-acid,,,,,,,,,,,,,open_beauty_facts,false
8684576001023,brightening-texture,TTO Clinic Yüz Temizleme Jeli,TTO Clinic,,"Aqua, Glycerin, Propylene Glycol, PEG-120 Methyl Glucose Dioleate, Cocamidopropyl Betaine, Aloe Barbadensis Extract, Tocopherol, Polysorbate 20, Retinol, Niacinamide, Hypericum Perforatum Oil, Hippophae Rhamnoides Oil, Sodium Hyaluronate, Anthemis Nobilis Flower Extract, Hydrolyzed Glycosaminoglycans, Centella Asiatica Extract, Melaleuca Alternifolia Leaf Oil, Hydrolyzed Hyaluronic Acid, Sodium Hyaluronate Crosspolymer, Hyaluronic Acid, Polyquaternium-7, Disodium EDTA, Salicylic Acid, Azelaic Ac",niacinamide;azelaic-acid;hyaluronic-acid;retinol-cosmetic,,,,,,,,,,,,,open_beauty_facts,false
3337875702478,brightening-texture,SkinCeuticals Advanced Brightening UV Defense Sunscreen SPF 50,Skinceuticals,,"Aqua/Water, Alcohol Denat, Ethylhexyl Triazone, Drometrizole Trisiloxane, Isononyl Isononanoate, Isopropyl Lauroyl Sarcosinate, Butyl Methoxydibenzoylmethane, Diisopropyl Sebacate, Bis-Ethylhexyloxyphenol Methoxyphenyl Triazine, Niacinamide, Dimethicone, Methylene Bis-Benzotriazolyl Tetramethylbutylphenol [Nano]/Methylene Bis-Benzotriazolyl Tetramethylbutylphenol, Octocrylene, Propanediol, Ethylhexyl Salicylate, Cetearyl Alcohol, Silica, Tranexamic Acid, Tocopherol, Phenoxyethanol, PEG-10 Dimeth",niacinamide,,,,,,,,,,,,,open_beauty_facts,false
8681925601262,brightening-texture,Sinoz Vücut Beyazlatıcı Kararma Karşıtı Krem 100 ml,Sinoz,,"Aqua, Cetearyl Alcohol, Glycerin, Glyceryl Stearate, Propylene Glycol, Caprylic/Capric Triglyceride, C12-15 Alkyl Benzoate, Dimethicone, Ethylhexyl Palmitate, Ceteareth-20, Sodium PCA, Ceteareth-25, Phenoxyethanol, Niacinamide, Potassium Cetyl Phosphate, Panthenol, Cetyl Palmitate, Ceteareth-12, Tocopheryl Acetate, Acrylates/C10-30 Alkyl Acrylate Crosspolymer, Olea Europaea Fruit Oil, Ethylhexylglycerin, Saccharide Isomerate, Punica Granatum Seed Oil, Allantoin, Bellis Perennis Extract, Alcohol ",niacinamide,,,,,,,,,,,,,open_beauty_facts,false
8402001021848,brightening-texture,Loción corporal calm,Deliplus,,"INGREDIENTS AQUA, LAURYL OLEATE, GLYCERIN, NIACINAMIDE, CETEARYL ETHYLHEXANOATE, GLYCERYL STEARATE CITRATE, BUTYROSPERMUM PARKII BUTTER, CETEARYL ALCOHOL, DIMETHICONE, PANTHENOL, TOCOPHEROL, HELIANTHUS ANNUUS SEED OIL, GLYCINE SOJA OIL, CAPRYLIC/CAPRIC TRIGLYCERIDE, PARFUM, XANTHAN GUM, ACRYLATES/C10-30 ALKYL ACRYLATE CROSSPOLYMER, SODIUM GLUCONATE, ETHYLHEXYLGLYCERIN, GLYCERYL LINOLEATE, HEXAMETHYLINDANOPYRAN, TETRAMETHYL ACETYLOCTAHYDRONAPHTHALENES, GLYCERYL OLEATE, GLYCERYL PALMITATE, PANTOLA",niacinamide,,,,,,,,,,,,,open_beauty_facts,false
8684438670008,brightening-texture,Mia Klinika Bariyer Güçlendirici Onarıcı Canlandırıcı ve Nemlendirici Krem,Mia Klinika,,"Aqua, Glycerin, Cetearyl Alcohol, Caprylic/Capric Triglyceride, Glyceryl Stearate, C12-15 Alkyl Benzoate, Niacinamide, Squalane, Panthenol, Triticum Vulgare Germ Oil, Sodium PCA, Ceramide 3, Sodium Hyaluronate, Ubiquinone, Tocopheryl Acetate, Potassium Cetyl Phosphate, Ceteareth-12, Cetyl Palmitate, Propylene Glycol, Acrylates/C10-30 Alkyl Acrylate Crosspolymer, Ethylhexylglycerin, Ceteareth-20, Cyclopentasiloxane, Dimethiconol, Lecithin, Phenoxyethanol, Tetrasodium EDTA, Sodium Hydroxide",niacinamide;hyaluronic-acid;ceramides,,,,,,,,,,,,,open_beauty_facts,false
8809328326098,brightening-texture,Kocostar A.M. Sunday Happy Hydrogel Mask 25 g,Kocostar,,"Collagen Water, Glycerin, Cetyl Ethylhexanoate, Niacinamide, 1,2-Hexanediol, Chondrus Crispus Powder, Ceratonia Siliqua (Carob) Gum, Caprylic/Capric Triglyceride, Xanthan Gum, Water/Aqua, Phenoxyethanol, Panthenol, PEG-60 Hydrogenated Castor Oil, Chlorphenesin, Cyamopsis Tetragonoloba (Guar) Gum, Agar, Tocopheryl Acetate, Allantoin, Potassium Chloride, Glucose, Butylene Glycol, Adenosine, Collagen Extract, Disodium EDTA, Artemisia Vulgaris Oil, Copaifera Officinalis (Balsam Copaiba) Resin, Menth",niacinamide;hyaluronic-acid,,,,,,,,,,,,,open_beauty_facts,false
8681925607240,brightening-texture,Sinoz Glow Tonik %5 Glycolic Acid,Sinoz,,"Aqua, Glycolic Acid, Glycerin, Niacinamide, Aloe Barbadensis Leaf Juice, Pentylene Glycol, Hamamelis Virginiana Leaf Water, Panax Ginseng Root Extract, Aesculus Hippocastanum Extract, Salicylic Acid, Sodium PCA, Sodium Lactate, Arginine, Aspartic Acid, PCA, Glycine, Alanine, Serine, Valine, Isoleucine, Proline, Threonine, Histidine, Phenylalanine, Phenoxyethanol, PPG-26-Buteth-26, Trisodium Ethylenediamine Disuccinate, Ethylhexylglycerin, Sodium Hydroxide, Potassium Sorbate, Citric Acid, Benzoic",niacinamide,,,,,,,,,,,,,open_beauty_facts,false
8683829431365,brightening-texture,Duaderm Collagen Peptide Cream 50 ml,Duaderm,,"Aqua, Glyceryl Stearate, Caprylic/Capric Triglyceride, Niacinamide, Panthenol, Cetearyl Alcohol, Acmella Oleracea Extract, Butyrospermum Parkii Butter, Butylene Glycol, Sodium Hyaluronate, Allantoin, Glycerin, Avena Sativa Meal Extract, Ceteareth-20, Acacia Senegal Gum Extract, Acetyl Hexapeptide-8, Ceteareth-12, Alpha Arbutin, Hyaluronic Acid, Zinc PCA, Hydrolyzed Hyaluronic Acid, Sodium Acetylated Hyaluronate, Hydrolyzed Sodium Hyaluronate, Sodium PCA, 1,2-Hexanediol, PEG-9 Diglycidyl Ether/So",niacinamide;hyaluronic-acid,,,,,,,,,,,,,open_beauty_facts,false
4305615627427,brightening-texture,Isana Saç Bakım Kürü Argan Yağı 25 ml,Isana,,"Aqua, Dicaprylyl Ether, Cetyl Alcohol, Cetrimonium Chloride, Stearamidopropyl Dimethylamine, Stearyl Alcohol, Argania Spinosa Kernel Oil, Phenoxyethanol, Parfum, Potassium Sorbate, Vaccinium Macrocarpon Seed Oil, Citric Acid, Niacinamide, Benzoic Acid, Dehydroacetic Acid, Ethylhexylglycerin, Tocopherol.",niacinamide,,,,,,,,,,,,,open_beauty_facts,false
3401528520846,brightening-texture,Huile de douche,Bioderma,,"AQUA/WATER/EAU, GLYCERIN, PEG-7 GLYCERYL COCOATE, SODIUM COCOAMPHOACETATE, LAURYL GLUCOSIDE, COCO-GLUCOSIDE, GLYCERYL OLEATE, CITRIC ACID, PEG-90 GLYCERYL ISOSTEARATE, FRAGRANCE (PARFUM), MANNITOL, POLYSORBATE 20, XYLITOL, LAURETH-2, RHAMNOSE, NIACINAMIDE, FRUCTOOLIGOSACCHARIDES, TOCOPHEROL, HYDROGENATED PALM GLYCERIDES CITRATE, LECITHIN, ASCORBYL PALMITATE. [BI 725]",niacinamide,,,,,,,,,,,,,open_beauty_facts,false
8904473104024,brightening-texture,Pink Therapy Collagen Night Wrapping Mask,RENEE,,"Purified Water, Glycerin, Polyvinyl Alcohol, Propylene Glycol, Phenoxyethanol, Niacinamide, Sodium Hyaluronate, Sodium Benzoate, Polysorbate-20, Hydroxyethylcellulose, Hydrolyzed Collagen, Sodium Gluconate, Xanthan Gum, Xylitol, Rosmarinus Officinalis (Rosemary) Extract, Parfum, Citric Acid, Tocopheryl Acetate, Phospholipids, Sphingolipids.",niacinamide;hyaluronic-acid,,,,,,,,,,,,,open_beauty_facts,false
8683130089743,brightening-texture,Vini jr,Clear,,"Aqua, Sodium Laureth Sulfate, Cocamidopropyl Betaine, Sodium Chloride, Parfum, Sodium Benzoate, Menthol, Dimethiconol, Piroctone Olamine, Citric Acid, Carbomer, Dimethicone, Guar Hydroxypropyltrimonium Chloride, Sodium Hydroxide, Mica, Helianthus Annuus (Sunflower) Seed Oil, Acrylamidopropyltrimonium Chloride/Acrylamide Copolymer, Disodium EDTA, Glycerin, TEA-Dodecylbenzenesulfonate, TEA-Sulfate, Glycine, Niacinamide, Laureth-23, Poloxamer 407, PPG-9, Phenoxyethanol, Laureth-4, PEG-4, Propylene ",niacinamide,,,,,,,,,,,,,open_beauty_facts,false
5601059062534,brightening-texture,Head & Shoulders Classic Clean 2 in 1 Shampoo,Head & Shoulders,,"Aqua, Sodium Laureth Sulfate, Sodium Xylenesulfonate, Cocamidopropyl Betaine, Sodium Citrate, Parfum, Dimethiconol, Citric Acid, Cocamide MEA, Glycol Distearate, Piroctone Olamine, Sodium Chloride, Dimethicone, Guar Hydroxypropyltrimonium Chloride, Sodium Benzoate, TEA-Dodecylbenzenesulfonate, Sodium Salicylate, Hexyl Cinnamal, Linalool, Tetrasodium EDTA, Trideceth-10, Sodium Hydroxide, Glycerin, Niacinamide, Panthenol, Tocopheryl Acetate, Acetic Acid, Benzyl Alcohol, Triethylene Glycol, Propyle",niacinamide,,,,,,,,,,,,,open_beauty_facts,false
8906087778462,brightening-texture,Aqualogica Glow+ Dewy Gel Sunscreen,Aqualogica,,"Aqua, Isododecane, Propylene Glyco Methoxydibenzoylmethane, Terephthalylidene Dicamphor Acid, Glycerin, Ethylhexyl Methoxycinnamate, Methy Bs-Benzotriazolyl Tetramethylbutylphenol, Decyl Gl nybenzimidazole Sulfonic Acid, Hyaluronic Acid, Eth Ad Triethanolamine, Caprylic Capric Triglyceride, An loyldimethyltaurate/VP Copolymer, Tapioca Starch D bonate, Ethylhexyl Salicylate, Dimethicone, Cyclopenta Cetearyl Alcohol, Ceteareth-20, Cetearyl Olivate, Sorbitan Phenoxyethanol, Ethylhexylglycerin, Glyc",niacinamide;hyaluronic-acid;ceramides,,,,,,,,,,,,,open_beauty_facts,false
8699956513676,brightening-texture,Bioderma Atoderm Creme Ultra,Bioderma,,"Aqua/Water/Eau, Paraffinum Liquidum/Mineral Oil/Huile Minerale, Glycerin, Brassica Campestris (Rapeseed) Seed Oil, Sodium Polyacrylate, Pentylene Glycol, Cetearyl Alcohol, 1,2-Hexanediol, Caprylyl Glycol, Acrylates/C10-30 Alkyl Acrylate Crosspolymer, Sodium Citrate, Xylitol, Cetearyl Glucoside, Mannitol, Tocopherol, Rhamnose, Xylitylglucoside, Helianthus Annuus (Sunflower) Seed Oil, Anhydroxylitol, Niacinamide, Glucose, Fructooligosaccharides, Caprylic/Capric Triglyceride, Laminaria Ochroleuca E",niacinamide,,,,,,,,,,,,,open_beauty_facts,false
8682397030659,brightening-texture,Maruderm Gözenek Sıkılaştırıcı BHA ve Peptid Cilt Bakım Serumu 30 ml,Maruderm,,"Aqua, Niacinamide, Salicylic Acid, Pisum Sativum Peptide, Panthenol, Propylene Glycol, Arginine, Aspartic Acid, Glycine, Alanine, Serine, Valine, Proline, Threonine, Isoleucine, Histidine, Phenylalanine, Sodium Benzoate, Potassium Sorbate, Hydroxyethylcellulose.",niacinamide,,,,,,,,,,,,,open_beauty_facts,false
7506306248144,brightening-texture,manchas serum,ponds,,"AQUA, GLYCERIN, DIMETHICONE, PENTYLENE GLYCOL, BUTYLENE GLYCOL, NIACINAMIDE, CAPRYLIC/CAPRIC 20, TRIGLYCERIDE, POLYSORBATE PHENOXYETHANOL, AMMONIUM ACRYLOYLDIMETHYLTAURATE/VP COPOLYMER, XANTHAN GUM, AMMONIUM ACRYLOYLDIMETHYLTAURATE/BEHENET H-25 METHACRYLATE CROSSPOLYMER, ALLANTOIN, CYSTINE*, GLYCINE*, METHYLPARABEN, TOCOPHERYL ACETATE, DISODIUM EDTA, PARFUM, PROPYLPARABEN, SODIUM PCA*, STEARIC ACID, CITRIC ACID, SODIUM HYDROXIDE, BHT, CETYL ALCOHOL, BIFIDA FERMENT LYSATE, PROPYLENE GLYCOL, SODIU",niacinamide;vitamin-c;hyaluronic-acid,,,,,,,,,,,,,open_beauty_facts,false
3337871311292,brightening-texture,Stimulating shampoo,Dercos,,"Aminexil, Niacinamide, AHA, Vitamin E",niacinamide,,,,,,,,,,,,,open_beauty_facts,false
3337875763790,brightening-texture,LIPIKAR BAUME AP+M,La Roche-Posay,,"AQUA/WATER, BUTYROSPERMUM PARKII BUTTER/SHEA BUTTER, GLYCERIN, DIMETHICONE, NIACINAMIDE, CETEARYL ALCOHOL, BRASSICA CAMPESTRIS SEED OIL/RAPESEED SEED OIL, GLYCERYL STEARATE, AMMONIUM POLYACRYLOYLDIMETHYL TAURATE, PEG-100 STEARATE PROPANEDIOL, OPHIOPOGON JAPONICUS ROOT EXTRACT, PEG-20 METHYL GLUCOSE SESQUISTEARATE, SORBITAN TRISTEARATE, DIMETHICONOL, SODIUM CHLORIDE, MANNOSE, COCO-BETAINE, DISODIUM EDTA, CAPRYLOYL GLYCINE, CAPRYLYL GLYCOL, VITREOSCILLA FERMENT, CITRIC ACID, MALTODEXTRIN, XANTHAN ",niacinamide,,,,,,,,,,,,,open_beauty_facts,false
3337875863377,brightening-texture,Effaclar duo+,La Roche-Posay,,"EAU - GLYCÉRINE - DIMÉTHICONE - STÉARATE D'ISOCÉTYLE • NIACINAMIDE - SARCOSINATE D'ISOPROPYLE - SILICE -
TAURATE DE POLYACRYLOYLDIMÉTHYL D'AMMONIUM - AMIDON D'ORYZA SATIVA / AMIDON DE RIZ - EXTRAIT DE PUNICA GRANATUM PERICARP - PHOSPHATE DE CÉTYL POTASSIUM - OLÉATE DE SORBITAN - ZINC PCA - STÉARATE DE GLYCÉRYLE SE - ISOHEXADÉCANE - HYDROXYDE DE SODIUM - MYRISTATE DE MYRISTYLE -
2-OLÉAMIDO-1,3-OCTADÉCANEDIOL -
MANNOSE - POLOXAMER 338 -
PROPANEDIOL - HYDROXYÉTHOXYPHÉNYL
BUTANONE - CAPRYLOYL S",niacinamide,,,,,,,,,,,,,open_beauty_facts,false
3337875795456,brightening-texture,SA Smoothing Cleanser,CeraVe,,"AQUA/WATER, SODIUM LAUROYL SARCOSINATE. COCAMIDOPROPYL HYDROXYSULTAINE, GLYCERIN, NIACINAMIDE. GLUCONOLACTONE, SODIUM METHYL COCOYL TAURATE, PEG-150 PENTAERYTHRITYL TETRASTEARATE, CERAMIDE NP, CERAMIDE AP, CERAMIDE EOP, CARBOMER, CALCIUM GLUCONATE, SALICYLIC ACID. SODIUM BENZOATE, SODIUM LAUROYL LACTYLATE, CHOLESTEROL. PHENOXYETHANOL, DISODIUM EDTA, TETRASODIUM EDTA, 
HYALURONIC ACID, PHYTOSPHINGOSINE, XANTHAN GUM, ETHYLHEXYLGLYCERIN.",niacinamide;hyaluronic-acid;ceramides,,,,,,,,,,,,,open_beauty_facts,false
8402001010613,brightening-texture,facial clean,Deliplus,,"INGREDIENTS: AQUA, PROPANEDIOL, BUTYLENE GLYCOL, ISOPENTYLDIOL, NIACINAMIDE, SODIUM ASCORBYL PHOSPHATE, VACCINIUM MYRTILLUS FRUIT EXTRACT, SACCHARUM OFFICINARUM EXTRACT, CITRUS AURANTIUM DULCIS FRUIT EXTRACT, CITRUS LIMON FRUIT EXTRACT, ACER SACCHARUM EXTRACT, PPG-26-BUTETH-26, PEG-40 HYDROGENATED CASTOR OIL, HYDROXYETHYLCELLULOSE, PARFUM, GLYCERIN, PHENOXYETHANOL, TETRASODIUM GLUTAMATE DIACETATE, CHLORPHENESIN, LACTIC ACID, CETRIMONIUM BROMIDE, LIMONENE, SODIUM HYDROXIDE [PI02137].",niacinamide,,,,,,,,,,,,,open_beauty_facts,false
14100765,brightening-texture,head and shoulders classic,Head & Shoulders,,"aqua, sodium laureth sulfate, sodium lauryl sulfate, sodium chloride, cocamidopropyl betaine, sodium xylenesulfonate, glycol distearate, sodium citrate, parfum, piroctone olamine, sodium benzoate, dimethiconol, citric acid, sodium salicylate, guar hydroxypropyltrimonium chloride, dimethicone, hexyl cinnamal, linalool, tetrasodium edta, sodium hydroxide, tea-dodecylbenzenesulfonate, trideceth-10, niacinamide, panthenol, tocopheryl acetate, benzyl alcohol, triethylene glycol, propylene glycol, ci ",niacinamide,,,,,,,,,,,,,open_beauty_facts,false
6221155058522,brightening-texture,shampoo,clear,,"Aqua, Sodium Laureth Sulfate, Cocamidopropyl Betaine, Dimethiconol, Zinc Pyrithione, Dimethicone. Parfum, Sodium Chloride, Phenoxyethanol, Carbomer, Citric Acid, Sodium Salicylate, Sodium Hydroxide, PPG-9. Guar Hydroxypropyltrimonium Chloride, TEA-Dodecylbenzenesulfonate, Zinc Sulfate Heptahydrate, Sodium Benzoate, TEA-Sulfate, Helianthus Annuus (Sunflower) Seed Oil, Glycerin, Poloxamer 407, Laureth-23, Sodium Polynaphthalenesulfonate, Glycine, Niacinamide, Laureth-4 Climbazole, Propylene Glycol",niacinamide,,,,,,,,,,,,,open_beauty_facts,false
8402001005602,brightening-texture,Anti manchas,Deliplus,,"INGREDIENTS AQUA, NIACINAMIDE, GLYCERIN, ETHYLHEXYL SALICYLATE, CETEARYL ALCOHOL, ISOPROPYL PALMITATE, HYDROGENATED VEGETABLE GLYCERIDES, BUTYL METHOXYDIBENZOYLMETHANE COCOGLYCERIDES, MYRISTYL MYRISTATE, PENTAERYTHRITYL DISTEARATE, PANTHENOL, SODIUM ASCORBYL PHOSPHATE, TOCOPHERYL ACETATE, ALOE BARBADENSIS LEAF JUICE POWDER TOCOPHEROL, HELIANTHUS ANNUUS SEED OIL, DISODIUM CETEARYL SULFOSUCCINATE, ETHYLHEXYL TRIAZONE, PARFUM, SODIUM POLYACRYLATE, HYDROXYACETOPHENONE, PANTOLACTONE PHENOXYETHANOL, S",niacinamide,,,,,,,,,,,,,open_beauty_facts,false
4068706887949,brightening-texture,Masque visage en tissu pack multiple,Lacura skin,,"Aqua, Propylene Glycol, Glycerin, Trehalose, 1,2-Hexanediol, Xanthan Gum, 3-0-Ethyl Ascorbic Acid, Hydroxyacetophenone, Panthenol, Propanediol, Hydrolyzed Sclerotium Gum, Hydroxyethylpiperazine Ethane Sulfonic Acid, Niacinamide, Caprylhydroxamic Acid, Ethylhexylglycerin, Butylene Glycol, Sodium Hyaluronate, Xylitylglucoside, Anhydroxylitol, Xylitol, Tetrasodium Glutamate Diacetate, Glucose, Sodium Chloride, Sodium Glycolate, Citrus Junos Fruit Extract.",niacinamide;vitamin-c;hyaluronic-acid,,,,,,,,,,,,,open_beauty_facts,false
3337875696548,brightening-texture,Lipikar Baume AP+ M,"La Roche-Posay, loreal",,"AQUA, BUTYROSPERMUM PARKII BUTTER, GLYCERIN, DIMETHICONE, NIACINAMIDE, CETEARYL ALCOHOL, BRASSICA CAMPESTRIS SEED OIL, GLYCERYL STEARATE, AMMONIUM POLYACRYLOYLDIMETHYL TAURATE, PEG-100 STEARATE, PROPANEDIOL, OPHIOPOGON JAPONICUS ROOT EXTRACT, PEG-20 METHYL GLUCOSE SESQUISTEARATE, SORBITAN TRISTEARATE, DIMETHICONOL, SODIUM CHLORIDE, MANNOSE, COCO-BETAINE, DISODIUM EDTA, CAPRYLOYL GLYCINE, CAPRYLYL GLYCOL, VITREOSCILLA FERMENT, CITRIC ACID, MALTODEXTRIN, XANTHAN GUM, TOCOPHEROL, PENTAERYTHRITYL TE",niacinamide,,,,,,,,,,,,,open_beauty_facts,false
5060879821989,brightening-texture,"Vitamin B, C and E moisturizer",The Inkey List,,"Water, Glycerin, Glyceryl Stearate SE, Cetearyl Alcohol, Caprylic/Capric Triglyceride, Cocos Nucifera (Coconut) Oil, Stearic Acid, Phenoxyethanol, Benzyl Alcohol, Carbomer, Sodium Hydroxide, Niacinamide, Panthenol, Sodium Ascorbyl Phosphate, Sodium Hyaluronate, Tocopheryl Acetate, Ethylhexylglycerin, Dehydroacetic Acid, Lecithin, Trisodium Ethylenediamine Disuccinate, Ascorbyl Palmitate, Tocopherol, Helianthus Annuus (Sunflower) Seed Oil",niacinamide;hyaluronic-acid,,,,,,,,,,,,,open_beauty_facts,false
5060422297346,brightening-texture,"Vitamin B, C and E moisturizer",The Inkey List,,"Water, Glycerin, Glyceryl Stearate SE, Cetearyl Alcohol, Caprylic/Capric Triglyceride, Cocos Nucifera 
(Coconut) Oil, Stearic Acid, Phenoxyethanol, Benzyl Alcohol, Carbomer, Sodium Hydroxide, Niacinamide, Panthenol, Sodium Ascorbyl Phosphate, Sodium Hyaluronate, Tocopheryl Acetate, Ethylhexylglycerin, Dehydroacetic Acid, Lecithin, Trisodium Ethylenediamine Disuccinate, Ascorbyl Palmitate, Tocopherol, Helianthus Annuus (Sunflower) Seed Oil",niacinamide;hyaluronic-acid,,,,,,,,,,,,,open_beauty_facts,false
8809891186662,brightening-texture,Biodance Collagen Peptide Eye patches,Biodance,,"Water, Glycerin, Colagan Water 97,000ppm), Niacinamide, Chondrus Crispus Powder Butylene Glycol 12-Hexanediol, Caratona Siqua (Carcb) Gum, Betaine, Hydroxyacetophenone, Choncha Crispus, Oyamopsis Tetragoncita (Guar Gum, Calcium Chloride, Allantoin, Polyglyceryl-3 Methylg ucose Distearate, Potassium Chloride Glucomannan, Polyglyceryl-10 Laurate, Propanediol, Trehats Butyrospermum Parki (Shea Butter, Calcium Aluminum Borosilicate, Sucrose, Cellulose Gum Adanosine, Dipotassium Glycynthiale, Ethylhe",niacinamide;vitamin-c;hyaluronic-acid,,,,,,,,,,,,,open_beauty_facts,false
4067796179712,brightening-texture,Coffein Shampoo Power Effect,Balea,,"Aqua, Sodium Laureth Sulfate, PEG-4 Rapeseedamide, Cocamidopropyl Betaine, Sodium Chloride, Glycerin, Panthenol, Caffeine, Hydrolyzed Wheat Protein, Ubiquinone, Guar Hydroxypropyltrimonium Chloride, Niacinamide, Olus Oil, Menthol, Citric Acid, Lecithin, Disodium EDTA, Sodium Sulfate, Tocopherol, Ascorbyl Tetraisopalmitate, Parfum, Limonene, Linalool, Sodium Benzoate, CI 42090.",niacinamide,,,,,,,,,,,,,open_beauty_facts,false
4047247998093,brightening-texture,Shampoo antipelliculaire classic,"Lacura, Lacura Hair",,"AQUA, SODIUM LAURETH SULFATE, COCAMIDO - PROPYL BETAINE, SODIUM CHLORIDE, PIROCTONE OLAMINE, PARFUM, SODIUM BENZOATE, CITRIC ACID, HYDROXYPROPYL GUAR HYDROXYPROPYLTRIMONIUM CHLORIDE, GLYCOL STEA - RATE, POTASSIUM SORBATE, PANTHENOL, NIACINAMIDE, PAN - TOLACTONE, HEXYLENE GLYCOL, SODIUM HYDROXIDE, CI 42090, C16185.",niacinamide,,,,,,,,,,,,,open_beauty_facts,false
8999908450906,brightening-texture,Marina UV White Hand&Body Lotion SPF 30 PA ++ Anti Pollution,Marina,,"Aqua, Ethylhexyl methoxycinnamate, Ethylhexyl salicylate, Stearic Acid, Sorbitol, Cetyl Alcohol, Butyl Methoxydibenzoylmethane, Phenylbenzimidazole Sulfonic Acid, Niacinamide, Yogurt, Euterpe Oleracea Fruit Extract, Tocopheryl Acetate, Dimethicone, Carbomer, Potassium Hydroxyde, Sodium Hydroxyde, Xanthan Gum, Glyceryl Stereate, PEG-100 Stearate, Parfum (Fragrance), Disodium EDTA, Methylparaben, Propylparaben, Phenoxyethanol, BHT",niacinamide,,,,,,,,,,,,,open_beauty_facts,false
8909106065932,brightening-texture,Shampoo,Clinic Plus is sold by Hindustan Unilever,,"WATER, SODIUM LAURETH SULFATE, DIMETHICONOL (AND) CHLORIDE, PERFUME, CARBOMER, GLYCOL DISTEARATE (AND) SODIUM LAURETH SULFATE (AND) COCAMIDE MEA, GUAR TEA-DODECYLBENZENESULFONATE, COCAMIDOPROPYL BETAINE, SODIUM HYDROXYPROPYLTRIMONIUM CHLORIDE, PEG-45M, SODIUM BENZOATE, CITRIC ACID, SODIUM HYDROXIDE, LYSINE HCL, HYDROLYZED MILK PROTEIN, NIACINAMIDE, PYRIDOXINE HCL, SODIUM ASCORBYL PHOSPHATE, TOCOPHERYL ACETATE, MICA (AND) TITANIUM DIOXIDE, DISODIUM EDTA, LINALOOL EUGENOL, HEXYL CINNAMAL, BENZYL B",niacinamide,,,,,,,,,,,,,open_beauty_facts,false
6974998720971,brightening-texture,Aloe Vera Nicotinamide Moisturizing Mask,Seomou,,"WATER, GLYCERIN, PROPYLENE GLYCOL, HYDROXYACETOPHENONE, FULLERENES, HYALURONIC ACID, CENTELLA ASIATICA EXTRACT, XANTHAN GUM, DISODIUM EDTA, ALLANTOIN, PAEONIA LACTIFLORA ROOT EXTRACT, ALOE BARBADENSIS EXTRACT, NIACINAMIDE, PARFUM.",niacinamide;hyaluronic-acid,,,,,,,,,,,,,open_beauty_facts,false
5900017101965,brightening-texture,Żel do mycia ciała i włosów 2w1,Bambino,,"Aqua, Sodium Coco-Sulfate, Cocamidopropyl Betaine, Coco-Glucoside, Glycerin, Gossypium Herbaceum Seed Extract, Panthenol, Pantaolactone, Niacinamide, Tocopherol, Helianthus Annuus Seed Oil, Sodium Lactate, Lactic Acid, Guar Hydroxypropyltrimonium Chloride, Sodium Chloride, Lauryl Glucoside, Citric Acid, Sodium Citrate, Sodium Benzoate, Potassium Sorbate, Sorbic Acid, Parfum.",niacinamide,,,,,,,,,,,,,open_beauty_facts,false
6294015113334,brightening-texture,fruitburst,COSMO,,"O ○ B:154696 pp: 16/01/2026 12:07 ED: 15/01/2029 As your skin undergoes its own process of natural renewal, dead cells and other impurities accumulate and hide your skins freshest layer. Cosmo Mint melon & Kiwi face and body scrub is a gentle exfoliating scrub that helps in soothing skin. The peel of the kiwifruit contains enzymes that exfoliate the dead skin cells and make your skin flawless and smooth. Whereas mint melon helps in maintaining healthy, fresh and glowing skin. It's scented with a",niacinamide,,,,,,,,,,,,,open_beauty_facts,false
5203069054587,brightening-texture,Coloration Permanente Huile d'Argan 7.0 Blond,Korres,,"Émulsion Révélatrice de Couleur: Aqua/Water/Eau, Hydrogen Peroxide, Cetearyl Alcohol, Ceteareth-20, Cetyl Alcohol, Polyquaternium-6, Ceteareth-33, Oxyquinoline Sulfate, Etidronic Acid.

Après-Shampoing Fixateur de Couleur : Aqua/Water/Eau, Cetearyl Alcohol, Distearoylethyl Hydroxyethylmonium Methosulfate, Dicaprylyl Carbonate, Quaternium-91, Inulin, Argania Spinosa Kernel Oil, Astrocaryum Murumuru Seed Butter, Beta Vulgaris (Beet) Extract/Beet Root Extract/Extrait De Betterave, Butylene Glycol",niacinamide,,,,,,,,,,,,,open_beauty_facts,false
3499320015431,brightening-texture,Gentle Skin Cleanser,Cetaphil,,"AQUA, GLYCERIN, CETEARYL ALCOHOL, PANTHENOL, NIACINAMIDE, PANTOLACTONE, XANTHAN GUM, SODIUM COCOYL ISETHIONATE, SODIUM BENZOATE CITRIC ACID. FIL1747V00",niacinamide,,,,,,,,,,,,,open_beauty_facts,false
8809414192170,brightening-texture,Hyaluronic acid essential intensive cream,Bergamo,,"Aqua, Mineral Oil, Glycerin, Dipropylene Glycol, Cetyl Ethylhexanoate, Stearic Acid, Niacinamide, Beeswax, Hydrogenated Polydecene, Cetearyl Alcohol, Glyceryl Stearate, Butyrospermum Parkii (Shea Butter), Sorbitan Stearate, PEG-100 Stearate, Dimethicone, Phenoxyethanol, Carbomer, Arginine, Sodium Hyature - nate(500ppm), Hydrolyzed Hyaluronic Acid(500ppm), Sodium Acetylated Hyaluronate (500ppm), Sea Water, Beta-Glucan, Allantoin, Disodium EDTA, Adenosine, Fragrance, CI 42090",niacinamide;hyaluronic-acid,,,,,,,,,,,,,open_beauty_facts,false
3337875549615,brightening-texture,Lipikar Lait/Lotion,La Roche-Posay,,"aqua, shea butter, glycerin, dimethicone, niacinamide, paraffin, mineral oil, microcrystalline wax, zea mays starch, caprylic/capric triglyceride, brassica campestris seed oil, tapioca starch, cetearyl alcohol, glyceryl stearate, peg-100 stearate, sodium hydroxide, acrylates copolymer, carbomer, sodium hydroxide, disodium edta, phenoxyethanol, caprylyl glycol, citric acid, xanthan gum, pentylene glycol, tocopherol, pentaerythrityl tetra-di-t-butyl hydroxyhydrocinnamate, chlorhexidine digluconate",niacinamide,,,,,,,,,,,,,open_beauty_facts,false
3337875829007,brightening-texture,CeraVe Retinol Serum Tegen Post-Acne Vlekjes,Cerave,,"INGREDIENTS: AQUA/WATER, PROPANEDIOL, DIMETHICONE, CETEARYL ETHYLHEXANOATE, NIACINAMIDE, AMMONIUM POLYACRYLOYLDIMETHYL TAURATE, DIPOTASSIUM GLYCYRRHIZATE, HYDROGENATED LECITHIN, POTASSIUM PHOSPHATE, CERAMIDE NP, CERAMIDE AP, CERAMIDE EOP, CARBOMER, CETEARYL ALCOHOL, BEHENTRIMONIUM METHOSULFATE, DIMETHICONOL, LECITHIN, SODIUM CITRATE, RETINOL, SODIUM HYALURONATE, SODIUM LAUROYL LACTYLATE, CHOLESTEROL, PHENOXYETHANOL, ALCOHOL, ISOPROPYL MYRISTATE, CAPRYLYL GLYCOL, CITRIC ACID, TRISODIUM ETHYLENEDI",niacinamide;hyaluronic-acid;retinol-cosmetic;ceramides,,,,,,,,,,,,,open_beauty_facts,false
3337875597197,brightening-texture,CeraVe Schuimende Reinigingsgel,CeraVe,,"aqua, water, cocamidopropyl hydroxysultaine, glycerin, sodium lauroyl sarcosinate, propanediol, peg-150 pentaerythrityl tetrastearate, niacinamide, peg-6 caprylic, capric glycerides, ceramide np, ceramide ap, ceramide eop, carbomer, sodium methyl cocoyl taurate, sodium chloride, sodium benzoate, sodium lauroyl lactylate, sodium hydroxide, cholesterol, phenoxyethanol, disodium edta, citric acid, tetrasodium edta, phytosphingosine, xanthan gum, ethylhexylglycerin, tocopherol",niacinamide;ceramides,,,,,,,,,,,,,open_beauty_facts,false
3178040650282,brightening-texture,Fa Men Kick Off Douchegel & Shampoo,Fa,,"Aqua, Sodium Laureth Sulfate, Cocamidopropyl Betaine, Potassium Chloride, Calcium Chloride, Niacinamide, Menthol, Polyquaternium-7, Sodium Chloride, Parfum, PEG-40 Hydrogenated Castor Oil, Propylene Glycol, Citric Acid, Linalool, Benzyl Salicylate, Hexyl Cinnamal, Butylphenyl Methylpropional, Limonene, Sodium Benzoate, CI 42090, CI 16035",niacinamide,,,,,,,,,,,,,open_beauty_facts,false
16529719,brightening-texture,Bepanthol REGENWRIERENDE körperlotion,Bayer,,"Aqua, Caprylic, Capric Triglyceride, Glycerin, 1,2 Hexanediol, Bulyrospermum Parkil Butter, Panthenol, Squalane, Isopropyl Isostearate, Isosorbide Dicaprylate, Niacinamide, Cetearyl Alocohol, Polyclyceryl-6, Behenyl Alcohol, Argania SpinosaKernel Oil, Polyclyceryl-3 Beeswax, Cetyl Alcohol, Xanthan Gum, Acrylates/C10-30 Alkyl Acrylate, Crosspolymer, Citric Acid",niacinamide,,,,,,,,,,,,,open_beauty_facts,false
00432401,brightening-texture,"Sérum Niacinamide 10%, cuivre & zinc",Aroma zone,,"Aqua, Niacinamide, Salix Nigra Bark Extract, Zinc PCA, sodium Hyaluronate, Copper PCA, Biosaccharide Gum-1, Glycerin, Levulinic Acid, Sodium Levulinate, Glyceryl Caprylate, Sodium Anisate, Sodium Hydroxide, Tetrasodium Glutamate Diacetate",niacinamide;hyaluronic-acid,,,,,,,,,,,,,open_beauty_facts,false
0810208300143,brightening-texture,Brightening & refining face mask Strawberry Matcha Boba,Soda pop,,"Water, Glycerin, Butylene Glycol, Glycereth-26, Phenoxyethanol, PEG-60 Hydrogenated Castor Oil, Carbomer, Triethanolamine, Ammonium Acryloyldimethyltaurate/VP Copolymer, Ethylhexylglycerin, Xanthan Gum, Disodium EDTA, Niacinamide, Fragaria Ananassa (Strawberry) Fruit Extract, Camellia Sinensis Leaf Extract, 1,2-Hexanediol, Glycyrrhiza Uralensis (Licorice) Root Extract, Alpinia Officinarum Root Extract, Angelica Tenuissima Root Extract, Sophora Flavescens Root Extract, Salvia Miltiorrhiza Root Ex",niacinamide,,,,,,,,,,,,,open_beauty_facts,false
8906171510039,brightening-texture,sunscreen,Hyphen,,"Aqua (water), Aloe Barbadensis (Aloe Vera) Extract, Ethylhexyl Methoxycinnamate, Avobenzone, Butylene Glycol, Cyclopentasiloxane, Octocrylene, Glycerin, Niacinamide, Hydrogenated Polyisobutene, Diisopropyl Adipate, Propylene Glycol Dicaprylate/Dicaprate, Methyl Methacrylate Crosspolymer, C12-15 Alky Benzoate, Diisopropyl Sebacate, Hydroxyethyl Acrylate/Sodium Acrylo Dimethyl Taurate Copolymer, Cetearyl Olivate, Terminalia Ferdinandian (Kakadu Plum) Extract, Kojic acid, Ceramide NP, Ceramide AP, ",niacinamide;hyaluronic-acid;ceramides,,,,,,,,,,,,,open_beauty_facts,false
8906118416370,brightening-texture,Saffron & papaya glow bright face wash,Plum,,"Aqua, Cocamidopropyl Betaine, Acrylates Copolymer, Coco Glucoside, Sodium Cocoyl Glycinate, Glycerin,  Propanediol, Olive Oil PEG-7 Esters, Triethanolamine, Capryloyl/Caproyl Methyl Glucamide, Carica Papaya Fruit Extract, Crocus Sativus (Saffron) Oil, Niacinamide, Lauroyl/Myristoyl Methyl Glucamide, Phenoxyethanol, Ethylhexylglycerin, Panthenol, Fragrance, Sodium Gluconate, CI 15510, CI 47005",niacinamide,,,,,,,,,,,,,open_beauty_facts,false
8806133615317,brightening-texture,Hyal Reyouth Moist Sun SPF50+ PA++++ moisturizing UV protection face & body,Dr. Ceuracle,,"Water, Dibutyl Adipate, Propanediol, Ethylhexyl Triazone, Terephthalylidene Dicamphor Sulfonic Acid, Polyglyceryl-3 Distearate, Niacinamide, Tromethamine, 1,2-Hexanediol, Pentylene Glycol, Diethylamino Hydroxybenzoyl Hexyl Benzoate, Polysilicone-15, Sodium Hyaluronate (500 ppm), Glyceryl Stearate, Bis-Ethylhexyloxyphenol Methoxyphenyl Triazine, Cetearyl Alcohol, Glycerin, Carbomer, Ammonium Acryloyldimethyltaurate (VP Copolymer), Glyceryl Stearate Citrate, Inulin Lauryl Carbamate, Acrylates (C10",niacinamide;hyaluronic-acid,,,,,,,,,,,,,open_beauty_facts,false
8859082306485,brightening-texture,Everyday glow sunscreen,SNAIL WHITE,,"WATER, ETHYLHEXYL METHOXYCINNAMATE ISODODECANE, CYCLOPENTASILOXANE, ETHYLHEXYL SALICYLATE, OCTOCRYLENE, PROPANEDIOL, BIS-ETHYLHEXYLOXYPHENOL METHOXYPHENYL TRIAZINE, DIETHYLAMINO HYDROXYBENZOYL HEXYL BENZOATE, VINYL DIMETHICONE/METHICONE SILSESQUIOXANE CROSSPOLYMER, TEREPHTHALYLIDENE DICAMPHOR SULFONIC ACID, HYDROXYETHYL ACRYLATE/SODIUM ACRYLOYLDIMETHYL TAURATE COPOLYMER, TRIETHANOLAMINE, PHENOXYETHANOL, POLYACRYLATE CROSSPOLYMER-6, CHLORPHENESIN, DISODIUM EDTA, POLYSORBATE 60. SORBITAN ISOSTEARA",niacinamide;hyaluronic-acid,,,,,,,,,,,,,open_beauty_facts,false
9316542150808,brightening-texture,Aromatherapy Multi Vitamin All Day Serum 50ml,NATIO,,"Water (Aqua), Propanediol, Caprylic/Capric Triglyceride, Hydroxyethyl Acrylate/Sodium Acryloyldimethyl Taurate, Sodium Hyaluronate, Aloe Barbadensis Leaf Juice, Phenoxyethanol, Tocopheryl Acetate, Sodium Ascorbyl Phosphate, Niacinamide, Hydrolyzed Hazelnut Protein, Panthenol, Helianthus Annuus (Sunflower) Seed Oil, Brassica Campestris (Rapeseed) Oil, Daucus Carota Sativa (Carrot) Root Extract, Disodium EDTA, Ethylhexylglycerin, Citrus Aurantium Amara (Petitgrain) Leaf/Twig Oil, Citrus Aurantium ",niacinamide;hyaluronic-acid,,,,,,,,,,,,,open_beauty_facts,false
4792081039425,brightening-texture,Kiss of Petals,Vaseline,,"WATER, ETHYLHEXYL METHOXYCINNAMATE, NIACINAMIDE, GLYCERIN, PHENOXYETHANOL, TRIETHANOLAMINE, DIMETHICONE, ACRYLATES/C10-30 ALKYL ACRYLATE CROSSPOLYMER, BUTYL METHOXYDIBENZOYLMETHANE, CYCLOPENTASILOXANE, FRAGRANCE, METHYLPARABEN, PROPYLPARABEN, DISODIUM EDTA, PETROLATUM, SODIUM ASCORBYL PHOSPHATE, VACCINIUM MACROCARPON (CRANBERRY) FRUIT EXTRACT",niacinamide,,,,,,,,,,,,,open_beauty_facts,false
4792081039418,brightening-texture,Pretty as a Peach,Vaseline,,"WATER, ETHYLHEXYL METHOXYCINNAMATE, NIACINAMIDE, GLYCERIN, PHENOXYETHANOL TRIETHANOLAMINE, DIMETHICONE, ACRYLATES/C10-30 ALKYL ACRYLATE CROSSPOLYMER, BUTYL METHOXYDIBENZOYLMETHANE, CYCLOPENTASILOXANE, FRAGRANCE, METHYLPARABEN, PROPYLPARABEN, DISODIUM EDTA, PETROLATUM, RETINYL PALMITATE, HELIANTHUS ANNUUS (SUNFLOWER) SEED OIL TOCOPHEROL, CITRUS PARADISI (GRAPEFRUIT) FRUIT EXTRACT.",niacinamide,,,,,,,,,,,,,open_beauty_facts,false
5900116106908,brightening-texture,MEN Multi-Booster Ultralekki krem nawilżająco-kojący,Laab,,"Aqua, Glycerin, Betaine, Polyglyceryl-6 Stearate, Niacinamide, Ethylhexyl Stearate, Dibutyl Adipate, Pentylene Glycol, Dicaprylyl Carbonate, Isopropyl Palmitate, Cetearyl Alcohol, Oryza Sativa Powder, Hyaluronic Acid, Trehalose, Acetyl Hexapeptide-8, Pentapeptide-18, Palmitoyl Tripeptide-38, Dipeptide Diaminobutyroyl Benzylamide Diacetate, Acetyl Dipeptide-1 Cetyl Ester, Opuntia Ficus-Indica Extract, Panthenol, Lactobacillus Ferment, Caffeine, Allantoin, Tocopherol, Tocopheryl Acetate, Polyglyce",niacinamide;hyaluronic-acid,,,,,,,,,,,,,open_beauty_facts,false
4305615646732,brightening-texture,Styling-Gel POWER 5,"ISANA, Rossmann",,"Aqua, Algin, Hydroxypropyl Guar Hydroxypropyltrimonium Chloride, Niacinamide, Parfum, Sodium Benzoate, Potassium Sorbate, Limonene, Linalool, Citronellol, Citric Acid. Calcium Chloride, Sodium Hydroxide",niacinamide,,,,,,,,,,,,,open_beauty_facts,false
3600550894004,brightening-texture,Panthenol Comfort body balm,Mixa,,"AQUA / WATER, GLYCERIN, PETROLATUM, PARAFFINUM LIQUIDUM / MINERAL OIL, NIACINAMIDE, GLYCERYL STEARATE, CETYL ALCOHOL, PEG-40 STEARATE, BUTYROSPERMUM PARKII BUTTER / SHEA BUTTER, CETYL PALMITATE, DIMETHICONE, ASCORBYL PALMITATE, CHLORHEXIDINE DIGLUCONATE, CITRIC ACID, CORIANDRUM SATIVUM SEED OIL/CORIANDER SEED OIL, ECHIUM PLANTAGINEUM SEED OIL, GLYCINE SOJA OIL/ SOYBEAN OIL, PANTHENOL, PRUNUS ARMENIACA KERNEL OIL / APRICOT KERNEL OIL, RIBES NIGRUM SEED OIL/ BLACK CURRANT SEED OIL, SORBITAN TRISTE",niacinamide,,,,,,,,,,,,,open_beauty_facts,false
8684093080433,brightening-texture,Saç maskesi,Hoito,,"Yoğun Besleyici Durulanmayan Saç Maskesi İçindekiler/Ingredients: Aqua, Cetearyl Alcohol, Cetyl Alcohol, Glycerin, Propylene Glycol, Hydrolyzed Pea Protein, Hydrolyzed Milk Protein, Hydrolyzed Jojoba Esters, Caffeine, Panthenol, Beta-Glucan, Niacinamide, Aloe Barbadensis Leaf Extract, Centella Asiatica Extract, Chamimila Recutita Flower Extract, Hamamelis Virginiana Leaf Extract, Tilia Cordata Flower Extract, Quillaha Saponaria Wood Extract, Pisum Sativum Sprout Extract, Camellia Sinensis Leaf E",niacinamide;hyaluronic-acid,,,,,,,,,,,,,open_beauty_facts,false
8904430201070,brightening-texture,Rice water & Niacinamide Hybrid Sunscreen,Plum,,"Aqua, Ethylhexyl Methoxycinnamate, Butyl Methoxydibenzoylmethane, Benzophenone-3, Phospholipids, 1,3-Butylene Glycol, Propanedi - ol, Niacinamide, Glycerin, Titanium Dioxide, Rice Ferment Filtrate, Oryza Sativa (Rice) Extract, Aluminum Hydroxide, Benzyl Alcohol, Hydroxyace - tophenone, Stearic Acid, Caprylyl Glycol, Ammonium Acryloyldi - methyltaurate/VP Copolymer, Sodium Polyacryloyldimethyl Taurate, Sodium Benzoate, Potassium Sorbate, Sodium Gluconate, D-Panthenol",niacinamide,,,,,,,,,,,,,open_beauty_facts,false
8059016840195,brightening-texture,Crema viso anti-age,"Labcare, Labcare cosmetics",,"Aqua, Glycerin, Cetearyl Alcohol, Ethylhexyl Palmitate, Aloe Barbadensis Leaf Juice, Octyldodecanol, Glyceryl Stearate, Butyrospermum Parkii Butter, Caprylic/Capric Triglyceride, Sodium Hyaluronate Crosspolymer, Hyaluronic Acid, Hydrolyzed Hyaluronic Acid, Sodium Hyaluronate, Hydrolyzed Sodium Hyaluronate, Simmondsia Chinensis Seed Oil, Cocos Nucifera Oil, Mangifera Indica Seed Extract, Carica Papaya Fruit Juice, Malva Sylvestris Flower Leaf Extract, Hamamelis Virginiana Leaf Water, Aleurites Mo",niacinamide;vitamin-c;hyaluronic-acid,,,,,,,,,,,,,open_beauty_facts,false
0079400468277,brightening-texture,even tone rejuvenating blossom antiperspirant,Dove,,"Active:
Aluminum Zirconium Tetrachlorohydrex GLY (11.4%)

Inactive:
Cyclopentasiloxane, Stearyl Alcohol, C12-15 Benzoate, PPG-14 Butyl Ether Hydrogenated Castor O PEG-8, Dimethicone, 12-Hydroustearic Acid Fragrance (Parfum) Niacinamide, Silica, Polyethylene, Helianthus Annuus (Sunflower) Seed Oil, Steareth-100, BHT Alpha-Isomethy Benzyl Alcohol, Benzyl Salicylate Caryl Alcohol, Crone Geran Hexy/Cinamal, Limonene, Linalool Cyclopentasiloxane, Stearyl Alcohol, C12-15 Ak Benzoate PG-14 Butyl Ether ",niacinamide,,,,,,,,,,,,,open_beauty_facts,false
4084500610699,brightening-texture,Anti-dandruff shampoo repair & care,head & shoulders,,"Aqua, Sodium Laureth Sulfate, Sodium Xylenesulfonate, Cocamidopropyl Betaine, Sodium Citrate, Dimethiconol, Parfum, Citric Acid, Cocamide MEA, Glycol Distearate, Piroctone Olamine, Dimethicone, Sodium Chloride, Guar Hydroxypropyltrimonium Chloride, Sodium Benzoate, TEA-Dodecylbenzenesulfonate, Sodium Salicylate, Trideceth-10, Tetrasodium EDTA, Hexyl Cinnamal, Sodium Hydroxide, Glycerin, Niacinamide, Benzyl Salicylate, Limonene, Alpha-Isomethyl Ionone, Citronellol, Linalool, Panthenol, Tocopheryl",niacinamide,,,,,,,,,,,,,open_beauty_facts,false
3337875518451,brightening-texture,Effaclar Duo (+) Unifiant Teinte Light,La Roche-Posay,,"Aqua/water, glycerin, dimethicone, isocetyl stearate, niacinamide, isopropyl lauroyl sarcosinate, ammonium polyacryloyldimethyl taurate, methyl methacrylate crosspolymer, t-butyl alcohol, sodium hydroxide, oleic acid, salicylic acid, silica silylate, poloxamer 338, nylon-12, polysorbate 80, zinc PCA, linoleic acid, pentaerythrityltetra-di-t-butyl hydroxhydrocinnamate, isohexadecane, 2-oleamido-1, 3-octadecanediol, capryloyl salicylic acid, caprylyl glycol, piroctone olamine, myristyl myristate, ",niacinamide,,,,,,,,,,,,,open_beauty_facts,false
8720181594793,brightening-texture,Déo pour tout le corps,Dove,,"Aqua, Glycerin, Propylene Glycol, Dipropylene Glycol, Sodium Stearate, Poloxamine 1307, Parfum, Stearyl Alcohol, Stearic Acid, Disodium EDTA, Tocopheryl Acetate, Niacinamide, Camphor, Citral, Coumarin, Hexyl Cinnamal, Lavandula Oil/Extract, Limonene, Linalool, Linalyl Acetate, Pinene, Tetramethyl Acetyloctahydronaphthalenes",niacinamide,,,,,,,,,,,,,open_beauty_facts,false
3337875784054,brightening-texture,Blemish control cleanser,"L'Oréal, Cerave",,"aqua, water, cocamidopropyl hydroxysultaine, sodium lauroyl sarcosinate, niacinamide, salicylic acid, sodium chloride, sodium methyl cocoyl taurate, peg-150 pentaerythrityl tetrastearate, sodium benzoate, capryloyl glycine, citric acid, ceramide np, ceramide ap, ceramide eop, phytosphingosine, cholesterol, cocamidopropyl pg-dimonium chloride phosphate, disodium edta, hydrolyzed hyaluronic acid, xanthan gum, acrylates copolymer, benzoic acid",niacinamide;hyaluronic-acid;ceramides,,,,,,,,,,,,,open_beauty_facts,false
08433862,brightening-texture,Optimum Peptide Eye Cream,Superdrug,,"Aqua, Polysilicone-11, Dimethicone, Caprylic/Capric Triglyceride, Butyrospermum Parkii Butter, Glyceryl Stearate Citrate, Niacinamide, Propanediol, Methylpropanediol, Cetearyl Alcohol, Phenoxyethanol, Caprylyl Glycol, Glyceryl Stearate, Tocopheryl Acetate, Acrylates/C10-30 Alkyl Acrylate Crosspolymer, Sodium Hydroxide, Laureth-12, Sodium Acetylated Hyaluronate, Disodium EDTA, Potassium Sorbate, Ethylhexylglycerin, Acetyl Hexapeptide-8",niacinamide,,,,,,,,,,,,,open_beauty_facts,false
4262399430073,brightening-texture,CERAMID CRÈME,MB Cosmetics,,"Inhaltsstoffe / Ingredients/Ingredienti / Ingredientes / Ingrédients / Ingrediënten / Ingredienser / Składniki: Aqua (Water), C12-15 Alkyl Benzoate, Caprylic/Capric Triglyceride, Aloe Barbadensis Leaf Extract, Polyglyceryl-3 Methylglucose Distearate, Glycerin, Glyceryl Stearate, Cetearyl Alcohol, Butyrospermum Parkii (Shea) Butter, Squalane, Vitis Vinifera (Grape) Seed Oil, Phenoxyethanol, Punica Granatum (Pomegranate) Seed Oil, Xanthan Gum, Niacinamide, Saccharide Isomerate, Tocopheryl Acetate,",niacinamide;ceramides,,,,,,,,,,,,,open_beauty_facts,false
8700216517669,brightening-texture,Sensitive Kopfhaut,head & shoulders,,"Aqua, Sodium Laureth Sulfate, Sodium Xylenesulfonate, Cocamidopropyl Betaine, Sodium Citrate, Citric Acid, Cocamide MEA, Glycol Distearate, Piroctone Olamine, Sodium Chloride, Guar Hydroxypropyltrimonium Chloride, Parfum, Sodium Benzoate, Sodium Salicylate, Tetrasodium EDTA, Sodium Hydroxide, Glycerin, Niacinamide, Linalool, Hexamethylindanopyran, Tetramethyl Acetyloctahydronaphthalenes, Hexyl Cinnamal, Panthenol, Tocopheryl Acetate, Aloe Barbadensis Leaf Juice, Acetic acid",niacinamide,,,,,,,,,,,,,open_beauty_facts,false
4660120523054,brightening-texture,Zollider,Zollider,,"водрящийи аркий вод сочными нотами лайма, апельсина, лимона, с пряными оттенками имбиря и свежего лемонграсса. Energy+ Благодаря активному энергетическому комплексу Energy Boost, включающему в себя экстракт гуараны и таурин, гель-шампунь заряжает энергией и обеспечивает коже интенсивное увлажнение. Меры предосторожности: Избегайте попадания в глаза. При попадании в глаза промыть водой. Используйте только для наружного применения. Способ применения: Нанесите небольшое количество гель-шампуня на т",niacinamide,,,,,,,,,,,,,open_beauty_facts,false
8006540733134,brightening-texture,Anti-roos shampoo + conditioner,head & shoulders,,"Aqua, Sodium Laureth Sulfate, Sodium Lauryl Sulfate, Sodium Chloride, Cocamidopropyl Betaine, Sodium Xylenesulfonate, Glycol Distearate, Sodium Citrate, Parfum, Piroctone Olamine, Dimethiconal, Citric Acid, Menthol, Dimethicone, Sodium Salicylate, Sodium Benzoate, Guar Hydroxypropyltrimonium Chloride, TEA-Dodecylbenzenesulfonate, Tetrasodium EDTA, Sodium Hydroxide, Trideceth-10, Niacinamide, Hexyl Cinnamal, Limonene, Benzyl Salicylate, Propylene Glycol, Panthenol, Tocopheryl Acetate, Citrus Limo",niacinamide,,,,,,,,,,,,,open_beauty_facts,false
4066447746693,brightening-texture,Shampoo Ultra Sensitive,Balea Med,,"AQUA, COCO-GLUCOSIDE, GLYCERIN, SODIUM COCO-SULFATE, SODIUM COCOAMPHOACETATE, CITRIC ACID, PANTHENOL, NIACINAMIDE, TOCOPHEROL, ASCORBYL, PALMITATE, GLYCERYL OLEATE, HYDROXYPROPYL, GUAR HYDROXYPROPYLTRIMONIUM CHLORIDE, HYDROGENATED PALM GLYCERIDES CITRATE, LECITHIN, SODIUM BENZOATE, POTASSIUM SORBATE, SODIUM CHLORIDE, SODIUM HYDROXIDE",niacinamide,,,,,,,,,,,,,open_beauty_facts,false
8053630590009,brightening-texture,Night Cream Retinolo,Dermaself,,"AQUA, CAPRYLIC TRIGLYCERIDE, ROSA MOSCHATA SEED OIL, NIACINAMIDE, C15-19 ALKANE, CETEARYL ALCOHOL, POTASSIUM AZELOYL DIGLYCINATE, SIMMONDSIA CHINENSIS SEED OIL, BUTYROSPERMUM PARKII BUTTER, GLYCERIN, LAUROYL LYSINE, GLYCERYL STEARATE, PHENOXYETHANOL, CETEARYL GLUCOSIDE, XANTHAN GUM, LECITHIN, POTASSIUM SORBATE, SODIUM BENZOATE, POLYSORBATE 20, SODIUM STEAROYL LACTYLATE, BHT, RETINOL, ETHYLHEXYLGLYCERIN, ALCOHOL DENAT, HYDROXYPROPYL CYCLODEXTRIN, TOCOPHEROL, SODIUM METABISULFITE",niacinamide;retinol-cosmetic,,,,,,,,,,,,,open_beauty_facts,false
8053630590016,brightening-texture,Night Cream Niacinamide Azeloglicina,Dermaself,,"AQUA, ROSA MOSCHATA SEED OIL, CAPRYLIC TRIGLYCERIDE, NIACINAMIDE, C15-19 ALKANE, CETEARYL ALCOHOL, POTASSIUM AZELOYL DIGLYCINATE, SIMMONDSIA CHINENSIS SEED OIL, BUTYROSPERMUM PARKII BUTTER, GLYCERIN, LAUROYL LYSINE, GLYCERYL STEARATE, PHENOXYETHANOL, CETEARYL GLUCOSIDE, XANTHAN GUM, LECITHIN, POTASSIUM SORBATE, SODIUM BENZOATE, SODIUM STEAROYL LACTYLATE, BHT, ETHYLHEXYLGLYCERIN, ALCOHOL DENAT",niacinamide,,,,,,,,,,,,,open_beauty_facts,false
0772618078008,brightening-texture,Moisturizing Lotion,"Nestlé, Cetaphil, Galderma",,"Aqua, Glycerin, Isopropyl palmitate, Cetearyl alcohol, Ceteareth-20, Panthenol, niacinamide, Tocopheryl acetate, Dimethicone, Persea gratissima (avocado) oil, Helianthus annuus (sunflower) seed oil, Glyceryl stearate, Sodium benzoate, Benzyl alcohol, Citric acid, Pantolactone FIL.1745",niacinamide,,,,,,,,,,,,,open_beauty_facts,false
8809109680913,brightening-texture,Rice Niacinamide Mask,Glamfox,,"Water(Aqua),Oryza Sativa (Rice) Bran Water, Methylpropanediol,Niacinamide,Gly - cerin (Cosmetic Use Olny),1,2-Hexanediol,Saccha - romyces/Rice Ferment Filtrate, Oryza Sativa (Rice) Bran Extract,PEG-60 Hydrogenated Castor Oil, Panthenol, Xanthan Gum, Hydroxyacetophenone, Ectoin, Pentylene Glycol, Allantoin,Adenosine,So - dium Gluconate,Fragrance (Parfum), Disodium EDTA,Limnanthes Alba (Meadowfoam) Seed Oil, Madecassoside,Canola Oil, Helianthus Annuus (Sunflower) Seed Oil,Argania Spinosa Kernel Oi",niacinamide,,,,,,,,,,,,,open_beauty_facts,false
3337875905466,brightening-texture,Lipikar Huile Lavante AP+,La Roche-Posay,,"AQUA /WATER, GLYCERIN, SUCROSE, SODIUM LAURETH SULFATE, COCO-BETAINE, SODIUM CHLORIDE, CITRIC ACID, NIACINAMIDE, PARFUM / FRAGRANCE, PEG-75 SHEA BUTTER GLYCERIDES, POLYSORBATE 20, PPG-5-CETETH-20, Sodium benzoate, SODIUM HYDROXIDE, VITREOSCILLA FERMENT",niacinamide,,,,,,,,,,,,,open_beauty_facts,false
3564700718513,brightening-texture,Shampooing extra-doux antipelliculaire,"Marque Repère, Manava",,"AQUA, SODIUM LAURETH SULFATE, SODIUM CHLORIDE, DISODIUM COCOAMPHODIACETAL LAURETH-3 PARFUM, PIROCTONE OLAMINE, CITRIC ACID POTASSIUM SORBATE, NIACINAMIDE, POLYQUATERNIUM O METHYLISOTHIAZOLINONE, SODIUM HYDROXIDE CI 42090 CI 28440.",niacinamide,,,,,,,,,,,,,open_beauty_facts,false
8700216266772,brightening-texture,champú hys con dosificador,H&S,,"Aqua, Sodium Laureth Sulfate, Sodium Xylenesulfonate, Cocamidopropyl Betaine, Sodium Citrate, Parfum, Dimethiconol, Citric Acid, Cocamide MEA, Glycol Distearate, Piroctone Olamine, Sodium Chloride, Dimethicone, Guar Hydroxypropyltrimonium Chloride, Sodium Benzoate, TEA-Dodecylbenzenesulfonate, Hexyl Cinnamal, Sodium Salicylate, Linalool, Tetrasodium EDTA, Trideceth-10, Sodium Hydroxide, Hexamethylindanopyran, Niacinamide, Linalyl Acetate, Tetramethyl Acetyloctahydronaphthalenes, Panthenol, Tocop",niacinamide,,,,,,,,,,,,,open_beauty_facts,false
8015700169096,brightening-texture,Crema Gel Ricci Syoss by Palette,Syoss by Palette,,"Aqua (Water, Eau), PVP, Acrylates/Hydroxyesters Acrylates Copolymer, Glycerin, Acrylates/Steareth-20 Methacrylate Crosspolymer, Aminomethyl Propanol, Phenoxyethanol, Panthenol, Niacinamide, Benzyl Alcohol, Parfum (Fragrance), Caprylyl Glycol, Ricinus Communist (Castor) Seed Oil, Cocos Nucifer (Coconut) Oil, Caprylyl/Capryl Glucoside, Ethylhexylglycerin, 1,2-Hexanediol, Sodium Benzoate",niacinamide,,,,,,,,,,,,,open_beauty_facts,false
0773602657070,brightening-texture,Studio Radiance 24HR Luminous Lift Concealer NC11,MAC,,"WATER AQUAVEAU, PHENYL TRIMETHICONE, TRIMETHYLSILOXYSILICATE, METHYL TRIMETHICONE, GLYCERIN, C9-12 ALKANE, NIACINAMIDE, BUTYLENE GLYCOL, NEOPENTYL GLYCOL DIHEPTANOATE, ASCORBYL GLUCOSIDE, LAURYL PEG-9 POLYDIMETHYLSILOXYETHYL DIMETHICONE, SILICA, OLEA EUROPAEA (OLIVE) FRUIT OIL, SIMMONDSIA CHINENSIS (JOJOBA) SEED OIL, HYDROGENATED POLYISOBUTENE, POLYSILICONE-11, HYDROXYETHYL UREA, ALGAE EXTRACT, TOCOPHERYL ACETATE, SODIUM PCA, HELIANTHUS ANNUUS (SUNFLOWER) SEED EXTRACT, CAFFEINE, SODIUM HYALURONA",niacinamide;hyaluronic-acid,,,,,,,,,,,,,open_beauty_facts,false
3606000560239,brightening-texture,Moisturizing Lotion,CeraVe,,"AQUA/WATER/EAU, CETEARYL ALCOHOL, CAPRYLIC/CAPRIC TRIGLYCERIDE, CETYL ALCOHOL, PHENOXYETHANOL, NIACINAMIDE, DIMETHICONE, ALLANTOIN, POTASSIUM PHOSPHATE, CERAMIDE NP, CERAMIDE AP, CERAMIDE EOP, CARBOMER, ZINC CITRATE, BEHENTRIMONIUM METHOSULFATE, SODIUM LAUROYL LACTYLATE, SODIUM PCA, ARGININE PCA, SODIUM HYALURONATE, CHOLESTEROL, DIPOTASSIUM PHOSPHATE, DISODIUM EDTA, TOCOPHERYL ACETATE, TOCOPHEROL, LAURIC ACID, PHYTOSPHINGOSINE, XANTHAN GUM, POLYGLYCERYL-3 DIISOSTEARATE, POLYSORBATE 60, ETHYLHEXY",niacinamide;hyaluronic-acid;ceramides,,,,,,,,,,,,,open_beauty_facts,false
8500033101108,brightening-texture,TULA bedtime bright,Tula,,"Does not contain live cultures.

Water, Glycerin, Butylene Glycol, Diglycerin, Methyl Gluceth-20, Niacinamide, Pentylene Glycol, Lactococcus Ferment Lysate, 3-O-Ethyl Ascorbic Acid, Betula Alba Juice, Panthenol, Tetrahydrodiferuloylmethane, Beet Vulgaris (Beet) Root Extract, Ascorbyl Glucoside, Inulin, Mandelic Acid, Lactic Acid, Curcuma Longa (Turmeric) Root Extract, Hippophae Rhamnoides Fruit Extract, Copper Gluconate, Magnesium Aspartate, Zinc Gluconate, Pseudozyma Epicola/Apricot Kernel Oi",niacinamide;vitamin-c,,,,,,,,,,,,,open_beauty_facts,false
4066447097795,brightening-texture,Hydrostay Silky Serum Foundation,"dm, trend it up",,"Aqua, Dimethicone, Talc, PEG-10 Dimethicone, C13-15 Alkane, Titanium Dioxide (Nano), Trimethylsiloxysilicate, Undecane, C12-15 Alkyl Benzoate, Bis-Ethylhexyloxyphenol Methoxyphenyl Triazine, Glycerin, Tridecane, Cetyl PEG/PPG-10/1 Dimethicone, Silica, Tocopheryl Acetate, Sodium Hyaluronate, Panthenol, Niacinamide, Pyridoxine HCl, Thiamine HCl, Calcium Pantothenate, Sodium Chloride, Sodium Ascorbate, Biotin, Disteardimonium Hectorite, Hydrogen Dimethicone, Propylene Carbonate, Sodium Phytate, Pol",niacinamide;hyaluronic-acid,,,,,,,,,,,,,open_beauty_facts,false
8809901210110,brightening-texture,Хз,Ésfolio,,"Ingredients: Aqua (Water), Glycerin, Mineral Oil, Cetyl Alcohol, Niacinamide, Citrus Junos Fruit Extract, Citrus Aurantium Dulcis (Orange) Fruit Extract, Citrus Limon (Lemon) Fruit Extract, Polysorbate 60, Stearyl Alcohol, Palmitic Acid, Sorbitan Stearate, Stearic Acid, Glyceryl Stearate, PEG-100 Stearate, Carbomer, Dimethicone, Arginine, Myristyl Alcohol, Polyacrylate-13, Polyisobutene, Lauryl Alcohol, Disodium EDTA, Sorbitan Isostearate, Polysorbate 20, Myristic Acid, Arachidic Acid, Lauric Ac",niacinamide,,,,,,,,,,,,,open_beauty_facts,false
8006540810538,brightening-texture,Classic Clean Anti-dandruff Shampoo,Head & Shoulders,,"Aqua, Sodium Laureth Sulfate, Sodium Xylenesulfonate, Cocamidopropyl Betaine, Sodium Citrate, Parfum, Citric Acid, Cocamide MEA, Glycol Distearate, Piroctone Olamine, Dimethiconol, Sodium Chloride, Guar Hydroxypropyltrimonium Chloride, Dimethicone, Sodium Benzoate, TEA-Dodecylbenzenesulfonate, Hexyl Cinnamal, Sodium Salicylate, Linalool, Tetrasodium EDTA, Sodium Hydroxide, Trideceth-10, Hexamethylindanopyran, Niacinamide, Linalyl Acetate, Tetramethyl Acetyloctahydronaphthalenes, Panthenol, Tocop",niacinamide,,,,,,,,,,,,,open_beauty_facts,false
0194346188659,brightening-texture,Women's Multi With Fruits & Vegetables,Spring Valley,,"Calcium carbonate, microcrystalline cellulose, maltodextrin, fruit and vegetable powder blend (spinach leaf, celery, pomegranate fruit, carrot root, mango puree fruit, beet root, watermelon fruit, pineapple fruit, apple fruit, strawberry fruit, acai fruit, concentrated acerola juice fruit, concentrated beet juice root, concentrated carrot juice root, concentrated mango juice fruit, concentrated pomegranate juice fruit, concentrated watermelon juice fruit), magnesium oxide, ferrous fumarate, star",niacinamide;vitamin-c,,,,,,,,,,,,,open_beauty_facts,false
0055086011921,brightening-texture,Rose Water & Niacinamide Body Wash,Love Beauty And Planet,,"WATER (AQUA), COCAMIDOPROPYL BETAINE*, SODIUM METHYL LAUROYL TAURATE*. GLYCERIN*, SODIUM CHLORIDE, FRAGRANCE (PARFUM), GLYCOL STEARATE, COCAMIDE MEA*, SODIUM BENZOATE, CITRIC ACID, LAURIC ACID*, SODIUM METHYLTAURATE, CYAMOPSIS TETRAGONOLOBA (GUAR) GUM*, CELLULOSE, STEARIC ACID*, CELLULOSE GUM*, STEARAMIDE AMP, COCOS NUCIFERA (COCONUT) OIL*, ROSA DAMASCENA FLOWER WATER*, NIACINAMIDE, CETRIMONIUM CHLORIDE, CITRONELLOL, LINALOOL. *PLANT-BASED INGREDIENTS",niacinamide,,,,,,,,,,,,,open_beauty_facts,false
8809566991676,brightening-texture,Snail Bee High Content Essence,Benton,,"Snail Secretion Filtrate, Aqua
(Water), Butylene Glycol, Glycerin, Niacinamide, 1,2-Hexanediol, Pentyiene Glycol, Acryiates/C10-30 Alkyl Acrylate Crosspolymer, Aloe Barbadensis Leaf Juice, Copper Tripeptide-1, Hexapeptide--11, Hexapeptide-9, Palmitoyl Pentapeptide-4, Palmitoyl Tripeptide--1,Tripeptide--1, Panthenol, Betaine, Allantoin, Diospyros Kaki Leaf Extract, Laminaria Digitata Extract, Salix Alba (Willow) Bark Extract, Plantago Asiatica Extract, Uimus Campestris (Elm) Bark Extract, Polygly",niacinamide,,,,,,,,,,,,,open_beauty_facts,false
8700216266246,brightening-texture,H&S 2 en 1 Classic,H&S,,"INGREDIENTS: Aqua, Sodium Laureth Sulfate, Sodium Xylenesulfonate, Cocamidopropyl Betaine, Sodium Citrate, Parfum, Dimethiconol, Citric Acid, Cocamide MEA Glycol Distearate, Piroctone Olamine, Sodium Chloride, Dimethicone, Guar Hydroxypropyltrimonium Chloride, Sodium Benzoate, TEA-Dodecylbenzenesulfonate, Hexyl Cinnamal, Sodium Salicylate, Linalool, Tetrasodium EDTA, Trideceth-10, Sodium Hydroxide, Hexamethylindanopyran, Niacinamide, Linalyl Acetate, Tetramethyl Acetyloctahydronaphthalenes, Pant",niacinamide,,,,,,,,,,,,,open_beauty_facts,false
8720182608888,brightening-texture,Champú y acondicionador anticaspa classic 2 en 1,Ultrex,,"INGREDIENTS: Aqua, Sodium Laureth Sulfate, Cocamidopropyl Betaine, Sodium Chloride, Glycol Distearate, Piroctone Olamine, Parfum, Dimethiconol, Carbomer, Dimethicone, Sodium Salicylate, Phenoxyethanol, Citric Acid, Cocamide MEA, Mica, Guar Hydroxypropyltrimonium Chloride, Sodium Hydroxide, Helianthus Annuus Seed Oil, Glycine, Niacinamide, Taurine, Glycerin, TEA-Dodecylbenzenesulfonate, Sodium Benzoate, TEA-Sulfate, Laureth-23, Poloxamer 407, PPG-6, Coumarin, Limonene, Linalool, CI 77891, CI 4209",niacinamide,,,,,,,,,,,,,open_beauty_facts,false
3662361004058,brightening-texture,sun secure,SVR,,"AQUA/WATER/EAU, DICAPRYLYL CARBONATE COCO-CAPRYLATE/CAPRATE. DIETHYLAMINO HYDROXYBENZOYL HEXYL ETHER, DIISOPROPYL ADIPATE, ETHYLHEXYL TRIAZONE, NIACINAMIDE, SODIUM BENZOATE, BIS-ETHYLHEXYLOXYPHENOL METHOXYPHENYL TRIAZINE, DICAPRYLYL CHLORIDE, BIXA ORELLANA SEED EXTRACT, GLYCINE SOJA (SOYBEAN) OIL HEXYLENE GLYCOL, LEPIDIUM SATIVUM SPROUT EXTRACT, HELIANTHUS ANNUUS (SUNFLOWER) SEED OIL, TOCOPHEROL, CAPRYLIC/CAPRIC TRIGLYCERIDE, CITRIC ACID COCO-BETAINE, POTASSIUM SORBATE, SODIUM BENZOATE, PARFUM/F",niacinamide,,,,,,,,,,,,,open_beauty_facts,false
8480000469786,brightening-texture,Gel - champú bebé para pieles atópicas,"Deliplus, Mercadona",,"INGREDIENTS: AQUA, COCAMIDOPROPYL BETAINE, LAURYL GLUCOSIDE, COCO-GLUCOSIDE, COCO-GLUCOSIDE, SORBITAN SORBITAN SESQUICAPRYLATE, GLYCERIN, SUCROSE COCOATE, NIACINAMIDE, RHAMNOSE, ALLANTOIN, GLUCURONIC ACID, LAURETH-9, PROPANEDIOL, GLUCOSE, POLYQUATERNIUM-16, PARFUM, CITRIC ACID, TETRASODIUM GLUTAMATE DIACETATE, LACTIC ACID, SODIUM BENZOATE.",niacinamide,,,,,,,,,,,,,open_beauty_facts,false
4515061013228,brightening-texture,Kansosan Skincare Moisture Base AQ,BCL,,"Water, ethylhexyl methoxycinicanate, BG, niacinamide, DPG, ethylhexyl salicylate, glycerin, dimethicone, pentylene glycol, alkyl benzoate (C12 - 15), bisethylhexyloxyphenol methoxyphenyliazine, behenyl alcohol, a-glucan, alanine, allantoin, arginine, isoleucine, Euachon Root Extract, Glycine, Glucosylceramide, Glutamic Acid, White Jellyfish Polysaccharides, Serine, Taurine, Ascorbyl Tetrahexyldecanoate, Tocopherol, Threonine, Valine, Sodium Hyaluronate, Histidine HCl, Phenylalanine, Proline, Act",niacinamide;hyaluronic-acid;ceramides,,,,,,,,,,,,,open_beauty_facts,false
3606000537583,brightening-texture,CeraVe SA Cream for Rough & Bumpy Skin,CeraVe,,"aqua/water/eau, glycerin, paraffinum liqui huile minerale, glyceryl stearate, cetearyl alcohol, triethanolamine, salicylic acid, niacinamide, cetyl alcohol, ammonium lactate, behentrimonium methosulfate peg-100 stearate, zea mays oil/corn oil, ceramide np, ceramide ap, ceramide eop carbomer, dimethicone, methylparaben, sodium lauroyl lactylate, cholecalciferol, cholesterol, phenoxyethanol, disodium edta, tocopherol, propylparaben, hydrolyzed hyaluronic acid, phytosphingosine, xanthan gum",niacinamide;hyaluronic-acid;ceramides,,,,,,,,,,,,,open_beauty_facts,false
3666057272967,brightening-texture,Extra-Firming Emulsion,Clarins,,AQUA/WATER/EAU. GLYCERIN. PROPANEDIOL. CAPRYLIC/CAPRIC TRIGLYCERIDE. NIACINAMIDE. SUCROSE POLYSTEARATE. BUTYROSPERMUM PARKII (SHEA) BUTTER. HYDROXYETHYL ACRYLATE/SODIUM ACRYLOYLDIMETHYL TAURATE COPOLYMER. DIMETHICONE. BUTYLENE GLYCOL. CAPRYLYL GLYCOL. PARFUM/FRAGRANCE. AVENA SATIVA (OAT) KERNEL EXTRACT. CHLORPHENESIN. ETHYLHEXYLGLYCERIN. POTASSIUM CETYL PHOSPHATE. TOCOPHERYL ACETATE. XANTHAN GUM. PENTYLENE GLYCOL. DIMETHICONOL. ALOE BARBADENSIS LEAF JUICE POWDER. DISODIUM EDTA. POLYSORBATE 60. S,niacinamide,,,,,,,,,,,,,open_beauty_facts,false
3606000538078,brightening-texture,Renewing SA Cream,CeraVe,,"SALICYLIC ACID 3%,AQUA, GLYCERIN, PARAFFINUM LIQUIDUM, GLYCERYL STEARATE, CETEARYL ALCOHOL TRIETHANOLAMINE, NIACINAMIDE, CETYL ALCOHOL, AMMONIUM LACTATE, BEHENTRIMONIUM METHOSULFATE, PEG-100 STEARATE, ZEA MAYS OIL, CERAMIDE NP, CERAMIDE AP, CERAMIDE EOP, CARBOMER, DIMETHICONE, METHYLPARABEN, SODIUM LAUROYL LACTYLATE, CHOLECALCIFEROL, CHOLESTEROL, PHENOXYETHANOL, DISODIUM EDTA, TOCOPHEROL, PROPYLPARABEN, HYDROLYZED HYALURONIC ACID, PHYTOSPHINGOSINE, XANTHAN GUM",niacinamide;hyaluronic-acid;ceramides,,,,,,,,,,,,,open_beauty_facts,false
3337875545778,brightening-texture,Toleriane Hydrating Gentle Cleanser,La Roche-Posay,,"AQUA/WATER/EAU, GLYCERIN, PENTAERYTHRITYL TETRAETHYLHEXANOATE, PROPANEDIOL, AMMONIUM POLYACRYLOYLDIMETHYL TAURATE, POLYSORBATE 60, CERAMIDE NP, NIACINAMIDE, SODIUM CHLORIDE, COCO-BETAINE, DISODIUM EDTA, CAPRYLYL GLYCOL, CITRIC ACID, TRISODIUM ETHYLENEDIAMINE DISUCCINATE, PANTHENOL, PENTYLENE GLYCOL, ETHYLHEXYLGLYCERIN, TOCOPHEROL, CHLORPHENESIN, (CODE F.I.L.: N70042220/1)",niacinamide;ceramides,,,,,,,,,,,,,open_beauty_facts,false
0717334255012,brightening-texture,Ginzing Refreshing eye cream,Origins,,"Water\Aqua\Eau, Butylene Glycol, Peg-100 Stearate, Dimethicone, Silica, Cetyl Ricinoleate, Olea Europaea (Olive) Fruit Oil, Glycerin, Panax Ginseng (Ginseng) Root Extract, Coffea Arabica (Coffee) Seed Oil, Caffeine, Citrus Aurantium Dulcis (Orange) Peel Extract, Aminopropyl Ascorbyl Phosphate, Caprylic/Capric Triglyceride, Hypnea Musciformis (Algae) Extract, Gelidiella Acerosa Extract, Sigesbeckia Orientalis (St. Paul's Wort) Extract, Ascophyllum Nodosum Extract, Chrysanthellum Indicum Extract, ",niacinamide;hyaluronic-acid,,,,,,,,,,,,,open_beauty_facts,false
0371782002729,brightening-texture,Hydrating Face Wash,Duke Cannon,,"Water (Aqua/Eau), Cocamidopropyl betaine, Sodium lauroyl methyl isethionate, Methyl gluceth-10, Caprylyl/Capryl glucoside, Coco-glucoside, Sodium methyl oleoyl taurate, Magnesium sulfate, Albe barbadensis leaf juice, Niacinamide (Vitamin B3), Sodium hyaluronate (Hyaluronic Acid), Panthenol (Vitamin B5), Tocopheryl acetate (Vitamin E), Hydroxyethylcellulose, Cetearyl alcohol, Ceteth-10 phosphate, Dicetyl phosphate, Glycol stearate, Phenoxyethanol, Caprylyl glycol, Ethylhexylglycerin, Hexylene gly",niacinamide;hyaluronic-acid,,,,,,,,,,,,,open_beauty_facts,false
8720182608925,brightening-texture,Champú cítrico anticaspa cabello graso,"Unilever, Ultrex",,"Aqua, Sodium Laureth Sulfate, Cocamidopropyl Betaine, Sodium Chloride, Propylene Glycol, Parfum, Glycol Distearate, Dimethiconol, Phenoxyethanol, Piroctone Olamine, Dimethicone, Menthol, Carbomer, Siodium Salicylate, Citric Acid, Guar Hydroxypropyltrimonium Chloride, Cocamide MEA, Mica, Sodium Hydroxide, Helianthus Annuus Seed Oil, Glycerin, TEA-Dodecylbenzenesulfonate, Sodium Benzoate, TEA-Sulfate, Laureth-23, Poloxamer 407, Niacinamide, Glycine, Taurine, Citrus Limon Juice, PPG-6, Benzyl Salic",niacinamide,,,,,,,,,,,,,open_beauty_facts,false
3600542433266,brightening-texture,Brightening serum,Garnier,,"WATER, GLYCERIN, ALCOHOL DENAT., DIPROPYLENE GLYCOL, BUTYLENE GLYCOL, NIACINAMIDE, PEG/PPG/POLYBUTYLENE GLYCOL-8/5/3 SODIUM GLYCERIN, HYDROXYETHYLPIPERAZINE ETHANE SULFONIC ACID, ISONONYL ISONONANOATE, ASCORBYL GLUCOSIDE, CITRUS LIMON FRUIT EXTRACT / LEMON FRUIT EXTRACT, POTASSIUM HYDROXIDE, 2-MERCAPTONICOTINOYL GLYCINE, HYALURONATE, SODIUM THIOSULFATE, SILICA, ADENOSINE, PHENYLETHYL RESORCINOL, AMMONIUM POLYACRYLOYLDIMETHYL TAURATE, HYDROGENATED LECITHIN, CAPRYLYL GLYCOL, TETRASODIUM GLUTAMATE ",niacinamide,,,,,,,,,,,,,open_beauty_facts,false
4008666701510,brightening-texture,Plantur 39,De Wolff,,"Aqua, Hydroxypropyl Starch Phosphate, Glycerin, Cetyl Alcohol, Behentrimonium Chloride, Caffeine, Panthenol, Propylene Glycol, Hydrolyzed Wheat Protein, Quaternium-80, Lactic Acid, Camellia Sinensis Leaf Extract, Niacinamide, Zinc PCA, Tetrasodium Etidronate, Phenoxyethanol, Methylparaben, Ethylparaben, Propylparaben, 150ml e Sodium Benzoate, Parfum, Hevyl Cinnamal, Limo - nene, Linalool. 10",niacinamide,,,,,,,,,,,,,open_beauty_facts,false
8997241850766,brightening-texture,Bright Booster UV Barrier Sunscreen SPF 50 PA++++,"OMG, Oh My Glow",,"Aqua, Ethylhexyl Methoxycinnamate, Butyl Methoxydibenzoylmethane, Polymethyl Methacrylate, Propanediol, C14-22 Alcohols, Butylene Glycol, Octocrylene, Phenoxyethanol, Propylene Glycol, Niacinamide, Nylon-12, C12-20 Alkyl Glucoside, Glycyrrhiza Glabra (Licorice) Root Extract, Acrylates/C10-30 Alkyl Acrylate Crosspolymer, Allantoin, Bis-ethylhexyloxyphenol Methoxyphenyl Triazine, Chlorphenesin, Glycerin, Potassium Hydroxide, Lecithin, Tocopheryl Acetate, Fragrance, Dimethicone, Dimethicone/Vinyl D",niacinamide,,,,,,,,,,,,,open_beauty_facts,false
0747930175353,brightening-texture,The treatment lotion,La mer,,"Miracle Broth™, Marine Balancing Bio-algae, Lime Tea Water\Aqua Eau, Algae Extract, Hamamelis Virginiana (Witch Hazel) Water, Saccharomyces Lysate Extract, Propanediol, Bis-Peg-18 Methyl Ether Dimethyl Silane, Methyl Gluceth-20, Butylene Glycol Glycereth-26, Sesamum indicum (Sesame) Seed Oil, Medicago Sativa (Alfalfa) Seed Powder, Helianthus Annuus (Sunflower) Seedcake, Prunus Amygdalus Dulcis (Sweet Almond) Seed Meal, Eucalyptus Globulus (Eucalyptus) Leaf Oil, Sodium Gluconate, Copper Gluconate",niacinamide,,,,,,,,,,,,,open_beauty_facts,false
4305615668055,brightening-texture,Urea Fussbad,Rossmann,,"Aqua, Urea, Caprylyl/Capryl Glucoside, Glycerin, Cocamidopropyl Betaine, Decyl Glucoside, Hydroxypropyl Guar Hydroxypropyltrimonium Chloride, Phenoxyethano, Citric Acid, Parfum, Coco-Glucoside, Glyceryl Oleate, Sodium Hydroxide, Caprylyl Glycol, Niacinamide, Triacetin, Tetramethyl Acetyloctahydronaphthalenes, Linalool, Limonene, Citrus Aurantium Peel Oil, Tocopherol, Hydrogenated Palm Glycerides Citrate.",niacinamide,,,,,,,,,,,,,open_beauty_facts,false
4311501010914,brightening-texture,Frucht & Vitamin Shampoo,elkos HAIR,,"INGREDIENTS: AQUA, SODIUM LAURETH SULFATE, SODIUM CHLORIDE, COCAMIDOPROPYL BETAINE, GLYCERIN, CITRIC ACID, SODIUM BENZOATE, PARFUM, GUAR HYDROXYPROPYLTRIMONIUM CHLORIDE, TETRASODIUM GLUTAMATE DIACETATE, PANTHENOL. GLYCOL DISTEARATE, NIACINAMIDE, ACTINIDIA DELICIOSA FRUIT EXTRACT, CARICA PAPAYA FRUIT EXTRACT, ANANAS SATIVUS FRUIT EXTRACT, COCAMIDE MEA, POTASSIUM SORBATE, LACTIC ACID, SODIUM HYDROXIDE, SODIUM SULFATE, CI 15985.",niacinamide,,,,,,,,,,,,,open_beauty_facts,false
5907222404669,brightening-texture,Grow Us Tender,Anwen,,"Aqua, Polysorbate 20, Trigonella Foenum-Graecum Seed Extract, Raphanus Sativus Root Extract, Hydrolyzed Soy Protein, Propanediol, Glycerin, Panthenol, Zinc PCA, Glucose, Ornithine HCL, Niacinamide, Arginine HCL, Allium Cepa Bulb Extract, Biotin, Vanillyl Butyl Ether, Mentha Arvensis Leaf Oil, Polyquaternium-11, Propylene Glycol, Sodium Hydroxide, Salicylic Acid, Sorbic Acid, Sodium Benzoate, Potassium Sorbate, Benzoic Acid, Parfum, Benzyl Alcohol, Limonene, Linalool",niacinamide,,,,,,,,,,,,,open_beauty_facts,false
4311596019427,brightening-texture,7-Kräuter-Shampoo,"EUCO, Hairwell, SERPOL-COSMETICS",,"AQUA, SODIUM LAURETH SULFATE, SODIUM CHLORIDE, COCAMIDOPROPYL BETAINE, GLYCERIN, COCO-GLUCOSIDE, GLYCERYL OLEATE, GLYCOL DISTEARATE, COCAMIDE MEA, SODIUM BENZOATE, CITRIC ACID, PARFUM, PANTHENOL, NIACINAMIDE, GUAR HYDROXYPROPYLTRIMONIUM CHLORIDE, BETULA ALBA LEAF EXTRACT, ACHILLEA MILLEFOLIUM FLOWER EXTRACT, EQUISETUM ARVENSE EXTRACT, URTICA DIOICA LEAF EXTRACT, ROSMARINUS OFFICINALIS LEAF EXTRACT, SALVIA OFFICINALIS LEAF EXTRACT, TILIA PLATYPHYLLOS FLOWER EXTRACT, TETRASODIUM GLUTAMATE DIACETAT",niacinamide,,,,,,,,,,,,,open_beauty_facts,false
7596211001033,brightening-texture,Crema hidratante dia fps 15,Zoah,,"WATER, ISOPROPYL MIRYSTATE, ETHYLHEXYL METHOXICINNAMATE, OCTOCRYLENE, BENZOPHENONE 3 GLYCERIN, NIACINAMIDE/THIAMINE HCL/PIRYDOXINE/PANTHE NOL/RIBOFLAVIN/BIOTIN/CYANOCOBALAMINE/SACCAROMICES CEREVISAE EXTRACT, STEARIC ACID, CETYL ALCOHOL DIMETHICONE, CETEARETH-12, GLYCERYL STEARATE HYDROLYZED COLLAGEN, TRITICUM VULGARE (GERM) SEED OIL PHENOXYETANOL, CARBOMER, IMIDAZOLIDINYL UREA TOCOPHERYL ACETATE, ALOE BARBADENSIS LEAF JUICE EXTRACT PANTHENOL, FRAGRANCE, EDTA, TRIETHANOLAMINE. Advertencias: Si ob",niacinamide,,,,,,,,,,,,,open_beauty_facts,false
4066447237429,brightening-texture,Family Shampoo,Balea,,"AQUA, SODIUM LAURETH SULFATE, COCAMIDOPROPYL BETAINE, SODIUM CHLORIDE , NIACINAMIDE , ANANAS SATIVUS FRUIT EXTRACT , CARICA PAPAYA FRUIT EXTRACT , FICUS CARICA FRUIT EXTRACT, PARFUM, GLYCERIN, GLYCOL DISTEARATE, HYDROXYPROPYL OXIDIZED, STARCH PG-TRIMONIUM CHLORIDE, HYDROXYPROPYL GUAR , HYDROXYPROPYLTRIMONIUM CHLORIDE , LAURETH-4 , SODIUM BENZOATE , POTASSIUM SORBATE, LIMONENE , CITRIC ACID, SODIUM LACTATE, LACTIC ACID, SODIUM HYDROXIDE",niacinamide,,,,,,,,,,,,,open_beauty_facts,false
8001090895158,brightening-texture,Head and Shoulders,Procter & Gamble,,"INGREDIENTS: Aqua, Sodium Laureth Sulfate, Sodium Xylenesulfonate, Cocamidopropyl Betaine, Sodium Citrate, Parfum, Dimethiconol, Citric Acid, Cocamide MEA, Glycol Distearate, Piroctone Olamine, Sodium Chloride, Dimethicone, Guar Hydroxypropyltrimonium Chloride, Sodium Benzoate, TEA-Dodecylbenzenesulfonate, Sodium Salicylate, Limonene, Tetrasodium EDTA, Trideceth-10, Sodium Hydroxide, Glycerin, Niacinamide, Linalool, Hexyl Cinnamal, Hydroxycitronellal, Panthenol, Tocopheryl Acetate, Acetic acid, ",niacinamide,,,,,,,,,,,,,open_beauty_facts,false
3606000552593,brightening-texture,nettoyant moussant visage,Cerave,,"aqua, cocamidopropyl hydroxysultaine, glycerin, sodium lauroyl sarcosinate, peg-150 pentaerythrityl tetrastearate, niacinamide, peg-6 caprylic/capric glycerides, sodium methyl cocoyl taurate, propylene glycol, ceramide np, ceramide ap, ceramide eop, carbomer, methylparaben, sodium chloride, sodium lauroyl lactylate, cholesterol, disodium edta, propylparaben, citric acid, tetrasodium edta, hydrolyzed hyaluronic acid, phytosphingosine, xanthan gum",niacinamide;hyaluronic-acid;ceramides,,,,,,,,,,,,,open_beauty_facts,false
3600542514132,brightening-texture,SkinActive Contorno Occhi Illuminante,Garnier,,"WATER, GLYCERIN, DIMETHICONE, PRUNUS ARMENIACA KERNEL OIL/APRICOT KERNEL OIL, NIACINAMIDE, ACRYLAMIDE/SODIUM ACRYLOYLDIMETHYLTAURATE COPOLYMER, SILICA, CI 77891/TITANIUM DIOXIDE, ISOHEXADECANE, DIMETHICONE/VINYL DIMETHICONE CROSSPOLYMER, HYDROXYPROPYL TETRAHYDROPYRANTRIOL, CAFFEINE, SYNTHETIC FLUORPHLOGOPITE, PROPYLENE GLYCOL, PHENOXYETHANOL, ACRYLATES/C10-30 ALKYL ACRYLATE CROSSPOLYMER, TOCOPHEROL, CHLORPHENESIN, POLYSORBATE 80, ASCORBYL GLUCOSIDE, TRIETHANOLAMINE, CI 77492/IRON OXIDES, TRISODI",niacinamide;hyaluronic-acid,,,,,,,,,,,,,open_beauty_facts,false
3600542534260,brightening-texture,Vitamin(e) C,Garnier,,"INGREDIENTS/INGRÉDIENTS 919144 30-AQUA/WATER/EAU, GLYCERIN, DIMETHICONE, PRUNUS ARMENIACA KERNEL OIL/APRICOT KERNEL OIL, NIACINAMIDE, ACRYLAMIDE/SODIUM ACRYLOYLDIMETHYLTAURATE COPOLYMER, SILICA, CI 77891/TITANIUM DIOXIDE, ISOHEXADECANE, DIMETHICONE/VINYL DIMETHICONE CROSSPOLYMER, HYDROXYPROPYL TETRAHYDROPYRANTRIOL, CAFFEINE, SYNTHETIC FLUORPHLOGOPITE, PROPYLENE GLYCOL, PHENOXYETHANOL, ACRYLATES/C10-30 ALKYL ACRYLATE CROSSPOLYMER, TOCOPHEROL, CHLORPHENESIN, POLYSORBATE 80, ASCORBYL GLUCOSIDE, TRI",niacinamide;hyaluronic-acid,,,,,,,,,,,,,open_beauty_facts,false
0022400639130,brightening-texture,Conditioner,Tresemme,,"water (aqua), cetearyl alcohol, dimethicone, tearamidopropyl dimethylamine, ceramide ng, arginine, lysine hc, horolyzed hyaluronic acid, tocopheryl acetate, biotin, ascorbic panthenol, niacinamide, behentrimonium chloride, fragrance rfum), dipropylene glycol, lactic acid, amodimethicone, sodium chloride, disodium edta, cetrimonium chloride, peg-7 propylheptyl cher, methylchloroisothiazolinone, methylisothiazolinone, amyl namal, limonene, linalool",niacinamide;hyaluronic-acid;ceramides,,,,,,,,,,,,,open_beauty_facts,false
8720181458972,brightening-texture,Scalp Oil Control,Clear,,"Aqua, Sodium Laureth Sulfate, Cocamidopropyl Betaine, Sodium Chloride, Propylene Glycol, Parfum, Glycol Distearate, Dimethiconol, Phenoxyethanol, Dimethicone, Menthol, Carbomer, Sodium Salicylate, Piroctone Olamine, Citric Acid, Guar Hydroxypropyltrimonium Chloride, Cocamide MEA, Niacinamide, Mica, Sodium Hydroxide, Glycerin, TEA-Dodecylbenzenesulfonate, Sodium Benzoate, TEA-Sulfate, Laureth-23, Poloxamer 407, Helianthus Annuus Seed Oil, Glycine, Citrus Limon Juice, PPG-6, Benzyl Salicylate, Hex",niacinamide,,,,,,,,,,,,,open_beauty_facts,false
8700216208543,brightening-texture,Citrus fresh pour cheveux gras,Heads & shoulders,,"Cocamidopropyl Betaine, Sodium Citrate, Parfum, Citric Acid, Cocamide MEA, Glycol Distearate, Piroctone Olamine, Sodium Chloride, Guar Hydroxypropyltrimonium Chloride, Dimethiconol, Menthol, Sodium Benzoate, Dimethicone, Sodium Salicylate, Tetrasodium EDTA, TEA-Dodecylbenzenesulfonate, Sodium Hydroxide, Glycerin, Trideceth-10, Niacinamide, Hexyl Cinnamal, Limonene, Benzyl Salicylate, Citronellol, Panthenol, Tocopheryl Acetate, Acetic Acid, CI 19140, Benzyl Alcohol, Triethylene Glycol, Propylene ",niacinamide,,,,,,,,,,,,,open_beauty_facts,false
8906087770671,brightening-texture,mamaearth ubtan face wash,mamaearth,,"Aqua, Stearic Acid, Cocamidopropyl Betaine, Caprylyl/Capryl Glucoside, Sodium Methyl Cocoyl Taurate, Glycerin, Sodium Lauroyl Sarcosinate, Ethylene Glycol Distearate, Potassium Hydroxide, Lauric Acid, Coconut Oil, Myristic Acid, Acrylates/Beheneth-25 Methacrylate Copolymer, Polysorbate 20, Glyceryl Monostearate, Polyquaternium 7, D-Panthenol, Walnut Beads, Phenoxyethanol, Ethylhexylglycerin, Turmeric Powder, Saffron Extract, Xanthan Gum, Titanium Dioxide, IFRA Certified Allergen Free Fragrance, ",niacinamide,,,,,,,,,,,,,open_beauty_facts,false
8906117259633,brightening-texture,Nose Pore Strips + Wet Wipes,Dr. Rashel Beauty Exixirs,,"Nose Pore Strips: DM Water, Polyvinyl Alcohol, Propylene Glycol, Hamamelis Virginiana (Witch Hazel) Extract, Benzoic Acid, Dipotassium Glycyrrhizinate, Tea Tree Oil, Aloe Vera Leaf Extract, Phenoxyethanol, Xanthan Gum, CI 19140, C142090, Fragrance. Soothing Wet Wipes: DM Water, Aloe Barbadensis (Aloe Vera) Extract, Niacinamide, Disodium Cocoamphodiacetate, Phenoxyethanol, Triethyleneglycol, Ethylhexylglycerine, Glycerin, Propylene Glycol, PEG-40 Hydrogenated Castor Oil, Disodium EDTA, Fragrance.",niacinamide,,,,,,,,,,,,,open_beauty_facts,false
8901030957048,brightening-texture,Gluta hya dewy radicance,Vaseline,,"WATER, DIMETHICONE, ISOHEXADECANE, NIACINAMIDE, GLYCER GLUTATHIONE, CYSTINE, GLYCINE, SODIUM PCA, SODIUM HYALURONATE PETROLATUM, CARBOMER, ACRYLATES/C10-30 ALKYL ACRYLATE CROSSPOLYMER PHENOXYETHANOL, METHYLPARABEN, DISODIUM EDTA, TITANIUM DIOXIDE SODIUM HYDROXIDE, FRAGRANCE, BENZYL ALCOHOL, CITRONELLOL, GERANOL HEXYL CINNAMAL, LIMONENE, LINALOOL. SKIN LOTION. MADE IN INDIA. MKTD. BY LIC. USER HINDUSTAN UNILEVER LIMITED (HUL). HUL 2023. VASELINE IS THE REGISTERED TRADE MARK OF UNILEVER PL MFG. BY",niacinamide;hyaluronic-acid,,,,,,,,,,,,,open_beauty_facts,false
5901887054887,brightening-texture,Serum do twarzy ZIAJA,Serum aktywne do twarzy C.B3,,"Water, coco-caprylate/carpate, niacinamide, calcium pantothenate, sodium ascorbyl phosphate, tocopheryl acetate, pyridoxine HCl, maltodextrin, sodium starch octenylsuccinate, silica, glycerin,carbomer, hydrolyzed rice protein, camelia japonica seed Oil, sodium hyaluronate, polyglcaryl-2 caprate, disodium EDTA, hydroxyacetophenone, parfum(fragrance), linalool, geraniol, sodium hydroxide",niacinamide;hyaluronic-acid,,,,,,,,,,,,,open_beauty_facts,false
5903794195837,brightening-texture,Wcierka do włosów neboa,Naturalna wcierka do włosów na noc.,,"Aqua,polysorbate20,panthenol, propanediol,saw palmetto, fruit extract, urtica dioica extract, niacinamide,biotynoil tripeptide-1, ilex paraguariensis (yerba mate) leaf extract, streptococcus thermophilus ferment/hyaluronic acid extract filtrate,lactic acid, protocatechuic acid, caffeic acid, gallic acid, citric acid, gluconolactone, potassium sorbate, sodium benzoate, calcium gluconate, benzyna benzoate, benzyl salicylate, limonene, linalool,perfum.",niacinamide;hyaluronic-acid,,,,,,,,,,,,,open_beauty_facts,false
8908025697071,brightening-texture,PURIFYING & ACNE FREE GEL FACE WASH,UNDERATED,,"AQUA, COCAMIDOPROPYL BETAINE, CARBOMER, S SARCOSINATE, GLYCERIN, SALICYLIC ACID, NIACIN METHYL COCOYL TAURATE, SODIUM COCOAMPHO COCOAMPHODIACETATE, AZADIRACHTA INDICALE CITRUS LIMON (LEMON) FRUIT EXTRACT, MENTHO DISODIUM EDTA, SODIUM HYDROXIDE,BETAINE, CARBOMER, SODIUM LAUROYL SALICYLIC ACID, NIACINAMIDE, SODIUM RATE, SODIUM COCOAMPHOACETATE, DISODIUM O FRUIT EXTRACT, MENTHOL, MENTHYL LACTATE ATE, AZADIRACHTA INDICA LEAF (NEEM) EXTRACT UM HYDROXIDE, PHENOXYETHANOL, FRAGRANCE",niacinamide,,,,,,,,,,,,,open_beauty_facts,false
6130601012172,brightening-texture,Clear,Clear,,"Water, Sodium Laureth Sulfate, Cocamidopropyl Betaine, Dimethiconol, Sodium Chloride, Fragrance, Phenoxyethanol, Piroctone Olamine, Dimethicone, Citric Acid, Carbomer, Sodium Salicylate, Sodium Hydroxide, Menthol, Guar Hydroxypropyltrimonium Chloride, Mica, Triethanolamine, Dodecylbenzene Sulfonate, Sunflower Seed Oil, Glycerin, Triethanolamine Sulfate, Sodium Benzoate, Laureth-23, Poloxamer 407, Glycine, Niacinamide, Laureth-4, PEG-4, Xanthan Gum, PPG-9, Taurine, Charcoal Powder, Propylene Glyc",niacinamide,,,,,,,,,,,,,open_beauty_facts,false
8901030904486,brightening-texture,Lifebuoy Total 10 Germ Protection Handwash,Lifebuoy is sold by Hindustan Unilever,,"WATER, SODIUM LAURETH SULFATE, BENZOIC ACID, COCAMIDOPROPYL BETAINE, GLYCOL DISTEARATE, PERFUME, AMMONIUM CHLORIDE, HYDROXYPROPYL METHYLCELLULOSE, SODIUM CHLORIDE, GLYCERIN, TETRASODIUM EDTA, SODIUM BENZOATE, SODIUM HYDROXIDE, TOCOPHERYL ACETATE, NIACINAMIDE, SODIUM ASCORBYL PHOSPHATE, HYDROXYSTEARIC ACID, TERPINEOL, THYMOL, STEARIC ACID, CITRIC ACID, SODIUM CARBONATE, PALMITIC ACID, ARACHIDIC ACID, SODIUM SULFATE, COUMARIN, CI 45100.",niacinamide,,,,,,,,,,,,,open_beauty_facts,false
7501056342999,brightening-texture,Sampoo limpieza diaria 2 en 1,"Unilever, Clear",,"Aqua, sodium laureth sulfate, cocamidopropyl betaine, dimethiconol, zinc pyrithione, dimethicone, parfum, carbomer, phenoxyethanol, sodium chloride, sodium hydroxide, sodium salicylate, guar hydroxypropyltrimonium chloride, citric acid, zinc sulfate, helianthus annuus seed oil, glycerin, glycine, niacinamide, ppg-9, propylene glycol, sea salt, CI 42090, CI 47005, alpha-isomethyl ionone, benzyl salicylate, coumarin, hexyl cinnamal, limonene, linalool",niacinamide,,,,,,,,,,,,,open_beauty_facts,false
8054042630277,brightening-texture,Enoxyl tonic,Istituto elvetico Sanders,,"Aqua (Water), Alcohol Denat, Propanediol, Glycerin, Betaine, Panthenol, Zinc Gluconate,Heptyl Glucoside, Caffelne, Sodium Chloride, Niacinamide,Tetrasodium Glutamate Diacetate, Zinc PCA, Calendula Officinalis Flower Extract, Equisetum Arvense Leaf Extract,Tetrasodium Disuccinoyl Cystine, Citric Acid, Phenethyl Alcohol, Cetrimonium Chloride.",niacinamide,,,,,,,,,,,,,open_beauty_facts,false
8851932478441,brightening-texture,Perfume Warm Forest Shampoo,Clear,,"Water, Sodium Laureth Sulfate, Perfume, Cocamidopropyl Betaine, Sodium Chloride, Dimethiconol, Glycol Distearate, Dimethicone, Piroctone Olamine, Phenoxyethanol, Carbomer, Cocamide MEA, Sodium Benzoate, TEA-Dodecylbenzenesulfonate, Sodium Salicylate, Guar Hydroxypropyltrimonium Chloride, Citric Acid, Helianthus Annuus (Sunflower) Seed Oil, Sodium Hydroxide, Glycerin, TEA-Sulfate, Mica, Laureth-23, Poloxamer 407, Niacinamide, Glycine, Titanium Dioxide, CI 19140, CI 42090",niacinamide,,,,,,,,,,,,,open_beauty_facts,false
3600542628563,brightening-texture,Salicylique lotion exfoliante,"Garnier, Garnier PureActive",,"AQUA/WATER, NIACINAMIDE, PENTAERYTHRITYL TETRAETHYLHEXANOATE, BUTYLENE GLYCOL GLYCERIN, SQUALANE, TARAXACUM OFFICINALE RHIZOME/ROOT EXTRACT - DANDELION RHIZOME/ROUT EXTRACT, SACCHAROMYCES/RICE FERMENT FILTRATE SODIUM HYDROXIDE, KAOLIN, ADENOSINE, CAPRYLY GLYCOL, LACTIC ACID, PENTYLENE GLYCOL SALICYLIC ACID, CHLORPHENESIN, PARFUM/FRAGRANCE ACRYLATES/C10-30 ALKYL ACRYLATE CROSSPOLYMER FLL 270055110/1).",niacinamide,,,,,,,,,,,,,open_beauty_facts,false
5011321336032,brightening-texture,HS citrus fresh,Head&shoulders,,"*more antidandruff ingredients to skin vs Deep Cleanse collection. **visible flakes, with regular use. Szampon przeciwłupieżowy. UWAGA: Unikać kontaktu z oczami. W przypadku dostania się preparatu do oczu, natychmiast przepłukać je wodą. UA Шампунь проти лупи head & shoulders Цитрусова свіжість. Для жирного волосся. Баланс мікробіому шкіри. 2X Захист*. До 100% свободи від лупи**, клінічно доведено. Використовуйте під час кожного миття. Нанесіть на мокре волосся та шкіру голови, промийте, сполосн",niacinamide,,,,,,,,,,,,,open_beauty_facts,false
0302993917595,brightening-texture,Cetaphil,Galderma,,"water, glycerin, petrolatum, dicaprylyl ether, dimethicone, glyceryl stearate, cetyl alcohol, helianthus annuus (sunflower) seed oil, peg-30 stearate, panthenol, niacinamide, prunus amygdalus dulcis (sweet almond) oil, tocopheryl acetate, pantolactone, dimethiconol, acrylates/c10-30 alkyl acrylate crosspolymer, carbomer, propylene glycol, disodium edta, benzyl alcohol, phenoxyethanol, sodium hydroxide, citric acid",niacinamide,,,,,,,,,,,,,open_beauty_facts,false
3606000560994,brightening-texture,Renewing SA Cleanser,CeraVe,,"AQUA/WATER/EAU, COCAMIDOPROPYL HYDROXYSULTAINE, GLYCERIN, SODIUM LAUROYL SARCOSINATE, NIACINAMIDE, GLUCONOLACTONE, PEG-150 PENTAERYTHRITYL TETRASTEARATE, SODIUM METHYL COCOYL TAURATE, ZEA MAYS OIL/CORN OIL, CERAMIDE NP, CERAMIDE AP, CERAMIDE EOP, CARBOMER, CALCIUM GLUCONATE, SODIUM CHLORIDE, SALICYLIC ACID, SODIUM BENZOATE, SODIUM LAUROYL LACTYLATE, CHOLECALCIFEROL, CHOLESTEROL, PHENOXYETHANOL, DISODIUM EDTA, TETRASODIUM EDTA, HYDROLYZED HYALURONIC ACID, PHYTOSPHINGOSINE, XANTHAN GUM, ETHYLHEXYL",niacinamide;hyaluronic-acid;ceramides,,,,,,,,,,,,,open_beauty_facts,false
7702006301480,brightening-texture,Limpiador facial,Pond's,,"MUST ENCUENTRA EN ESTADO DE EMBARAZU ANTES DE USAR EL PRODUCTO. 8. PARA USO EXTERNO UNICAMENTE. INGREDIENTES: MYRISTIC ACID, GLYCERIN, AQUA PROPYLENE GLYCOL, POTASSIUM HYDROXIDE, STEARIC ACID LAURIC ACID, GLYCOL DISTEARATE, DECYL GLUCOSIDE, PALMITIC ACID, HYDROXYSTEARIC ACID, GLYCERYL MONOSTEARATE PARFUM, PHENOXYETHANOL, POLYQUATERNIUM-7, DISODIUM EDTA, PIROCTONE OLAMINE, NIACINAMIDE, ROSA CANINA FRUIT OIL, SODIUM ACETYLATED HYALURONATE, SODIUM HYALURONATE, SODIUM HYALURONATE CROSSPOLYMER, HYDRO",niacinamide;hyaluronic-acid,,,,,,,,,,,,,open_beauty_facts,false
4059729446992,brightening-texture,I love flaw less skin,Essence,,"AQUA (WATER), ISODODECANE, TRIETHYLHEXANOIN, PROPYLENE GLYCOL, POLY - GLYCERYL-4 DIISOSTEARATE/POLYHYDROXYSTEARATE/SEBACATE, C13-15 ALKANE, DIISOSTEARYL MALATE, MAGNESIUM SULFATE, DIISOSTEAROYL POLYGLYCERYL-3 DIMER DILINOLEATE, BORON NITRIDE, SHOREA ROBUSTA RESIN, PANTHENOL, HELIANTHUS ANNUUS (SUNFLOWER) SEED OIL, TOCOPHEROL, DISTEARDIMONIUM HECTORITE, GLYCERYL BEHENATE, NIACINAMIDE, ETHYL - HEXYLGLYCERIN, PROPYLENE CARBONATE, HYDROGENATED LECITHIN, PHENOXYETHANOL, ALU - MINUM HYDROXIDE, CI 7749",niacinamide,,,,,,,,,,,,,open_beauty_facts,false
3600550975369,brightening-texture,Crème mains réparatrice,Saint-Gervais Mont Blanc,,"AQUA/WATER, GLYCERIN, BUTYLENE GLYCOL, CETEARYL ALCOHOL, NIACINAMIDE, GLYCERYL STEARATE, BUTYROSPERMUM PARKII BUTTER/SHEA BUTTER, DIMETHICONE, GLYCERYL STEARATE SE, PANTHENOL AMMONIUM POLYACRYLOYLDIMETHYL TAURATE, CAPRYLYL GLYCOL, TETRASODIUM EDTA, MALVA SYLVESTRIS FLOWER/LEAF/STEM EXTRACT, MALLOW FLOWER/LEAF/STEM EXTRACT, CITRIC ACID, SODIUM BENZOATE, POTASSIUM SORBATE, PARFUM",niacinamide,,,,,,,,,,,,,open_beauty_facts,false
3600542024242,brightening-texture,Fructis Fuerza y Brillo,Garnier,,"agua.
1165895 B - INGREDIENTS: AQUA/WATER, SODIUM LAURETH SULFATE,
COCO-BETAINE, GLYCOL DISTEARATE, SODIUM CHLORIDE, GUAR HYDROXY
PROPYLTRIMONIUM CHLORIDE, NIACINAMIDE, SACCHARUM OFFICINARUM EXTRACT
/SUGAR CANE EXTRACT, SODIUM BENZOATE, HYDROXYPROPYL-TRIMONIUM LEMON
PROTEIN, SODIUM HYDROXIDE, PHENOXYETHANOL, PPG-5-CETETH-20, SALICYLIC
ACID, LIMONENE, FUMARIC ACID, CAMELLIA SINENSIS LEAF EXTRACT, LINALOOL,
BENZYL ALCOHOL, BENZYL SALICYLATE, PYRUS MALUS FRUIT EXTRACT/APPLE
FRUIT EXTRACT, C",niacinamide,,,,,,,,,,,,,open_beauty_facts,false
3564700877739,brightening-texture,Gel coiffant fixation béton,"Marque Repère, Vitanove styling",,"AQUA, ALCOHOL DENAT., PVP, PANTHENOL PROPYLENE GLYCOL, ACRYLATES/C10-30 ALKYL ACRYLATE CROSSPOLYMER, PEG/PPG-25/25 DIMETHICONE, SODIUM HYDROXIDE, NIACINAMIDE, PPG-1-PEG-9 LAURYL GLYCOL ETHER PARFUM, SORBIC ACID, LIMONENE, CITRUS AURANTIUM PEEL OIL, HEXYL CINNAMAL, LINALYL ACETATE, CITRIC ACID.",niacinamide,,,,,,,,,,,,,open_beauty_facts,false
2000000152405,brightening-texture,Banana Bright+ Instant Glow Moisturizer,"Ole Henriksen, OleHenriksen",,"WATER, GLYCERIN, CETYL ETHYLHEXANOATE, PROPANEDIOL, CETYL ALCOHOL, 3-O-ETHYL ASCORBIC ACID, NIACINAMIDE, STEARETH-21, DICAPRYLYL CARBONATE, HYDROXYETHYL ACRYLATE/SODIUM ACRYLOYLDIMETHYL TAURATE COPOLYMER, AMMONIUM ACRYLOYLDIMETHYLTAURATE/VP COPOLYMER, 1,2-HEXANEDIOL, SYNTHETIC BEESWAX, TETRAHEXYLDECYL ASCORBATE, ASCORBIC ACID, COLLOIDAL GOLD, POLYGLUTAMIC ACID, SODIUM HYALURONATE, RUBUS CHAMAEMORUS SEED OIL, HYDROLYZED VEGETABLE PROTEIN, GLUTATHIONE, TOCOPHEROL, TOCOPHERYL ACETATE, JOJOBA ESTERS",niacinamide;vitamin-c;hyaluronic-acid,,,,,,,,,,,,,open_beauty_facts,false
4022679121202,brightening-texture,Multivitamin,Sunlife,,"Acid: citric acid; acidy regulator: sodium hydrogen carbonate of which: saturates Inulin; flavour orange; ascorbic acid; beet root powder vitamin E-ace - Kohlenhydrate/Ca tate; sweetener: aspartame; niacinamide; flavour lemon calcium D panto--davon: Zucker/of thenate; sweetener: acesulfame; vitamin B6-hydrochlonde, vitamin B2 Eiweiss/Protein 5-phosphate; folic acid; vitamin B1-hydrochlonde maltodextrin vitamin Salz/Salt B12, biotin. *NRV nutrient reference values - Prozentsatz der empfohlenen Ta",niacinamide;vitamin-c,,,,,,,,,,,,,open_beauty_facts,false
7707305543203,brightening-texture,Mascarilla hidratante nocturna,Farmatodo,,"Water, Niacinamide, Coco-Caprylate, Triheptanoin, Propanediol, Coco-Caprylate/Caprate, Ammonium Acryloyldimethyltaurate/VP Copolymer, PEG-20 Methyl Glucose Sesquistearate, Jojoba Esters, Phenoxyethanol, Polyurethane-100, Helianthus Annuus (Sunflower) Seed Wax, Fragrance, Glycerin, Trehalose, Urea, Sodium Acrylate/Sodium Acryloyldimethyl Taurate Copolymer, Ethylhexylglycerin, Fomes Officinalis (Mushroom) Extract, C15 - 19 Alkane, Rosa Centifolia Flower Water, Polyglyceryl-6 Laurate, Polyglycerin-",niacinamide;hyaluronic-acid,,,,,,,,,,,,,open_beauty_facts,false
8719238028244,brightening-texture,Conditioner restoring broken hair bonds,Plex care,,"Aqua, Cetearyl Alcohol, Cetyl Alcohol, Glycerin, Stearamidopropyl Dimethylamine, Isopropyl Palmitate, Behentrimonium Chloride, Hydrolyzed Keratin, Niacinamide, Isopropyl Alcohol, Imidazolidinyl Urea, Dimethicone, Sodium Benzoate, Potassium Phenoxyethanol Sorbate Citric Acid Ethylhexylglycerin, Parfum.",niacinamide,,,,,,,,,,,,,open_beauty_facts,false
8809626568251,brightening-texture,Atomy absolute BB no.23 spf 50,Atomy,,"ATOMY ABSOLUTE BB Ingredients/Ingrédients/Içindekiler AQUA, CYCLOPENTASILOXANE, TITANIUM DIOXIDE (Nano), ZINC OXIDE, ETHYLHEXYL METHOXYCINNAMATE, ETHYLHEXYL SALICYLATE, ISODODECANE, METHYLPROPANEDIOL, LAURYL PEG-10 TRIS (TRIMETHYLSILOXY)SILYLETHYL DIMETHICONE, GLYCERIN, NIACINAMIDE, CAPRYLYL METHICONE, DIISOSTEARYL MALATE, DIPHENYLSILOXY PHENYL TRIMETHICONE, TRIDECYL TRIMELLITATE, DIMETHICONE, DIMETHICONE/VINYL DIMETHICONE CROSSPOLYMER, C12-15 ALKYL BENZOATE, DISTEARDIMONIUM HECTORITE, MAGNESIUM",niacinamide;hyaluronic-acid;ceramides,,,,,,,,,,,,,open_beauty_facts,false
8858696820165,brightening-texture,AcneSol SPF50+ comfort sunscreen,sasi,,"Aqua (Water), Ethylhexyl Methoxycinnamate, Octocrylene, Butylene Glycol, Butyl Methoxydibenzoylmethane, Methylene Bis-Benzotriazolyl Tetramethylbutylphenol (Nano), Propylene Glycol, Isoamyl p-Methoxycinnamate, Nylon-12, Acrylates/C10-30 Alkyl Acrylate Crosspolymer, Xanthan Gum, HDI/Trimethylol Hexyllactone Crosspolymer, Polysorbate 20, Decyl Glucoside, Disodium EDTA, Triethylene Glycol, Sodium Hydroxide, Salicylic Acid, Niacinamide, Silica, Titanium Dioxide, Tocopheryl Acetate, Dextrin, Caprylic",niacinamide,,,,,,,,,,,,,open_beauty_facts,false
8720182572202,brightening-texture,Simple Skinkind Regime Selection,Simple,,"Aqua, Sodium Laureth Sulfate, Decyl Glucoside, Cocamidopropyl Betaine, Glycerin, PEG-55 Propylene Glycol Oleate, Propylene Glycol, Sodium Chloride, Panthenol, PEG-7 Glyceryl Cocoate, Phenoxyethanol, Glycol Distearate, Tocopheryl Acetate, Polyquaternium-39, Cocamide MEA, Laureth-10, Disodium EDTA, Sodium Benzoate, Hydroxypropyl Cyclodextrin, Pantolactone, Benzoic Acid, Bisabolol, lodopropynyl Butylcarbamate, Citric Acid. 

Aqua, Glycerin, Panthenol, Tocopheryl Acetate, Niacinamide, Propanediol, P",niacinamide;hyaluronic-acid,,,,,,,,,,,,,open_beauty_facts,false
8700216155991,brightening-texture,Shampooing Classic 2en1 Anti-Pellicullaire,HEAD & SHOULDERS,,"Aqua, Sodium Laureth Sulfate, Sodium Xylenesulfonate, Cocamidopropyl Betaine, Sodium Citrate, Parfum, Dimethiconol, Citric Acid, Cocamide MEA, Glycol Distearate, Piroctone Olamine, Sodium Chloride, Dimethicone, Guar Hydroxypropyltrimonium Chloride, Sodium Benzoate, TEA-Dodecylbenzenesulfonate, Sodium Salicylate, Hexyl Cinnamal, Linalool, Tetrasodium EDTA, Trideceth-10, Sodium Hydroxide, Glycerin, Niacinamide, Panthenol, Tocopheryl Acetate, Acetic Acid, Benzyl Alcohol, Triethylene Glycol, Propyle",niacinamide,,,,,,,,,,,,,open_beauty_facts,false
3600523586424,brightening-texture,Elvital Shampoo Dream Lenght 500ml,L'OREAL NORGE AS,,"1199524 D - AQUA / WATER, SODIUM LAURETH SULFATE, COCAMIDOPROPYL BETAINE, DIMETHICONE, SODIUM CHLORIDE, PARFUM / FRAGRANCE, CI 77891 / TITANIUM DIOXIDE, GUAR HYDROXYPROPYLTRIMONIUM CHLORIDE, NIACINAMIDE, RICINUS COMMUNIS SEED OIL / CASTOR SEED OIL, MICA, COCOBETAINE SODIUM BENZOATE, SODIUM HYDROXIDE, HYDROLYZED WHEAT PROTEIN, HYDROXYCITRONELLAL, HYDROLYZED CORN PROTEIN, HYDROLYZED SOY PROTEIN, HYDROXYPROPYLTRIMONIUM HYDROLYZED WHEAT PROTEIN, PHENOXYETHANOL, STEARETH-6, ACETIC ACID, PEG-100 STEAR",niacinamide,,,,,,,,,,,,,open_beauty_facts,false
8904417306521,brightening-texture,Sali-cinamide Anti-acne Serum,The derma co,,"Purified Water, Propanediol, Niacinamide, Ethoxydiglycol, Butylene Glycol & Rosa Canina Fruit Extract, PEG-8, Salicylic Acid, Isostearamidopropyl Ethyldimonium Ethosulfate, Sodium Hydroxide, Propylene Glycol, Olea Europaea (Olive) Fruit Oil, Carthamus Tinctorius (Safflower) Seed Oil, Salicylic Acid, Glycerine, Isoamyl Laurate, Alpha Arbutin, Willow Bark Extract, Centella Asiatica Extract, Allantoin, Hydroxyethyl Cellulose, Sodium Hyaluronate, Xylitylglucoside (and) Anhydroxylitol (and) Xylitol, ",niacinamide;hyaluronic-acid,,,,,,,,,,,,,open_beauty_facts,false
8809925136649,brightening-texture,Water Bank Hyaluronique Bleu,Laneige,,"WATER / AQUA / EAU, BUTYLENE GLYCOL, CETEARYL ALCOHOL, GLYCERIN, HYDROGENATED POLY(C6-14 OLEFIN), DIETHYLHEXYL SUCCINATE, 1,2-HEXANEDIOL, GLYCERYL STEARATE SE, PHYTOSTERYL/BEHENYL/OCTYLDODECYL LAUROYL GLUTAMATE, TRIOLEIN, GLYCERYL STEARATE, SQUALANE, METHYL TRIMETHICONE, ISONONYL ISONONANOATE, MYRISTYL MYRISTATE, C10-18 TRIGLYCERIDES, LACTOBACILLUS FERMENT LYSATE, CETEARYL GLUCOSIDE, CARBOMER, HYDROXYETHYL ACRYLATE/SODIUM ACRYLOYLDIMETHYL TAURATE COPOLYMER, SODIUM STEAROYL GLUTAMATE, TROMETHAMIN",niacinamide;hyaluronic-acid;ceramides,,,,,,,,,,,,,open_beauty_facts,false
3600522471684,brightening-texture,Haarspray Spurenlos FX ultra starker Halt,L'Oréal Paris Studio Line,,"ALCOHOL DENAT. BUTANE. 
ACRYLATES/t-BUTYLACRYLAMIDE COPOLYMER. AQUA/WATER. NIACINAMIDE. PPG-3 METHYL ETHER. AMINOMETHYL PROPANOL. DIMETHICONE. LIMONENE. PANTHENOL. BENZYL SALICYLATE. BENZYL ALCOHOL. LINALOOL. BIS-PEG/PPG-14/14 DIMETHICONE. HEXYL CINNAMAL. PARFUM/FRAGRANCE. (F.I.L. Z70027002/1) .",niacinamide,,,,,,,,,,,,,open_beauty_facts,false
3401360215801,brightening-texture,Crème Topialyse,Laboratoire SVR,,"الحجم : 400 مل LAB16.32/0.13-INGREDIENTS (CONTAINS): AQUA (PURIFIED WATER), PARAFFINUM LIQUIDUM (MINERA JOLL COCOS NUCIFERA (COCONUT) OIL, GOSSYPIUM HERBACEUM (COTTON) SEED OIL, PETROLATUM C10-18 TRIGLYCERIDES, GLYCERIN, HEXYLDECYL STEARATE, NIACINAMIDE, ORBIGNYA OLEIFERA SEED SODIUM POLYACRYLATE, SACCHARIDE ISOMERATE, TOCOPHERYL ACETATE, TOCOPHEROL, GLYCERY STEARATE, PEG-100 STEARATE, PENTYLENE GLYCOL, 1,2-HEXANEDIOL, CAPRYLYL GLYCOL, CITRIC AC ANTHAN GUM, SODIUM CITRATE, PARFUM (FRAGRANCE) ACL",niacinamide,,,,,,,,,,,,,open_beauty_facts,false
3800038927587,brightening-texture,Metalic Touch,Rubelia,,"(INCI) INGREDIENTS CBCTABкИ COMPOSANTS COCTAB-SASTAV: . AQUA, DIHYDROXYETHYL SOYAMINE DIOLEATE, CETEARETH-2, ISOPROPYL ALCOHOL,OLEIC ACID, PROPYLENE GLYCOL, COCAMIDE MEA, PEG-7 GLYCERYL COCOATE, AMMONIUM HYDROXIDE, SODIUM SULFITE, TETRASODIUM EDTA, ASCORBIC ACID, TOLUENE-2,5-DIAMINE SULFATE, p-AMINOPHENOL, RESORCINOL, m-AMINOPHENOL, 4-AMINO-2-HYDROXYTOLUENE Developer Окислител Оxуdant Проявитель Hidrogen. AQUA, HYDROGEN PEROXIDE, CETEARETH-7, HYDROLYZED RICE BRAN PROTEIN, SODIUM STANNATE, SODIUM",niacinamide;vitamin-c,,,,,,,,,,,,,open_beauty_facts,false
8718906909274,brightening-texture,Body lotion,CARE,,"Aqua, Paraffinum Liquidum Dicaprylyl Carbonate, Glycerin, Cetearyl Alcohol, Dimethicone, Stearic Acid Cetyl Alcohol, Tocopheryl Acetate. Sodium Lactate, Sodium PCA, Glycine. Fructose, Urea, Niacinamide, Inositol, Xanthan Gum, Maris Sal. Tetrasodium Glutamate Diacetate, Sodium Ceteary Sulfate, PEG-40 Hydrogenated Castor Oll, Hydrogenated Polydecene. Acrylates/C10-30 Alkyl Acrylate Crosspolymer, Ethylhexylglycerin, Tocopherol, Parfum, Coumarin, Linalool Phenoxyethanol, Sodium Benzoate, Citric Acid",niacinamide,,,,,,,,,,,,,open_beauty_facts,false
5021320154353,brightening-texture,Retinol Night Cream,Tiger Moon,,"Aqua (water), Glycerin, Caprylic/Capric Triglyceride, Propanediol, Squalane, Isononyl Isononanoate, Cetearyl Olivate, Butyrospermum Parkii (Shea Butter), Helianthus Annuus (Sunflower) Seed Oil, Cetearyl Alcohol, Sorbitan Olivate, Niacinamide, Hydroxyacetophenone, 1,2-Hexanediol, Sodium Acrylate/Sodium Acryloyldimethyl Taurate Copolymer, Parfum (fragrance), Acrylates/C10-30 Alkyl Acrylate Crosspolymer, Arginine, Hydrogenated Lecithin, Isohexadecane, Allantoin, Retinyl Palmitate, Bisabolol, Calant",niacinamide;hyaluronic-acid;retinol-cosmetic,,,,,,,,,,,,,open_beauty_facts,false
4058172879609,brightening-texture,Peeling Gel 3in1 Fresh,Balea MEN,,"Aqua, Glycerin, Decyl Glucoside, Xanthan Gum, Coco_Glucoside, Alcohol Denat., Niacinamide, Salicylic Acid, Menthol, Pumice, Hydrated Silica, Parfum, Citric Acid, Sodium Benzoate, Ci 74160",niacinamide,,,,,,,,,,,,,open_beauty_facts,false
8997220243596,brightening-texture,Brightening Facial Wash,whitelab,,"Aqua, Palmitic Acid, Lauric Acid, Glycerin, Potassium Hydroxide, Stearic Acid, Sodium Chloride, Cocamidopropyl Betaine, Sodium Laureth Sulfate, Xoxamide DEA, Glycol Distearate, Perfume, Acrylates Copolymer, Dmdm Hydantoin, Niacinamide, Glycyrrhiza Glabra Extract, Tetrasodium EDTA, Polyquaternium-7, Solu le Collagen, Dimethylsilanol Hyaluronate, Hydrolyzed Hyaluronic Acid, Sodium Hyaluronate, Hydrolyzed Hyaluronate, Hydrolyzed Sodium Hyaluronate, Hyaluronic Acid, Pentylene.",niacinamide;hyaluronic-acid,,,,,,,,,,,,,open_beauty_facts,false
5902539710427,brightening-texture,White Black Face Mask,Nacomï,,"Aloe Barbadensis Leaf Juice, Kaolin, Niacinamide, Aqua, Glycerin, Simmondsia Chinensis Seed Oil, Vitis Vinifera Seed Oil, Cetearyl Alcohol, Glyceryl Stearate, Cannabis Sativa Seed Oil, Charcoal Powder, Aloe Barbadensis Leaf Extract, Panthenol, Zea Mays Starch, Hydrolyzed Yeast Protein, Mannitol, Biotin, Allantoin, Threonine, Disodium Phosphate, Ethyl Cellulose, Pyridoxine HCI, Potassium Sorbate, Sodium Polyacrylate, Lauric Acid, Dehydroacetic Acid, Citric Acid, Sodium Lauroyl Glutamate, Sodium B",niacinamide,,,,,,,,,,,,,open_beauty_facts,false
8800307373157,brightening-texture,Anua Azelaic Acid Cica skin soothing moisturizer,"Anua, COSMAX Inc.",,"Water, Butylene Glycol, Squalane, Azelaic Acid, Pentylene Glycol, 1,2-Hexanediol, Caprylic/Capric Triglyceride, Hydroxypropyl Cyclodextrin, Disodium Phosphate, Ammonium Polyacryloyldimethyl Taurate, Cetearyl Olivate, PEG-150 Distearate, Polyglyceryl-3 Methylglucose Distearate, Vinyl Dimethicone, Behenyl Alcohol, Sorbitan Olivate, Maltodextrin, Glyceryl Stearate, Sodium Hyaluron ate, Erythritol, Ethylhexylglycerin, Rosmarinus Officinalis (Rosemary) Leaf Oil, Dimethiconol, Citrus Aurantium Bergami",azelaic-acid;hyaluronic-acid,,,,,,,,,,,,,open_beauty_facts,false
3701129800096,brightening-texture,bioderma,bioderma,,"AQUA/WATER/EAU

GLYCERIN

CETYL ALCOHOL

DIMETHICONE

POLYMETHYLSILSESQUIOXANE

DIPROPYLENE GLYCOL

PROPYLHEPTYL CAPRYLATE

CAPRYLIC/CAPRIC TRIGLYCERIDE

HDI/TRIMETHYLOL HEXYLLACTONE CROSSPOLYMER

C14-22 ALCOHOLS

PENTYLENE GLYCOL

CARBOMER

POLYSILICONE-11

CAPRYLYL GLYCOL

1,2-HEXANEDIOL

AMMONIUM ACRYLOYLDIMETHYLTAURATE/VP COPOLYMER

BUTYLENE GLYCOL

DISODIUM EDTA

LYSINE

C12-20 ALKYL GLUCOSIDE

AZELAIC ACID

LAMINARIA OCHROLEUCA EXTRACT

MANNITOL

SALICYLIC ACID

XYLITOL

ANDROGRAPHIS PANIC",azelaic-acid,,,,,,,,,,,,,open_beauty_facts,false
8682773091250,brightening-texture,The Purest Solutions 0.6% Azelaic Acid + 0.6% Malic Acid Fruit Enzyme Powder Exfoliator & Peeling,The Purest Solutions,,"Zea Mays (Corn) Starch, Sodium Cocoyl Isethionate, Beetroot Red, Vaccinium Myrtillus Fruit Extract, Cellulose Acetate, Sodium Lauroyl Glutamate, Sodium Palmitate, Diglycerin, Allantoin, Malic Acid, Azelaic Acid, Maltodextrin, Papain",azelaic-acid,,,,,,,,,,,,,open_beauty_facts,false
8699561350123,brightening-texture,Azelderm %20 Krem,Azelderm,,"Azelaic Acid (20%), Disodium EDTA, Paraffin, Cetostearyl Alcohol, Isopropyl Myristate, Glyceryl Monostearate, Paraffinum Liquidum, Poloxamer 401, Polysorbate 20, Polysorbate 80, Butylated Hydroxy Anisole, Triclosan, Chlorhexidine Dihydrochloride, Aqua",azelaic-acid,,,,,,,,,,,,,open_beauty_facts,false
8933489103264,brightening-texture,Megaduo Gel,Gamma Chemicals,,"Deionized water, Alpha terpineol, Squalane, Glycolic acid, Azelaic acid, Sodium hydroxide, EDTA, Potassium sorbate",azelaic-acid,,,,,,,,,,,,,open_beauty_facts,false
0769915190588,brightening-texture,www.THEORDINARY.COM,The Ordinary,,"AQUA (WATER), ISODECYL NEOPENTANOATE, DIMETHICONE. AZELAIC ACID, DIMETHICONE/BIS-ISOBUTYL PPG-20 CROSSPOLYMER, DIMETHYL ISOSORBIDE, HYDROXYETHYL ACRYLATE/SODIUM ACRYLOYLDIMETHYL TAURATE COPOLYMER, POLYSILICONE-11, ISOHEXADECANE, TOCOPHEROL, TRISODIUM ETHYLENEDIAMINE DISUCCINATE, ISOCETETH-20, POLYSORBATE 60. TRIETHANOLAMINE. ETHOXYDIGLYCOL. PHENOXYETHANOL, CHLORPHENESIN.",azelaic-acid,,,,,,,,,,,,,open_beauty_facts,false
3665467002584,brightening-texture,Acide azélaïque 10% + Extrait de bambou,Typology,,"Aqua (Water), Azelaic Acid, Glycerin, Bambusa Arundinacea Juice, 1,2-Hexanediol, Xanthan Gum, Zinc PCA, Sodium Benzoate, Citric Acid. Sodium Hydroxide.",azelaic-acid,,,,,,,,,,,,,open_beauty_facts,false
2000000152355,brightening-texture,Banana Bright Vitamin C Serum,"Ole Henriksen, OleHenriksen",,"AQUA/WATER/EAU, 3-O-ETHYL ASCORBIC ACID, NEOPENTYL GLYCOL DIHEPTANOATE, GLUCONOLACTONE, CETEARYL OLIVATE, SORBITAN OLIVATE, CITRUS AURANTIUM DULCIS (ORANGE) OIL, CITRUS AURANTIUM DULCIS (ORANGE) PEEL OIL, TRIETHYL CITRATE, CITRUS SINENSIS (ORANGE) FRUIT EXTRACT, HELIANTHUS ANNUUS (SUNFLOWER) SEED OIL, POTASSIUM HYDROXIDE, BETAINE, PANTHENOL, PHENOXYETHANOL, HYDROXYACETOPHENONE, AMINOMETHYL PROPANOL, ACRYLATES/C10-30 ALKYL ACRYLATE CROSSPOLYMER, GLUCONIC ACID, TOCOPHEROL, GLYCERIN, SUCCINOGLYCAN,",vitamin-c;hyaluronic-acid,,,,,,,,,,,,,open_beauty_facts,false
3600524070212,brightening-texture,L'Oreal Revitalift Vitamin C Serum 30mL,L'Oréal,,"AQUA / WATER, ASCORBIC ACID, DIMETHICONE, GLYCERIN, ALCOHOL DENAT., POTASSIUM HYDROXIDE, POLYSILICONE-11, PENTAERYTHRITYL TETRAETHYLHEXANOATE, ACETYL DIPEPTIDE-1 CETYL ESTER, ADENOSINE, SODIUM HYALURONATE, TOCOPHEROL, SILICA, AMMONIUM POLYACRYLOYLDIMETHYL TAURATE, BUTYLENE GLYCOL, CAPRYLYL GLYCOL, C13-14 ISOPARAFFIN, HYDROXYETHYLCELLULOSE, LAURETH-7, PEG-20 METHYL GLUCOSE SESQUISTEARATE, POLOXAMER 338, POLYACRYLAMIDE, SORBITAN LAURATE, XANTHAN GUM, BIS-PEG/PPG-16/16 PEG/PPG-16/16 DIMETHICONE, CA",vitamin-c;hyaluronic-acid,,,,,,,,,,,,,open_beauty_facts,false
5905068662076,brightening-texture,Róża z opuncją Hydrolat,LaLe,,"Rosa Canina (Rosehip) Fruit Water, Opuntia Ficus Indica (Opuntia) Fruit/Flowers Water, Ascorbic Acid",vitamin-c,,,,,,,,,,,,,open_beauty_facts,false
5703147063130,brightening-texture,Excellence 7 Blond,L'Oréal,,"1087196 C –AQUA / WATER • CETEARYL ALCOHOL • GLYCERIN • TRIDECETH-2 CARBOXAMIDE MEA •HYDROLYZED OATS • POLYQUATERNIUM-22 • CHLORHEXIDINE DIGLUCONATE •PENTASODIUM PENTETATE • 2-OLEAMIDO-1,3-OCTADECANEDIOL • CETEARETH-25 •CITRIC ACID • HEXADIMETHRINE CHLORIDE • PARFUM / FRAGRANCE. FIL C51515/11175051 –AQUA / WATER • CETEARYL ALCOHOL • PROPYLENE GLYCOL • DECETH-3 • LAURETH-12 •AMMONIUM HYDROXIDE v OLETH-30 • HEXADIMETHRINE CHLORIDE • LAURIC ACID • GLYCOLDISTEARATE • POLYQUATERNIUM-22 • ETHANOLAMINE",vitamin-c,,,,,,,,,,,,,open_beauty_facts,false
4070765058826,brightening-texture,Getönte Tagescreme,Balea,,"AQUA, ISOAMYL P-METHOXYCINNAMATE, C12-15 ALKYL BENZOATE, COCOGLYCERIDES, GLYCERIN, STEARIC ACID, CI 77891, PALMITIC ACID, DECYL OLEATE, GLYCERYL STEARATE SE, DIETHYLAMINO HYDROXYBENZOYL HEXYL BENZOATE, ISOPROPYL PALMITATE, MAGNESIUM ALUMINUM SILICATE, STEARYL ALCOHOL, BUTYL METHOXYDIBENZOYLMETHANE, PROPANEDIOL, PANTHENOL, ETHYLHEXYL TRIAZONE, DIMETHICONE, HYDROXYACETOPHENONE, SODIUM STEAROYL GLUTAMATE, ISODODECANE, PARFUM, CI 77492, XANTHAN GUM, ACRYLATES/AMMONIUM METHACRYLATE COPOLYMER, ISOPROP",vitamin-c,,,,,,,,,,,,,open_beauty_facts,false
8054042630420,brightening-texture,SK Complex,Istituito elvetico Sanders,,"Aqua (Water), Alcohol Denat., Glycerin, Panthenol, Caffeine, Zinc Pca, Hydrolyzed Wheat Protein, Ascorbic Acid, Pantolactone, Serenoa Serrulata Fruit Extract, Retinyl Palmitate, Citric Acid, Peg-40 Hydrogenated Castor Oil, Lauryl Methyl Gluceth-10 Hydroxypropyldimonium Chloride, Camphor, Phenoxyethanol, Sodium Phosphate, Bha, Bht Sodium Benzoate,",vitamin-c,,,,,,,,,,,,,open_beauty_facts,false
0185073000048,brightening-texture,Squealin Blue Raspberry,Hog Wash,,"water, sugar, maltodextrin, citric acid, sodium hexametaphosphate, fruit juice (for color), sucralose, acesulfame potassium, natural and artificial flavors, ascorbic acid (vitamin C), sucralose, stevia leaf extract, citrus pectin, potassium sorbate (preservative), natural flavors, citric acid, sodium citrate (to protect flavor), pyridoxine hydrochloride (vitamin B6), vitamin A palmitate, cyanocobalamin (vitamin B12)",vitamin-c,,,,,,,,,,,,,open_beauty_facts,false
8809657116544,brightening-texture,Round Lab Birch Juice Cleanser,Round Lab,,"Ingredients | Aqua, Glycerin, Sodium Cocoyl Alaninate, Lauryl Hydroxysultaine, Disodium Cocoamphodiacetate, Sodium Methyl Cocoyl Taurate, Acrylates/C10-30 Alkyl Acrylate Crosspolymer, Butylene Glycol, 1,2 - Hexanediol, Sodium Chloride, Caprylyl Glycol, Coco - Glucoside, Artemisia Annua Extract, Citric Acid, Sodium Cocoyl Isethionate, Betula Platyphylla Japonica Juice, Disodium EDTA, Anthemis Nobilis Flower Oil, Pinus Sylvestris Leaf Oil, Hexylene Glycol, Quillaja Saponaria Bark Extract, Glyceryl",vitamin-c;hyaluronic-acid,,,,,,,,,,,,,open_beauty_facts,false
3614229714166,brightening-texture,Wella Koleston Naturals Saç Boyası 11/7 Vanilya Sarısı,Wella,,"Aqua, Cetearyl Alcohol, Glyceryl Stearate SE, Sodium Laureth Sulfate, Ammonia, Glycol Distearate, Lanolin Alcohol, Sodium Lauryl Sulfate, Toluene-2,5-Diamine Sulfate, Sodium Cocoyl Isethionate, Sodium Sulfite, Resorcinol, Ascorbic Acid, 2-Amino-6-Chloro-4-Nitrophenol, Parfum, m-Aminophenol, Disodium EDTA, 4-Amino-2-Hydroxytoluene, Tocopherol",vitamin-c,,,,,,,,,,,,,open_beauty_facts,false
0026395101085,brightening-texture,Aloe Vera Gelly Soothing Moisturizer,China Lily,,"Organic Aloe Vera Barbadensis Leaf Juice, Acrylates/C10-30 Alkyl Acrylate Crosspolymer (Thickener), Benzyl Alcohol (Preservative), Ethylhexylglycerin (Preservative), Caprylyl Glycol (Emollient), Organic Aloe Vera Barbadensis Leaf Polysaccharides (Aloesorb™), Retinyl Palmitate (Vitamin A), Tocopheryl Acetate (Vitamin E), Ascorbic Acid (Vitamin C)",vitamin-c,,,,,,,,,,,,,open_beauty_facts,false
8850006325216,brightening-texture,Maximum Cavity Protection,Colgate,,"Purified Water, Fresh Brew from Green Tea Leaves, Sugar, Acidity Regulators (Citric Acid, Sodium Citrate, Malic Acid), Antioxidant (Ascorbic Acid), Artificial Flavor and Color (Caramel)",vitamin-c,,,,,,,,,,,,,open_beauty_facts,false
0850018802796,brightening-texture,No. 6 Bond Smoother,OLAPLEX,,"Water (Aqua/Eau), Cetearyl Alcohol, Dimethicone, Isohexadecane, Coco-Caprylate, Neopentyl Glycol Diheptanoate, Behentrimonium Chloride, Isododecane, Phenyl Trimethicone, Propanediol, Bis - Aminopropyl Diglycol Dimaleate, Fragrance (Parfum), Cetrimonium Chloride, Phenoxyethanol, Glyceryl Stearate, Isopropyl Alcohol, Hydroxyethylcellulose, Hydroxypropyl Guar, Sodium Stearoyl Lactylate, Hydroxypropyl Cyclodextrin, Hexyl Cinnamal, Limonene, Citral, Hydrolyzed Vegetable Protein PG-Propyl Silanetriol,",vitamin-c,,,,,,,,,,,,,open_beauty_facts,false
6942017950944,brightening-texture,Calcium Multi Balm,Barubt,,"CALCIUM; PETROLATUM; CERA ALBA; TOCOPHEROL; BUTYROSPERMUM PARKII BUTTER; HYDROGENATED PALM KERNEL OIL; CAPRYLIC/CAPRIC TRIGLYCERIDE; POLYGLYCERYL-2 TRIISOSTEARATE; POLYETHYLENE; MICROCRYSTALLINE WAX; OCTYLDODECANOL; TRIETHYLHEXANOIN; 1,2-HEXANEDIOL; CAPRYLYL GLYCOL; LIMNANTHES ALBA SEED OIL; MACADAMIA TERNIFOLIA SEED OIL; OLEA EUROPAEA FRUIT OIL; PERSEA GRATISSIMA OIL; SIMMONDSIA CHINENSIS SEED OIL; ECLIPTA PROSTRATA EXTRACT; ECLIPTA PROSTRATA LEAF EXTRACT; GLYCYRRHIZA GLABRA ROOT EXTRACT; ADENO",vitamin-c,,,,,,,,,,,,,open_beauty_facts,false
8428749914105,brightening-texture,Sensilis Gel Cream,Sensilis,,"Water; Dibutyl Adipate; Octocrylene; Butyl Methoxydibenzoylmethane; Alcohol Denat.; Glycerin; Diethylhexyl Carbonate Hydrogenated Dimer Dilinoleyl/Dimethylcarbonate Copolymer, Potassium Triazine; Methylene Bis-Benzotriazolyl Tetramethylbutylphenol (Nano) Cetyl Phosphate; Butylene Glycol; Bis-Ethylhexyloxyphenol Methoxypheny Phenylbenzimidazole Sulfonic Acid; Allantoin; Eriodictyon Californicum Flower/Leaf/Stem Extract; Pisum Sativum (Pea) Extract; Dimethicone Polymethyl Methacrylate; Acrylates/C",vitamin-c,,,,,,,,,,,,,open_beauty_facts,false
0860006442705,brightening-texture,NaturSense Aloe Vera Gel,"Candler Services LLC, NTRSNS",,"ALOE BARBADENSIS 99%, XANTHAN GUM, CITRIC ACID, ASCORBIC ACID, POTASSIUM SORBATE",vitamin-c,,,,,,,,,,,,,open_beauty_facts,false
5060486266388,brightening-texture,Crema corpo vitamina C,Q+A,,"Aqua (Water), Brassica Campestris (Canola) Seed Oil, Glycerin, C14-22 Alcohols, Butyrospermum Parkii (Shea) Butter, Hydroxyethyl Acrylate/Sodium Acryloyldimethyl Taurate Copolymer, Ascorbic Acid, Sodium Ascorbyl Phosphate, Zingiber Officinale (Ginger) Root Extract, Hyaluronic Acid, Volcanic Soil, Citrus Sinensis (Orange) Peel Oil Expressed, Citrus Limon (Lemon) Peel Oil, Citrus Paradisi (Grapefruit) Peel Oil, Oenothera Biennis (Evening Primrose) Oil, Coco-Caprylate/Caprate, Caprylic/Capric Trigl",vitamin-c;hyaluronic-acid,,,,,,,,,,,,,open_beauty_facts,false
5037156297546,brightening-texture,John Frieda Sheer Blonde Highlight Activating Canlı Işıltılar Şampuan 250 ml,John Frieda,,"WATER/AQUA/EAU, SODIUM LAURETH SULFATE, COCO-GLUCOSIDE, COCAMIDOPROPYL BETAINE, SODIUM CHLORIDE, GLYCERYL OLEATE, HYDROGENATED VEGETABLE OIL, SORBITAN CAPRYLATE, DICAPRYLYL ETHER, DECYL GLUCOSIDE, LACTIC ACID, GUAR HYDROXYPROPYLTRIMONIUM CHLORIDE, PANTHENOL, TETRASODIUM GLUTAMATE DIACETATE, CITRIC ACID, ASCORBIC ACID, SODIUM BENZOATE, BENZOIC ACID, FRAGRANCE/PARFUM, BENZYL ALCOHOL, CITRUS AURANTIUM PEEL OIL, CITRUS LIMON (LEMON) PEEL OIL, HEXYL CINNAMAL, LIMONENE, LINALOOL, CARAMEL.",vitamin-c,,,,,,,,,,,,,open_beauty_facts,false
0688086100649,brightening-texture,Makeup cleansing wipes,Paul Frank,,"Water, Paraffinum Liquidum, 1,3-Butylene Glycol, Ceteareth-20, Dicaprylyl Carbonate, Isostearyl Palmitate, PEG-40 Hydrogenated Castor Oil, Cetyl-2 Ethylhexanoate, Aloe Barbadensis Leaf Juice, PEG-8 Hydrogenated Castor Oil, Caprylic Triglyceride, Ceteareth-12, Phenoxyethanol, Polyaminopropyl Biguanide, Panthenol, Ascorbic Acid, Tocopheryl Acetate, Retinol, Fragrance, lodopropynyl Butylcarbamate.",vitamin-c;retinol-cosmetic,,,,,,,,,,,,,open_beauty_facts,false
4064666576879,brightening-texture,Wella Koleston Intense Saç Boyası 7/17 Buzlu Çikolata,Wella,,"Aqua, Cetearyl Alcohol, Glyceryl Stearate SE, Sodium Laureth Sulfate, Ammonia, Glycol Distearate, Lanolin Alcohol, Sodium Lauryl Sulfate, Sodium Sulfate, Sodium Cocoyl Isethionate, Sodium Sulfite, Ascorbic Acid, Toluene-2,5-Diamine Sulfate, Parfum, Resorcinol, Disodium EDTA, 2-Amino-4-Hydroxyethylaminoanisole Sulfate, m-Aminophenol, Citric Acid, Tocopherol, Hydrogen Peroxide, Salicylic Acid, Disodium Phosphate, Phosphoric Acid, Disodium Pyrophosphate, Sodium Stannate, Etidronic Acid, Bis-Hydroxy",vitamin-c,,,,,,,,,,,,,open_beauty_facts,false
4064666339924,brightening-texture,Wella Koleston 7 Kit Sonsuz Işıltılı Küllü Tonlar 7/18 Işıltılı İnci Küllü Kumral,Wella,,"Aqua, Propylene Glycol, Cetearyl Alcohol, Ammonia, Toluene-2,5-Diamine Sulfate, Trisodium Ethylenediamine Disuccinate, Sodium Sulfate, Ammonium Sulfate, Dicetyl Phosphate, Sodium Sulfite, Ceteth-10 Phosphate, Resorcinol, Steareth-200, Ascorbic Acid, Parfum, Xanthan Gum, Sodium Hydroxide, Disodium EDTA, m-Aminophenol, 2-Methylresorcinol, 4-Amino-2-Hydroxytoluene, Linalool, Hydrogen Peroxide, Paraffinum Liquidum, Salicylic Acid, Phosphoric Acid, Disodium Phosphate, Sodium Stannate, Disodium Pyroph",vitamin-c,,,,,,,,,,,,,open_beauty_facts,false
8682773091298,brightening-texture,The Purest Solutions Vita-C Serum ve Aydınlatıcı Renk Tonu Eşitleyici C Vitamini Serum 30 ml,The Purest Solutions,,"Aqua, Ascorbic Acid, Glycerin, Hydroxyethylcellulose, Sodium Hyaluronate Crosspolymer, Sodium Hyaluronate, Sodium Acetylated Hyaluronate, Hydrolyzed Sodium Hyaluronate, Sodium PCA, Erythritol, Chondrus Crispus, Xanthan Gum, Ferulic Acid, Camellia Sinensis Leaf Extract, Alpha-Glucan Oligosaccharide, Phenethyl Alcohol, 1,2-Hexanediol, Glycyrrhiza Glabra Root Extract, Parfum, Limonene, Linalool, Benzyl Salicylate, Alpha-Isomethyl Ionone",vitamin-c;hyaluronic-acid,,,,,,,,,,,,,open_beauty_facts,false
60015990,brightening-texture,Medlemon,"Haleon, Medlemon",,Aspirin 800mg; Caffeine 50mg; Ascorbic acid 45mg; Menthol 2.6mg; Sucrose 4254.63mg,vitamin-c,,,,,,,,,,,,,open_beauty_facts,false
0718334221137,brightening-texture,Natural deodorant Lavender+sage,Desert Essence,,"water (aqua), glycerin (vegetable derived), polysorbate 80, eco-harvest° melaleuca alternifolia (tea tree) leaf oil, aloe barbadensis leaf juice, mentha viridis (spearmint) leaf oil, hamamelis virginiana (witch hazel) extract, ascorbic acid (vitamin c), calcium ascorbate, citric acid.",vitamin-c,,,,,,,,,,,,,open_beauty_facts,false
8682536069441,brightening-texture,Flormar Dewy Lip Glaze Dudak Parlatıcısı 024 Coral,Flormar,,"Polybutene, Paraffinum Liquidum (Mineral Oil), Triisostearyl Citrate, Ethylhexyl Palmitate, Octyldodecyl Stearoyl Stearate, Ricinus Communis (Castor) Seed Oil, Butyrospermum Parkii (Shea) Butter, Mica, Mangifera Indica (Mango) Seed Butter, Calcium Sodium Borosilicate, Synthetic Fluorphlogopite, Ethyl Vanillin, Calcium Aluminum Borosilicate, Silica, Parfum (Fragrance), PEG-8, Pentaerythrityl Tetra-di-t-butyl Hydroxyhydrocinnamate, Tocopheryl Acetate, Phenoxyethanol, Tocopherol, Tin Oxide, Methylp",vitamin-c,,,,,,,,,,,,,open_beauty_facts,false
9310379440002,brightening-texture,Just For Men Moustache & Beard In Colour Dark Brown 1 pack,Just For Men,,"Dark Brown: Water, Aminomethyl Propanol, p-Phenylenediamine, Resorcinol, Carbomer, Cetearyl Alcohol, Fragrance, m-Aminophenol, Sodium Sulfite, Erythorbic Acid, Caramel, Biotin, Coco-Glucoside, Colloidal Oatmeal, Aloe Barbadensis Leaf Extract, N,N-Bis(2-Hydroxyethyl)-p-Phenylenediamine Sulfate, p-Aminophenol, Cetearyl Glucoside, Cocos Nucifera (Coconut) Oil, Dicetyl Phosphate, Ceteth-10 Phosphate, Etidronic Acid, 2-Amino-4-Hydroxyethylaminoanisole Sulfate, Maltodextrin COLOUR DEVELOPER: Aqua, Cet",vitamin-c,,,,,,,,,,,,,open_beauty_facts,false
3600524149161,brightening-texture,L'Oreal Excellence Creme Nude 6u Universal Dark Blonde 1 Pack,L'Oréal,,1152439 - INGREDIENTS: AQUA / WATER - HYDROGEN PEROXIDE - CETEARYL ALCOHOL - SODIUM SALICYLATE - TRIDECETH-2 CARBOXAMIDE MEA - PHOSPHORIC ACID - CETEARETH-25 - TETRASODIUM ETIDRONATE - TETRASODIUM PYROPHOSPHATE - GLYCERIN (F.I.L. C202318/2). 1177657 E - INGREDIENTS: AQUA / WATER - AMODIMETHICONE - STEARYL ALCOHOL - HYDROXYPROPYL STARCH PHOSPHATE - ISOPROPYL MYRISTATE - BEHENTRIMONIUM CHLORIDE - CETYL ALCOHOL - SODIUM HYALURONATE - PHENOXYETHANOL - ACETIC ACID - PEG-150 DISTEARATE - TRIDECETH-5 -,vitamin-c;hyaluronic-acid,,,,,,,,,,,,,open_beauty_facts,false
3600542574457,brightening-texture,Garnier Good 6.60 Pomegranate Red 1 pack,Garnier,,"1268622 B - COLOURANT CREAM: AQUA / WATER - CETEARYL ALCOHOL - ETHANOLAMINE - GLYCERIN - PROPANEDIOL - OLEIC ACID - OLEYL ALCOHOL - 4-AMINO-2-HYDROXYTOLUENE - p-AMINPHENOL - ASCORBIC ACID - SODIUM METABISULFITE - 1-HYDROXYETHYL 4,5-DIAMINO PYRAZOLE SULFATE - THIOGLYCERIN - TOLUENE-2,5-DIAMINE - 2-METHYL-5-HYDROXYETHYLAMINOPHENOL - XANTHAN GUM - CETEARYL GLUCOSIDE - TETRASODIUM GLUTAMATE DIACETATE - PARFUM / FRAGRANCE. (F.I.L. Z70018229/1). 1152439 - DEVELOPER CREAM: AQUA / WATER - HYDROGEN PEROX",vitamin-c,,,,,,,,,,,,,open_beauty_facts,false
3600542574440,brightening-texture,Garnier Good 6.0 Mochaccino Brown 1 Pack,Garnier,,"1265209 M - COLOURANT CREAM: AQUA / WATER - CETEARYL ALCOHOL - ETHANOLAMINE - GLYCERIN - PROPANEDIOL - OLEIC ACID - OLEYL ALCOHOL - m-AMINPHENOL - 2-AMINO-3-HYDROXYPYRIDINE - ASCORBIC ACID - SODIUM METABISULFITE - HYDROXYBENZOMORPHOLINE - 6-HYDROXYINDOLE - THIOGLYCERIN - TOLUENE-2,5-DIAMINE - XANTHAN GUM - CETEARYL GLUCOSIDE - TETRASODIUM GLUTAMATE DIACETATE - 2,4-DIAMINOPHENOXYETHANOL HCL - PARFUM / FRAGRANCE. (F.I.L. Z70019856/2). 1152439 - DEVELOPER CREAM: AQUA / WATER - HYDROGEN PEROXIDE - C",vitamin-c,,,,,,,,,,,,,open_beauty_facts,false
9314807092047,brightening-texture,Nature's Way Kids Gummies Vitamin C + Zinc 170 Pack,Nature's Way,,Each Pastille (soft gummie) contains: Ascorbic Acid (Vitamin C) 30mg Zinc (as Zinc sulfate monohydrate) 2.5mg,vitamin-c,,,,,,,,,,,,,open_beauty_facts,false
4064666945217,brightening-texture,Clairol Colour Strong 8.1 Medium Ash Blonde 1 Pack,Clairol,,"BONDING PRIMER Aqua/Water/Eau, Propylene Glycol, Hydroxyethylcellulose, Quaternium-80, Sodium Diethylenetriamine Pentamethylene Phosphonate, Phenoxyethanol, Malic Acid, Cocamidopropyl Betaine, PEG-40 Hydrogenated Castor Oil, Parfum/Fragrance, Disodium EDTA, Disodium Phosphate, Polysorbate 60, Sodium Phosphate. PERMANENT COLOUR CREAM Aqua/Water/Eau, Ethanolamine, Propylene Glycol, Cetearyl Alcohol, Citric Acid, Sodium Diethylenetriamine Pentamethylene Phosphonate, Sodium Sulfite, Dicetyl Phosphat",vitamin-c,,,,,,,,,,,,,open_beauty_facts,false
4064666064574,brightening-texture,Clairol Blonde It Up Toner Luminous Pearl 1 pack,Clairol,,"TRUTONE TONING CREAM: Aqua/Water/Eau, Propylene Glycol, Cetearyl Alcohol, Trisodium Ethylenediamine Disuccinate, Ethanolamine, Sodium Sulfate, Mica, Parfum/Fragrance, Sodium Sulfite, Dicetyl Phosphate, Ascorbic Acid, Ceteth-10 Phosphate, Steareth-200, Toluene-2,5-Diam Ascorbic Acid, Ceteth-10 Phosphate, Steareth-200, Toluene-2,5-Diamine Sulfate, Xanthan Gum, Disodium EDTA, Titanium Dioxide, Resorcinol, 4-Amino-2-Hydroxytoluene, m-Aminophenol",vitamin-c,,,,,,,,,,,,,open_beauty_facts,false
3600542574426,brightening-texture,Garnier Good 5.0 Coffee Roast Brown 1 pack,Garnier,,"1268632 G - COLOURANT CREAM: AQUA / WATER - CETEARYL ALCOHOL - ETHANOLAMINE - GLYCERIN - PROPANEDIOL - OLEIC ACID - OLEYL ALCOHOL - TOLUENE-2, 5-DIAMINE - m-AMINPHENOL - 2-AMINO-3-HYDROXYPYRIDINE - p-AMINOPHENOL - ASCORBIC ACID - HYDROXYBENZOMORPHOLINE - SODIUM METABISULFITE - 6-HYDROXYINDOLE - THIOGLYCERIN - XANTHAN GUM - N,N-BIS(2-HYDROXYETHYL)-p-PHENYLENEDIAMINE SULFATE - CETEARYL GLUCOSIDE - TETRASODIUM GLUTAMATE DIACETATE - 2,4-DIAMINOPHENOXYETHANOL HCL - PARFUM / FRAGRANCE. (F.I.L. Z700198",vitamin-c,,,,,,,,,,,,,open_beauty_facts,false
3600524109714,brightening-texture,L'Oreal Paris Elnett Hairspray Volume 400mL,L'Oréal,,1247592 - ALCOHOL DENAT. - DIMETHYL ETHER - VA/CROTONATES/VINYL NEODECANOATE COPOLYMER - ASCORBIC ACID - AMINOMETHYL PROPANOL - PARFUM / FRAGRANCE (F.I.L. Z70015370/1) Please be aware that ingredient lists for the products of our brand are updated regularly. Please refer to the ingredient list on your product package for the most up to date list of ingredients to ensure it is suitable to your personal use.,vitamin-c,,,,,,,,,,,,,open_beauty_facts,false
9310645353913,brightening-texture,Ultra Life Effervescent Immune Orange Tablets 20 Pack,Ultra Life,,ACTIVE INGREDIENT PER TABLET:Ascorbic acid (Vitamin C) 1000mg Zinc (as Zinc Citrate Trihydrate) 5mg,vitamin-c,,,,,,,,,,,,,open_beauty_facts,false
9310645321332,brightening-texture,Ultralife High Strength Vitamin C 1000mg Tablets 200 pack,Ultralife,,âTotal Ascorbic Acid (Vitamin C) 1000 mg Ascorbic Acid 700 mg Ascorbic Acid (from Sodium Ascorbate) 150 mg Ascorbic Acid (from Calcium Ascorbate Dihydrate) 150 mg,vitamin-c,,,,,,,,,,,,,open_beauty_facts,false
9311770601153,brightening-texture,Swisse Beauty Hair Nutrition For Women With Biotin 60 Pack,Swisse Beauty,,EACH SOFT CAPSULE CONTAINS: Biotin 1.3 mg; Vitamin A (retinol acetate) 112.50 micrograms/RE; Vitamin B5 (pantothenic acid from calcium pantothenate) 10 mg; Vitamin B12 (cyanocobalamin) 1.2 micrograms; Vitamin C (ascorbic acid) 6.30 mg; Vitamin E (d-alpha-tocopherol from d-alpha-tocopheryl acid succinate) 6 mg; Copper (from copper gluconate) 212.50 micrograms; Iron (from iron amino acid chelate) 2.25 mg; Iodine (from potassium iodide) 50 micrograms; Manganese (from manganese amino acid chelate) 1,vitamin-c;retinol-cosmetic,,,,,,,,,,,,,open_beauty_facts,false
9310645451282,brightening-texture,Ultralife Adult Gummies Hair Skin & Nails 120 Pack,Ultralife,,ACTIVE INGREDIENTS - EACH PASTILLE (GUMMY) CONTAINS:Ascorbic Acid (Vitamin C) 50 mg Biotin 5 mgd-alpha-Tocopheryl Acetate (Vitamin E) 11 mg Zinc (from Zinc Citrate Dihydrate) 5 mg,vitamin-c,,,,,,,,,,,,,open_beauty_facts,false
9310645451268,brightening-texture,Ultralife Adult Gummies Vitamin C + Zinc 120 pack,Ultralife,,ACTIVE INGREDIENTS - EACH PASTILLE (GUMMY) CONTAINS:Ascorbic Acid (Vitamin C) 70 mg Zinc (from Zinc Citrate Dihydrate) 5 mg,vitamin-c,,,,,,,,,,,,,open_beauty_facts,false
9310645488455,brightening-texture,Ultralife Womens 50+ Multi- Vitamin 100 Pack,Ultralife,,EACH TABLET CONTAINS:Ascorbic acid (Vitamin C) 165 mgBetacarotene 1.2 mg Boron (from Borax) 3 mg Biotin 150 microgramsCalcium (from Calcium Carbonate) 210 mg Pantothenic acid (from Calcium Pantothenate) (Vitamin B5) 40 mg Chromium (from Chromic Chloride Hexahydrate) 100 microgramsCitrus Bioflavonoid Extract 2 mg Colecalciferol (Vitamin D3) 25 microgramsCopper (from Copper Gluconate) 1.2 mg Cyanocobalamin (Vitamin B12) 50 microgramsd-Alpha Tocopheryl Acid Succinate (Vitamin E) 41.33 mg Iron (from,vitamin-c;retinol-cosmetic,,,,,,,,,,,,,open_beauty_facts,false
9310645488424,brightening-texture,Ultralife Executive Support Stress Vitamin B Complex 100 Pack,Ultralife,,EACH TABLET CONTAINS:Thiamine (from Thiamine Hydrochloride) (Vitamin B1) 59 mg Riboflavin (Vitamin B2) 10 mg Nicotinamide (Vitamin B3) 100 mg Pantothenic Acid (from Calcium Pantothenate) (Vitamin B5) 68.71 mg Pyridoxine (from Pyridoxine Hydrochloride) (Vitamin B6) 10 mg Folic Acid (Vitamin B9) 150 micrograms Cyanocobalamin (Vitamin B12) 30 micrograms Biotin 20 micrograms Ascorbic Acid (Vitamin C) 130 mg Ascorbic Acid (from Calcium Ascorbate) 120 mg Calcium (from Calcium Carbonate) 37 mg Choline ,vitamin-c,,,,,,,,,,,,,open_beauty_facts,false
4064666234465,brightening-texture,Clairol Nice 'n Easy 5rb Natural Medium Chestnut Brown Permanent Hair Colour 1 pack,Clairol,,"COLOUR-BLEND FORMULA: Aqua/Water/Eau, Ethoxydiglycol, Propylene Glycol, Isopropyl Alcohol, Soytrimonium Chloride, Oleth-5, Trisodium Ethylenediamine Disuccinate, Tall Oil Acid, Ammonia, Oleth-2, Parfum/Fragrance, C11-15 Pareth-9, Cocamidopropyl Betaine, p-Aminophenol, p-Phenylenediamine, C12-15 Pareth-3, Resorcinol, Citric Acid, Erythorbic Acid, 2-Methylresorcinol, N,N-Bis(2-Hydroxyethyll-p-Phenylenediamine Sulfate, 4-Amino-2-Hydroxytoluene, 1-Naphthol, Phenyl Methyl Pyrazolone, Sodium Sulfite, ",vitamin-c,,,,,,,,,,,,,open_beauty_facts,false
4064666234410,brightening-texture,Clairol Nice 'n Easy 3.5bg Natural Dark Burgundy Permanent Hair Colour 1 pack,Clairol,,"COLOUR-BLEND FORMULA: Aqua/Water/Eau, Ethoxydiglycol, Propylene Glycol, Isopropyl Alcohol, Soytrimonium Chloride, Oleth-5, Trisodium Ethylenediamine Disuccinate, Tall Oil Acid, Ammonia, Oleth-2, Parfum/Fragrance, C11-15 Pareth-9, Cocamidopropyl Betaine, p-Aminophenol, p-Phenylenediamine, C12-15 Pareth-3, Resorcinol, Citric Acid, Erythorbic Acid, 2-Methylresorcinol, N,N-Bis(2-Hydroxyethyll-p-Phenylenediamine Sulfate, 4-Amino-2-Hydroxytoluene, 1-Naphthol, Phenyl Methyl Pyrazolone, Sodium Sulfite, ",vitamin-c,,,,,,,,,,,,,open_beauty_facts,false
4064666414409,brightening-texture,Clairol Nice 'n Easy 9.5a Natural Baby Blonde Permanent Hair Colour 1 pack,Clairol,,"COLOUR-BLEND FORMULA: Aqua/Water/Eau, Ethoxydiglycol, Propylene Glycol, Isopropyl Alcohol, Soytrimonium Chloride, Oleth-5, Trisodium Ethylenediamine Disuccinate, Tall Oil Acid, Ammonia, Oleth-2, Parfum/Fragrance, C11-15 Pareth-9, Cocamidopropyl Betaine, p-Aminophenol, p-Phenylenediamine, C12-15 Pareth-3, Resorcinol, Citric Acid, Erythorbic Acid, 2-Methylresorcinol, N,N-Bis(2-Hydroxyethyll-p-Phenylenediamine Sulfate, 4-Amino-2-Hydroxytoluene, 1-Naphthol, Phenyl Methyl Pyrazolone, Sodium Sulfite, ",vitamin-c,,,,,,,,,,,,,open_beauty_facts,false
9310645451251,brightening-texture,Ultralife Kids Gummies Vitamin C + Zinc 120 pack,Ultralife,,ACTIVE INGREDIENTS - EACH PASTILLE (GUMMY) CONTAINS:Ascorbic Acid (Vitamin C)   30 mg Zinc (from Zinc Citrate Dihydrate)  5 mg,vitamin-c,,,,,,,,,,,,,open_beauty_facts,false
9311770618922,brightening-texture,Swisse Ultiboost Iron Gummies For Women's Health 50 pack,Swisse,,EACH PASTILLE (GUMMY) CONTAINS: Iron (from ferric pyrophosphate)10 mg; Vitamin B6 (pyridoxine from pyridoxine hydrochloride) 4.11 mg; Vitamin C (ascorbic acid) 8.26mg.,vitamin-c,,,,,,,,,,,,,open_beauty_facts,false
9349580007438,brightening-texture,Coco Health Triple Action Vitamin C D & Zinc 90mL,Coco Health,,"Ascorbic acid (Vitamin C)250 mg, Sodium ascorbate 283 mg, Equiv. Ascorbic acid (Vitamin C) 250 mg, Colecalciferol 13 mcg Equiv, Vitamin D 510 IU, Zinc gluconate 78 mg Equiv. Zinc 10 mg",vitamin-c,,,,,,,,,,,,,open_beauty_facts,false
9310645488448,brightening-texture,Ultralife Mens 50+ Multi- Vitamin 100 Pack,Ultralife,,EACH TABLET CONTAINS:Ascorbic Acid (Vitamin C) 180 mgBetacarotene 1.8 mg Boron (from Borax) 3 mg Biotin 150 microgramsCalcium (from Calcium Carbonate) 250 mg Pantothenic Acid (from Calcium Pantothenate) (Vitamin B5) 40 mg Chromium (from Chromic Chloride Hexahydrate) 100 microgramsCitrus Bioflavonoid Extract 2 mg Colecalciferol (Vitamin D3) 25 microgramsCopper (from Copper Gluconate) 1.2 mg Cyanocobalamin (Vitamin B12) 50 microgramsd-Alpha Tocopheryl Acid Succinate (Vitamin E) 50 mg Iron (from Fe,vitamin-c;retinol-cosmetic,,,,,,,,,,,,,open_beauty_facts,false
93579933,brightening-texture,Swisse Beauty Collagen Glow Gummies Strawberry & Vanilla Flavour 45 pack,Swisse,,EACH GUMMY (PASTILLE) CONTAINS: Hydrolysed Collagen 833.3 mg; Vitamin C (ascorbic acid) 16.67 mg; Vitamin E (dl-alpha-tocopheryl acetate) 2.5 mg; Grape Seed (Vitis vinifera extract 3 mg) equiv. dry seed 360 mg d (Vitis vinifera extract 3 mg) equiv. dry seed 360 mg.,vitamin-c,,,,,,,,,,,,,open_beauty_facts,false
93565011,brightening-texture,Swisse Beauty Hair Skin Nails Gummies 50 pack,Swisse,,EACH GUMMY (PASTILLE) CONTAINS:Biotin 1.25 mg; Vitamin C (ascorbic acid) 20 mg; Vitamin E (dl-alpha-tocopheryl acetate) 7.5 mg; Zinc (from zinc gluconate) 2.5 mg,vitamin-c,,,,,,,,,,,,,open_beauty_facts,false
9310714228203,brightening-texture,Schwarzkopf Live Colour Permanent Hair Dye Black each,Schwarzkopf,,"Colour cream: Aqua (Water, Eau), Cetearyl Alcohol, Glyceryl Stearate SE, Ammonium Hydroxide, Ceteareth-20, Toluene-2,5-Diamine Sulfate, Octyldodecanol, Sodium Laureth Sulfate, Ethanolamine, Sodium Cetearyl Sulfate, Resorcinol, 2,4-Diaminophenoxyethanol HCl, 4-Chlororesorcinol, Oleic Acid, Parfum (Fragrance), Sodium Sulfite, Glycerin, Carbomer, m-Aminophenol, Etidronic Acid, Ascorbic Acid, Potassium Hydroxide, Serine, Linalool, Citronellol, Linoleamidopropyl PG-Dimonium Chloride Phosphate, Sodium",vitamin-c,,,,,,,,,,,,,open_beauty_facts,false
9310714226025,brightening-texture,Schwarzkopf Brilliance Permanent Hair Colour Dark Amethyst each,Schwarzkopf,,"Colour Cream:Aqua (Water, Eau), Cetearyl Alcohol, Coconut Alcohol, Ammonium Hydroxide, Sodium Laureth Sulfate, Isostearic Acid, Bis-Diisopropanolamine-PG-Propyl Dimethicone/Bis-Isobutyl PEG-14 Copolymer, Sodium Lauryl Glucose Carboxylate, Dimethicone, Potassium Hydroxide, Toluene-2,5-Diamine Sulfate, Lauryl Glucoside, Myristic Acid, Ceteareth-20, 1-Naphthol, 1-Hydroxyethyl 4,5-Diamino Pyrazole Sulfate, Parfum (Fragrance), Ceteareth-12, Sodium Sulfite, Sodium Chloride, Prunus Armeniaca (Apricot) ",vitamin-c,,,,,,,,,,,,,open_beauty_facts,false
9300607563597,brightening-texture,Neutrogena Visible Repair Retinol Regenerating Cream 50g,Neutrogena,,"Water, Pentaerythrityl Tetraethylhexanoate, Glycerin, Dimethicone, PPG-15 Stearyl Ether, Butylene Glycol, Stearyl Alcohol, Cetearyl Alcohol, Glyceryl Behenate, Ceteareth-20, Isohexadecane, Zea Mays (Corn) Starch, Pentylene Glycol, Dimethicone Crosspolymer, Fragrance, Ammonium Acryloyldimethyltaurate/VP Copolymer, Caprylyl Glycol, Polyacrylamide, 4-t-Butylcyclohexanol, Sodium Polyacrylate, Chlorphenesin, Sodium Cocoyl Amino Acids, Carnosine, C13-14 Isoparaffin, Polysorbate 20, Retinol, Hydrolyzed",vitamin-c;hyaluronic-acid;retinol-cosmetic,,,,,,,,,,,,,open_beauty_facts,false
4902430240604,brightening-texture,Olay Regenerist Advanced Anti Ageing Face Cream Cleanser 100g,Olay,,"Water, PPG-15 Stearyl Ether, Glycerin, Stearyl Alcohol, Cetyl Betaine, Hydrated Silica, Salicylic Acid, Distearyldimonium Chloride, Sodium Lauryl Sulfate, Cetyl Alcohol, Alcohol, Steareth-21, Behenyl Alcohol, Fragrance, PPG-30, Steareth-2, Disodium EDTA, Carnosine, Panthenol, Tocopheryl Acetate, Ascorbic Acid.",vitamin-c,,,,,,,,,,,,,open_beauty_facts,false
4064666946580,brightening-texture,Clairol Colour Strong Hair Dye Light Ash Blond 9.1 each,Clairol,,"BONDING PRIMER Aqua/Water/Eau, Propylene Glycol, Hydroxyethylcellulose, Quaternium-80, Sodium Diethylenetriamine Pentamethylene Phosphonate, Phenoxyethanol, Malic Acid, Cocamidopropyl Betaine, PEG-40 Hydrogenated Castor Oil, Parfum/Fragrance, Disodium EDTA, Disodium Phosphate, Polysorbate 60, Sodium Phosphate PERMANENT COLOUR CREAM Aqua/Water/Eau, Ethanolamine, Propylene Glycol, Cetearyl Alcohol, Citric Acid, Sodium Diethylenetriamine Pentamethylene Phosphonate, Sodium Sulfite, Dicetyl Phosphate",vitamin-c,,,,,,,,,,,,,open_beauty_facts,false
4064666945194,brightening-texture,Clairol Colour Strong Hair Dye Light Brown 6.0 each,Clairol,,"BONDING PRIMER Aqua/Water/Eau, Propylene Glycol, Hydroxyethylcellulose, Quaternium-80, Sodium Diethylenetriamine Pentamethylene Phosphonate, Phenoxyethanol, Malic Acid, Cocamidopropyl Betaine, PEG-40 Hydrogenated Castor Oil, Parfum/Fragrance, Disodium EDTA, Disodium Phosphate, Polysorbate 60, Sodium Phosphate. PERMANENT COLOUR CREAM Aqua/Water/Eau, Propylene Glycol, Ethanolamine, 2-Methoxymethyl-p-Phenylenediamine, Cetearyl Alcohol, Resorcinol, Sodium Diethylenetriamine Pentamethylene Phosphonat",vitamin-c,,,,,,,,,,,,,open_beauty_facts,false
4064666945170,brightening-texture,Clairol Colour Strong Hair Dye Medium Brown 5.0 each,Clairol,,"BONDING PRIMER Aqua/Water/Eau, Propylene Glycol, Hydroxyethylcellulose, Quaternium-80, Sodium Diethylenetriamine Pentamethylene Phosphonate, Phenoxyethanol, Malic Acid, Cocamidopropyl Betaine, PEG-40 Hydrogenated Castor Oil, Parfum/Fragrance, Disodium EDTA, Disodium Phosphate, Polysorbate 60, Sodium Phosphate. PERMANENT COLOUR CREAM Aqua/Water/Eau, Propylene Glycol, Ethanolamine, 2-Methoxymethyl-p-Phenylenediamine, Cetearyl Alcohol, Resorcinol, Sodium Diethylenetriamine Pentamethylene Phosphonat",vitamin-c,,,,,,,,,,,,,open_beauty_facts,false
4064666945156,brightening-texture,Clairol Colour Strong Hair Dye Dark Brown 4.0 each,Clairol,,"BONDING PRIMER Aqua/Water/Eau, Propylene Glycol, Hydroxyethylcellulose, Quaternium-80, Sodium Diethylenetriamine Pentamethylene Phosphonate, Phenoxyethanol, Malic Acid, Cocamidopropyl Betaine, PEG-40 Hydrogenated Castor Oil, Parfum/Fragrance, Disodium EDTA, Disodium Phosphate, Polysorbate 60, Sodium Phosphate PERMANENT COLOUR CREAM Aqua/Water/Eau, Propylene Glycol, Ethanolamine, Cetearyl Alcohol, 2-Methoxymethyl-p-Phenylenediamine, Resorcinol, Sodium Diethylenetriamine Pentamethylene Phosphonate",vitamin-c,,,,,,,,,,,,,open_beauty_facts,false
4064666945132,brightening-texture,Clairol Colour Strong Hair Dye Black 1.0 each,Clairol,,"BONDING PRIMER Aqua/Water/Eau, Propylene Glycol, Hydroxyethylcellulose, Quaternium-80, Sodium Diethylenetriamine Pentamethylene Phosphonate, Phenoxyethanol, Malic Acid, Cocamidopropyl Betaine, PEG-40 Hydrogenated Castor Oil, Parfum/Fragrance, Disodium EDTA, Disodium Phosphate, Polysorbate 60, Sodium Phosphate. PERMANENT COLOUR CREAM Aqua/Water/Eau, Propylene Glycol, Ethanolamine, Cetearyl Alcohol, 2-Methoxymethyl-p-Phenylenediamine, Resorcinol, N,N-Bis(2-Hydrogethyl)-p-Phenylenediamine Sulfate, ",vitamin-c,,,,,,,,,,,,,open_beauty_facts,false
4064666234526,brightening-texture,Clairol Nice 'N Easy Permanent 2 Black Hair Colour each,Clairol,,"COLOUR-BLEND FORMULA: Aqua/Water/Eau, Ethoxydiglycol, Propylene Glycol, Isopropyl Alcohol, Soytrimonium Chloride, Oleth-5, Trisodium Ethylenediamine Disuccinate, Tall Oil Acid, Ammonia, Oleth-2, Parfum/Fragrance, C11-15 Pareth-9, Cocamidopropyl Betaine, p-Aminophenol, p-Phenylenediamine, C12-15 Pareth-3, Resorcinol, Citric Acid, Erythorbic Acid, 2-Methylresorcinol, N,N-Bis(2-Hydroxyethyll-p-Phenylenediamine Sulfate, 4-Amino-2-Hydroxytoluene, 1-Naphthol, Phenyl Methyl Pyrazolone, Sodium Sulfite, ",vitamin-c,,,,,,,,,,,,,open_beauty_facts,false
4064666234502,brightening-texture,Clairol Nice 'N Easy Permanent 3.5 Darkest Brown Hair Colour each,Clairol,,"COLOUR-BLEND FORMULA: Aqua/Water/Eau, Ethoxydiglycol, Propylene Glycol, Isopropyl Alcohol, Soytrimonium Chloride, Oleth-5, Trisodium Ethylenediamine Disuccinate, Tall Oil Acid, Ammonia, Oleth-2, Parfum/Fragrance, C11-15 Pareth-9, Cocamidopropyl Betaine, p-Aminophenol, p-Phenylenediamine, C12-15 Pareth-3, Resorcinol, Citric Acid, Erythorbic Acid, 2-Methylresorcinol, N,N-Bis(2-Hydroxyethyll-p-Phenylenediamine Sulfate, 4-Amino-2-Hydroxytoluene, 1-Naphthol, Phenyl Methyl Pyrazolone, Sodium Sulfite, ",vitamin-c,,,,,,,,,,,,,open_beauty_facts,false
4064666234489,brightening-texture,Clairol Nice 'N Easy Permanent 6 Light Brown Hair Colour each,Clairol,,"COLOUR-BLEND FORMULA: Aqua/Water/Eau, Ethoxydiglycol, Propylene Glycol, Isopropyl Alcohol, Soytrimonium Chloride, Oleth-5, Trisodium Ethylenediamine Disuccinate, Tall Oil Acid, Ammonia, Oleth-2, Parfum/Fragrance, C11-15 Pareth-9, Cocamidopropyl Betaine, p-Aminophenol, p-Phenylenediamine, C12-15 Pareth-3, Resorcinol, Citric Acid, Erythorbic Acid, 2-Methylresorcinol, N,N-Bis(2-Hydroxyethyll-p-Phenylenediamine Sulfate, 4-Amino-2-Hydroxytoluene, 1-Naphthol, Phenyl Methyl Pyrazolone, Sodium Sulfite, ",vitamin-c,,,,,,,,,,,,,open_beauty_facts,false
4064666234472,brightening-texture,Clairol Nice 'N Easy Permanent 5 Medium Brown Hair Colour each,Clairol,,"COLOUR-BLEND FORMULA: Aqua/Water/Eau, Ethoxydiglycol, Propylene Glycol, Isopropyl Alcohol, Soytrimonium Chloride, Oleth-5, Trisodium Ethylenediamine Disuccinate, Tall Oil Acid, Ammonia, Oleth-2, Parfum/Fragrance, C11-15 Pareth-9, Cocamidopropyl Betaine, p-Aminophenol, p-Phenylenediamine, C12-15 Pareth-3, Resorcinol, Citric Acid, Erythorbic Acid, 2-Methylresorcinol, N,N-Bis(2-Hydroxyethyll-p-Phenylenediamine Sulfate, 4-Amino-2-Hydroxytoluene, 1-Naphthol, Phenyl Methyl Pyrazolone, Sodium Sulfite, ",vitamin-c,,,,,,,,,,,,,open_beauty_facts,false
4064666234441,brightening-texture,Clairol Nice & Easy Permanent 8a Medium Ash Blonde Hair Colour each,Clairol,,"COLOUR-BLEND FORMULA: Aqua/Water/Eau, Ethoxydiglycol, Propylene Glycol, Isopropyl Alcohol, Soytrimonium Chloride, Oleth-5, Trisodium Ethylenediamine Disuccinate, Tall Oil Acid, Ammonia, Oleth-2, Parfum/Fragrance, C11-15 Pareth-9, Cocamidopropyl Betaine, p-Aminophenol, p-Phenylenediamine, C12-15 Pareth-3, Resorcinol, Citric Acid, Erythorbic Acid, 2-Methylresorcinol, N,N-Bis(2-Hydroxyethyll-p-Phenylenediamine Sulfate, 4-Amino-2-Hydroxytoluene, 1-Naphthol, Phenyl Methyl Pyrazolone, Sodium Sulfite, ",vitamin-c,,,,,,,,,,,,,open_beauty_facts,false
4064666234427,brightening-texture,Clairol Nice 'N Easy Permanent 6A Light Ash Brown Hair Colour each,Clairol,,"COLOUR-BLEND FORMULA: Aqua/Water/Eau, Ethoxydiglycol, Propylene Glycol, Isopropyl Alcohol, Soytrimonium Chloride, Oleth-5, Trisodium Ethylenediamine Disuccinate, Tall Oil Acid, Ammonia, Oleth-2, Parfum/Fragrance, C11-15 Pareth-9, Cocamidopropyl Betaine, p-Aminophenol, p-Phenylenediamine, C12-15 Pareth-3, Resorcinol, Citric Acid, Erythorbic Acid, 2-Methylresorcinol, N,N-Bis(2-Hydroxyethyll-p-Phenylenediamine Sulfate, 4-Amino-2-Hydroxytoluene, 1-Naphthol, Phenyl Methyl Pyrazolone, Sodium Sulfite, ",vitamin-c,,,,,,,,,,,,,open_beauty_facts,false
4064666234397,brightening-texture,Clairol Nice 'N Easy Permanent 9A Lght Ash Blonde Hair Colour each,Clairol,,"COLOUR-BLEND FORMULA: Aqua/Water/Eau, Ethoxydiglycol, Propylene Glycol, Isopropyl Alcohol, Soytrimonium Chloride, Oleth-5, Trisodium Ethylenediamine Disuccinate, Tall Oil Acid, Ammonia, Oleth-2, Parfum/Fragrance, C11-15 Pareth-9, Cocamidopropyl Betaine, p-Aminophenol, p-Phenylenediamine, C12-15 Pareth-3, Resorcinol, Citric Acid, Erythorbic Acid, 2-Methylresorcinol, N,N-Bis(2-Hydroxyethyll-p-Phenylenediamine Sulfate, 4-Amino-2-Hydroxytoluene, 1-Naphthol, Phenyl Methyl Pyrazolone, Sodium Sulfite, ",vitamin-c,,,,,,,,,,,,,open_beauty_facts,false
4064666234380,brightening-texture,Clairol Nice 'N Easy Permanent 7CB Dark Champagne Blonde each,Clairol,,"COLOUR-BLEND FORMULA: Aqua/Water/Eau, Ethoxydiglycol, Propylene Glycol, Isopropyl Alcohol, Soytrimonium Chloride, Oleth-5, Trisodium Ethylenediamine Disuccinate, Tall Oil Acid, Ammonia, Oleth-2, Parfum/Fragrance, C11-15 Pareth-9, Cocamidopropyl Betaine, p-Aminophenol, p-Phenylenediamine, C12-15 Pareth-3, Resorcinol, Citric Acid, Erythorbic Acid, 2-Methylresorcinol, N,N-Bis(2-Hydroxyethyll-p-Phenylenediamine Sulfate, 4-Amino-2-Hydroxytoluene, 1-Naphthol, Phenyl Methyl Pyrazolone, Sodium Sulfite, ",vitamin-c,,,,,,,,,,,,,open_beauty_facts,false
4064666234359,brightening-texture,Clairol Nice 'N Easy Permanent 4 Dark Brown Hair Colour each,Clairol,,"COLOUR-BLEND FORMULA: Aqua/Water/Eau, Ethoxydiglycol, Propylene Glycol, Isopropyl Alcohol, Soytrimonium Chloride, Oleth-5, Trisodium Ethylenediamine Disuccinate, Tall Oil Acid, Ammonia, Oleth-2, Parfum/Fragrance, C11-15 Pareth-9, Cocamidopropyl Betaine, p-Aminophenol, p-Phenylenediamine, C12-15 Pareth-3, Resorcinol, Citric Acid, Erythorbic Acid, 2-Methylresorcinol, N,N-Bis(2-Hydroxyethyll-p-Phenylenediamine Sulfate, 4-Amino-2-Hydroxytoluene, 1-Naphthol, Phenyl Methyl Pyrazolone, Sodium Sulfite, ",vitamin-c,,,,,,,,,,,,,open_beauty_facts,false
4064666234335,brightening-texture,Clairol Nice 'N Easy Permanent 6R Light Auburn Hair Colour each,Clairol,,"COLOUR-BLEND FORMULA: Aqua/Water/Eau, Ethoxydiglycol, Propylene Glycol, Isopropyl Alcohol, Soytrimonium Chloride, Oleth-5, Trisodium Ethylenediamine Disuccinate, Tall Oil Acid, Ammonia, Oleth-2, Parfum/Fragrance, C11-15 Pareth-9, Cocamidopropyl Betaine, p-Aminophenol, p-Phenylenediamine, C12-15 Pareth-3, Resorcinol, Citric Acid, Erythorbic Acid, 2-Methylresorcinol, N,N-Bis(2-Hydroxyethyll-p-Phenylenediamine Sulfate, 4-Amino-2-Hydroxytoluene, 1-Naphthol, Phenyl Methyl Pyrazolone, Sodium Sulfite, ",vitamin-c,,,,,,,,,,,,,open_beauty_facts,false
4056800252008,brightening-texture,Clairol Root Touch Up Permanent 5 Medium Brown Hair Colour each,Clairol,,"Aqua, Cetearyl Alcohol, Glyceryl Stearate SE, Ammonium Hydroxide, Sodium Laureth Sulfate, Glycol Distearate, Lanolin Alcohol, Sodium Lauryl Sulfate, Toluene-2,5-Diamine Sulfate, Resorcinol, Sodium Cocoyl Isethionate, Sodium Sulfite, Ascorbic Acid, Parfum, Disodium EDTA, m-Aminophenol, 2-Methylresorcinol, 2,4-Diaminophenoxyethanol HCl, Tocopherol",vitamin-c,,,,,,,,,,,,,open_beauty_facts,false
4056800251964,brightening-texture,Clairol Root Touch Up Permanent 4 Dark Brown Hair Colour each,Clairol,,"Aqua, Cetearyl Alcohol, Glyceryl Stearate SE, Ammonium Hydroxide, Sodium Laureth Sulfate, Toluene-2,5-Diamine Sulfate, Glycol Distearate, Lanolin Alcohol, Sodium Lauryl Sulfate, Resorcinol, Sodium Cocoyl Isethionate, Sodium Sulfite, Ascorbic Acid, m-Aminophenol, Parfum, Disodium EDTA, 2-Amino-4-Hydroxyethylaminoanisole Sulfate, Tocopherol",vitamin-c,,,,,,,,,,,,,open_beauty_facts,false
3614228302517,brightening-texture,Clairol Natural Instincts 2 Midnight Black Semi Permanent each,Clairol,,"Colour Enhancing Crme Ingredients: Aqua/Water/Eau, Propylene Glycol, Ethanolamine, Cetearyl Alcohol, Trisodium Ethylenediamine Disuccinate, Citric Acid, Parfum/Fragrance, Sodium Sulfite, Dicetyl Phosphate, 2-Methoxymethyl-p-Phenylenediamine, Ascorbic Acid, Ceteth-10 Phosphate, p-Aminophenol, Steareth-200, 2-Methylresorcinol, Xanthan Gum, Resorcinol, Sodium Hydroxide, Titanium Dioxide / (CI 77891), m-Aminophenol, Disodium EDTA, 4-Amino-2-Hydroxytoluene, Tocopheryl Acetate.Colour Activator Ingredi",vitamin-c,,,,,,,,,,,,,open_beauty_facts,false
3614228302470,brightening-texture,Clairol Natural Instincts Hair Colour 5 Medium Brown Semi Permanent each,Clairol,,"COLOUR CREAMAqua/Water/Eau, Propylene Glycol, Ethanolamine, Cetearyl Alcohol, Trisodium Ethylenediamine Disuccinate, Citric Acid, Sodium Sulfite, Parfum/Fragrance, Dicaprylyl Phosphate, Ascorbic Acid, Ceteth-10 Phosphate, Steareth-20, Xanthan Gum, m-Aminophenol, Sodium Hydroxide, Disodium EDTA, Titanium Dioxide, m-Aminophenol, 4-Amino-2-Hydroxytoluene, Tocopheryl Acetate, 2-Methoxymethyl-p-Phenylenediamine.ACTIVATORAqua/Water/Eau, Paraffinum Liquidum/Mineral Oil/Huile Minrale, Hydrogen Peroxide,",vitamin-c,,,,,,,,,,,,,open_beauty_facts,false
3614228302418,brightening-texture,Clairol Natural Instincts Hair Colour 4 Dark Brown Semi Permanent each,Clairol,,"Aqua/ Water/ Eau, Propylene Glycol, Cetearyl Alcohol, Ammonia, Trisodium Ethylenediamine Disuccinate, 2-Methoxymethyl-p-Phenylenediamine, Ammonium Sulfate, Parfum/ Fragrance, Resorcinol, Sodium Sulfite, Dicetyl Phosphate, Ascorbic Acid, Ceteth-10 Phosphate, Steareth-200, Xanthan Gum, Sodium Hydroxide, CI 77891/ Titanium Dioxide, Phenyl Methyl Pyrazolone, Disodium EDTA, Linalool, m-Aminophenol, 1-Naphthol, N,N-Bis(2-Hydroxyethyl)-p-Phenylenediamine Sulfate",vitamin-c,,,,,,,,,,,,,open_beauty_facts,false
3600523302901,brightening-texture,L’Oréal Paris Casting Crème Gloss 400 Kestane Saç Boyası,L'Oréal Paris,,"Aqua / Water, Cetearyl Alcohol, Propylene Glycol, Deceth-3, Laureth-12, Ethanolamine, Oleth-30, Lauric Acid, Polyquaternium-6, Glycol Distearate, Toluene-2,5-Diamine, Hexadimethrine Chloride, Silica Dimethyl Silylate [Nano] / Silica Dimethyl Silylate, CI 77491 / Iron Oxides, CI 77891 / Titanium Dioxide, 2,4-Diaminophenoxyethanol HCl, m-Aminophenol, Ascorbic Acid, Mica, Thiolactic Acid, Thioglycerin, 2-Methylresorcinol, N,N-Bis(2-Hydroxyethyl)-p-Phenylenediamine Sulfate, Carbomer, Resorcinol, EDT",vitamin-c,,,,,,,,,,,,,open_beauty_facts,false
8699367127851,brightening-texture,Green Therapy Hair Dye Cream 6.3 Hazelnut Shell,Green Therapy,,"aqua/water, sodium coco-sulfate, ethanolamine, myristyl alcohol, cetearyl alcohol, cocamide mea, cocamide mipa, cocamidopropyl betaine, toluene-2,5-diamine sulfate, oleth-20, tietrasodium edta, sodium sulfite, bisamino peg/ppg-41/3 aminoethyl pg-propyl dimethicone, 4chlororesorcinol, vitis vinifera seed oil, 2-methylresorinol, oleth-5 phosphate, p-aminophenol, argania spinosa oil&quot;, hydrolyzed keratin, sodium cocoyl hydrolyzed wheat protein, dioleyl phosphate, erythorbic acid, butyrospermum ",vitamin-c,,,,,,,,,,,,,open_beauty_facts,false
3600542541633,brightening-texture,Garnier C Vitamini Süper Aydınlatıcı Gece Serumu,Garnier,,"Aqua / Water, Ascorbic Acid, Pentylene Glycol, Glycerin, Sodium Hydroxide, Hydroxyacetophenone, Salicylic Acid, Caprylyl Glycol, Caprylyl/Capryl Glucoside, Polyquaternium-67, Adenosine, Trisodium Ethylenediamine Disuccinate, Sodium Hyaluronate, Linalool, Limonene, Geraniol, Parfum / Fragrance",vitamin-c;hyaluronic-acid,,,,,,,,,,,,,open_beauty_facts,false
8683649153164,brightening-texture,Vully 24K Altın Parçacıklı Arındırıcı Nemlendirici Gözenek Sıkılaştırıcı Yüz Temizleme Jeli 200 ml,Vully,,"Aqua, Coco-Glucoside, Sodium Lauryl Sulfate, Cocamidopropyl Betaine, Sodium Chloride, Caprylic/Capric Triglyceride, Triticum Vulgare Germ Oil, Prunus Armeniaca Kernel Oil, Hyaluronic Acid, Aloe Barbadensis Leaf Extract, Glycolic Acid, Ascorbic Acid, Salicylic Acid, Triethanolamine, Mannitol, Microcrystalline Cellulose, Calcium Sodium Borosilicate, Iron Oxides, Titanium Dioxide, Silica, Tin Oxide, Gold, Hydroxypropyl Methylcellulose, Copper Powder, Phenoxyethanol, Caprylyl Glycol, Decylene Glycol",vitamin-c;hyaluronic-acid,,,,,,,,,,,,,open_beauty_facts,false
8680540171259,brightening-texture,Softto Plus Leke Kremi SPF15 75 ml,Softto Plus,,"Aqua, Ethylhexyl Stearate, Glycerin, Pentaerythrityl Distearate, Glyceryl Stearate, Myristyl Myristate, Undecane, Tridecane, Methylene Bis-Benzotriazolyl Tetramethylbutylphenol, Decyl Glucoside, Propylene Glycol, Xanthan Gum, Ethylhexyl Methoxycinnamate, Caprylic/Capric Triglyceride, Diacetyl Boldine, Acrylates/Beheneth-25 Methacrylate Copolymer, Bis-Ethylhexyloxyphenol Methoxyphenyl Triazine, Acrylates/C12-22 Alkyl Methacrylate Copolymer, Disodium Cetearyl Sulfosuccinate, Trehalose, Urea, Serin",vitamin-c;hyaluronic-acid,,,,,,,,,,,,,open_beauty_facts,false
8681925607820,brightening-texture,Sinoz Hydrapro Yoğun Nemlendirici Bakım Losyonu,Sinoz,,"Aqua, Glycerin, C12-15 Alkyl Benzoate, Butyrospermum Parkii Butter, Theobroma Grandiflorum Seed Butter, Panthenol, Saccharide Isomerate, Isononyl Isononanoate, Sodium PCA, Trideceth-6, Sodium Polyacrylate, Phenoxyethanol, Hydrogenated Polydecene, Allantoin, Tocopheryl Acetate, Hydrolyzed Hyaluronic Acid, Sodium Hyaluronate Crosspolymer, Sodium Acetylated Hyaluronate, Sodium Hyaluronate, Erythritol, Carrageenan, Xanthan Gum, Sodium Acrylates Copolymer, Lecithin, Acrylates/C10-30 Alkyl Acrylate Cr",vitamin-c;hyaluronic-acid;ceramides,,,,,,,,,,,,,open_beauty_facts,false
0075371003936,brightening-texture,Tangerine Shea Sugar Scrub,Tree Hub,,"SUCROSE, GLYCERIN, POLYSORBATE 20, SILICA, CITRUS RETICULATA (TANGERINE) PEEL OIL, CARTHAMUS TINCTORIUS (SAFFLOWER) SEED OIL, PERSEA GRATISSIMA (AVOCADO) OIL, MACADAMIA TERNIFOLIA SEED OIL, PRUNUS AMYGDALUS DULCIS (SWEET ALMOND) OIL, OENOTHERA BIENNIS (EVENING PRIMROSE) OIL, BUTYROSPERMUM PARKII (SHEA) BUTTER, CURCUMA LONGA (TURMERIC) ROOT EXTRACT, CITRUS AURANTIUM DULCIS (ORANGE) PEEL OIL, ASCORBIC ACID, RETINYL PALMITATE, TOCOPHEROL, FRAGRANCE, PHENOXYETHANOL, CAPRYLYL GLYCOL, AQUA/WATER, SORB",vitamin-c,,,,,,,,,,,,,open_beauty_facts,false
0062308260409,brightening-texture,Pet Toothpaste,ShimeiYanji,,"Water, Sorbitol, Hydrated Silica, Sodium Lauryl Sulfate, Cellulose Gum, Xanthan Gum, Xylitol, Parfum, Sodium Benzoate, Potassium Sorbate, Sucralose, Calcium Glycerophosphate, Ascorbic Acid",vitamin-c,,,,,,,,,,,,,open_beauty_facts,false
8030243021144,brightening-texture,tinta per capelli,biokap,,"1: AQUA, STEARIC ACID, LAURAMIDE MEA, ETHANOLAMINE. CETEARYL ALCOHOL, TOLUENE-2,5-DIAMINE SULFATE, GLYCERYL STEARATE, PALMITIC ACID, GLYCERIN, ARGANIA SPINOSA (KERNEL) OIL, HYDROLYZED RICE PROTEIN, HYDROLYZED SOY PROTEIN. HYDROLYZED OATS, MYRISTYL ALCOHOL, BIS-DIGLYCERYL POLYACYLADIPATE-2, ASCORBIC ACID, SALIX ALBA (WILLOW) BARK EXTRACT, TRI-C14-15 ALKYL CITRATE, C12-13 ALKYL LACTATE, SODIUM GLUCONATE, TRIDECYL SALICYLATE, PROPYLENE GLYCOL, SODIUM HYDROSULFITE, p-AMINOPHENOL, 1-NAPHTHOL, 4-CHLOR",vitamin-c,,,,,,,,,,,,,open_beauty_facts,false
3600542563888,brightening-texture,Color Sensation Color shampoo retouch châtain foncé,Garnier,,"1265303 C - Crema Colorante/Crème Colorante/Creme Colorante: AQUA / WATER - ETHANOLAMINE - TOLUENE-2,5-DIAMINE - COCAMIDOPROPYL BETAINE - SODIUM LAURETH SULFATE - HYDROXYBENZOMORPHOLINE - 2-AMINO-3-HYDROXYPYRIDINE - m-AMINOPHENOL - ASCORBIC ACID - SODIUM METABISULFITE - SODIUM CHLORIDE - THIOGLYCERIN - N,N-BIS(2-HYDROXYETHYL)-p-PHENYLENEDIAMINE SULFATE - CARBOMER - ACRYLATES/BEHENETH-25 METHACRYLATE COPOLYMER - ROSA CANINA SEED OIL - EDTA - 2,4-DIAMINOPHENOXYETHANOL HCL - PARFUM / FRAGRANCE (F.I",vitamin-c,,,,,,,,,,,,,open_beauty_facts,false
3178040567207,brightening-texture,Intensive crème soin 6-0 600 Chatain Clair,"Palette, Saint-Algue",,"CRÈME COLORANTE : Aqua (Water, Eau) · Cetearyl Alcohol · Glyceryl Stearate SE · Ammonium Hydroxide · Prunus Amygdalus Dulcis (Sweet Almond) Oil · Ceteareth-20 · Octyldodecanol · Sodium Laureth Sulfate · Toluene-2,5-Diamine Sulfate · Ethanolamine · Sodium Cetearyl Sulfate · Parfum (Fragrance) · Oleic Acid · Resorcinol · Glycerin · Sodium Sulfite · 4-Chlororesorcinol · Etidronic Acid · Carbomer · m-Aminophenol · Potassium Hydroxide · Linalool · Ascorbic Acid · Serine · Sodium Sulfate · Geraniol · ",vitamin-c,,,,,,,,,,,,,open_beauty_facts,false
4008666272232,brightening-texture,Anti Schuppen Shampoo-Konzentrat,Alpecin,,"Aqua, Sodium Laureth Sulfate, Disodium Laureth Sulfosuccinate, Cocamidopropyl Betaine, PEG-3 Distearate, Sodium Chloride, PEG-7 Glyceryl Cocoate, Fumaric Acid, Sodium Hydroxide, Salicylic Acid, Laureth-2, Polyquaternium-10, PEG-200 Hydrogenated Glyceryl Palmate, Citric Acid, Tetrasodium Etidronate, Tocopherol, Caprylic/Capric Triglyceride, Ascorbic Acid, Ascorbyl Palmitate, Sodium Benzoate, Parfum, Hexyl Cinnamal, Benzyl Salicylate, Linalyl Acetate, Linalool.",vitamin-c,,,,,,,,,,,,,open_beauty_facts,false
8430301395352,brightening-texture,Sanigel,PMH,,"Aqua, Sodium Laureth Sulfate, Cocamide DEA, Cocamidopropyl Betaine, Ammonium Chloride, Mangifera Indica Juice, Carica Papaya Fruit Extract, Passiflora Edulis Fruit Juice, Lactic Acid, Glucose, Citric Acid, Propylene Glycol, Ethoxydiglycol, Butylene Glycol, Sodium Chloride, Methylchloroisothiazolinone, Methylisothiazolinone, Magnesium Chloride, Magnesium Nitrate, Sodium Benzoate, Potassium Sorbate, Sodium Sulfate, Ascorbic Acid.",vitamin-c,,,,,,,,,,,,,open_beauty_facts,false
0073711000355,brightening-texture,Radiante Restore Vitamin C,Suave,,"RADIANCE RESTORE LOTION This dermatologist tested formula is enriched with Vitamin C for radiant skin. 48hr: CLINICALLY PROVEN MOISTURE ALLERGEN FREE FORMULA 0% FREE OF PARABENS OR DYES To Use: Apply lotion on skin as often as desired. CRUELTY-FREE SUAVE DOES NOT TEST ON ANIMALS INGREDIENTS: WATER (AQUA, EAU), GLYCERIN, STEARIC ACID, GLYCINE SOJA (SOYBEAN) OIL, GLYCOL STEARATE, GLYCERYL STEARATE, FRAGRANCE (PARFUM), CETYL ALCOHOL, CAPRYLYL GLYCOL, PHENOXYETHANOL, CARBOMER, SODIUM HYDROXIDE, HYDR",vitamin-c,,,,,,,,,,,,,open_beauty_facts,false
4930867800139,brightening-texture,Tandpasta,Smyle,,"INGREDIENTS: Aqua, Hydrated Silica, Calcium Hydroxyapatite, Glycerin, Potassium Nitrate, Sorbitol, Xanthan Gum, Xylitol, Decyl Glucoside, Decyl Glucose, Aro - ma, Sodium Saccharin, Sodium Benzoate, Menthol, Cocos Nucifera Oil, Calcium Peroxide, Charcoal Powder, Erythritol, Simmondsia Chinensis Seed Oil, Zinc Acetate, Mentha Viridis Leaf Oil, Citric Acid, Theobroma Grandiflorum Seed Powder, Calcium Hydroxide, Tocopheryl Acetate, Ascorbic Acid, Dical - cium Phosphate, Pyridoxine, Sodium Hyaluronat",vitamin-c;hyaluronic-acid,,,,,,,,,,,,,open_beauty_facts,false
4311596697700,brightening-texture,Flüssigseife Bio-Salbei & Bio-Thymian,Blütezeit Naturkosmetik,,"INGREDIENTS: AQUA, COCO-GLUCOSIDE, SODIUM COCO-SULFATE, SUCROSE, SODIUM CHLORIDE, SALVIA OFFICINALIS LEAF EXTRACT, THYMUS VULGARIS EXTRACT, TOCOPHEROL, ASCORBIC ACID, GLYCERYL OLEATE, GLYCERIN, HYDROGENATED PALM GLYCERIDES CITRATE, PARFUM, CITRIC ACID, SODIUM BENZOATE, LINALOOL**, LIMONENE**. * INGREDIENTS FROM CERTIFIED ORGANIC ** AGRICULTURE FROM NATURAL ESSENTIAL OILS",vitamin-c,,,,,,,,,,,,,open_beauty_facts,false
8410412460026,brightening-texture,Bálsamo After Shave Cannabis Babaria,Babaria,,"Aqua (Water), Aloe Barbadensis Leaf Extract, Glycerin, Isopropyl Palmitate, Cannabis Sativa Seed Oil, Allantoin, Phenoxyethanol, Silica, Polyacrylate Crosspolymer-6, Polyacrylate-13, Parfum (Fragrance), Tetrasodium Glutamate Diacetate, Polyisobutene, Ethylhexylglycerin, Citric Acid, Polysorbate 20, Sorbitan Isostearate, T-Butyl Alcohol, Ascorbic Acid, Sodium Hydroxide, Potassium Sorbate, Sodium Benzoate, Sodium Sulfite, Citronellol, Coumarin, Geraniol, Linalool, Hydroxycitronellal, Limonene.",vitamin-c,,,,,,,,,,,,,open_beauty_facts,false
8059602240613,brightening-texture,SAPONE in crema,ELODERMA,,"Aqua, Sodium Laureth Sulfate, Sodium Chloride, Cocamidopropyl Betaine, Glycerin, Parfum, Hexyl Cinnamal, Alternifolia Leaf Oil, Sodium Sulfate, Tetrasodium Pyrophosphate, Ascorbic Acid, T-Butyl Alcohol Chloride, Methylchloroisothiazolinone, Trideceth-7, Sodium Lauryl Sulfate, Methylisothiazolinone, Ammonium Sulfate, Melaleuca abbondantemente con acqua. AVVERTENZE/WARNINGS: IT-Cosmetico per uso esterno, tenere fuori dalla portata dei bambini di età inferiore ai 3 anni. In caso di contatto con gli",vitamin-c,,,,,,,,,,,,,open_beauty_facts,false
0026395001170,brightening-texture,Lily of the desert,Lily of the desert,,"Ingredients (INCI): Organic Aloe Barbadensis leaf juice, Tocopheryl Acetate (vitamine E), Tocopherol, Retinyl Palmitate (vitamine A), Ascorbic Acid (vitamine C), Chamomilla recutita (Matricaria) Flower Extract, Aqua (water), Aroma, Carbomer, Phenoxyethanol, Ethylhexylglycerin, Disodium EDTA, Sodium Hydroxide. La présence d'Aloe Vera dans la formule peut entraîner un changement de couleur du produit, sans affecter ni son efficacité, ni sa qualité.",vitamin-c,,,,,,,,,,,,,open_beauty_facts,false
0718334312125,brightening-texture,Soap Bar - Exfoliating Italian Lemon,Desert Essence,,"Sodium Palmate, Sodium Palm Kernelate, Aqua/Water/Eau, Glycerin, Avena Sativa (Oat) Kernel Flour, Citrus Limon (Lemon) Peel Oil, Simmondsia Chinensis (Jojoba) Seed Powder, Ascorbic Acid (Vitamin C), Simmondsia Chinensis (Jojoba) Seed Oil, Sodium Chloride, Sodium Gluconate",vitamin-c,,,,,,,,,,,,,open_beauty_facts,false
8001090151858,brightening-texture,Oil replacement,Pantene,,"/ligall Aqua, Dimethicone, Stearamidopropyl Dimethylamine, Cetyl Alcohol, Hydroxyethylcellulose, Quaternium-18, Benzyl Alcohol, Phenoxyethanol, Stearyl Alcohol, Parfum, PEG-2M, Cetearyl Alcohol, Methylparaben, Propylparaben, Oleyl Alcohol, Glyceryl Stearate, Polysorbate 60, Lysine HCI, Citric Acid, Panthenol, Panthenyl Ethyl Ether, EDTA, Alcohol, Hexyl Cinnamal, Silica, Hydroxycitronellal, Tocopheryl Acetate, Biotin, Ascorbic Acid, Limonene, BHT 000",vitamin-c,,,,,,,,,,,,,open_beauty_facts,false
8410412029209,brightening-texture,Bálsamo Corporal Aloe,Babaria,,"Aloe Barbadensis Leaf Extract (Puro Aloe Vera 100%), Triethanolamine, PEG-40 Hydrogenated Castor Oil, Phenoxyethanol, Acrylates/C10-30 Alkyl Acrylate Crosspolymer, Ethylhexylglycerin, Parfum (Fragrance), Ascorbic Acid, Sodium Benzoate, Potassium Sorbate, Sodium Sulfite, CI 42090 (FD & C Blue 1), CI 19140 (FD&C Yellow 5), Aqua (Water), Citric Acid",vitamin-c,,,,,,,,,,,,,open_beauty_facts,false
7313272148220,brightening-texture,Försvarets hudsalva,apoteket,,"Adeps Bovis, Arachis Hypogaea Oil, Cera Alba, Alcohol, Benzoic Acid, Tocopherol, Caprylic/Capric Triglyceride, Aroma (Vanillin), Ascorbyl Palmitate, Ascorbic Acid, Citric Acid, Aqua",vitamin-c,,,,,,,,,,,,,open_beauty_facts,false
7313272148213,brightening-texture,Försvarets hudsalva,apoteket,,"Adeps Bovis, Arachis Hypogaea Oil, Cera Alba, Alcohol, Benzoic Acid, Tocopherol, Caprylic/Capric Triglyceride, Aroma (Vanillin), Ascorbyl Palmitate, Ascorbic Acid, Citric Acid, Aqua.",vitamin-c,,,,,,,,,,,,,open_beauty_facts,false
0604565626387,brightening-texture,APOKRA Breastfeeding Vegan,Apokra,,"Availom 50 High DHA Algae [Carrier: L-Lysine, EPA], Calcium Carbonate, Beta carotene, Vegan Vitamin D3 (Cholecalciferol), Vitamin E (DI-alpha-tocopheryl acetate), Vitamin K (Phytomenadione), Thiamin (Thiamin mononitrate), Vitamin B2 (Riboflavin), Niacin (Nicotinamide), Pantothenic acid (D-Pantothenate, calcium), Vitamin B6 (Pyridoxine HCI), Biotin (D-Biotin), Folic acid (Pteroylmonoglutamic acid), Vitamin B12 (Cyanocobalamin), Vitamin C (Ascorbic acid), Potassium iodide, Ferrous fumarate, Sodium",vitamin-c,,,,,,,,,,,,,open_beauty_facts,false
0053076202649,brightening-texture,Nizoral Psoriasis,Nizoral,,"Salicylic Acid 3%, Ascorbic Acid, Cocamidopropyl Betaine, DL Panthenol USP Powder, Green Tea Extract, Linolemidopropyl, PG-Dimonium Chloride Phosphate, PEG-120 Methyl Glucose Dioleate, Polyquaternium-7, Propylene Glycol, Purified Water, Sodium C-14-16 Olefin Sulfonate, Tea Tree Oil, Trolamine, Vitamin E Acetate",vitamin-c,,,,,,,,,,,,,open_beauty_facts,false
8410412024884,brightening-texture,Crema pies durezas,Babaria,,"INGREDIENTS/INGREDIENTES: Aqua (Water), Aloe Barbadensis Leaf
Extract, Urea, Glycerin, Cetearyl Alcohol, Petrolatum, Triacetin, Cetyl
Alcohol, Butyrospermum Parkii Butter, Paraffinum Liquidum,
Phenoxyethanol, Ceteth-24, Sodium Carbomer, Parfum (Fragrance),
Citric Acid, Xanthan Gum, Tetrasodium EDTA, Ethylhexylglycerin, BHT,
Disodium EDTA, Sodium Hydroxide, Sodium Benzoate, Potassium
Sorbate, Sodium Sulfite, Ascorbic Acid, Citral, Coumarin, Geraniol,
Limonene, Linalool.",vitamin-c,,,,,,,,,,,,,open_beauty_facts,false
2000000152396,brightening-texture,Banana Bright+ Eye Crème,Ole Henriksen,,"Aqua/Water/Eau, Simmondsia Chinensis (Jojoba) Seed Oil, Butyrospermum Parkii (Shea) Butter, Isododecane, Coconut Alkanes, 3-O-Ethyl Ascorbic Acid, Cetearyl Alcohol, Glycerin, C18-38 Alkyl Hydroxystearoyl Stearate, Dilinoleic Acid/Propanediol Copolymer, Polymethylsilsesquioxane, Cocoyl Proline, Dimethicone Crosspolymer, Pentaerythrityl Tetraisostearate, Tetrahexyldecyl Ascorbate, Ascorbic Acid, Gold, Glutathione, Citrus Nobilis (Mandarin Orange) Fruit Extract, Citrus Paradisi (Grapefruit) Peel Ex",vitamin-c,,,,,,,,,,,,,open_beauty_facts,false
5025416000357,brightening-texture,Hand-wash Antibacterial,Certex,,"Sodium Lauryl Sulfate, Hydroxyethylcellulose, p-Phenplendiamine, Pentasodium Triphosphate, Sodium Sulfite, Ascorbic Acid, Disodium Edta, Cellulose Gum, Sodium Carbonate, Parfum. *P-phenplenediamine will be 2.1% after mixed with 50ml of water. INCLUDING GLOVE INSIDE",vitamin-c,,,,,,,,,,,,,open_beauty_facts,false
8410412000321,brightening-texture,Bálsamo después del sol efecto hielo,Babaria,,"Aqua (Water), Alcohol Denat, Aloe Barba-
densis Leaf Extract (Puro Aloe Vera 20%), Propylene Glycol,
Allantoin, Panthenol, Chamomilla Recutita Flower Extract,
Ascorbic Acid, PEG-40 Hydrogenated Castor Oil, Acrylates
C10-30 Alkyl Acrylate Crosspolymer, Parfum (Fragrance),
Citric Acid, Triethanolamine, Potassium Sorbate, Sodium
Benzoate, Sodium Sulfite, CI 42090 (FD",vitamin-c,,,,,,,,,,,,,open_beauty_facts,false
8250722207016,brightening-texture,Advance Sunblock. Face & Body cream,Skin Doctor,,"Water Zinc Oxide, Dimethcone, titanium oxide, Hydrogenated Castor Oil, Glyceryl Mono Stearate, propylene Glycol, Polysorbate 60, Isopropyl Palmitate, Mineral Oil, Carbomer, Collagen, Benzyl Alcohol, Phenoxyethanol,
Aloe Barbadensis Leaf Extract, Retnol (Vitamin A), Ascorbic Acid  (Vtamin c), Tocopheryl Acetate (Vitamin E), Fragrance.",vitamin-c,,,,,,,,,,,,,open_beauty_facts,false
0073930568964,brightening-texture,Brush-on Striplash Adhesive with Vitamins - Dark,Duo,,"Acrylates/Ethylhexyl Acrylate Copolymer, Water, Retinol, Ascorbic Acid, Tocopherol, Ceteareth-25, Propylene Glycol, PEG-60 Hydrogenated Castor Oil, Glycerin, Phenoxyethanol, Iron Oxides (CI 77499).",vitamin-c;retinol-cosmetic,,,,,,,,,,,,,open_beauty_facts,false
3215774118005,brightening-texture,Gel apaisant de toilette intime confort extrême à l'aloe vera,"Intima, Reckitt Benckiser",,"aqua, sodium myreth sulfate, cocamide DEA, aloe barbadensis extract, cocamidopropyl betaine, PEG-150 distearate, boswellia serrata gum, parfum, glycerin, lactic acid, PEG-7 glyceril cocoate, dipropylene glycol, sodium chloride, glutaral, propylene glycol, methylisothiazolinone, iosopropynyl butylcarbamate, disodium EDTA, sodium benzoate, citric acid, ascorbic acid, sodium sulfite, potassium sorbate.",vitamin-c,,,,,,,,,,,,,open_beauty_facts,false
8015150218344,brightening-texture,Attivi Puri Hyaluronic Acid Molecular Spray,Collistar,,"Aqua, Propylene Glycol, Butylene Glycol, 1,2-Hexanediol, Phenoxyethanol, Hyaluronic Acid, Acetyl Glucosamine",hyaluronic-acid,,,,,,,,,,,,,open_beauty_facts,false
9356892001924,brightening-texture,Coconut Vanilla Antiperspirant Deodorant,skin-loving protection,,"Aloe Barbadensis Leaf Juice Powder, Behenyl Alcohol, Butyrospermum Parkii (Shea) Butter, C12-15 Alkyl Benzoate, Cyclopentasiloxane, Dimethicone, Fragrance, Hydrogenated Castor Oil, Pentaerythrityl Tetra-di-t-butyl Hydroxyhydrocinnamate, Silica, Sodium Hyaluronate (Hyaluronic Acid), Steareth-100, Stearyl Alcohol, Tocopheryl Acetate (Vitamin E), Water, Vanillin",hyaluronic-acid,,,,,,,,,,,,,open_beauty_facts,false
8809517475460,brightening-texture,Dewytree Hi Amino All Cleansing Milk,Dewytree,,"Water(Aqua), Macadamia Ternifolia Seed Oil, Dipropylene Glycol, Gly cerin, 1,2-Hexanediol, Betaine, C14-22 Alcohols, Polysorbate 80, Glyceryl Stearate, Cetearyl Olivate, Decyl Glucoside, Sorbitan Olivate, Arachidyl Alcohol, C12-20 Alkyl Glucoside, Be henyl Alcohol, Arachidyl Glucoside, Ethylhexyl glycerin, Xanthan Gum, Tocopherol, Acrylates/ C10-30 Alkyl Acrylate Crosspolymer, Arginine, Glucose, Glyceryl Glucoside, Butylene Glycol, Sodium Lauroyl Oat Amino Acids, Sodium Cocoyl Apple Amino Acids,",hyaluronic-acid;ceramides,,,,,,,,,,,,,open_beauty_facts,false
5902169067267,brightening-texture,clear.shot Moisturizing Facial Cleansing Gel,Miya,,"Aqua, Glycerin, Cocamidopropyl Betaine, Propylene Glycol, Xanthan Gum, Betaine, Oryza Sativa Extract, Aloe Barbadensis Leaf Juice, Centella Asiatica Extract, Cocos Nucifera Fruit Extract, Tocopheryl Acetate, Hyaluronic Acid, Sodium Chloride, Potassium Sorbate, Citric Acid, Methylpropanediol, Caprylyl Glycol, Parfum, Sodium Benzoate, Lemongrass Oil, CI 77007, CI 42051",hyaluronic-acid,,,,,,,,,,,,,open_beauty_facts,false
7333352117984,brightening-texture,The Glow Setting Spray,ISAD,,"Aqua, Alcohol Denat., Acrylates Copolymer, Pentylene Glycol, Propanediol, Glycerin, PVP, Hydroxyacetophenone, Sodium Benzoate, Sodium Metabisulfite, Phenoxyethanol, Chlorphenesin, Tetrasodium Glutamate Diacetate, Sodium Hydroxide, Biosaccharide Gum-4, Hyaluronic Acid",hyaluronic-acid,,,,,,,,,,,,,open_beauty_facts,false
8906157900557,brightening-texture,Curl defining shampoo,Bare anatomy,,"Purified Water, Sodium Lauroyl Methyl Isethionate, Glycerin, Cocamidopropyl Betaine, Acrylates Copolymer, Sodium Hyaluronate (Hyaluronic Acid), Cocos Nucifera (Coconut) Oil, Ricinus communis (Castor) Seed Oil, Hydrolyzed Pea Protein, Hydrolyzed Adansonia Digitata Seed Extract, Glycol Stearate, Polyquaternium 53, PEG-45M, Stearamidopropyl Dimethylamine, Polyquaternium 6, Guar Hydroxypropyltrimonium Chloride, Mica, Titanium Dioxide, Tin Oxide, Perfume, Eucalyptus Globulus (Eucalyptus) Oil, Lavandu",hyaluronic-acid,,,,,,,,,,,,,open_beauty_facts,false
8906157900533,brightening-texture,Curly intensifying leave-in conditioner,Bare anatomy,,"Purified Water, Cetostearyl Alcohol, Glycerin, Caprylic/Capric Triglyceride, Acrylamidopropyl - trimonium Chloride/Acrylates Copolymer, Isohexadecane, Coceth-7, Sodium Hyaluronate (Hyaluronic Acid), Cocos nucifera (Coconut) Oil, Ricinus Communis (Castor) Seed, Hydrolyzed Pea Protein, Hydrolyzed Adansonia Digitata Seed Extract, Aloe Barbadensis (Aloe Vera) Extract, Argania spinosa (Argan) Oil, Panthenol, Butyrospermum Parkii (Shea) Butter, Squalane, Lactic Acid, Cetyl Alcohol, Cetyl Esters, Tocop",hyaluronic-acid,,,,,,,,,,,,,open_beauty_facts,false
0850013802692,brightening-texture,Hand & Body Lotion,KOALA ECO,,"Aqua (Purified Water), Aloe Barbadensis Leaf Juice, Glycerin (Plant-Derived), Propanediol, Sodium Acrylate/Sodium Acryloyl Dimethyl Taurate Copolymer, Cetyl Alcohol, Glycol Stearate, Mango Butter (Mangifera Indica Seed), Shea Butter (Butyrospermum Parkii), Phenylpropanol, Tocopheryl Acetate (Vitamin E Antioxidant), Caprylic/Capric Triglyceride, Glyceryl Stearate, Gluconolactone, Ethylhexylglycerin, Allantoin, Panthenol (Pro-Vitamin B5), Lemon Myrtle Essential Oil (Backhousia Citriodora), Mandari",hyaluronic-acid,,,,,,,,,,,,,open_beauty_facts,false
04086680,brightening-texture,Shape Tape Ultra Creamy,Tarte,,"Water/Aqua/Eau, cyclopentasiloxane, glycerin, PEG-9 polydimethylsiloxyethyl dimethicone, polymethylsilsesquioxane, caprylic/capric triglyceride, caprylyl methicone, C13-15 alkane, sorbitan isostearate, dimethicone, phenyl trimethicone, acrylates/stearyl acrylate/dimethicone methacrylate copolymer, hydroxyethyl urea, magnesium sulfate, aluminum hydroxide, isotridecyl isononanoate, disteardimonium hectorite, dimethicone crosspolymer, cetyl PEG/PPG-10/1 dimethicone, polypropylsilsesquioxane, phenox",hyaluronic-acid,,,,,,,,,,,,,open_beauty_facts,false
8699943340001,brightening-texture,Agarta Doğal Aloe Vera Nemlendirici Cilt Kremi 75 ml,Agarta,,"Aqua, Propanediol, Cetearyl Alcohol, Hydrogenated Vegetable Glycerides, Coco-Caprylate, Disodium Cetearyl Sulfosuccinate, Isopropyl Myristate, Butyrospermum Parkii Butter, Aloe Barbadensis Leaf Extract, Triticum Vulgare Germ Oil, Simmondsia Chinensis Seed Oil, Hypericum Perforatum Oil, Theobroma Cacao Extract, Allantoin, Panthenol, Olea Europaea Fruit Oil, Potassium Sorbate, Tocopherol, Parfum, Sodium Benzoate, Hyaluronic Acid, Xanthan Gum, Triethanolamine.",hyaluronic-acid,,,,,,,,,,,,,open_beauty_facts,false
8681701017003,brightening-texture,Morfose Metamorfose Moist Boost Nemlendirici Bakım Şampuan 400 ml,Morfose,,"Aqua, Sodium Laureth Sulfate, Sodium Chloride, Cocamidopropyl Betaine, Parfum, Hydrolyzed Collagen, Sodium Hyaluronate, Chondrus Crispus Extract, Hydroxypropyltrimonium Hyaluronate, Hydrolyzed Hyaluronic Acid, Sodium Acetylated Hyaluronate, Hyaluronic Acid, Hydrolyzed Sodium Hyaluronate, Sodium Hyaluronate Crosspolymer, Potassium Hyaluronate, Glucose, Glycerin, Lauryl Glucoside, Glycol Distearate, Sodium Cocoamphoacetate, Styrene/Acrylates Copolymer, Sodium Lauryl Sulfate, Cocamide MEA, Xanthan ",hyaluronic-acid,,,,,,,,,,,,,open_beauty_facts,false
4049639451803,brightening-texture,M.Asam Aqua Intense Supreme Hyaluron Yüz Kremi,M.Asam,,"Aqua, Caprylic/Capric Triglyceride, Coco-Caprylate/Caprate, Glycerin, Cetearyl Alcohol, Sodium Stearoyl Glutamate, Butyrospermum Parkii Butter, Sodium Hyaluronate, Hyaluronic Acid, Trehalose, Urea, Serine, Phospholipids, Helianthus Annuus Seed Oil, Hydrogenated Polydecene, Tocopherol, Lecithin, Silanetriol, Escin, Algin, Pullulan, Pentylene Glycol, Caprylyl Glycol, Disodium Phosphate, Glyceryl Polyacrylate, Sodium Acrylates Copolymer, Polyglyceryl-10 Stearate, Pentaerythrityl Distearate, Sodium ",hyaluronic-acid,,,,,,,,,,,,,open_beauty_facts,false
8681701017041,brightening-texture,Morfose Metamorfose Moist Boost Nemlendirici Bakım Saç Kremi,Morfose,,"Aqua, Glycerin, Cetyl Alcohol, Stearyl Alcohol, Distearoylethyl Dimonium Chloride, Cetearyl Alcohol, Hydrolyzed Collagen, Sodium Hyaluronate, Chondrus Crispus Extract, Hydroxypropyltrimonium Hyaluronate, Hydrolyzed Hyaluronic Acid, Sodium Acetylated Hyaluronate, Hyaluronic Acid, Hydrolyzed Sodium Hyaluronate, Sodium Hyaluronate Crosspolymer, Potassium Hyaluronate, Glucose, Butylene Glycol, Caprylyl Glycol, Dipropylene Glycol, Propylene Glycol Dicaprylate/Dicaprate, Polyquaternium-37, PEG-40/PPG-",hyaluronic-acid,,,,,,,,,,,,,open_beauty_facts,false
8809840602038,brightening-texture,odiD Onarıcı Saç Bakım Kürü,odiD,,"Aqua, Dimethicone, Cetyl Alcohol, Cetearyl Alcohol, Behentrimonium Chloride, Behentrimonium Methosulfate, Isopropyl Alcohol, Steartrimonium Chloride, Amodimethicone, Propylene Glycol, Caprylyl Glycol, Butylene Glycol, Sodium Citrate, Ethylhexylglycerin, Citric Acid, Myristyl Alcohol, Stearyl Alcohol, Dimethicone/Vinyl Dimethicone Crosspolymer, Ectoin, Ceramide NP, 2,3-Butanediol, Silkworm Extract, Hydrogenated Lecithin, Propanediol, Hydrolyzed Soy Protein, Hydrolyzed Corn Protein, Hydrolyzed Whe",hyaluronic-acid;ceramides,,,,,,,,,,,,,open_beauty_facts,false
8809784603016,brightening-texture,Torriden DIVE In Multi Pad,Torriden,,"Ingredients Water, Butylene Glycol, Glycerin, Dipropylene Glycol, 1,2-Hexanediol, Propanediol, Allantoin, Sodium Hyaluronate, Sodium Hyaluronate Crosspolymer, Hydrolyzed Sodium Hyaluronate, Hyaluronic Acid, Hydrolyzed Hyaluronic Acid, Panthenol, Aloe Ferox Leaf Extract, Salix Alba (Willow) Bark Extract, Melaleuca Al - ternifolia (Tea Tree) Extract, Betaine, Ceramide NP, Hamamelis Virginiana (Witch Hazel) Water, Pyrus Malus (Apple) Fruit Water, Althaea Rosea Flower Extract, Glu - conolactone, Sod",hyaluronic-acid;ceramides,,,,,,,,,,,,,open_beauty_facts,false
0717639101076,brightening-texture,ALBA PEPTIDE SERUM,ALVORA LAB,,"INGREDIENTS: Hamamelis Virginiana Water (25-50%), Barbadensis Leaf Juice Aloe (10-25%), Tetrapeptide-21 (1-5%), Butylene Glycerin (5-10%), Glycol (1-5%), Hyaluronic Acid (3-8 kDa, 100-500 kDa, 0.8-1.5 MDa, 1.8-3.0 MDa) (1-5%), Sodium Hyaluronate (0.1-1%), Lactobionic Acid (0.1-1%), Tocopheryl Acetate (0.1-1%), Ethylhexylglycerin (0.1-1%), Sodium Benzoate (&lt;0.1%)",hyaluronic-acid,,,,,,,,,,,,,open_beauty_facts,false
8809447256115,brightening-texture,Dr. Althea 345 Relief Cream Mist,Dr.Althea,,"Oryza Sativa (Rice) Bran Water, Glycerin, Triethylhexanoin, Aqua (Water), Hydrogenated Poly(C6-14 Olefin), Butylene Glycol, Methylpropanediol, Pentylene Glycol, 1,2-Hexanediol, Panthenol, Streptococcus Ther - mophilus Ferment, Trilaureth-4 Phosphate, Ethylhexyl - glycerin, Sodium Phytate, Citric Acid, Betaine, Polyquater - nium-51, Pyrus Malus (Apple) Juice, Oryza Sativa (Rice) Extract, Sea Salt, Cynanchum Atratum Extract, Tocopher - ol, Aspergillus Ferment, Althaea Rosea Flower Extract, Hydroly",hyaluronic-acid,,,,,,,,,,,,,open_beauty_facts,false
0769915194982,brightening-texture,Hyaluronic Acid 2% + B5,The Ordinary,,hyaluronic acid,hyaluronic-acid,,,,,,,,,,,,,open_beauty_facts,false
8809686383559,brightening-texture,ISNTREE Hyaluronic Acid Moist Cream,ISNTREE,,"Aqua, Glycerin, Hydrogenated Polydecene, Caprylic/Capric Triglyceride, Dipropylene Glycol, Cyclohexasiloxane, Butyrospermum Parkii (Shea) Butter, Polyglyceryl-3 Methylglucose Distearate, Cetyl Alcohol, Glycereth-26, Glyceryl Stearate, Betaine, Behenyl Alcohol, Vinyl Dimethicone, Pentylene Glycol, Laminaria Japonica Extract, Eclipta Prostrata Leaf Extract, Avena Sativa (Oat) Kernel Extract, Cynara Scolymus (Artichoke) Leaf Extract, Prunus Armeniaca (Apricot) Kernel Oil, Argania Spinosa Kernel Oil",hyaluronic-acid,,,,,,,,,,,,,open_beauty_facts,false
8684225893320,brightening-texture,Thalia Barrier Boosting Tonik 200 ml,Thalia Natural Beauty,,"AQUA(WATER), GLYCERIN, GLYCERYL GLUCOSIDE, PANTHENOL, SODIUM BENZOATE, PEG-40 HYDROGENATED CASTROL OIL, TRIDECETH-9, POTASSIUM SORBATE, PARFUM(FRAGRANCE), SODIUM GLUCONATE, TREHALOSE, HYALURONIC ACID, LINALOOL, HEXYL CINNAMAL, BENZYL SALICYLATE, HEXAMETHYLINDANOPYRAN, LIMONENE, TERPINEOL, CITRUS AURANTIUM PEEL OIL, ALPHA-ISOMETHYL IONONE, COUMARIN.",hyaluronic-acid,,,,,,,,,,,,,open_beauty_facts,false
8684221509362,brightening-texture,Anyong Yoğun Nem Kremi 50 ml,Anyong,,"Aqua, Snail Secretion Filtrate, Propylene Glycol, Glycerin, Ectoin, Sodium Hyaluronate, Aloe Barbadensis Leaf Juice, Coco-Caprylate/Caprate, Vitis Vinifera Seed Oil, Rosa Canina Seed Oil, Mel Extract, Glycyrrhiza Glabra Root Extract, Panthenol, Hydrolyzed Hyaluronic Acid, Hyaluronic Acid, Sodium Hyaluronate Crosspolymer, Inulin, Calendula Officinalis Flower Extract , Propanediol, Acrylates/C10-30 Alkyl Acrylate Crosspolymer, Sodium PCA, Inulin Lauryl Carbomate, Hydrolyzed Glycosaminoglycans, Fru",hyaluronic-acid,,,,,,,,,,,,,open_beauty_facts,false
8697916017424,brightening-texture,"Dermokil Beyaz Kil Maskesi 2 x 7,5 ml",Dermokil,,"Aqua, Clay, Glycerin, Cetearyl Alcohol, Glyceryl Stearate SE, Silica Dimethyl Silylate, Xanthan Gum, Alcohol Denat., Cocos Nucifera Fruit Oil, Butyrospermum Parkii Butter, Phenoxyethanol, Caprylyl Glycol, Lavandula Angustifolia (Lavender) Herb Oil, Alpha Arbutin, Hyaluronic Acid, Titanium Dioxide, Panthenol, Tetrasodium EDTA, Citric Acid",hyaluronic-acid,,,,,,,,,,,,,open_beauty_facts,false
0860014244759,brightening-texture,Classic Clean Body Lotion,California Naturals,,"water, caprylic/capric triglyceride, glycerin, helianthus annuus (sunflower) seed oil, glyceryl stearate, stearic acid, aloe barbadensis leaf juice, stearyl alcohol, hyaluronic acid, tocopherol (vitamin e), butyrospermum parkii (shea) butter, theobroma cacao (cocoa) seed butter, squalane, cocos nucifera (coconut) liquid endosperm, cocos nucifera (coconut) oil, cocos nucifera (coconut) fruit juice, panthenol (vitamin b5), allantoin, sorbitan sesquioleate, hydroxyacetophenone, acrylates/c10-30 alk",hyaluronic-acid,,,,,,,,,,,,,open_beauty_facts,false
9421035736701,brightening-texture,Dosetheory Moisture Infuse Shampoo 330mL,Dosetheory,,"Water, Lauryl Glucoside, Sodium Coco-Sulfate, Glycerin, Panthenol (ProVitamin B5), Sodium Hyaluronate (Hyaluronic Acid), Polyquaternium-7, Benzyl Alcohol, Decyl Glucoside, Citric Acid, Sodium Chloride, Guar Hydroxypropyltrimonium Chloride, Dehydroacetic Acid, Fragrance, Linalool.",hyaluronic-acid,,,,,,,,,,,,,open_beauty_facts,false
94210989,brightening-texture,Dosetheory Moisture Infuse Hair Mask 250g,Dosetheory,,"Water, Cetearyl Alcohol, Behentrimonium Methosulfate, Caprylic/Capric Triglyceride, Glycerin, Butyrospermum Parkii (Shea) Butter, Sodium Hyaluronate (Hyaluronic Acid), Tocopheryl Acetate (Vitamin E), Benzyl Alcohol, Sodium Citrate, Dehydroacetic Acid, Dimethicone, Citric Acid, Fragrance, Linalool.",hyaluronic-acid,,,,,,,,,,,,,open_beauty_facts,false
9356892002488,brightening-texture,Gem Sport-loving Deodorant Midnight Oud 127g 207mL,Gem,,"BUTANE, ISOBUTANE, PROPANE, ALUMINIUM SESQUICHLOROHYDRATE, CYCLOPENTASILOXANE, C12-15 ALKYL BENZOATE, DISTEARDIMONIUM HECTORITE, PROPYLENE CARBONATE, BUTYROSPERMUM PARKII (SHEA) BUTTER, TOCOPHERYL ACETATE (VITAMIN E), SODIUM HYALURONATE (HYALURONIC ACID), PARFUM (FRAGRANCE), ALPHA-ISOMETHYL IONONE, CITRAL, COUMARIN, HEXAMETHYLINDANOPYRAN, HYDROXYCITRONELLAL, LIMONENE, LINALOOL, CINNAMOMUM ZEYLANICUM BARK OIL, CITRUS AURANTIUM PEEL OIL, LINALYL ACETATE, PINENE, TETRAMETHY ACETYLOCTAHYDRONAPHTHALE",hyaluronic-acid,,,,,,,,,,,,,open_beauty_facts,false
9356892002396,brightening-texture,Gem Sport-loving Deodorant Freshly Showered 127g 207mL,Gem,,"Aqua (Water), Aluminum Zirconium Tetrachlorohydrex Gly, PPG-15 Stearyl Ether, Steareth 2, Steareth 21, Butyrospermum Parkii (Shea) Butter, Tocopheryl Acetate (Vitamin E), Disodium EDTA, BHT, Sodium Hyaluronate (Hyaluronic Acid), Parfum (Fragrance), Citronellol, Coumarin, Hexamethylindanopyran, Limonene, Linalool, Amyl Salicylate, Beta-Caryophyllene, Citrus Aurantium Bergamia Peel Oil, Lavandula Oil/Extract, Linalyl Acetate, Pinene, Pogostemon Cablin Oil, Tetramethyl Acetyloctahydronaphthalenes.",hyaluronic-acid,,,,,,,,,,,,,open_beauty_facts,false
9356892002419,brightening-texture,Gem Sport-loving Deodorant Tobacco Vanilla 127g 207mL,Gem,,"Butane, Isobutane, Propane, Aluminium Sesquichlorohydrate, Cyclopentasiloxane, Alkyl Benzoate C12-15, Disteardimonium Hectorite, Propylene Carbonate, , Butyrospermum Parkii (Shea) Butter, Tocopheryl Acetate (Vitamin E), Sodium Hyaluronate (Hyaluronic Acid), Parfum (Fragrance), Linalool, Tetramethyl acetyloctahydronaphthalenes, Vanillin.",hyaluronic-acid,,,,,,,,,,,,,open_beauty_facts,false
9356892002471,brightening-texture,Gem Sport-loving Deodorant Millionaire 127g 207mL,Gem,,"BUTANE, ISOBUTANE, PROPANE, ALUMINIUM SESQUICHLOROHYDRATE, CYCLOPENTASILOXANE, C12-15 ALKYL BENZOATE, DISTEARDIMONIUM HECTORITE, PROPYLENE CARBONATE, BUTYROSPERMUM PARKII (SHEA) BUTTER, TOCOPHERYL ACETATE (VITAMIN E), SODIUM HYALURONATE (HYALURONIC ACID), PARFUM (FRAGRANCE), ALPHA-ISOMETHYL IONONE, CITRAL, COUMARIN, HEXAMETHYLINDANOPYRAN, HYDROXYCITRONELLAL, LIMONENE, LINALOOL, CINNAMOMUM ZEYLANICUM BARK OIL, CITRUS AURANTIUM PEEL OIL, LINALYL ACETATE, PINENE, TETRAMETHY ACETYLOCTAHYDRONAPHTHALE",hyaluronic-acid,,,,,,,,,,,,,open_beauty_facts,false
9356892002402,brightening-texture,Gem Sport-loving Deodorant Sandalwood & Cedar 127g 207mL,Gem,,"Butane, Isobutane, Propane, Aluminium Sesquichlorohydrate, Cyclopentasiloxane, C12-15 Alkyl Benzoate, Disteardimonium Hectorite, Propylene Carbonate, Butyrospermum Parkii (Shea) Butter, Tocopheryl Acetate (Vitamin E), Sodium Hyaluronate (Hyaluronic Acid), Parfum (Fragrance), Alpha-isomethyl Ionone, Citronellol, Coumarin, Eugenol, Hexamethylindanopyran, Limonene, Linalool, Rose Ketones, Anethole, Citrus Aurantium Peel Oil, Lavandula Oil/Extract, Linalyl Acetate, Menthol, Pinene, Pogostemon Cablin",hyaluronic-acid,,,,,,,,,,,,,open_beauty_facts,false
9356892001276,brightening-texture,Gem Skin-loving Roll On Deodorant Vanilla Sugar 50mL,Gem,,"Aqua (Water), Aluminum Zirconium Tetrachlorohydrex Glyc, PPG-15 Stearyl Ether, Steareth 2, Parfum (Fragrance), Steareth 21, Tocopheryl Acetate (Vitamin E), Butyrospermum Parkii (Shea) Butter, Disodium EDTA, Pentaerythrityl Tetra-di-t-butyl Hydroxyhydrocinnamate, Sodium Hyaluronate (Hyaluronic Acid), Hexamethylindanopyran, Tetramethyl Acetyloctahydronapthalenes, Vanillin.",hyaluronic-acid,,,,,,,,,,,,,open_beauty_facts,false
9356892002341,brightening-texture,Gem Sport-loving Roll On Deodorant Original Clean 50mL,Gem,,"Aqua (Water), Aluminum Zirconium Tetrachlorohydrex Gly, PPG-15 Stearyl Ether, Steareth 2, Steareth 21, Butyrospermum Parkii (Shea) Butter, Tocopheryl Acetate (Vitamin E), Disodium EDTA, BHT, Sodium Hyaluronate (Hyaluronic Acid), Parfum (Fragrance), Alpha-isomethyl Ionone, Cedrus atlantica Oil/Extract, Citral, Citronellol, Coumarin, Limonene, Linalool, Citrus Aurantium Bergamia Peel Oil, Citrus Aurantium Peel Oil, Eucalyptus Globulus Oil, Geranyl Acetate, Juniperus Virginiana Oil, Lavandula Oil/E",hyaluronic-acid,,,,,,,,,,,,,open_beauty_facts,false
9356892002358,brightening-texture,Gem Sport-loving Roll On Deodorant Freshly Showered 50mL,Gem,,"Aqua (Water), Aluminum Zirconium Tetrachlorohydrex Gly, PPG-15 Stearyl Ether, Steareth 2, Steareth 21, Butyrospermum Parkii (Shea) Butter, Tocopheryl Acetate (Vitamin E), Disodium EDTA, BHT, Sodium Hyaluronate (Hyaluronic Acid), Parfum (Fragrance), Citronellol, Coumarin, Hexamethylindanopyran, Limonene, Linalool, Amyl Salicylate, Beta-Caryophyllene, Citrus Aurantium Bergamia Peel Oil, Lavandula Oil/Extract, Linalyl Acetate, Pinene, Pogostemon Cablin Oil, Tetramethyl Acetyloctahydronaphthalenes.",hyaluronic-acid,,,,,,,,,,,,,open_beauty_facts,false
9356892002525,brightening-texture,Gem Sport-loving Roll On Deodorant Millionaire 50mL,Gem,,"Aqua (Water), Aluminum Zirconium Tetrachlorohydrex Gly, PPG-15 Stearyl Ether, Steareth 2, Steareth 21, Butyrospermum Parkii (Shea) Butter, Tocopheryl Acetate (Vitamin E), Disodium EDTA, BHT, Sodium Hyaluronate (Hyaluronic Acid), Parfum (Fragrance), Alpha-isomethyl Ionone, Citral, Coumarin, Hexamethylindanopyran, Hydroxycitronellal, Limonene, Linalool, Cinnamomum Zeylanicum Bark Oil, Citrus Aurantium Peel Oil, Linalyl Acetate, Pinene, Tetramethyl Acetyloctahydronaphthalenes, Vanillin, Citrus Limo",hyaluronic-acid,,,,,,,,,,,,,open_beauty_facts,false
9356892002389,brightening-texture,Gem Sport-loving Deodorant Original Clean 127g 207mL,Gem,,"Butane, Isobutane, Propane, Aluminium Sesquichlorohydrate, Cyclopentasiloxane, C12-15 Alkyl Benzoate, Disteardimonium Hectorite, Propylene Carbonate, Butyrospermum Parkii (Shea) Butter, Tocopheryl Acetate (Vitamin E), Sodium Hyaluronate (Hyaluronic Acid), Parfum (Fragrance), Alpha-isomethyl Ionone, Cedrus atlantica Oil/Extract, Citral, Citronellol, Coumarin, Limonene, Linalool, Citrus Aurantium Bergamia Peel Oil, Citrus Aurantium Peel Oil, Eucalyptus Globulus Oil, Geranyl Acetate, Juniperus Virg",hyaluronic-acid,,,,,,,,,,,,,open_beauty_facts,false
9342746009734,brightening-texture,Jack The Barber Shower Gel Whisky & Spice 1L,Jack The Barber,,"Water, Sodium Laureth Sulfate, Sodium Chloride, Ammonium Lauryl Sulfate, Cocamidopropyl Betaine, Phenoxyethanol, Fragrance, Ethylhexylglycerin, Polyquaternium-7, Citric Acid, Polyquaternium-10, Guar Hydroxypropyltrimonium Chloride, Sodium Hyaluronate, Sodium Benzoate, Salicylic Acid, Propanediol, Melaleuca Alternifolia (Tea Tree) Leaf Oil, Hamamelis Virginiana (Witch Hazel) Water, Benzyl Glycol, Hydrolyzed Glycosaminoglycans, Glycerin, Sodium Hyaluronate Crosspolymer, 1,2-Hexanediol, Hydrolyzed ",hyaluronic-acid,,,,,,,,,,,,,open_beauty_facts,false
0301871373324,brightening-texture,Moisturizing Cream,CeraVe,,"purified water, glycerin, ceteareth-20 and cetearyl alcohol, caprylic/capric triglyceride, behentrimonium methosulfate and cetearyl alcohol, cetyl alcohol, ceramide 3, ceramide 6-ii, ceramide 1, hyaluronic acid, cholesterol, petrolatum, dimethicone, potassium phosphate, dipotassium phosphate, sodium lauroyl lactylate, disodium edta, phenoxyethanol, methylparaben, propylparaben, phytosphingosine, carbomer, xanthan gum",hyaluronic-acid;ceramides,,,,,,,,,,,,,open_beauty_facts,false
8684306079575,brightening-texture,Glow Primer +50 SPF Uva + Uvb,Calliel,,"ALOE BARBADENSIS LEAF EXTRACT, *******, ANHYDROXYLITOL, AQUA, ARACHIDYL ALCOHOL, *******, BEHENYL ALCOHOL, BUTYL METHOXYDIBENZOYLMETHANE, *******, C12-15 ALKYL BENZOATE, CAPRYLIC/CAPRIC TRIGLYCERIDE, CAPRYLYL GLYCOL, *******, CETEARYL ALCOHOL, CI 77491, DIMETHICONE, ETHYLHEXYL METHOXYCINNAMATE, GLYCERIN, GLYCERYL STEARATE, HYALURONIC ACID, *******, OCTOCRYLENE, PHENOXYETHANOL, TITANIUM DIOXIDE, TRIETHOXYCAPRYLYLSILANE, *******, XYLITOL, *******, ZINC OXIDE",hyaluronic-acid,,,,,,,,,,,,,open_beauty_facts,false
4894819702707,brightening-texture,Collagen By Watsons Hydro Balance Temizleme Köpüğü,Collagen By Watsons,,"Aqua, Sodium Methyl Cocoyl Taurate, Acrylates Copolymer, Propanediol, Potassium Cocoyl Glycinate, Glycerin, Potassium Cocoate, Decyl Glucoside, CI 77891, Cocamidopropyl Betaine, Parfum, Caprylyl Glycol, Sodium Chloride, Ethylhexylglycerin, Disodium EDTA, Polyquaternium-7, Sodium Benzoate, 1,2-Hexanediol, Panthenol, Squalane, Butylene Glycol, Sr-Hydrozoan Polypeptide-1, Hyaluronic Acid, Hydrolyzed Hyaluronic Acid, Hydrolyzed Sodium Hyaluronate, Citric Acid, Collagen Extract, Potassium Hyaluronate",hyaluronic-acid,,,,,,,,,,,,,open_beauty_facts,false
8690506520052,brightening-texture,Arko Nem Ekstra Nem Nemlendirici Bakım Kremi,Arko,,"Aqua, Glycerin, Paraffinum Liquidum, Petrolatum, Glyceryl Stearate SE, Stearyl Alcohol, Palmitic Acid, Phenoxyethanol, Stearic Acid, Parfum, Sodium Hydroxide, Carbomer, Potassium Cetyl Phosphate, Sodium Polyacrylate, Disodium EDTA, Myristic Acid, Lauric Acid, Tocopheryl Acetate, Hyaluronic Acid, Citronellol, Citrus Limon Peel Oil, Hexyl Cinnamal, Linalool, Tetramethyl Acetyloctahydronaphthalenes, Dimethyl Phenethyl Acetate.",hyaluronic-acid,,,,,,,,,,,,,open_beauty_facts,false
5902539716054,brightening-texture,"Serum Retinol 0,25%",Nacomi,,"Aqua, Propanediol, Glycerin, Coco-Caprylate/Caprate, Polyglyceryl-3 Distearate, Panthenol, Cetearyl Alcohol, Mangifera Indica Seed Butter, Glycine Soja Oil, Retinol, Citrus Aurantium Amara Flower Extract, Jasminum Officinale Flower Extract, Lavandula Angustifolia Flower Extract, Paeonia Officinalis Flower Extract, Prunus Serrulata Flower Extract, Sambucus Nigra Flower Extract, Hyaluronic Acid, Sodium Hyaluronate, Hydrolyzed Hyaluronic Acid, Sodium Hyaluronate Crosspolymer, Rosa Damascena Flower ",hyaluronic-acid;retinol-cosmetic,,,,,,,,,,,,,open_beauty_facts,false
8809447251363,brightening-texture,Dr.Althea 147 Barrier Cream 50ml,Dr. Althea,,"Water, Glycerin, Dipropylene Glycol, Cetearyl Alcohol, Caprylic/Capric Triglyceride, Methyl Trimethicone, Hydrogenated Polydecene, 1,2-Hexanediol, Phenyl Trimethicone, Vegetable Oil, Dimethicone/Vinyl Dimethicone Crosspolymer, Glyceryl Stearate SE, Cetearyl Olivate, Palmitic Acid, Sorbitan Olivate, C12-16 Alcohols, Behenyl Alcohol, Stearic Acid, Hydrogenated Lecithin, Microcrystalline Cellulose, Cetearyl Glucoside, Laminaria Japonica Extract, Eclipta Prostrata Leaf Extract, Butylene Glycol, Cera",hyaluronic-acid;ceramides,,,,,,,,,,,,,open_beauty_facts,false
5060879820685,brightening-texture,Retinol Serum,The Inkey List,,"Water (Aqua/Eau), Glycerin, Butylene Glycol, Propanediol, Dicaprylyl Carbonate, Dimethicone, Retinyl Acetate, Phenoxyethanol, Hydroxyethyl Acrylate/Sodium Acryloyldimethyl Taurate Copolymer, Caprylyl Glycol, Phospholipids, Squalane, Dimethyl Isosorbide, Glycine Soja (Soybean) Oil, Carbomer, Polysorbate 60, Tocopheryl Acetate, Glycolipids, Hydroxypinacolone Retinoate, Sodium Hydroxide, Sorbitan Isostearate, Glycine Soja (Soybean) Sterols, Tetrasodium Glutamate Diacetate, Tetrahexyldecyl Ascorbate",hyaluronic-acid,,,,,,,,,,,,,open_beauty_facts,false
5285009295045,brightening-texture,Face Sunscreen,Khan El Kaser,,"• Aqua
• Xanthan Gum
• Glyceryl Monostearate
• Ceteareth-20
• Capric Triglyceride
• Zinc Oxide
• Octocrylene
• Ethylhexyl Methoxycinnamate
• Ethylhexyl Salicylate
• Homosalate
• Avocado Oil (Persea Gratissima)
• Disodium EDTA
• Vitamin E (Tocopheryl Acetate)
• Allantoin
• Hyaluronic Acid (Sodium Hyaluronate)
• Panthenol
• VP/Hexadecene Copolymer
• Glycerin
• Phenoxyethanol",hyaluronic-acid,,,,,,,,,,,,,open_beauty_facts,false
3532281693208,brightening-texture,Gel lubrifiant naturel,Manix,,"AQUA, GLYCERIN, HYDROXYETHYL CELLULOSE, 2-PHENOXYETHANOL,HYALURONIC ACID, SODIUM SALT, LACTIC ACID",hyaluronic-acid,,,,,,,,,,,,,open_beauty_facts,false
3760099705671,brightening-texture,Eau micellaire hydratante,"B com Bio, B com Bio organic, Laboratoire Sicobel, Sicobel",,"Aqua, hordeum vulgare stem water*, glycerin**, polyglyceryl-4 caprate**, sodium hyaluronate, eriophorum spissum flower / stem extract**, hydrolyzed caesalpinia spinosa gum**, caesalpinia spinosa gum**, xanthan gum, parfum, benzyl alcohol, sodium benzoate, potassium sorbate, sorbic acid, sodium chloride, citric acid, sodium hydroxide.
(Eau , Eau des Glaciers, Eau d’Orge BIO* , Glycérine**, Acide hyaluronique, Extrait de Coton Arctique**, Actif hydratant issu du Tara**, Gélifiant, Tensioactif**, ",hyaluronic-acid,,,,,,,,,,,,,open_beauty_facts,false
0769915195712,brightening-texture,Caffeine solution,The Ordinary,,"AQUA (WATER) CAFFEINE, MALTODEXTRIN, GLYCERIN, PROPANEDIOL, EPIGALLOCATECHIN, GALLATYL GLUCOSIDE, GALLYL GLUCOSIDE, HYALURONIC ACID, OXIDIZED GLUTATHIONE, MELANIN, GLYCINE SOJA (SOYBEAN) SEED EXTRACT, PENTYLENE GLYCOL, HYDROXYETHYLCELLULOSE, POLYACRYLATE CROSSPOLYMER-6, XANTHAN GUM, LACTIC ACID, DEHYDROACETIC ACID, TRISODIUM ETHYLENEDIAMINE DISUCCINATE, PROPYL GALLATE, DIMETHYL ISOSORBIDE, BENZYL ALCOHOL, 1.2 - HEXANEDIOL, ETHYLHEXYLGLYCERIN, PHENOXYETHANOL, CAPRYLYL, GLYCOL.",hyaluronic-acid,,,,,,,,,,,,,open_beauty_facts,false
0769915190670,brightening-texture,Caffeine Solution 5% + EGCG,The Ordinary,,"AQUA (WATER), CAFFEINE, MALTODEXTRIN, GLYCERIN, PROPANEDIOL, EPIGALLOCATECHIN GALLATYL GLUCOSIDE, GALLYL GLUCOSIDE, HYALURONIC ACID, OXIDIZED GLUTATHIONE, MELANIN, GLYCINE SOJA (SOYBEAN) SEED EXTRACT, PENTYLENE GLYCOL, HYDROXYETHYLCELLULOSE, POLYACRYLATE CROSSPOLYMER-6, XANTHAN GUM, LACTIC ACID, DEHYDROACETIC ACID, TRISODIUM ETHYLENEDIAMINE DISUCCINATE, PROPYL GALLATE, DIMETHYL ISOSORBIDE, BENZYLALCOHOL, 1,2-HEXANEDIOL, ETHYLHEXYLGLYCERIN, PHENOXYETHANOL, CAPRYLYL GLYCOL.",hyaluronic-acid,,,,,,,,,,,,,open_beauty_facts,false
4063528071361,brightening-texture,Hyaluron Shampoo,FOAMIE,,"ere Formel für trockenes Haar mit effektiver Hyaluron - are und natürlicher Aloe Vera - vereint die Erkenntnisse der Wissenschaft mit der Kraft der Natur. Der optimale Feuchtigkeitsboost für glänzendes Haar. Hyaluronsäure - bindet ein Vielfaches an Wasser und hilft das Haar aufzupolstern. Aloe Vera - spendet Feuchtigkeit und wirkt hautberuhigend. INGREDIENTS: HYDROGENATED VEGETABLE OIL SODIUM COCOYL ISETHIONATE AQUA (WATER). POLYGLYCERYL-4 LAURATE, GLYCERIN, GUAR HYDROXYPROPYLTRIMONIUM CHLORIDE,",hyaluronic-acid,,,,,,,,,,,,,open_beauty_facts,false
8809561820117,brightening-texture,pH Hyaluron Gel Cleanser,Hyggee,,"Purified Water, Glycerin, Disodium Cocoamphodiacetate, Cocoa-Glucoside, Lauryl Glucoside, Sodium Chloride, Sodium Cocoyl Apple Amino Acids, Ceramide NP, Sodium Hyaluronate (1,000ppb), Panthenol, Evening Primrose Oil, Jojoba Seed Oil, Sclerocarya Birrea Seed Oil, Meadowfoam Seed Oil, Sunflower Seed Oil, Cocos Nucifera (Coconut) Oil, Hydroxypropyltrimonium Hyaluronate (100ppb), Centella Asiatica Leaf Extract, Oryza Sativa (Rice) Bran Water, Lotus Flower Extract, Sodium Acetylated Hyaluronate (10pp",hyaluronic-acid;ceramides,,,,,,,,,,,,,open_beauty_facts,false
0769915150100,brightening-texture,Multi-Molecular Hyaluronic Complex (MMHC2),NIOD,,"AQUA (WATER), HYDROLYZED YEAST EXTRACT, GLYCERIN, HYALURONIC ACID, SODIUM HYALURONATE, SODIUM BUTYROYL HYALURONATE, SODIUM HYALURONATE CROSSPOLYMER, HYDROLYZED SODIUM HYALURONATE, DISODIUM ACETYL GLUCOSAMINE PHOSPHATE, TETRADECYL AMINOBUTYROYLVALYLAMINOBUTYRIC UREA TRIFLUOROACETATE, PSEUDOALTEROMONAS EXOPOLYSACCHARIDES, TAMARINDUS INDICA SEED GUM, TREMELLA FUCIFORMIS SPOROCARP EXTRACT, CERATONIA SILIQUA GUM, MYRISTOYL NONAPEPTIDE-3, PLANTAGO LANCEOLATA LEAF EXTRACT, SALVIA SCLAREA EXTRACT, ARGIN",hyaluronic-acid,,,,,,,,,,,,,open_beauty_facts,false
8500033101115,brightening-texture,Tula 24/7 ultra hydrating,Tula,,"Aqua/water/eau, Butyrospermum Parkii (Shea) Butter, Propanediol, Glycerin, Dicaprylyl Carbonate, Jojoba Esters, Camellia Japonica (Camellia) Seed Oil, Lactococcus Ferment Lysate, Glyceryl Stearate, Cetearyl Alcohol, Ammonium Acryloyldimethyltaurate/beheneth-25 Methacrylate Crosspolymer, Myristyl Myristate, Squalane, Polyacrylate Crosspolymer-6, Hyaluronic Acid, Collagen, Hippophae Rhamnoides (Sea-buckthorn) Oil, Argania Spinosa (Argan) Kernel Oil, Linoleic Acid, Linolenic Acid, Hydrolyzed Rice P",hyaluronic-acid,,,,,,,,,,,,,open_beauty_facts,false
7708547315283,brightening-texture,Protector solar invisible,Fauno,,"Aqua (Water), C12-15 Alkyl Benzoate, Butyloctyl Salicylate, Diethylamino Hydroxybenzoyl Hexyl Benzoate, Bis-Ethylhexyloxyphenol Methoxyphenyl Triazine, Ethylhexyl Salicylate, Ethylhexyl Triazone, Lactobacillus Ferment, Phenylbenzimi - dazole Sulfonic Acid, Polyglyceryl-6 Stearate; VP/Eicosene Copolymer, Distarch Phosphate, Sodium Polyacrylate/ Hydrogenated Polydecene/ Trideceth-6, Hyaluronic Acid, Aminomethyl Propanol, Ethylhexylglycerin, Glycerin, Hydroxyacetophenone, Methyl Glucose Sesquistear",hyaluronic-acid,,,,,,,,,,,,,open_beauty_facts,false
0840749000578,brightening-texture,Revitalizing Eye Treatment,Mineral Fusion,,"Mineral Water (Aqua), Aloe Barbadensis (Aloe Vera) Leaf Juice*, Dicaprylyl Carbonate, Glyceryl Stearate, Ethylhexyl Palmitate, Cetearyl Alcohol, Polysorbate-60, N-Hydroxysuccininide, Chrysin, Palmitoyl Tripeptide-1, Palmitoyl Tetrapeptide-7, Palmitoyl Tripeptide-5, Hyaluronic Acid, Hematite Extract, Lavandula Angustifolia (Lavender) Flower Extract*, Dipalmitoyl Hydroxyproline, Panthenol, Butyrospermum Parkii (Shea) Butter*, Arnica Montana Flower Extract*, Ginkgo Biloba Leaf Extract*, Linum Usita",hyaluronic-acid,,,,,,,,,,,,,open_beauty_facts,false
2050001419545,brightening-texture,Bravo mascarilla facial ácido hialurónico,Bravo,,"Aqua, Glycerin, Propanediol, Caprylic/Capric Triglyceride, Palmitoyl Tripeptide-5, Hamamelis Virginiana Leaf Extract, Opuntia Ficus Extract, Calendula Officinalis Flower Extract, Hyaluronic Acid, Potassium Sorbate, Sodium Benzoate, Bisabolol, Panthenol, Parfum, Clay.",hyaluronic-acid,,,,,,,,,,,,,open_beauty_facts,false
0620530540243,brightening-texture,Face wash,Actamec,,"Vitamin c, hyaluronic acid,",hyaluronic-acid,,,,,,,,,,,,,open_beauty_facts,false
0850026256154,brightening-texture,Daily protective serum.,Mad Hippie,,"PURPOSE Zinc Oxide (non-nano): 12.7%..........Sunscreen.   INACTIVE INGREDIENTS: Aloe Barbadensis Leaf Juice, Bentonite, Butyloctyl Salicylate, Caprylhydroxamic Acid, Capryloyl Glycerin/Sebacic Acid Copolymer, Caprylyl Glycol, Carthamus Tinctorius (Safflower) Oleosomes, Cetearyl Alcohol, Citric Acid, Diheptyl Succinate, Glycerin, Glyceryl Caprylate, Glyceryl Stearate Citrate, Hydrolyzed Wheat Protein/PVP Crosspolymer, Mauritia Flexuosa Fruit Oil, Polyglutamic Acid, Pongamia Glabra Seed Oil, Prop",hyaluronic-acid,,,,,,,,,,,,,open_beauty_facts,false
8436567044379,brightening-texture,Candy mousse & candy shampoo,Driza,,"Aqua, Disodium cocoamphodiacetate, Cocamidopropyl
betaine, Ammonium lauryl sulfate, PEG-4 rapeseedamide,
Glycerin,
Acrylates/steareth-20 methacrylate copolymer, Parfum,
Panthenol, Citric acid, Hydrolyzed collagen, PEG-7 glyceryl
Cocoate, Polyquaternium-7, Tetrasodium EDTA, Sodium
chloride, Hydrolyzed wheat gluten, Palyquaternium-10,
Phenoxyethanol, Sodium benzoate, Laminaria digitata
extract, Guar hydroxypropyltrimonium chloride, �ryza
sativa bran oil, Amodimethicone, Quaternium-80, PEG",hyaluronic-acid,,,,,,,,,,,,,open_beauty_facts,false
5060865240558,brightening-texture,Facial Serum Capsules,HEMEIEL,,"Isoctadecane, polydimethylsiloxane, cyclopentamerylsiloxane, cyclohexylsiloxane, octanodecanoglycerol, polydimethylsiloxane rose oil, Hhohho District seed oil, myrrh, water, Vitamin E, propylene glycol, Hyaluronic acid, p-hydroxyacetophenon",hyaluronic-acid,,,,,,,,,,,,,open_beauty_facts,false
0840797176942,brightening-texture,Moisture Shampoo,frenshe,,"Water (Aqua/Eau), Sodium C14-16 Olefin Sulfonate, Cocamidopropyl Betaine, Fragrance (Parfum), Sodium Chloride, Cocamide MIPA, Guar Hydroxypropyltrimonium Chloride, Glycerin, Stearamine Oxide, Sodium Citrate, Polysorbate 20, Polyquaternium-7, Citric Acid, Sodium Benzoate, Isopropanolamine, Sodium Gluconate, Panthenol, Cocos Nucifera (Coconut) Oil, Tocopheryl Acetate, Magnesium Nitrate, Methylchloroisothiazolinone, Decyl Glucoside, Magnesium Chloride, Methylisothiazolinone, Hyaluronic Acid, Sodium",hyaluronic-acid,,,,,,,,,,,,,open_beauty_facts,false
3606000537675,brightening-texture,Hydrating Facial Cleanser,CeraVe,,"Purified Water, Glycerin, Behentrimonium Methosulfate and Cetearyl Alcohol, Ceramide 3, Ceramide 6-11, Ceramide 1, Hyaluronic Acid, Cholesterol, Polyoxyl 40 Stearate, Glyceryl Monostearate, Stearyl Alcohol, Polysorbate 20, Potassium Phosphate, Dipotassium Phosphate, Sodium Lauroyl Lactylate, Cetyl Alcohol, Disodium EDTA, Phytosphingosine, Methylparaben, Propylparaben, Carbomer, Xanthan Gum.",hyaluronic-acid;ceramides,,,,,,,,,,,,,open_beauty_facts,false
0030985004618,brightening-texture,Hydrating Cleanser,Derma E,,"Purified Water, Sodium Methyl Cocoyl Taurate (Coconut Derived), Cocamidopropyl Hydroxysultaine (Coconut Derived), Glyceryl Laurate (Vegetable Derived), Disodium Laureth Sulfosuccinate, Cocamidopropyl Betaine (Coconut Derived), Sodium Hyaluronate (Hyaluronic Acid; Actimoist Bio-1), Panthenol (Provitamin B5), Tocopheryl Acetate (Vitamin E), Retinyl Palmitate (Vitamin A), Cymbopogon Schoenanthus (Lemon Grass) Extract, Equisetum Arvense (Horsetail) Extract, Carica Papaya (Papaya) Fruit Extract, Orga",hyaluronic-acid,,,,,,,,,,,,,open_beauty_facts,false
17281717,brightening-texture,Spartacus,Ariana & Evans,,"Stearic Acid, Beef Tallow, Aqua, Goats Milk, Potassium Hydroxide, Kokum Butter, Shea Butter, Beer, Castor Oil, Sodium Hydroxide, Glycerin, Aloe Juice, Avocado Oil, Apricot Kernel Seed Oil, Lanolin, Agave, Sorbitol, Slippery Elm, Sodium Lactate, Xanthan Gum, Emu Oil, Hyaluronic Acid, Silk Amino Acid, Colloidal Oatmeal, Yogurt, Tussah Silk, Marshmallow Root, Fragrance",hyaluronic-acid,,,,,,,,,,,,,open_beauty_facts,false
0793379245584,brightening-texture,AM Facial Moisturizing Lotion SPF 30,CeraVe,,"Homosalate 12%, Octinoxate 7.5%, Octocrylene 2%, Zinc Oxide 3.5%. Purified Water, Niacinamide, Behentrimonium Methosulfate and Cetearyl Alcohol, Glycerin, Aluminum Starch Octenylsuccinate and Boron Nitride, Dimethicone, Ceramide 3, Ceramide 6-II, Ceramide 1, Cholesterol, Hyaluronic Acid, Phytosphingosine, Hydroxyethylcellulose, Disodium EDTA, Sodium Lauroyl Lactylate, Methylparaben, Propylparaben, Carbomer, Xanthan Gum.",niacinamide;hyaluronic-acid;ceramides,,,,,,,,,,,,,open_beauty_facts,false
0301872484029,brightening-texture,Skin Renewing Night Cream,CeraVe,,"Purified Water, Glycerin, Biosaccharide Gum-1, Caprylic/Capric Triglyceride, Butyrospermum Parkii (Shea Butter), Dimethicone/Vinyl Dimethicone Crosspolymer, Glyceryl Stearate SE, Stearic Acid, Cyclopentasiloxane, Cetyl Alcohol, Dimethicone, Saccharide Isomerate, Glycine Soja (Soybean) Sterols, Ceramide 6 II, Ceramide 3, Ceramide 1, Niacinamide, Hyaluronic Acid, Caprooyl Tetrapeptide-3, Tripeptide-1, Cholesterol, Phenoxyethanol, Cetearyl Alcohol, Carbomer, Behentrimonium Methosulphate, Sodium Hyd",niacinamide;hyaluronic-acid;ceramides,,,,,,,,,,,,,open_beauty_facts,false
8809598451926,brightening-texture,Hydrium Triple Hyaluronic Moisturizing Cleanser,COSRX,,"Water, Glycerin, Stearic Acid, Myristic Acid, Lauric Acid, Potassium Hydroxide, Palmitic Acid, Potassium Cocoyl Glycinate, Coco-Glucoside, Glyceryl Stearate, Fragrance (Parfum), Polyquaternium-7, Acrylates/C10-30 Alkyl Acrylate Crosspolymer, Sodium Cocoyl Isethionate, Arachidic Acid, Disodium EDTA, 1,2-Hexanediol, Oleic Acid, Sodium Benzoate, Quillaja Saponaria Bark Extract, Citric Acid, Butylene Gylcol, Panthenol, Hyaluronic Acid, Ethylhexylglycerin, Hydrolyzed Hyaluronic Acid, Sodium Hyalurona",hyaluronic-acid,,,,,,,,,,,,,open_beauty_facts,false
0787734793087,brightening-texture,Foaming Facial Cleanser,CeraVe,,"Purified Water, Glycerin, Behentrimonium Methosulfate and Cetearyl Alcohol, Ceramide 3, Ceramide 6-II, Ceramide 1, Hyaluronic Acid, Cholesterol, Polyoxyl 40 Stearate, Glyceryl Monostearate, Stearyl Alcohol, Polysorbate 20, Potassium Phosphate, Dipotassium Phosphate, Sodium Lauroyl Lactylate, Cetyl Alcohol, Disodium EDTA, Phytosphingosine, Methylparaben, Propylparaben, Carbomer, Xanthan Gum.",hyaluronic-acid;ceramides,,,,,,,,,,,,,open_beauty_facts,false
0885492857437,brightening-texture,Renewing SA Cleanser,CeraVe,,"Purified Water, Cocamidopropyl Hydroxysultaine, Glycerin, Sodium Lauroyl Sarcosinate, Niacinamide, Gluconolactone, Sodium Methylcocoyl Taurate, PEG-150 Pentaerythrityl Tetrastearate, Salicylic Acid, Ceramide 6-11, Ceramide 3, Ceramide 1, Hyaluronic Acid, Cholesterol Sodium Benzoate, Zea Mays (Corn) Oil, Disodium EDTA, Sodium Lauroyl Lactylate, Cholecalciferol, Phytosphingosine, Xanthan Gum, Carbomer, Sodium Hydroxide.",niacinamide;hyaluronic-acid;ceramides,,,,,,,,,,,,,open_beauty_facts,false
8934681907568,brightening-texture,Aqua Rich Watery Essence SPF50+ PA++++,Bioré,,"Water, Ethylhexyl Methoxycinnamate, Alcohol, Silica, Isopropyl Palmitate, Ethylhexyl Triazone, Dipropylene Glycol, C12-15 Alkyl Benzoate, Diethylamino Hydroxybenzoyl Hexyl Benzoate, Bis-Ethylhexyloxyphenol Methoxyphenyl Triazine, Dextrin Palmitate, Butylene Glycol, Xylitol, Phenoxyethanol, Sorbitan Distearate, Acrylates/C10-30 Alkyl Acrylate Crosspolymer, Glycerin, Propanediol, bahexadecane, Potassium Hydroxide, Cetyl Alcohol, Fragrance, Polysilicone - Steary Beha Glutamic Acid, Polysorbate 60, ",hyaluronic-acid,,,,,,,,,,,,,open_beauty_facts,false
0015594012124,brightening-texture,Pure & Simple,Astroglide,,"Water, Propanediol, Musa Sapientum (Banana) Leaf/Trunk Extract, Algin, Sodium Hyaluronate, Tremella Fuciformis Polysaccharide (RD-19120001)",hyaluronic-acid,,,,,,,,,,,,,open_beauty_facts,false
8859214800287,brightening-texture,AHA BHA Acne Serum,MizuMi,,"Water, Propylene Glycol, Glycerine. Ethoxydiglycol, Sorbitol, Propanediol, Salicylic Acid. Triethanolamine, Sodium PCA, Zinc PCA, Methyl Gluceth-10, PEG-8, Phenoxyethanol. Xanthan Gum, Glycolic Acid, Lactic Acid. Betaine. Zea Mays Kernel Extract, Biosaccharide Gum-1. Sodium Magnesium Silicate, Citric Acid. Ethylhexylglycerin. Aloe Barbadensis Leaf Extract. Hydroxypropyl Guar. Allantoin, Butylene Glycol, Hydroxyethylcellulose. Disodium EDTA, Sodium Hyaluronate, Salix Alba Bark Extract, Sodium Ben",hyaluronic-acid,,,,,,,,,,,,,open_beauty_facts,false
8859214800997,brightening-texture,MizuMi UV Qaua Lock Serum Hybrid Sunscreen SPF50+ PA++++,MizuMi,,"Aqua (Water), Dibutyl Adipate, Diethylamino Hydroxybenzoyl Hexyl Benzoate, Ethylhexyl Salicylate, Phenylbenzimidazole Sulfonic Acid, Diethylhexyl Butamido Triazone, Butylene Glycol, Tromethamine, Methylene Bis-Benzotriazolyl Tetramethylbutylphenol (Nano), Bis-Ethylhexyloxyphenol Methoxyphenyl Triazine, Neopentyl Glycol Diheptanoate, Cetearyl Alcohol, Potassium Cetyl Phosphate, Hydroxyacetophenone, Titanium Dioxide, Ethylhexylglycerin, Propanediol, Glyceryl Stearate, PEG-100 Stearate, Silica, Sod",hyaluronic-acid;ceramides,,,,,,,,,,,,,open_beauty_facts,false
8859214800010,brightening-texture,MizuMi UV Water Serum 100% Mineral Sunscreen SPF50+ PA++++,MizuMi,,"Water, Zinc Oxide, Titanium Dioxide, Isododecane, Butylene Glycol, Propanediol, Cyclopentasiloxane, Dioctyldodeceth-5 Lauroyl Glutamate, Caprylic/ Capric Triglyceride, Ammonium Acryloyldimethyltaurate/VP Copolymer, Caprylhydroxamic Acid, Glyceryl Stearate, Steareth-21, Steareth-2, PEG-100 Stearate, Hydrated Silica, Aluminum Hydroxide, Hydrogen Dimethicone, Polyhydroxystearic Acid, Phenoxyethanol, Methylpropanediol, Stearic Acid, Methyl Gluceth-20, Triethoxycaprylylsilane, Triethanolamine, Carbom",hyaluronic-acid,,,,,,,,,,,,,open_beauty_facts,false
0667554738478,brightening-texture,Ultimate Hydration Body Cream,Hello Beautiful,,"WATER (AQUA, EAU), GLYCERIN, CAPRYLIC/CAPRIC TRIGLYCERIDE, GLYCERYL STEARATE SE, FRAGRANCE (PARFUM), C12-15 ALKYL BENZOATE, CETYL ALCOHOL, ISOHEXADECANE, DIMETHICONE, PALMITIC ACID, STEARIC ACID, TRIETHANOLAMINE, PETROLATUM, PEG-100 STEARATE, ACRYLATES/C10-30 ALKYL ACRYLATE CROSSPOLYMER, DIAZOLIDINYL UREA, DISODIUM EDTA, SODIUM HYALURONATE, SODIUM DEHYDROACETATE, BHT, TOCOPHEROL, THEOBROMA CACAO (COCOA) SEED BUTTER, BUTYROSPERMUM PARKII (SHEA) BUTTER, ALOE BARBADENSIS LEAF EXTRACT, COCOS NUCIFER",hyaluronic-acid,,,,,,,,,,,,,open_beauty_facts,false
4070765001662,brightening-texture,Conditioner Aqua Hyaluron,Balea PROFESSIONAL,,"AQUA, CETEARYL ALCOHOL, STEARAMIDOPROPYL DIMETHYLAMINE, GLYCERIN, LACTIC ACID, SODIUM CETEARYL SULFATE, PARFUM, SODIUM BENZOATE, ALOE BARBADENSIS LEAF JUICE POWDER, POTASSIUM SORBATE, SODIUM HYALURONATE, DISODIUM PHOSPHATE, POTASSIUM PHOSPHATE.",hyaluronic-acid,,,,,,,,,,,,,open_beauty_facts,false
4070765023237,brightening-texture,Handserum Hyaluron,Balea,,"AQUA, GLYCERIN, XANTHAN GUM, UREA, PRUNUS AMYGDALUS DULCIS OIL, PANTHENOL, BENZYL ALCOHOL, COCO-CAPRYLATE/CAPRATE, ISOPROPYL PALMITATE, PARFUM, CARRAGEENAN, BENZIOC ACID, SODIUM HYALURONATE, TRIACETIN, DEHYDROACETIC ACID, SODIUM HYDROXIDE, LINALYL ACETATE, CITRIC ACID, GERANYL ACETATE, ACETYL CEDRENE, AMYL SALICYLATE, PELARGONIUM GRAVEOLENS FLOWER OIL, VANILLIN.",hyaluronic-acid,,,,,,,,,,,,,open_beauty_facts,false
4066447854824,brightening-texture,Augenpads Hydrogel (1 Paar),Balea MEN,,"Ingredients :
AQUA, GLYCERIN, PROPYLENE GLYCOL, XANTHAN GUM, CARRAGEENAN, SODIUM HYALURONATE, SODIUM ACETYLATED HYALURONATE, SODIUM HYALURONATE CROSSPOLYMER, HYDROLYZED SODIUM HYALURONATE, PANTHENOL, 1,2-HEXANEDIOL, HYDROXYACETOPHENONE, HYDROGENATED STARCH HYDROLYSATE, POLYGLYCERYL-10 CAPRYLATE/CAPRATE, PENTYLENE GLYCOL, ETHYLHEXYLGLYCERIN, CAPRYLYL GLYCOL, SILICA, KAOLIN, PARFUM, CI 77289, CI 77007.",hyaluronic-acid,,,,,,,,,,,,,open_beauty_facts,false
0667555840958,brightening-texture,Gingham Love Ultimate Hydration Body Cream,Bath & Body Works,,"WATER (AQUA, EAU), GLYCERIN, CAPRYLIC/CAPRIC TRIGLYCERIDE, GLYCERYL STEARATE SE, FRAGRANCE (PARFUM), ISOHEXADECANE, DIMETHICONE, C12-15 ALKYL BENZOATE, CETYL ALCOHOL, PALMITIC ACID, STEARIC ACID, PEG-100 STEARATE, TRIETHANOLAMINE, PETROLATUM, ACRYLATES/C10-30 ALKYL ACRYLATE CROSSPOLYMER, DIAZOLIDINYL UREA, DISODIUM EDTA, SODIUM HYALURONATE, BHT, SODIUM DEHYDROACETATE, TOCOPHEROL, THEOBROMA CACAO (COCOA) SEED BUTTER, BUTYROSPERMUM PARKII (SHEA) BUTTER, COCOS NUCIFERA (COCONUT) OIL, ALOE BARBADENS",hyaluronic-acid,,,,,,,,,,,,,open_beauty_facts,false
4070765015737,brightening-texture,Gesichtsmaske Q10 Anti-Falten (2x8 ml),Balea MEN,,"AQUA, GLYCERIN, DECYL OLEATE, OCTYLDODECANOL, CETEARYL ALCOHOL, GLYCERYL STEARATE CITRATE, COCOGLYCERIDES, HYDROGENATED VEGETABLE GLYCERIDES, BUTYROSPERMUM PARKII BUTTER, PRUNUS AMYGDALUS DULCIS OIL, ZEA MAYS GERM OIL, TOCOPHERYL ACETATE, COFFEA ROBUSTA SEED EXTRACT, HELIANTHUS ANNUUS SEED OIL, PANTHENOL, CAFFEINE, TOCOPHEROL, SODIUM HYALURONATE, UBIQUINONE, XANTHAN GUM, PARFUM, ETHYLHEXYLGLYCERIN, DISODIUM EDTA, CITRIC ACID, PANTOLACTONE, TRISODIUM EDTA, PHENOXYETHANOL, POTASSIUM SORBATE, ACETY",hyaluronic-acid,,,,,,,,,,,,,open_beauty_facts,false
4070765061673,brightening-texture,"PDRN Power Serum, korean skincare",Balea,,"INGREDIENTS/SASTOJCI/СЪСТАВКИ: AQUA, PROPYLHEPTYL CAPRYLATE, GLYCERIN, BUTYLENE GLYCOL, POLYGLYCERYL 6 STEARATE, SQUALANE, 1,2 - HEXANEDIOL MICROCRYSTALLINE CELLULOSE, XYLITYLGLUCOSIDE, ANHYDROXYLITOL, POLYGLYCERYL-6 BEHENATE, CYANOCOBALAMIN, PHOSPHOLIPIDS, SODIUM HYALURONATE, SPHINGOLIPIDS, SPHINGOBACTERIUM FERMENT EXTRACT, HYDROLYZED DNA, XYLITOL, HELIANTHUS ANNUUS SEED OIL, TOCOPHEROL, P-ANISIC ACID, SODIUM PHYTATE, SODIUM CITRATE, TETRASODIUM GLUTAMATE DIACETATE, CELLULOSE GUM, GELLAN GUM, X",hyaluronic-acid,,,,,,,,,,,,,open_beauty_facts,false
4066447974423,brightening-texture,Lippenmaske Hydrogel Sweet Berry,Balea,,"AQUA, GLYCERIN, PROPYLENE GLYCOL, TREHALOSE, SODIUM HYALURONATE, VACCINIUM ANGUSTIFOLIUM FRUIT EXTRACT, FRAGARIA CHILOENSIS FRUIT EXTRACT, RUBUS IDAEUS FRUIT EXTRACT, PRUNUS AVIUM FRUIT EXTRACT, CHONDRUS CRISPUS POWDER, GLUCOMANNAN, 1,2 - HEXANEDIOL, HYDROXYACETOPHENONE, POLYGLYCERYL-6 CAPRYLATE, GLUCOSE, DIPROPYLENE GLYCOL, PROLINE, BUTYLENE GLYCOL, MALTODEXTRIN, CITRIC ACID, ETHYLHEXYLGLYCERIN, PHENOXYETHANOL, SODIUM BENZOATE, SYNTHETIC FLUORPHLOGOPITE, POTASSIUM CHLORIDE, PARFUM, CI 77491, CI",hyaluronic-acid,,,,,,,,,,,,,open_beauty_facts,false
4070765018851,brightening-texture,Fluid Beauty Expert UV-Protection LSF 50+,Balea,,"AQUA, DIBUTYL ADIPATE, DIETHYLAMINO HYDROXYBENZOYL HEXYL BENZOATE, C12-15 ALKYL BENZOATE, ETHYLHEXYL TRIAZONE, BISETHYLHEXYLOXYPHENOL METHOXYPHENYL TRIAZINE, PHENYLBENZIMIDAZOLE SULFONIC ACID, DICAPRYLYL CARBONATE, GLYCERIN, ARGININE, CELLULOSE, CETYL ALCOHOL, BETA VULGARIS ROOT EXTRACT, FRUCTOOLIGOSACCHARIDES, TOCOPHERYL ACETATE, PANTHENOL, SODIUM HYALURONATE, POTASSIUM LACTATE, CAPRYLYL GLYCOL, LACTIC ACID, POTASSIUM CETYL PHOSPHATE, SODIUM STEAROYL GLUTAMATE, HYDROGENATED PALM GLYCERIDES, XAN",hyaluronic-acid,,,,,,,,,,,,,open_beauty_facts,false
4066447941715,brightening-texture,Tuchmaske Panthenol Ultra Sensitive,Balea med,,"AQUA, PANTHENOL, GLYCERIN, HELIANTHUS ANNUUS SEED OIL, COCO-CAPRYLATE, DICAPRYLYL CARBONATE, POLYGLYCERYL-3 METHYLGLUCOSE DISTEARATE, TOCOPHERYL ACETATE, PHENOXYETHANOL, SODIUM HYALURONATE, TOCOPHEROL, ETHYLHEXYLGLYCERIN, XANTHAN GUM, SCLEROTIUM GUM, PANTOLACTONE, CITRIC ACID.",hyaluronic-acid,,,,,,,,,,,,,open_beauty_facts,false
4066447986365,brightening-texture,Gesichtscreme Gel Aqua,Balea,,"AQUA, GLYCERIN, C12-15 ALKYL BENZOATE, ALCOHOL DENAT., CETYL ALCOHOL, CAPRYLYL CAPRYLATE/CAPRATE, XANTHAN GUM, GLYCERYL STEARATE CITRATE, PHENOXYETHANOL, MYRISTYL ALCOHOL, PANTHENOL, PARFUM, CAPRYLYL GLYCOL, MYRISTYL GLUCOSIDE, SODIUM HYALURONATE, SODIUM BENZOATE, LINALOOL, LIMONENE, CITRUS AURANTIUM PEEL OIL, CITRIC ACID, DIMETHYL PHENETHYL ACETATE, ACETYL CEDRENE, TOCOPHEROL, CI 42090.",hyaluronic-acid,,,,,,,,,,,,,open_beauty_facts,false
4070765003765,brightening-texture,Gesichtscreme Fresh Hyaluron Hydrogel,Balea MEN,,"Aqua, Glycerin, Alcohol Denat., Xanthan Gum, Panthenol, Sodium PCA, Hydroxypropyl Guar, Distarch Phosphate, Sodium Hyaluronate, Menthol, Citric Acid, Parfum, Limonene, Geraniol, Ethylhexylglycerin, Phenoxyethanol, CI 42090.",hyaluronic-acid,,,,,,,,,,,,,open_beauty_facts,false
8809504741653,brightening-texture,torriden dive in serum,torriden,,"Ingredients(50mL & 20mL) Water, Butylene Glycol, Glycerin, Dipropylene Glycol, 1,2-Hexanediol, Polyglyceryl-10 Laurate, Propanediol, Panthenol, Carbomer, Allantoin, Betaine, Tromethamine, Sodium Hyaluronate, Ethylhexylglycerin, Hydrolyzed Hyaluron - ic Acid, Xanthan Gum, Glyceryl Acrylate/Acrylic Acid Copolymer, Malachite Extract, Pentylene Glycol, PVM/MA Copolymer, Sodium Acetylated Hyaluronate, Sodium Hyaluro - nate Crosspolymer, Hydrolyzed Sodium Hyaluronate, Cholesterol, Madecassic Acid, Mad",hyaluronic-acid;ceramides,,,,,,,,,,,,,open_beauty_facts,false
0792850664937,brightening-texture,Hydrating Lip Tint Juicy Guava,Burt's Bees,,"mango butter dimer dilinoleyl esters/dimer dilinoleate copolymer, vegetable oil, ricinus communis (castor) seed oil, beeswax, theobroma grandiflorum seed butter, butyrospermum parkii (shea) butter, simmondsia chinensis (jojoba) seed oil, theobroma cacao (cocoa) seed butter, flavor, dimer dilinoleyl dimer dilinoleate, hydrogenated palm oil, hydrogenated rapeseed oil, ethylhexyl palmitate, diisostearyl dimer dilinoleate, polyhydroxystearate, silica, glycine soja (soybean) oil, trihydroxystearin, i",hyaluronic-acid,,,,,,,,,,,,,open_beauty_facts,false
4066447985429,brightening-texture,Nachtcreme Anti Falten Vital regenerierend,Balea,,"AQUA, C12-15 ALKYL BENZOATE, GLYCERIN, ETHYLHEXYL STEARATE, CAPRYLIC/CAPRIC TRIGLYCERIDE, CETYL ALCOHOL, MYRISTYL MYRISTATE, GLYCERYL STEARATE CITRATE, PANTHENOL, ARGANIA SPINOSA KERNEL OIL, GLYCERYL STEARATE, PHENOXYETHANOL, PARFUM, HYDROXYACETOPHENONE, TOCOPHERYL ACETATE, XANTHAN GUM, SODIUM HYALURONATE, LINALOOL, GERANIOL, HYDROLYZED CUCURBITA PEPO SEEDCAKE, CITRONELLOL, ACETYL CEDRENE, LINALYL ACETATE, BENZYL ALCOHOL, PELARGONIUM GRAVEOLENS FLOWER OIL, ETHYLHEXYLGLYCERIN.",hyaluronic-acid,,,,,,,,,,,,,open_beauty_facts,false
4070765015751,brightening-texture,Gesichtsmaske Creme-Gel Hydro (2x8 ml),Balea MEN,,"AQUA, CETEARYL ALCOHOL, GLYCERIN, HYDROGENATED VEGETABLE GLYCERIDES, COCO-CAPRYLATE-CAPRATE, ALCOHOL DENAT, ZEA MAYS GERM OIL, HELIANTHUS ANNUUS SEED OIL, PANTHENOL, ERYTHRITOL, TOCOPHEROL, SODIUM HYALURONATE, ZINC GLUCONATE, HOMARINE HCL, LACTIC ACID, COPPER GLUCONATE, BUTYROSPERMUM PARKII BUTTER, POTASSIUM CETYL PHOSPHATE, XANTHAN GUM, HYDROGENATED PALM GLYCERIDES, PARFUM, ETHYLHEXYLGLYCERIN, CITRIC ACID, MAGNESIUM ASPARTATE, PANTOLACTONE, PHENOXYETHANOL, SODIUM BENZOATE, POTASSIUM SORBATE, CI",hyaluronic-acid,,,,,,,,,,,,,open_beauty_facts,false
4066447976229,brightening-texture,Gesichtscreme Gel Beauty Hyaluron Hydro Plump,Balea,,"AQUA, C15-19 ALKANE, GLYCERIN, TREHALOSE, XYLITYLGLUCOSIDE, GLYCERYL STEARATE CITRATE, SCLEROTIUM GUM, ANHYDROXYLITOL, GLYCERYL UNDECYLENATE, HYDROGENATED VEGETABLE OIL, SODIUM BENZOATE, XYLITOL, CAESALPINIA SPINOSA GUM, POTASSIUM SORBATE, SODIUM HYALURONATE, MAGNESIUM ASPARTATE, ZINC GLUCONATE, COPPER GLUCONATE, CITRIC ACID, PHENOXYETHANOL, TRISODIUM ETHYLENEDIAMINE DISUCCINATE.",hyaluronic-acid,,,,,,,,,,,,,open_beauty_facts,false
4066447952520,brightening-texture,Gesichtsmaske Vitamin C,Balea,,"AQUA, HELIANTHUS ANNUUS SEED OIL*, GLYCERIN, HYDROGENATED VEGETABLE GLYCERIDES, CETEARYL ALCOHOL, POTASSIUM CETYL PHOSPHATE, 3-O-ETHYL ASCORBIC ACID, PRUNUS ARMENIACA KERNEL OIL, CITRUS AURANTIUM PEEL OIL, PANTHENOL, TOCOPHEROL, SODIUM HYALURONATE, HYDROGENATED PALM GLYCERIDES, XANTHAN GUM, GELLAN GUM, ETHYLHEXYLGLYCERIN, CITRIC ACID, PANTOLACTONE, PHENOXYETHANOL, LIMONENE**, LINALOOL**, PINENE**, TERPINEOL**",vitamin-c;hyaluronic-acid,,,,,,,,,,,,,open_beauty_facts,false
4066447941180,brightening-texture,Fußmaske Socken Urea (1 Paar),Balea,,"AQUA, UREA, GLYCERIN, PROPYLENE GLYCOL, CETEARYL ALCOHOL, BUTYLENE GLYCOL, OLEA EUROPAEA FRUIT OIL, SODIUM HYALURONATE, BUTYROSPERMUM PARKII BUTTER, PERSEA GRATISSIMA OIL, PRUNUS AMYGDALUS DULCIS OIL, ALLANTOIN, SPHINGOLIPIDS, CERAMIDE NP, TOCOPHERYL ACETATE, TRIBEHENIN, CETEARYL GLUCOSIDE, XANTHAN GUM, CAPRYLYL GLYCOL, SQUALANE, SODIUM LACTATE, PANTHENOL, PENTYLENE GLYCOL, CAPRYLIC/CAPRIC TRIGLYCERIDE, ETHYLHEXYLGLYCERIN, PHENOXYETHANOL, PARFUM.",hyaluronic-acid;ceramides,,,,,,,,,,,,,open_beauty_facts,false
4070765001648,brightening-texture,Shampoo Aqua Hyaluron,Balea PROFESSIONAL,,"AQUA, SODIUM LAURETH SULFATE, COCAMIDOPROPYL BETAINE, SODIUM CHLORIDE, PARFUM, SODIUM BENZOATE, CITRIC ACID, COCO-GLUCOSIDE, GLYCERYL OLEATE, HYDROXYPROPYL GUAR HYDROXYPROPYLTRIMONIUM CHLORIDE, ALOE BARBADENSIS LEAF JUICE POWDER, POTASSIUM SORBATE, SODIUM HYALURONATE, TOCOPHEROL, HYDROGENATED PALM GLYCERIDES CITRATE, LECITHIN, ASCORBYL PALMITATE.",hyaluronic-acid,,,,,,,,,,,,,open_beauty_facts,false
4066447870138,brightening-texture,Serum Q10 + Omega,Balea,,"AQUA, GLYCERIN, DIBUTYL ADIPATE, HYDROGENATED COCO-GLYCERIDES, GLYCERYL STEARATE CITRATE, TOCOPHERYL ACETATE, XANTHAN GUM, PANTHENOL, CARTHAMUS TINCTORIUS SEED OIL, BEHENYL ALCOHOL, UBIQUINONE, SODIUM ASCORBYL PHOSPHATE, SODIUM HYALURONATE, HYDROGENATED CASTOR OIL, CERATONIA SILIQUA GUM, PARFUM, HYDROXYACETOPHENONE, PHENOXYETHANOL, LINALOOL.",hyaluronic-acid,,,,,,,,,,,,,open_beauty_facts,false
4066447974133,brightening-texture,Tuschmaske Island Breeze,Balea,,"Aqua, Glycerin, Pentylene Glycol, Propylene Glycol, Xanthan Gum, Cocos Nucifera Oil, Cocos Nucifera Fruit Juice, Sodium Citrate, Tocopherol, Helianthus Annuus Seed Oil, Parfum, Citric Acid, Gardenia Taitensis Flower Extract, Sodium Hyaluronate, Aloe Barbadensis Leaf Juice, Sodium Benzoate, Lactic Acid, Potassium Sorbate",hyaluronic-acid,,,,,,,,,,,,,open_beauty_facts,false
4070765076370,brightening-texture,Gesichtsserum Beauty Longevity,Balea,,"AQUA, HELIANTHUS ANNUUS SEED OIL, MALTODEXTRIN, TOCOPHERYL ACETATE, HAEMATOCOCCUS PLUVIALIS EXTRACT, HELIANTHUS ANNUUS SPROUT EXTRACT, TOCOPHEROL, SODIUM HYALURONATE, XANTHAN GUM, LAURYL GLUCOSIDE, POLYGLYCERYL-6 LAURATE, MICROCRYSTALLINE CELLULOSE, MYRISTYL GLUCOSIDE, CETEARYL ALCOHOL, SIMMONDSIA CHINENSIS SEED OIL, ETHYLHEXYLGLYCERIN, CITRIC ACID, PHENOXYETHANOL",hyaluronic-acid,,,,,,,,,,,,,open_beauty_facts,false
4066447987997,brightening-texture,Hals- und Dekolletépflege Collagen,Balea,,"Aqua [Water], Glycerin, Butyrospermum Parkii (Shea) Butter, Simmondsia Chinensis (Jojoba) Seed Oil, Cetearyl Alcohol, Neopentyl Glycol Diheptanoate, Isononyl Isononanoate, Glyceryl Stearate, Potassium Cetyl Phosphate, Panthenol, Macadamia Integrifolia/Tetraphylla Seed Oil, Tocopheryl Acetate, Caesalpinia Spinosa Fruit Extract, Sodium Hyaluronate, Acacia Seyal Gum Extract, Kappaphycus Alvarezii Extract, Hydroxypropyl Cyclodextrin, Palmitoyl Tripeptide-38, Hydrogenated Palm Glycerides, Dimethicone",hyaluronic-acid,,,,,,,,,,,,,open_beauty_facts,false
4066447892734,brightening-texture,Wimpernserum Teint Perfektion,Balea,,"AQUA, CAESALPINIA SPINOSA GUM, PHENOXYETHANOL, PANTHENOL, HYDROXYACETOPHENONE, GLYCERIN, CAFFEINE, SODIUM LACTATE, ALLANTOIN, BIOTIN, SODIUM HYALURONATE, 1,2-HEXANEDIOL, CAPRYLYL GLYCOL, BENZOIC ACID, MYRISTOYL PENTAPEPTIDE-17, SODIUM BENZOATE, SODIUM HYDROXIDE",hyaluronic-acid,,,,,,,,,,,,,open_beauty_facts,false
4070765058482,brightening-texture,Gesichtsmaske Reiswasser Biozellulose,Balea,,"Aqua, Glycerin, Propylene Glycol, Sodium Hyaluronate, Oryza Sativa Seed Water, Lactobacillus Ferment, Saccharomyces/Rice Ferment Filtrate, 1,2-Hexanediol, Xanthan Gum, Glyceryl Glucoside, Propanediol, Caprylhydroxamic Acid, Tetrasodium Glutamate Diacetate, Sodium Chloride, Sodium Glycolate, Hydroxyacetophenone, Ethylhexylglycerin, Parfum, Hexyl Cinnamal.",hyaluronic-acid,,,,,,,,,,,,,open_beauty_facts,false
4070765026894,brightening-texture,Feuchtigkeitsfiller Aqua Hyaluron,Balea PROFESSIONAL,,"AQUA, PEG-40 HYDROGENATED CASTOR OIL, GLYCERIN, HYDROXYPROPYL GUAR, AMODIMETHICONE, SODIUM BENZOATE, PANTHENOL, HYDROXYPROPYL GUAR HYDROXYPROPYLTRIMONIUM CHLORIDE, HYDROXYPROPYLGLUCONAMIDE, PARFUM, XANTHAN GUM, ALOE BARBADENSIS LEAF JUICE POWDER, LACTIC ACID, HYDROXYPROPYLAMMONIUM GLUCONATE, POTASSIUM SORBATE, CETRIMONIUM CHLORIDE, TRIDECETH-15, TRIDECETH-3, SODIUM HYALURONATE, TARTARIC ACID, ALCOHOL DENAT., BENZYL ALCOHOL, PHENOXYETHANOL, ACETIC ACID",hyaluronic-acid,,,,,,,,,,,,,open_beauty_facts,false
4070765070811,brightening-texture,Tuchmaske Vanilla Pumpkin,Balea,,"AQUA, GLYCERIN, PROPYLENE GLYCOL, SODIUM HYALURONATE, CUCURBITA PEPO SEED EXTRACT, VANILLA PLANIFOLIA FRUIT EXTRACT, 1, 2-HEXANEDIOL, XANTHAN GUM, PROPANEDIOL, GLYCERYL GLUCOSIDE, CAPRYLHYDROXAMIC ACID, TETRASODIUM GLUTAMATE DIACETATE, SODIUM CHLORIDE, SODIUM GLYCOLATE, BIOSACCHARIDE GUM-1, PHENOXYETHANOL, ETHYLHEXYLGLYCERIN, PARFUM, LIMONENE, BENZYL BENZOATE.",hyaluronic-acid,,,,,,,,,,,,,open_beauty_facts,false
4066447973235,brightening-texture,Augenpads Tuch XL Smoothing (1 Paar),Balea,,"AQUA , GLYCERIN , HELIANTHUS ANNUUS SEED OIL , POLY, GLYCERYL-3 METHYLGLUCOSE DISTEARATE , ACACIA SEYAL GUM EXTRACT , DICAPRYLYL CARBONATE , TOCOPHEROL , 1,2,HEXANEDIOL , SODIUM HYALURONATE , PALMITOYL ENTAPEPTIDE-4 , PALMITOYL TRIPEPTIDE-1 , HEXAPEPTIDE-9 , ACETYL HEXAPEPTIDE-8 , COLLAGEN EXTRACT , TRIPEPTIDE-1 , COPPER TRIPEPTIDE-1 , COCO-CAPRYLATE/CAPRATE , PROPYLENE GLYCOL , XANTHAN GUM , SCLEROTIUM GUM , BUTYLENE GLYCOL , POLYGLYCERYL-10 LAURATE , HYDROXYACETOPHENONE , CITRIC ACID , ETHYLHE",hyaluronic-acid,,,,,,,,,,,,,open_beauty_facts,false
4070765061680,brightening-texture,"UV Fluid Ultra Lightweight LSF 50, korean skincare",Balea,,"Aqua, C12-15 Alkyl Benzoate, Glycerin, Dibutyl Adipate, Diisopropyl Sebacate, Diethylamino Hydroxybenzoyl Hexyl Benzoate, Phenethyl Benzoate, Phenylbenzimidazole Sulfonic Acid, Bis-Ethylhexyloxyphenol Methoxyphenyl Triazine, Cetearyl Alcohol, Glyceryl Stearate Citrate, Silica, Arginine, Ethylhexyl Triazone, Panthenol, Tocopheryl Acetate, Lactobacillus/Rice Ferment Filtrate, Oryza Sativa Extract, Propanediol Benzoate, Diethylhexyl Butamido Triazone, Sodium Stearoyl Glutamate, Helianthus Annuus Se",hyaluronic-acid,,,,,,,,,,,,,open_beauty_facts,false
4066447944488,brightening-texture,"Fußmaske Socken, intensive Feuchtigkeitspflege (1 Paar)",Balea,,"AQUA, GLYCERIN, BUTYLENE GLYCOL, ALCOHOL, PHENOXYETHANOL, SODIUM HYALURONATE, CARBOMER, ARGININE, DISODIUM EDTA, PARFUM, ETHYLHEXYLGLYCERIN, ALLANTOIN, TOCOPHEROL, LIMONENE, LINALOOL",hyaluronic-acid,,,,,,,,,,,,,open_beauty_facts,false
4066447974447,brightening-texture,Tuchmaske Sweet Berry bedruckt,Balea,,"INGREDIENTS : AQUA, PROPYLENE GLYCOL, GLYCERIN, 1,2-HEXANEDIOL, SODIUM HYALURONATE, PANTHENOL, ALLANTOIN, BETAINE, RUBUS IDAEUS FRUIT EXTRACT, VACCINIUM MYRTILLUS FRUIT EXTRACT, FRAGARIA VESCA FRUIT EXTRACT, PRUNUS AVIUM FRUIT EXTRACT, POTASSIUM SORBATE, BIOSACCHARIDE GUM-1, PROPANEDIOL, TETRASODIUM GLUTAMATE DIACETATE, XANTHAN GUM, ETHYLHEXYLGLYCERIN, CAPRYLHYDROXAMIC ACID, SODIUM CHLORIDE, SODIUM GLYCOLATE, SODIUM BENZOATE, MALTODEXTRIN, CITRIC ACID, SORBIC ACID, PARFUM",hyaluronic-acid,,,,,,,,,,,,,open_beauty_facts,false
4066447952940,brightening-texture,Hyaluron Konzentrat,Balea,,"DIMETHICONE, DICAPRYLYL ETHER, COCONUT ALKANES, DIMETHICONE CROSSPOLYMER, DIMETHICONOL, PASSIFLORA EDULIS SEED OIL, PISTACIA VERA SEED OIL, TOCOPHERYL ACETATE, FUCUS VESICULOSUS EXTRACT, CAPRYLYL GLYCOL, SODIUM HYALURONATE, TOCOPHEROL, GLYCINE SOJA OIL, PARFUM, BUTYLENE GLYCOL, CAPRYLIC/CAPRIC TRIGLYCERIDE, HEXYLENE GLYCOL, SILICA DIMETHYL SILYLATE, PHENOXYETHANOL, ETHYLHEXYL PALMITATE, DIMETHYL PHENETHYL ACETATE, TERPINEOL, TETRAMETHYL ACETYLOCTAHYDRONAPHTHALENES",hyaluronic-acid,,,,,,,,,,,,,open_beauty_facts,false
4066447953039,brightening-texture,Tagescreme Q10 Hyaluron LSF15,Balea med,,"Aqua, Ethylhexyl Salicylate, Glycerin, Dicaprylyl Carbonate, Ethylhexyl Stearate, Helianthus Annuus Hybrid Oil, C12-15 Alkyl Benzoate, Diethylamino Hydroxybenzoyl Hexyl Benzoate, Phenylbenzimidazole Sulfonic Acid, Behenyl Alcohol, Cetyl Alcohol, Glyceryl Stearate, Bis-Ethylhexyloxyphenol Methoxyphenyl Triazine, Butyrospermum Parkii Butter, Panthenol, Allantoin, Sodium Hyaluronate, Ubiquinone, Pentaerythrityl Distearate, Sodium Stearoyl Glutamate, Ethylhexyl Triazone, Microcrystalline Cellulose, ",hyaluronic-acid,,,,,,,,,,,,,open_beauty_facts,false
0840044714910,brightening-texture,24H Moisture Hydration Lotion Strawberry Dream,eos,,"Water/Eau, Glycerin, Isopropyl Palmitate, Cetyl Ethylhexanoate, Glyceryl Stearate SE, Cetyl Alcohol, Dimethicone, Fragrance/Parfum, Butyrospermum Parkii (Shea) Butter, Butyrospermum Parkii (Shea) Oil, Petrolatum, Mineral Oil (Huile Minerale), Carbomer, Sodium Hydroxide, Phenoxyethanol, Palmitic Acid, Stearic Acid, Disodium EDTA, Sodium Hyaluronate, Tocopheryl Acetate, Citric Acid, Maltodextrin, Vanillin, Benzyl Salicylate, Benzyl Benzoate, BHT, Bergamot Peel Oil, Limonene, Citrus Limon (Lemon) P",hyaluronic-acid,,,,,,,,,,,,,open_beauty_facts,false
4066447974508,brightening-texture,Augenpads Hydrogel Mystic Pumpkin (1 Paar),Balea,,"Aqua, Glycerin, Propylene Glycol, Xanthan Gum, Carrageenan, Sodium Hyaluronate, Ficus Carica Fruit Extract, Cucurbita Pepo Seed Extract, Hydroxyacetophenone, Tin Oxide, 1,2-Hexanediol, Synthetic Fluorphlogopite, Polyglyceryl-10 Caprylate/Caprate, Ethylhexylglycerin, Sodium Benzoate, Caprylyl Glycol, Phenoxyethanol, Potassium Sorbate, Parfum, CI 77491, CI 77891, CI 77499.",hyaluronic-acid,,,,,,,,,,,,,open_beauty_facts,false
4066447974492,brightening-texture,Augenpads Hydrogel Glitzer Mystic Pumpkin (1 Paar),Balea,,"Aqua, Glycerin, Propylene Glycol, Xanthan Gum, Carrageenan, Sodium Hyaluronate, Ficus Carica Fruit Extract, Cucurbita Pepo Seed Extract, Ethylhexylglycerin, Caprylyl Glycol, Potassium Sorbate, Sodium Benzoate, 1,2-Hexanediol, Synthetic Fluorphlogopite, Hydroxyacetophenone, Phenoxyethanol, Polyglyceryl-10 Caprylate/Caprate, Tin Oxide, Parfum, CI 77891, CI 77491, CI 77499, CI 77510.",hyaluronic-acid,,,,,,,,,,,,,open_beauty_facts,false
4070765043808,brightening-texture,Adventskalender 2026 Wrap yourself in self care,Balea,,"BALEA Hydrogel Augenpads Hyaluron und Wolkenblumen-Extrakt (Schneeflocke) – 2 x Sachets INGREDIENTS: AQUA, GLYCERIN, PROPYLENE GLYCOL, XANTHAN GUM, CARRAGEENAN, SODIUM HYALURONATE, LEONTOPODIUM ALPINUM FLOWER/LEAF EXTRACT, XYMPHAEA CAERULEA FLOWER EXTRACT, 1,2-HEXANEDIOL, HYDROXYACETOPHENONE, SYNTHETIC FLUORPHLOGOPITE, POLYGLYCERYL-10 LAURATE, CAPRYLYL/CAPRYL GLUCOSIDE, CAPRYLYL GLYCOL, ETHYLHEXYLGLYCERIN, TIN OXIDE, PHENYLENE GLYCOL, CITRIC ACID, PARFUM, CI 77491, CI 77499. BALEA Hydrogel Augen",hyaluronic-acid,,,,,,,,,,,,,open_beauty_facts,false
4066447974485,brightening-texture,Tuchmaske bedruckt Mystic Pumpkin,Balea,,"Aqua, Propylene Glycol, Glycerin, Sodium Hyaluronate, Panthenol, Allantoin, Ficus Carica Fruit Extract, Cucurbita Pepo Seed Extract, Sodium Chloride, Sodium Glycolate, Sodium Benzoate, 1,2-Hexanediol, Xanthan Gum, Propanediol, Ethylhexylglycerin, Caprylhydroxamic Acid, Tetrasodium Glutamate Diacetate, Biosaccharide Gum-1, Phenoxyethanol, Potassium Sorbate, Parfum, Limonene, Citrus Aurantium Peel Oil.",hyaluronic-acid,,,,,,,,,,,,,open_beauty_facts,false
4070765070989,brightening-texture,Tuchmaske Selfcare Moments,Balea,,"Aqua, Glycerin, Pentylene Glycol, Hydroxyacetophenone, Xanthan Gum, Caprylic/Capric Triglyceride, Sodium Citrate, Citric Acid, Sodium Phytate, Sodium Hyaluronate, Parfum, Albizia Julibrissin Flower Extract",hyaluronic-acid,,,,,,,,,,,,,open_beauty_facts,false
4070765077490,brightening-texture,"Tonerpads Pore Refining, korean skincare",Balea,,"AQUA, PROPANEDIOL, GLYCERIN, GLYCOLIC ACID, RICE FERMENT FILTRATE, CENTELLA ASIATICA EXTRACT, SODIUM HYALURONATE, BETAINE, BACILLUS/SOYBEAN FERMENT EXTRACT, GLUCONOLACTONE, ALLANTOIN, PANTHENOL, ACETYL GLUCOSAMINE, 1,2-HEXANEDIOL, FOLIC ACID, HYDROXYACETOPHENONE, HYDROXYPROPYL METHYLCELLULOSE, BUTYLENE GLYCOL, CAPRYLYL GLYCOL, SODIUM HYDROXIDE, PHENOXYETHANOL.",hyaluronic-acid,,,,,,,,,,,,,open_beauty_facts,false
4066447974515,brightening-texture,Stirnmaske Hydrogel Mystic Pumpkin,Balea,,"Aqua, Glycerin, Propylene Glycol, Xanthan Gum, Carrageenan, Sodium Hyaluronate, Ficus Carica Fruit Extract, Cucurbita Pepo Seed Extract, Ethylhexylglycerin, Caprylyl Glycol, Potassium Sorbate, Sodium Benzoate, 1,2-Hexanediol, Synthetic Fluorphlogopite, Hydroxyacetophenone, Phenoxyethanol, Polyglyceryl-10 Caprylate/Caprate, Tin Oxide, Parfum, CI 77891, CI 77491, CI 77499, CI 77510.",hyaluronic-acid,,,,,,,,,,,,,open_beauty_facts,false
4066447985399,brightening-texture,Gesichtscreme Hyaluron Beauty LSF 15,Balea,,"AQUA, GLYCERIN, ETHYLHEXYL SALICYLATE, C12-15 ALKYL BENZOATE, BUTYL METHOXYDIBENZOYLMETHANE, DIBUTYL ADIPATE, POLYGLYCERYL-6 STEARATE, TOCOPHERYL ACETATE, CETEARYL ISONONANOATE, CETYL ALCOHOL, MYRISTYL MYRISTATE, PHENYLBENZIMIDAZOLE SULFONIC ACID, GLYCERYL STEARATE, PHENOXYETHANOL, BIS_ETHYLHEXYLOXYPHENOL METHOXYPHENYL TRIAZINE, ETHYLHEXYL TRIAZONE, HYDROXYACETOPHENONE, XANTHAN GUM, PARFUM, SODIUM HYDROXIDE, POLYGLYCERYL_6 BEHENATE, SODIUM HYALURONATE, HYDROLYZED SODIUM HYALURONATE, DISODIUM EDT",hyaluronic-acid,,,,,,,,,,,,,open_beauty_facts,false
4066447968354,brightening-texture,Handschuhmaske Urea (1 Paar),Balea,,"AQUA, GLYCERIN, PANTHENOL, UREA, DICAPRYLYL CARBONATE, POLYGLYCERYL-3 METHYLGLUCOSE DISTEARATE, SODIUM LACTATE, CETYL ETHYLHEXANOATE, HELIANTHUS ANNUUS SEED OIL, TOCOPHERYL ACETATE, PHENOXYETHANOL, XANTHAN GUM, PARFUM, ETHYLHEXYLGLYCERIN, SPHINGOMONAS FERMENT EXTRACT, LACTIC ACID, SODIUM HYALURONATE, SODIUM GLUCONATE.",hyaluronic-acid,,,,,,,,,,,,,open_beauty_facts,false
4070765029529,brightening-texture,Gesichtscreme Beauty Expert NMF Base,Balea,,"AQUA, GLYCERIN, HYDROGENATED VEGETABLE GLYCERIDES, CETEARYL ALCOHOL, METHYL GLUCOSE SESQUISTEARATE, COCO - CAPRYLATE/CAPRATE, HELIANTHUS ANNUUS SEED OIL, PANTHENOL, LACTIC ACID, PRUNUS ARMENIACA KERNEL OIL, SIMMONDSIA CHINENSIS SEED OIL, SODIUM PCA, SQUALANE, ARGININE, UREA, PENTYLENE GLYCOL, TOCOPHEROL, SODIUM HYALURONATE, TRIETHYL CITRATE, SPHINGOLIPIDS, CERAMIDE NP, CERAMIDE AP, CHOLESTEROL, PHYTOSPHINGOSINE, P-ANISIC ACID, CERAMIDE EOP, MICROCRYSTALLINE CELLULOSE, CELLULOSE GUM, SCLEROTIUM G",hyaluronic-acid;ceramides,,,,,,,,,,,,,open_beauty_facts,false
4070765088076,brightening-texture,Tuchmaske Retinol,Balea,,"Aqua, Pentylene Glycol, Glycerin, Retinyl Acetate, Squalane, Tocopherol, Ceramide NP, Hydrogenated Phosphatidylcholine, Butyrospermum Parkii Butter, Sodium Hyaluronate, Xanthan Gum, Helianthus Annuus Seed Oil, Citric Acid, Sodium Stearoyl Glutamate, Caprylic/Capric Triglyceride, Parfum",hyaluronic-acid;ceramides,,,,,,,,,,,,,open_beauty_facts,false
4066447946031,brightening-texture,Fußmaske Socken you have a heart of gold (1 Paar),Balea,,"AQUA, GLYCERIN, CETEARYL OLIVATE, OLEA EUROPAEA FRUIT OIL, SQUALANE, BUTYROSPERMUM PARKII BUTTER, SODIUM HYALURONATE, JASMINUM SAMBAC FLOWER WATER, PERSEA GRATISSIMA OIL, PRUNUS AMYGDALUS DULCIS OIL, ARGANIA SPINOSA KERNEL OIL, RUBUS IDAEUS FRUIT EXTRACT, FRAGARIA VESCA FRUIT EXTRACT, COCOS NUCIFERA OIL, MACADAMIA TERNIFOLIA SEED OIL, VANILLA PLANIFOLIA FRUIT EXTRACT, TOCOPHERYL ACETATE, ALLANTOIN, SORBITAN OLIVATE, CETEARYL ALCOHOL, HYDROLYZED SCLEROTIUM GUM, CAPRYLYL GLYCOL, ETHYLHEXYLGLYCERIN",hyaluronic-acid,,,,,,,,,,,,,open_beauty_facts,false
4066447952384,brightening-texture,Augenpads Hydrogel Holo (1 Paar),Balea,,"AQUA, GLYCERIN, PROPYLENE GLYCOL, XANTHAN GUM, HYLOCEREUS UNDATUS FRUIT EXTRACT, CAFFEINE, SODIUM HYALURONATE, 3-O - ETHYL ASCORBIC ACID, CARRAGEENAN, 1,2-HEXANEDIOL, HYDROXYACETOPHENONE, POLYGLYCERYL-10 CAPRYLATE/CAPRATE, CAPRYLYL GLYCOL, DIPROPYLENE GLYCOL, CYCLODEXTRIN, CALCIUM ALUMINUM BOROSILICATE, ETHYLHEXYLGLYCERIN, TIN OXIDE, PARFUM, BENZYL BENZOATE, BENZYL ALCOHOL, CI 77891",vitamin-c;hyaluronic-acid,,,,,,,,,,,,,open_beauty_facts,false
0850039766381,brightening-texture,Cream Moisturizer,Curology,,"Water, Caprylic/Capric Triglyceride, Cetearyl Alcohol, Cetyl Alcohol, Aloe Barbadensis Leaf Juice, Squalane, Glycerin, Dimethicone, Hydroxyethyl Acrylate/Sodium Acryloyldimethyl Taurate Copolymer, Limnanthes Alba (Meadowfoam) Seed Oil, Butyrospermum Parkii (Shea) Butter, Sodium Hyaluronate, Cetearyl Olivate, Sorbitan Olivate, Argania Spinosa Kernel Oil, Sodium PCA, Allantoin, Isohexadecane, Cetearyl Glucoside, Polysorbate 60, Phenoxyethanol, Ethylhexylglycerin, Citric Acid, Sodium Hydroxide",hyaluronic-acid,,,,,,,,,,,,,open_beauty_facts,false
3800237760404,brightening-texture,Ultra Moisturizing Gel Eye Mask,NL Beauty,,"AQUA, GLYCERIN, BUTYLENE GLYCOL, BETAINE, CHONDRUS CRISPUS POWDER, TREHALOSE, HYDROXYACETOPHENONE, HEXANEDIOL, ARGININE, SODIUM HYALURONATE, HYDROLYZED COLLAGEN, PENTYLENE GLYCOL, ETHYLHEXYLGLYCERIN, PHENOXYETHANOL, HYDROXYETHYLCELLULOSE, CITRUS AURANTIUM DULCIS (ORANGE) FRUIT EXTRACT, CITRUS LIMON (LEMON) FRUIT EXTRACT, CAMELLIA SINENSIS LEAF EXTRACT, CHAMOMILLA RECUTITA (MATRICARIA) FLOWER EXTRACT, CITRUS PARADISI (GRAPEFRUIT) FRUIT EXTRACT, ROSA CENTIFOLIA FLOWER EXTRACT, ALOE BARBADENSIS LEA",hyaluronic-acid,,,,,,,,,,,,,open_beauty_facts,false
4070765000894,brightening-texture,Augen Roll-On Aqua,Balea,,"AQUA, GLYCERIN,CETEARYL ALCOHOL, COCO-CAPRYLATE, PRUNUS AMYGDALUS DULCIS OIL, TOCOPHERYL ACETATE, SODIUM HYALURONATE, MACROCYSTIS PYRIFERA EXTRACT, PANTHENOL, TOCOPHEROL, PHENOXYETHANOL, XANTHAN GUM, HYDROGENATED VEGETABLE GLYCERIDES, POTASSIUM CETYL PHOSPHATE, HYDROGENATED PALM GLYCERIDES, ETHYLHEXYLGLYCERIN, HELIANTHUS ANNUUS SEED OIL, CITRIC ACID, BIOSACCHARIDE GUM-1, PANTOLACTONE, POTASSIUM SORBATE, SODIUM BENZOATE.",hyaluronic-acid,,,,,,,,,,,,,open_beauty_facts,false
4066447988000,brightening-texture,Serum Feuchtigkeit Aqua,Balea,,"Aqua [Water], Glycerin, Pentylene Glycol, Xylitylglucoside, Panthenol, Camellia Oleifera Seed Oil, Sodium Hyaluronate, Anhydroxylitol, Xylitol, Sodium Dilauramidoglutamide Lysine, Tocopheryl Acetate, Tocopherol, Acacia Senegal Gum, Sclerotium Gum, Xanthan Gum, Pantolactone, Citric Acid, Sodium Hydroxide, Ethylhexylglycerin, Phenoxyethanol, Tetramethyl Acetyloctahydronaphthalenes, Geranyl Acetate, Parfum [Fragrance]",hyaluronic-acid,,,,,,,,,,,,,open_beauty_facts,false
4895248009481,brightening-texture,Body Peaches & Cream Moisture Body Wash,MONDAY,,"Aqua (Water), Cocamidopropyl Betaine, Sodium Cocoyl Isethionate, Sodium Cocoyl Glycinate, Glycerin, Sodium Hydroxypropyl Starch Phosphate, Persea Gratissima (Avocado) Oil, Cocos Nucifera (Coconut) Oil, Butyrospermum Parkii (Shea) Butter, Citrus Paradisi (Grapefruit) Fruit Extract, Sodium Hyaluronate, Glycol Distearate, Sodium Chloride, Coco-Glucoside, Cetearyl Alcohol, Sodium Benzoate, Acrylates/C10-30 Alkyl Acrylate Crosspolymer, Hydroxyacetophenone, Caprylyl Glycol, Lauric Acid, Sodium Hydroxi",hyaluronic-acid,,,,,,,,,,,,,open_beauty_facts,false
4066447946383,brightening-texture,Augenpads Hydrogel Kaktuswasser,Balea,,"AQUA, GLYCERIN, PROPYLENE GLYCOL, XANTHAN GUM, CARRAGEENAN, SODIUM HYALURONATE, OPUNTIA FICUS-INDICA STEM WATER, CAFFEINE, 1,2-HEXANEDIOL, CYCLODEXTRIN, HYDROXYACETOPHENONE, POLYGLYCERYL-10 CAPRYLATE/CAPRATE, CAPRYLYL GLYCOL, ETHYLHEXYLGLYCERIN, TIN OXIDE, SYNTHETIC FLUORPHLOGOPITE, CITRIC ACID, PARFUM, CI 77891, CI 77510",hyaluronic-acid,,,,,,,,,,,,,open_beauty_facts,false
4066447522099,brightening-texture,Tuchmaske Vitamin C,Balea,,"AQUA, GLYCERIN, PROPANEDIOL, PENTYLENE GLYCOL, BETAINE, PHENOXYETHANOL, ASCORBYL GLUCOSIDE, CARBOMER, SODIUM HYALURONATE, XANTHAN GUM, SODIUM HYDROXIDE, PARFUM, ETHYLHEXYLGLYCERIN, CITRIC ACID, SODIUM BENZOATE, POTASSIUM SORBATE, LIMONENE, LINALOOL",hyaluronic-acid,,,,,,,,,,,,,open_beauty_facts,false
8809525936298,brightening-texture,I’m From Mugwort Essence,"I’m From, Lab & Company Inc.",,"Water, Artemisia Princeps Extract, Butylene Glycol, Glycerin, 1,2-Hexanediol, Sodium Hyaluronate, Ethyl hexylglycerin, Propanediol, Polyglyceryl-10 Laurate",hyaluronic-acid,,,,,,,,,,,,,open_beauty_facts,false
3760359082856,brightening-texture,Recharge crème hydratante soif de peau,Unbottled,,"AQUA (WATER), C15-19 ALKANE, GLYCERIN, BUTYROSPERMUM PARKII (SHEA) BUTTER, C10-18 TRIGLYCERIDES, CETEARYL ALCOHOL, GLYCERYL STEARATE, 1,2-HEXANEDIOL, HYDROXYACETOPHENONE, SODIUM CETEARYL SULFATE, PARFUM (FRAGRANCE), HELIANTHUS ANNUUS (SUNFLOWER) SEED OIL, GLYCINE SOJA (SOYBEAN) OIL, TOCOPHEROL, SODIUM HYALURONATE, XANTHAN GUM, CUCUMIS MELO (MELON) FRUIT EXTRACT, DISODIUM PHOSPHATE, LUPINUS ALBUS SEED EXTRACT, CITRIC ACID, POTASSIUM PHOSPHATE, LITHOSPERMUM ERYTHRORHIZON ROOT EXTRACT, SODIUM BENZO",hyaluronic-acid,,,,,,,,,,,,,open_beauty_facts,false
0081555969837,brightening-texture,PRO.conceal,L.A. Girl,,"Ingredients/Ingredients: Water (Aqua), Cyclopentasiloxane, Beeswax (Cera Alba), Stearyl Dimethicone, Isododecane, Cetyl Ethylhexanoate, Microcrystalline Wax (Cera Microcristal - lina), Cetyl PEG/PPG-10/1 Dimethicone. Glyceryl Laurate, Polyglyceryl-4 Oleate, Mica, Dis - teardimonium Hectorite, Phenoxyethanol, Methylparaben, Ethylparaben, Butylparaben, Propylparaben, Isobutylparaben, Tocopheryl Acetate, Ascorbyl Palmitale, Propylene Glycol, Chamomilla Recutita Extract. Propylene Carbonate, Sodium ",hyaluronic-acid,,,,,,,,,,,,,open_beauty_facts,false
8050999571137,brightening-texture,Vitalità Lime Bagnodoccia,Dermo med,,"Aqua [Water], Sodium laureth sulfate, Sodium chloride, Glycerin, Cocamidopropyl betaine, Citrus aurantifolia (Lime) fruit extract, Sodium cocoamphoacetate, Hydroxypropyl guar hydroxypropyltrimonium chloride, Lactic acid, Citric acid, Sodium benzoate, Potassium sorbate, Tetrasodium glutamate diacetate, C12-13 alkyl lactate, Sodium hyaluronate, Parfum [Fragrance], Linalyl acetate, Linalool, Hexyl cinnamal, Limonene, Tetramethyl acetyloctahydronaphthalenes, Citrus aurantium peel oil, Hexamethylinda",hyaluronic-acid,,,,,,,,,,,,,open_beauty_facts,false
5901887002512,brightening-texture,Pro Sebo-Control Gel,Ziaja,,"Aqua (Water), Cocamidopropyl Betaine, Sodium Cocoamphoacetate, Sodium Laureth Sulfate, Glycerin, Propylene Glycol, Salvia Officinalis (Sage) Extract, PEG-6 Caprylic/Capric Glycerides, Cocos Nucifera (Coconut) Oil, Panthenol, Butylene Glycol, PEG-40 Almond Glycerides, Olea Europaea (Olive) Oil, Sodium Hyaluronate, Citric Acid, Olea Europaea (Olive) Leaf Extract, Sodium Chloride, Sodium Benzoate, Parfum (Fragrance), Linalool, Geraniol, Citric Acid.",hyaluronic-acid,,,,,,,,,,,,,open_beauty_facts,false
3606000620988,brightening-texture,Intensive Moisturizing Lotion,CeraVe,,"Aqua/Water/Eau, Glycerin, Butyrospermum Parkii Butter/Shea Butter, Hydroxyethyl Urea, Isopropyl Palmitate, Propanediol, Cetearyl Alcohol, Octyldodecanol, C15-19 Alkane, Glycine, Stearic Acid, Ceramide NP, Ceramide AP, Ceramide EOP, Sorbitan Tristearate, Sorbitan Oleate, Carbomer, Glyceryl Stearate, Dimethicone, Behenetrimonium Methosulfate, Triethyl Citrate, Isohexadecane, Sodium PCA, Serine, Sodium Lauroyl Lactylate, Sodium Hydroxide, Myristic Acid, Sodium Hyaluronate, Cholesterol, Palmitic Aci",hyaluronic-acid;ceramides,,,,,,,,,,,,,open_beauty_facts,false
4066447987973,brightening-texture,Gesichtsserum Hyaluron 7-fach,Balea,,"Aqua, Glycerin, Pentylene Glycol, SD Alcohol 40-B, Betaine, Xylitylglucoside, Anhydroxylitol, Pisum Sativum Extract, Hydrolyzed Hyaluronic Acid, Hydrolyzed Sodium Hyaluronate, Sodium Hyaluronate, Polyglyceryl-10 Laurate, Xylitol, Xanthan Gum, Heptyl Glucoside, Sodium Citrate, Citric Acid, Sodium Hydroxide, Ethylhexylglycerin, Phenoxyethanol, Parfum",hyaluronic-acid,,,,,,,,,,,,,open_beauty_facts,false
4066447952360,brightening-texture,Augenpads Hydrogel Glitzer,Balea,,"AQUA, GLYCERIN, PROPYLENE GLYCOL, XANTHAN GUM, CARRAGEENAN, CAFFEINE, SODIUM HYALURONATE, MAGNOLIA SIEBOLDII EXTRACT, TOCOPHEROL, CYCLODEXTRIN, 1,2-HEXANEDIOL, HYDROXYACETOPHENONE, POLYGLYCERYL-10 CAPRYLATE/CAPRATE, CAPRYLYL GLYCOL, BUTYLENE GLYCOL, ETHYLHEXYLGLYCERIN, SYNTHETIC FLUORPHLOGOPITE, TIN OXIDE, PARFUM, CI 77891, CI 77491, BENZYL BENZOATE, BENZYL ALCOHOL.",hyaluronic-acid,,,,,,,,,,,,,open_beauty_facts,false
4066447987980,brightening-texture,Ampullen Hyaluron Lifting-Kur,Balea,,"Aqua, Methylpropanediol, Glycerin, Alpinia Galanga Extract, Caesalpinia Spinosa Fruit Extract, Tripleurospermum Maritimum Extract, Kappaphycus Alvarezii Extract, Hydrolyzed Hyaluronic Acid, Hydrolyzed Sodium Hyaluronate, Sodium Hyaluronate, Caprylic/Capric Triglyceride, Polyglyceryl-10 Laurate, Caprylyl/Capryl Glucoside, Xanthan Gum, Carrageenan, Butylene Glycol, Pentylene Glycol, Citric Acid, Sodium Hydroxide, Ethylhexylglycerin, Phenoxyethanol, Sorbic Acid, Linalyl Acetate, Parfum",hyaluronic-acid,,,,,,,,,,,,,open_beauty_facts,false
8437018443420,brightening-texture,RF Facial Cream,Masderm,,"Aqua, Paraffinum Liquidum, Glyceryl Stearate, Glycerin, PEG-100 Stearate, Centella Asiatica Leaf Extract, Soluble Collagen, Sodium Hyaluronate, Astrocaryum Murumuru Seed Butter, Bidens Pilosa Extract, Gossypium Herbaceum Seed Oil, Linum Usitatissimum Seed Oil, Tocopherol, Laureth-7, C13-14 Isoalkane, Polyacrylamide, Dimethicone, Carbomer, Sodium Chloride, Triethanolamine, Citric Acid, Sodium Citrate, Parfum, Limonene, Linalool, Citrus Aurantium Bergamia Oil, Citrus Limon Peel Oil, Linalyl Acetat",hyaluronic-acid,,,,,,,,,,,,,open_beauty_facts,false
8809694627232,brightening-texture,Cell Fusion C Aquatica Cooling Sunscreen SPf50+,"CMS Lab Inc., Cell Fusion C",,"Water, Dibutyl Adipate, Alcohol Denat, Butyloctyl Salicylate, Silica, Dipropylene Glycol, Ethyl hexyl Triazone, Bis-Ethylhexylo xyphenol Methoxyphenyl Tria zine Octocrylene, Propanediol Niacinamide, Erythritol, Tereph thalylidene Dicamphor Sulfonic Acid, Pentylene Glycol, Methyl propanediol, Tromethamine, Sphingomonas Ferment Extract, Saccharomyces Ferment FiItrate, Rosmarinus Officinalis (Rosemary) Leaf Water, Centel la Asiatica Extract, Tremella Fu ciformis (Mushroom) Extract Camellia Sinensis",niacinamide;hyaluronic-acid,,,,,,,,,,,,,open_beauty_facts,false
8800312067713,brightening-texture,Numbuzin zero blemish oil-free micellar Cleansing Jelly,"Benow Inc., Numbuzin",,"Centella Asiatica Leaf Water, Water, Dipropylene Gly col, PEG-6 Caprylic/Capric Glycerides, Butylene Glycol, 1,2-Hexa nediol, Carbomer, Poloxamer 184, Polyglyceryl-4 Caprate, Cente lla Asiatica Extract, Arginine, Caprylyl Glycol, Pentylene Glycol, Hydroxyacetophenone, Panthenol, Allantoin, Ethylhexylglycerin, Sodium Phytate, Sodium Hyaluronate, Ectoin, Beta-Glucan, Mad ecassoside, Madecassic Acid, Asiaticoside, Asiatic Acid, Cynanc hum Atratum Extract, Glycine, Serine, Glutamic Acid, Aspartic Ac",hyaluronic-acid,,,,,,,,,,,,,open_beauty_facts,false
7891010255725,brightening-texture,Hydro Boost,Neutrogena,,"Aqua/água purificada, Dimethicone/dimeticona, Glyce.in/glicerol, Dimethicone/Vinyl Dimethicone Crosspolymer/crospolímero de dimeticona/vinil dimeticona Phenoxyethanol/fenoxietanol, Polyacrylamide/poliacrilamida, Cetearyl Olivate/olivato de cetearila, Dimethiconol/dimeticonol, Sorbitan Olivate/olivato de sorbitana, C13-14 Isoparaffin/isoparafina C13-14, Dimethicone Crosspolymer/crospolímero de dimeticona, Chlorphenesin/clorfenesina, Carbomer/carbômer, Sodium Hyaluronate/hialuronato de sódio, Laur",hyaluronic-acid,,,,,,,,,,,,,open_beauty_facts,false
1789151994845,brightening-texture,Silk elixir,BE,,"AQUA, CAPRYLIC/CAPRIC TRIGLYCERIDE, COCO-CAPRYLATE, DICAPRYLYL ETHER, POLYGLYCERYL-6 STEARATE, OLUS OIL, ETHYL OLEATE, SODIUM STEAROYL GLUTAMATE, ALLANTOIN, SODIUM HYALURONATE, BIOSACCHARIDE GUM-1, lievito EXTRACT, ETHYL STEARATE, CETEARYL ALCOHOL, GLYCERYL STEARATE, AGAROSE, POLYGLYCERYL-6 BEHENATE, PHENYLPROPANOL, XANTHAN GUM, ETHYLHEXYLGLYCERIN, 1,2-HEXANEDIOL, PHENOXYETHANOL, SODIUM PHYTATE, TETRAMETHYL ACETYLOCTAHYDRONAPHTHALENES, HEXAMETHYLINDANOPYRAN, LINALOOL, LINALYL ACETATE, ACETYL CED",hyaluronic-acid,,,,,,,,,,,,,open_beauty_facts,false
1789066855725,brightening-texture,Silk elixir,BE,,"AQUA, CAPRYLIC/CAPRIC TRIGLYCERIDE, COCO-CAPRYLATE, DICAPRYLYL ETHER, POLYGLYCERYL-6 STEARATE, OLUS OIL, ETHYL OLEATE, SODIUM STEAROYL GLUTAMATE, ALLANTOIN, SODIUM HYALURONATE, BIOSACCHARIDE GUM-1, lievito EXTRACT, ETHYL STEARATE, CETEARYL ALCOHOL, GLYCERYL STEARATE, AGAROSE, POLYGLYCERYL-6 BEHENATE, PHENYLPROPANOL, XANTHAN GUM, ETHYLHEXYLGLYCERIN, 1,2-HEXANEDIOL, PHENOXYETHANOL, SODIUM PHYTATE, TETRAMETHYL ACETYLOCTAHYDRONAPHTHALENES, HEXAMETHYLINDANOPYRAN, LINALOOL, LINALYL ACETATE, ACETYL CED",hyaluronic-acid,,,,,,,,,,,,,open_beauty_facts,false
3474637059057,brightening-texture,Anti-frizz antioxidant thermic serum,Kérastase,,"WATER, AMODIMETHICONE, PEG-40 HYDROGENATED CASTOR OIL, TRIDECETH-5, POLYQUATERNIUM-37,  PHENOXYETHANOL, PROPYLENE GLYCOL DICAPRYLATE/DICAPRATE, GLYCERIN, TOCOPHEROL, ARGININE, PHENYL TRIMETHICONE, TRIDECETH-10, LACTIC ACID,  PPG-1 TRIDECETH-6, CHLORHEXIDINE DIGLUCONATE, SORBITAN OLEATE, ACETIC ACID, QUATERNIUM-87, SODIUM HYALURONATE, CENTELLA ASIATICA EXTRACT, TARTARIC ACID, LINALOOL, PROPYLENE GLYCOL, LIMONENE GERANIOL, HYDROXYCITRONELLAL, PARFUM/FRAGRANCE.",hyaluronic-acid,,,,,,,,,,,,,open_beauty_facts,false
3760378510958,brightening-texture,Cloud Fusion,Les Secrets de Loly,,"AQUA, GLYCERIN, COCO-GLUCOSIDE, HYDROLYZED CICER SEED EXTRACT, HYDROLYZED CORN STARCH, PULLULAN, LINUM USITATISSIMUM SEED EXTRACT, POLYGLYCERYL-4 CAPRATE, POLYGLYCERYL-6 CAPRYLATE, XANTHAN GUM, CITRIC ACID, PARFUM, SALVIA HISPANICA SEED EXTRACT, SODIUM BENZOATE, FRUCTOSE, LIMONENE, POTASSIUM SORBATE, BENZYL ALCOHOL, PENTYLENE GLYCOL, CITRUS AURANTIUM PEEL OIL, LINALOOL, SODIUM CITRATE, CITRONELLOL, PINENE, CAPRYLIC ACID, XYLITOL, BETA-CARYOPHYLLENE, SODIUM HYALURONATE, JUNIPERUS VIRGINIANA OIL, ",hyaluronic-acid,,,,,,,,,,,,,open_beauty_facts,false
3337875597210,brightening-texture,Daily Moisturizing Lotion,CeraVe,,"AQUA/WATER, GLYCERIN, CAPRYLIC/CAPRIC TRIGLYCERIDE, CETEARYL ALCOHOL, CETYL ALCOHOL, DIMETHICONE, PHENOXYETHANOL, POLYSORBATE 20, CETEARETH-20, BEHENTRIMONIUM METHOSULFATE, POLYGLYCERYL-3 DIISOSTEARATE, SODIUM LAUROYL LACTYLATE, ETHYLHEXYLGLYCERIN, POTASSIUM PHOSPHATE, DISODIUM EDTA, DIPOTASSIUM PHOSPHATE, CERAMIDE NP, CERAMIDE AP, PHYTO SPHINGOSINE, CHOLESTEROL, XANTHAN GUM, CARBOMER, SODIUM HYALURONATE, TOCOPHEROL, CERAMIDE EOP.",hyaluronic-acid;ceramides,,,,,,,,,,,,,open_beauty_facts,false
0850006198665,brightening-texture,Just A Tint 3-IN-1 Tinted Moisturizer,TLB The Lip Bar,,"Water (Aqua), Isododecane, Butylene Glycol, Polyglyceryl-4 Isostearate, Cetyl PEG/PPG-10/1 Dimethicone, Hexyl Laurate, Dimethicone, Glycerin, Cetyl Dimethicone, Disteardimonium Hectorite, Propylene Carbonate, Phenoxyethanol, Caprylyl Glycol, Tocopheryl Acetate, Sodium Hyaluronate, Triethoxycaprylylsilane, Iron Oxides (CI 77491, CI 77492, CI 77499), Titanium Dioxide (CI 77891), Tin Oxide (CI 77861), Mica",hyaluronic-acid,,,,,,,,,,,,,open_beauty_facts,false
4005900573285,brightening-texture,NIVEA Voedende dagcrème spf15 droge huid,NIVEA,,"Ingredients: Aqua, Glycerin, Ethylhexyl Salicylate, C12-15 Alkyl Benzoate, Methylpropanediol, Cetearyl Alcohol, Butyl Methoxydibenzoylmethane, Caprylic/ Capric Triglyceride, Glyceryl Stearate, Glyceryl Stearate Citrate, Hydroxypropyl Starch Phosphate, Butyrospermum Parkii Butter, Phenylbenzimidazole Sulfonic Acid, Argania Spinosa Kernel Oil, Sodium Hyaluronate, Xanthan Gum, Bis-Ethylhexyloxyphenol Methoxyphenyl Triazine, Trisodium EDTA, Ethylhexylglycerin, Caprylyl Glycol, Sodium Hydroxide, Phen",hyaluronic-acid,,,,,,,,,,,,,open_beauty_facts,false
4067796248647,brightening-texture,Anti-Pickel Patches,Balea,,"Acrylates Copolymer, Vinyl Caprolactam/VP/Dimethylaminoethyl Methacrylate Copolymer, Butylene Glycol, Melaleuca Alternifolia Leaf Oil, Caprylyl Glycol, Allantoin, Vitis Vinifera Seed Extract, Limonene, Sodium Hyaluronate, Phytosphingosine, Linalool",hyaluronic-acid,,,,,,,,,,,,,open_beauty_facts,false
0813941021320,brightening-texture,Intensive Hydrating Foot Mask,epielle,,"Water, Butylene Glycol, Cetyl Ethylhexanoate, Glycerin, Cetearyl Alcohol, Glyceryl Stearate, Polysorbate 60, Palmitic Acid, Stearic Acid, PEG-100 Stearate, Sorbitan Stearate, Phenoxyethanol, 1,2-Hexanediol, Carbomer, Caprylyl Glycol, Potassium Hydroxide, Illicium Verum (Anise) Fruit Extract, Disodium EDTA, Myristic Acid, Arachidic Acid, Oleic Acid, Portulaca Oleracea Extract, Butyrospermum Parkii (Shea) Butter, Tocopheryl Acetate, Simmondsia Chinensis (Jojoba) Seed Oil, Avena Sativa (Oat) Protei",hyaluronic-acid,,,,,,,,,,,,,open_beauty_facts,false
5205169006169,brightening-texture,Luxurious Sun Care Face Cream,Intermed,,"Aqua, Caprylyl Methicone, Ethylhexyl Methoxycinnamate, Titanium Dioxide (Nano), C12-15 Alkyl Benzoate, Isostearyl Neopentanoate, PEG-12 Dimethicone/PPG-20 Crosspolymer, Diethylamino Hydroxybenzoyl Hexyl Benzoate, Methylene Bis-Benzotriazolyl Tetramethylbutylphenol (Nano), Bis-Ethylhexyloxyphenol Methoxyphenyl Triazine, Oleth-10, Sodium Chloride, Phenoxyethanol, Tocopheryl Acetate, Isodeceth-6, Sodium Hyaluronate, Aluminum Stearate, Alumina, Simethicone, Ethylhexylglycerin, Decyl Glucoside, Propy",hyaluronic-acid,,,,,,,,,,,,,open_beauty_facts,false
8436097096367,brightening-texture,Crème ultra-hydratante,Byphasse,,"Aqua (Water), Isododecane, Glycerin, Propanediol, Cetyl Alcohol, Glyceryl Stearate, Tapioca Starch, Cetearyl Alcohol, Phenoxyethanol, PEG-75 Stearate, Tocopheryl Acetate, Panthenol, Caprylyl Glycol, Ceteth-20, Steareth-20, Parfum (Fragrance), Sodium Hydroxide, Acrylates/C10-30 Alkyl Acrylate Crosspolymer, Hydrolyzed Jojoba Esters, Xanthan Gum, Disodium EDTA, Glycine Soja (Soybean) Oil, Sodium Hyaluronate, Tocopherol, Beta-sitosterol, Squalene, Sodium Benzoate, Potassium Sorbate, Citric Acid, Lin",hyaluronic-acid,,,,,,,,,,,,,open_beauty_facts,false
8436097096442,brightening-texture,Sérum visage,Byphasse,,"Aqua (Water), Butylene Glycol, Glycerin, Pentylene Glycol, Phenoxyethanol, Xanthan Gum, Panthenol, Polysorbate 20, Disodium EDTA, Parfum (Fragrance), Caprylyl Glycol, Sodium Hyaluronate, Sodium Hydroxide, Sodium Benzoate, Potassium Sorbate, Citric Acid, Linalyl Acetate, Linalool, Benzyl Salicylate, Hexyl Cinnamal, Limonene, Citrus Limon Peel Oil, Citrus Aurantium Peel Oil. 8 436097 096442 50mle (1.69 fl.oz.)",hyaluronic-acid,,,,,,,,,,,,,open_beauty_facts,false
3337875632683,brightening-texture,TOLERIANE MASCARA MULTI-DIMENSIONS ALLERGY-TESTED,LA ROCHE-POSAY,,"AQUA, WATER, PARAFFIN, COPERNICIA CERIFERA, CERA, CARNAUBA WAX, STEARETH-20, CERA ALBA, BEESWAX, ACACIA, SENEGAL GUM, ALCOHOL, DENAT, STEARETH-2, POTASSIUM, CETYL PHOSPHATE, CETYL ALCOHOL, TOCOPHEROL, HYDROXYETHYLCELLULOSE, MADECASSOSIDE, SODIUM, POLYMETHACRYLATE, SODIUM DEHYDROACETATE, SODIUM HYALURONATE, SODIUM CHLORIDE, SODIUM BICARBONATE, SODIUM ACETATE, PHENETHYL ALCOHOL, PHENOXYETHANOL, ARGININE, POLYSORBATE 21, POLOXAMER 188, POLYQUATERNIUM-10, SIMETHICONE PENTYLENE GLYCOL, PANTHENOL, 2-O",hyaluronic-acid,,,,,,,,,,,,,open_beauty_facts,false
5900116053578,brightening-texture,Krem Balsam do rąk Help+,AA,,"Aqua, Paraffinum Liquidum, Ethylhexyl Stearate, Glycerin, Glyceryl Stearate, PEG-100 Ste Cetearyl Alcohol, Butyrospermum Parkii Butter, Aloe Barbadensis Leaf Juice, Pentylene Glycol, Sodium Lactate Urea Maltose, Allantoin, Sodium Hydroxide, Sodium PCA, Sodium Hyaluronate, Glucose, Lecithin, Omithine Can Microcristallina, Prunus Amygdalus Dulcis Oil, Trehalose, Oryza Sativa Bran Oil, Betaine, Citric Acid, Glyceryl Histidine, Lysine, Calcium Gluconate, Magnesium Gluconate, Cupric Chloride, Mangane",hyaluronic-acid;ceramides,,,,,,,,,,,,,open_beauty_facts,false
5201143734776,brightening-texture,ΕΝΥΔΑΤΙΚΗ ΚΡΕΜΑ ΣΕ ΜΟΡΦΗ ΤΖΕΛ,Diadermine,,Aqua · Hexanediol · Glycerin · Dimethicone · Betaine · Hydroxyethyl Urea · Taurine · Talc · Tocopheryl Acetate · Panthenol · Sodium Hyaluronate · Urea · Biosaccharide Gum-1 · Plankton Extract · Sodium Carbomer · Sodium Acrylate/Sodium Acryloyldimethyl Taurate Copolymer · Polyisobutene · Ethylhexylglycerin · Butylene Glycol · Dimethicone Crosspolymer · Sorbitan Oleate · Caprylyl/Capryl Glucoside · Ammonium Lactate · Parfum · Phenoxyethanol · CI 16035,hyaluronic-acid,,,,,,,,,,,,,open_beauty_facts,false
8480000465696,brightening-texture,Repair,Deliplus,,"AQUA, CETEARYL ALCOHOL, BEHENTRIMONIUM CHLORIDE, AMODIMETHICONE, CETYL ESTERS, HYDROGENATED STARCH HYDROLYSATE, HYDROLYZED KERATIN, LAURDIMONIUM HYDROXYPROPYL HYDROLYZED KERATIN, ARGININE, TOCOPHERYL ACETATE, FRUCTOSE, UREA, ALLANTOIN, AMBER EXTRACT, HYDROLYZED SILK, MALTOSE, SODIUM LACTATE, SODIUM PCA, TREHALOSE, CAVIAR EXTRACT, GLUCOSE, SODIUM HYALURONATE, PARFUM, ISOPROPYL ALCOHOL, HYDROXYETHYLCELLULOSE, CETRIMONIUM CHLORIDE, TRIDECETH-12, TETRASODIUM GLUTAMATE DIACETATE, 3 ARACHIDYL ALCOHOL,",hyaluronic-acid,,,,,,,,,,,,,open_beauty_facts,false
0192608259536,brightening-texture,Wakeup Artist Under Eye Correcting Concealer,Morphe,,"Water (Aqua, Eau), Octyldodecanol, Propanediol, Glycerin, Polyglyceryl-3 Polyricinoleate, Phenyl Trimethicone, Coco-Caprylate/Caprate, Simmondsia Chinensis (Jojoba) Seed Oil, Polyglyceryl-3 Polyhydroxystearate, Acrylates/Dimethicone Copolymer, Glyceryl Caprylate, Sorbitan Isostearate, Disodium Stearoyl Glutamate, Disteardimonium Hectorite, Aluminum Hydroxide, Hydroxyacetophenone, Sodium Hyaluronate, Algae Extract, Arnica Montana Flower Extract, Tocopherol, Leuconostoc/Radish Root Ferment Filtrat",hyaluronic-acid,,,,,,,,,,,,,open_beauty_facts,false
3665467003710,brightening-texture,L42,Typology,,"Aqua (Water), Coco - Caprylate/Caprate, Glycerin, Prunus Domestica Seed Oil, 1,2-Hexanediol, Tapioca Starch, Polyglyceryl-4 Oleate, Polyglyceryl-6 Oleate, Sodium Hyaluronate, Butyrospermum Parkii (Shea) Oil, Magnesium Sulfate, Polyhydroxystearic Acid, Sodium Citrate, Tocopherol, O-Cymen-5-01, Citric Acid, Benzaldehyde.",hyaluronic-acid,,,,,,,,,,,,,open_beauty_facts,false
4005900370556,brightening-texture,"Protect & Moisture Spray, SPF15","Nivea, Nivea Sun",,"Aqua, Alcohol Denat., Glycerin, Ethylhexyl Salicylate, Isopropyl Pal mitate, Dibutyl Adipate, Butyl Methoxydibenzoylmethane, C12-15 Alkyl Benzoate, Glyceryl Stearate, Bis-Ethylhexyloxyphenol Methoxyphenyl Triazine, Phenylbenz - imidazole Sulfonic Acid, Sodium Ascorbyl Phosphate, Sodium Hyaluronate, Tocopheryl Acetate, Microcrystalline Cellulose, Copernicia Cerifera Cera, Hydrogenated Rapeseed Oil, Cetyl Palmi - tate, Sodium Stearoyl Glutamate, Xanthan Gum, Cellulose Gum, Sodium Hydroxide, Trisod",hyaluronic-acid,,,,,,,,,,,,,open_beauty_facts,false
4005900370525,brightening-texture,"Protect & Moisture, SPF20",Nivea Sun,,"Aqua, Alcohol Denat., Isopropyl Palmitate, Glycerin, C12-15 Alkyl Benzoate, Butyl Methoxydibenzoylmethane, Bis-Ethylhexyloxyphenol Methoxyphenyl Triazine, Gly - ceryl Stearate, Hydroxypropyl Starch Phosphate, Diethylamino Hydroxybenzoyl Hexyl Benzoate, Phenylbenzimidazole Sulfonic Acid, Ethylhexyl Triazone, Diethylhexyl Butamido Triazone, Sodium Hyaluronate, Sodium Ascorbyl Phosphate, Tocopheryl Acetate, Coper - nicia Cerifera Cera, Cetyl Palmitate, Hydrogenated Rapeseed Oil, Stearyl Alcohol, So",hyaluronic-acid,,,,,,,,,,,,,open_beauty_facts,false
0690864505263,brightening-texture,KOREACO Matcha Mucize Bubble Clay Yüz Maskesi,KOREACO,,"Aqua, Sodium Laureth Sulfate, Disiloxane, Kaolin, Acrylates Copolymer, Glycerin, Cocamide DEA, Cocamidopropyl Betaine, Decyl Glucoside, PEG-7 Glyceryl Cocoate, Parfum, Triethanolamine, CI 11710, CI 74260, Tetrasodium EDTA, Camellia Sinensis Leaf Extract, Hydrolyzed Collagen, Triethylene Glycol, Benzyl Alcohol, Propylene Glycol, Sodium Hyaluronate, Tocopherol, Magnesium Nitrate, Magnesium Chloride, Methylchloroisothiazolinone, Methylisothiazolinone, Phenoxyethanol, Tetramethyl Acetyloctahydronaph",hyaluronic-acid,,,,,,,,,,,,,open_beauty_facts,false
3600524069728,brightening-texture,L'Oréal Paris Revitalift Clinical SPF50+ Günlük Yüksek UV Korumalı Yüz Güneş Kremi,L'Oréal Paris,,"Aqua, Alcohol Denat., Diisopropyl Sebacate, Silica, Isopropyl Myristate, Ethylhexyl Salicylate, Ethylhexyl Triazone, Bis-Ethylhexyloxyphenol Methoxyphenyl Triazine, Butyl Methoxydibenzoylmethane, Glycerin, Propanediol, C12-22 Alkyl Acrylate/Hydroxyethylacrylate Copolymer, Drometrizole Trisiloxane, Perlite, Caprylic/Capric Triglyceride, Tocopherol, Ascorbyl Glucoside, Hydroxyacetophenone, Hydroxyethylcellulose, Sodium Hyaluronate, Triethanolamine, Trisodium Ethylenediamine Disuccinate, Caprylyl G",hyaluronic-acid,,,,,,,,,,,,,open_beauty_facts,false
8684232440340,brightening-texture,Clara Hygienics Pink Tone-Up SPF50+ Postbiyotik Destekli Ton Eşitleyici Güneş Kremi,Clara Hygienics,,"Aqua, Dibutyl Adipate, Diethylamino Hydroxybenzoyl Hexyl Benzoate, Calamine, Propylene Glycol, Ethylhexyl Triazone, Cetearyl Alcohol, Glycerin, Diethylhexyl Butamido Triazone, Methylene Bis-Benzotriazolyl Tetramethylbutylphenol, Centella Asiatica Flower/Leaf/Stem Extract, Bifida Ferment Lysate, Sodium Hyaluronate, Sorbitol, Acrylates/C10-30 Alkyl Acrylate Crosspolymer, Xanthan Gum, Caprylyl Glycol, Ethylhexylglycerin, Phenoxyethanol, Inulin Lauryl Carbamate, Polymethyl Methacrylate, Potassium Ce",hyaluronic-acid,,,,,,,,,,,,,open_beauty_facts,false
8684252210466,brightening-texture,Hyp Me Nemlendirici Şampuan,Hyp Me,,"Aqua, Sodium C14-16 Olefin Sulfonate, Cocamidopropyl Betaine, Lauryl Glucoside, Disodium Cocoamphodiacetate, Olive Oil PEG-7 Esters, Sodium Chloride, Parfum, Sodium Hyaluronate, Cocos Nucifera Oil, Hydrolyzed Collagen, Citric Acid, Amodimethicone, Guar Hydroxypropyltrimonium Chloride, PEG-150 Distearate, Styrene/Acrylates Copolymer, C11-15 Pareth-7, Laureth-9, Glycerin, Phenoxyethanol, Trideceth-12, Coco-Glucoside, Benzoic Acid, Triethylene Glycol, Benzyl Alcohol, Propylene Glycol, Sodium Benzoa",hyaluronic-acid,,,,,,,,,,,,,open_beauty_facts,false
0637740949155,brightening-texture,Blistex Lip Infusions Hydration SPF15 Dudak Bakım Kremi,Blistex,,"Hydrogenated Coconut Oil, Euphorbia Cerifera Wax, Homosalate, Beeswax, Phenyl Trimethicone, Ethylhexyl Salicylate, Bis-Diglyceryl Polyacyladipate-2, Dimethicone, Butylene Glycol, C10-30 Cholesterol/Lanosterol Esters, Ethylhexyl Palmitate, Silica Dimethyl Silylate, Sodium Hyaluronate, Arachidyl Alcohol, Arachidyl Glucoside, Behenyl Alcohol, Tocopheryl Acetate, Aroma, Alumina, Caprylic/Capric Triglyceride, Copernicia Cerifera Wax, Polyhydroxystearic Acid, Stearic Acid, Linolenic Acid, Linoleic Aci",hyaluronic-acid,,,,,,,,,,,,,open_beauty_facts,false
7350104244835,brightening-texture,Celenes Nordic Blueberry Stick Lip Balm Lip & Cheek,Celenes,,"Caprylic/Capric Triglyceride, Helianthus Annuus Seed Wax, Cocos Nucifera Oil, Oryza Sativa Bran Wax, Coco-Caprylate/Caprate, Cetearyl Behenate, Bis-Diglyceryl Polyacyladipate-2, Shea Butter Ethyl Esters, Hydrogenated Polydecene, Aroma, Ricinus Communis Seed Oil, Tocopheryl Acetate, CI 60725, CI 26100, Sorbitan Olivate, Sodium Hyaluronate, Caproic Acid, Linalool, Benzaldehyde, Rose Ketones, Vanillin",hyaluronic-acid,,,,,,,,,,,,,open_beauty_facts,false
8684225891883,brightening-texture,Thalia The C'urea El Bakım Kremi,Thalia Natural Beauty,,"Aqua, Urea, C12-15 Alkyl Benzoate, Cetearyl Alcohol, Ceteareth-25, Glyceryl Stearate, Tetrasiloxane, Caprylic/Capric Triglyceride, Glycerin, Pentasiloxane, Butyrospermum Parkii Butter, Dimethicone, Parfum, Phenoxyethanol, Panthenol, Saccharide Isomerate, Tocopheryl Acetate, Allantoin, Sodium Polyacrylate, Benzoic Acid, Simmondsia Chinensis Seed Oil, Sodium Hyaluronate, Xanthan Gum, Dehydroacetic Acid, Tetrasodium EDTA, Sodium Citrate, Citric Acid, Linalool, Hexyl Cinnamal, Benzyl Salicylate, Lim",hyaluronic-acid,,,,,,,,,,,,,open_beauty_facts,false
4049639419728,brightening-texture,M.Asam Vinolift Sıkılaştırıcı Yüz Kremi,M.Asam,,"Aqua, Decyl Oleate, Butyrospermum Parkii Butter, Cetearyl Alcohol, Pentylene Glycol, Glycerin, Hydrogenated Coco-Glycerides, Imperata Cylindrica Root Extract, Vitis Vinifera Seed Oil, Sodium Stearoyl Glutamate, Vitis Vinifera Seed Extract, Melissa Officinalis Leaf Extract, Vitis Vinifera Fruit Meristem Cell Culture, Menthyl Lactate, Allantoin, Tocopherol, Sodium Hyaluronate, Isoniacinamide, Resveratrol, Glyceryl Glucoside, Tocopheryl Acetate, Ascorbyl Tetraisopalmitate, Diisopropyl Adipate, Ubiq",niacinamide;hyaluronic-acid,,,,,,,,,,,,,open_beauty_facts,false
3600522365044,brightening-texture,L'Oréal Paris Revitalift Lazer X3 Yoğun Yaşlanma Karşıtı Gündüz Bakım Kremi,L'Oréal Paris,,"Aqua, Glycerin, Isohexadecane, Hydroxypropyl Tetrahydropyrantriol, Dimethicone, Aluminum Starch Octenylsuccinate, Isopropyl Isostearate, Propylene Glycol, Nylon-12, Octyldodecanol, Cetyl Alcohol, Behenyl Alcohol, Ammonium Polyacryloyldimethyl Taurate, Acetyl Dipeptide-1 Cetyl Ester, Adenosine, Capryloyl Salicylic Acid, Pentaerythrityl Tetra-di-t-butyl Hydroxyhydrocinnamate, Sodium Hyaluronate, Triethanolamine, Trisodium Ethylenediamine Disuccinate, Ascorbyl Glucoside, Retinyl Palmitate, Butylene",hyaluronic-acid,,,,,,,,,,,,,open_beauty_facts,false
4040943005270,brightening-texture,Janssen Cosmetics Cilt Yapılandırıcı Yoğun Bakım Kremi,Janssen Cosmetics,,"Aqua, Octyldodecanol, Caprylic/Capric Triglyceride, Butyrospermum Parkii Butter, Cetearyl Alcohol, Butylene Glycol, Isostearyl Isostearate, Methyl Glucose Sesquistearate, Glyceryl Stearate, Squalene, Hydrogenated Vegetable Oil, Pentylene Glycol, Glycerin, Saccharide Isomerate, Avena Sativa Kernel Extract, Yeast Extract, Ethylhexylglycerin, Sodium Hyaluronate, Retinyl Palmitate, Lecithin, Glyceryl Caprylate, Helianthus Annuus Seed Oil, Polyisobutene, Sodium Acrylate/Sodium Acryloyldimethyl Taurat",hyaluronic-acid,,,,,,,,,,,,,open_beauty_facts,false
5900525078759,brightening-texture,Hada Labo Tokyo Yoğun Nemlendiricili Kırışıklık Karşıtı Hidro Krem,Hada Labo Tokyo,,"Aqua, Dipropylene Glycol, Glycerin, Pentylene Glycol, Butylene Glycol, PEG-240/HDI Copolymer Bis-Decyltetradeceth-20 Ether, PPG-17-Buteth-17, Triethylhexanoin, PEG-8, Hydrolyzed Hyaluronic Acid, Sodium Hyaluronate, Sodium Hyaluronate Crosspolymer, Sodium Acetylated Hyaluronate, Lactobacillus/Soymilk Ferment Filtrate, Panax Ginseng Root Extract, Sorbitol, Inositol, Propanediol, Propylene Glycol, Polysorbate 60, Sorbitan Sesquioleate, Beheneth-30, Potassium Laurate, Tocopherol, Hydroxyacetophenone",hyaluronic-acid,,,,,,,,,,,,,open_beauty_facts,false
4005808669233,brightening-texture,Nivea Canlandırıcı Yüz Temizleme Jeli,Nivea,,"Aqua, Glycerin, Coco-Glucoside, Coco-Betaine, Alcohol Denat., Xanthan Gum, Aloe Barbadensis Leaf Juice Powder, Sodium Hyaluronate, Dehydroxanthan Gum, Citric Acid, Sodium Chloride, PEG-7 Glyceryl Cocoate, Sodium Sulfate, Sodium Benzoate, Parfum, CI 42090",hyaluronic-acid,,,,,,,,,,,,,open_beauty_facts,false
8684252210503,brightening-texture,Hyp Me Nemlendirici Saç Kremi,Hyp Me,,"Aqua, Cetearyl Alcohol, Cetrimonium Chloride, Glycerin, Parfum, Olea Europaea Fruit Oil, Cocos Nucifera Oil, Sodium Hyaluronate, Hydrolyzed Collagen, Amodimethicone, Tocopheryl Acetate, Persea Gratissima Oil, Lauryl Glucoside, C11-15 Pareth-7, Laureth-9, Phenoxyethanol, Trideceth-12, Citric Acid, Triethylene Glycol, Benzyl Alcohol, Propylene Glycol, Magnesium Chloride, Magnesium Nitrate, Methylchloroisothiazolinone, Methylisothiazolinone",hyaluronic-acid,,,,,,,,,,,,,open_beauty_facts,false
8684225893375,brightening-texture,Thalia Body Lotion Vücut Losyonu Aqua-Squa,Thalia Natural Beauty,,"Aqua, Glycerin, Propylene Glycol, Triethanolamine, Squalane, Bis-PEG-18 Methyl Ether Dimethyl Silane, Sodium Hyaluronate, Carbomer, Phenoxyethanol, Parfum, Sodium PCA, Tetrasodium EDTA, Ethylhexylglycerin, Tetramethyl Acetyloctahydronaphthalenes, Linalyl Acetate, Vanillin, Linalool, Benzyl Salicylate, Hexyl Cinnamal, Hydroxycitronellal, Citronellol, CI 42051",hyaluronic-acid,,,,,,,,,,,,,open_beauty_facts,false
0667659377381,brightening-texture,Vanilla Café Ultimate Hydration Body Cream,Bath & Body Works,,"WATER (AQUA, EAU), GLYCERIN, CAPRYLIC/CAPRIC TRIGLYCERIDE, ISOHEXADECANE, FRAGRANCE (PARFUM), CETYL ALCOHOL, C12-15 ALKYL BENZOATE, GLYCERYL STEARATE SE, PALMITIC ACID, STEARIC ACID, DIMETHICONE, BUTYROSPERMUM PARKII (SHEA) BUTTER, THEOBROMA CACAO (COCOA) SEED BUTTER, PHENOXYETHANOL, POLYMETHYLSILSESQUIOXANE, ACRYLATES/C10-30 ALKYL ACRYLATE CROSSPOLYMER, AMINOMETHYL PROPANOL, PEG-100 STEARATE, SODIUM DEHYDROACETATE, TOCOPHEROL, CHLORPHENESIN, DISODIUM EDTA, ETHYLHEXYLGLYCERIN, POLYACRYLATE-13, H",hyaluronic-acid,,,,,,,,,,,,,open_beauty_facts,false
3600541945043,brightening-texture,Garnier SkinActive Hydra Bomb Tissue Masker met Kamille 28g,Garnier,,"AQUA, PROPYLENE GLYCOL, GLYCERIN, BENZYL ALCOHOL, BENZYL BENZOATE, CHAMOMILLA RECUTITA FLOWER EXTRACT, DIPOTASSIUM GLYCYRRHIZATE, ACRYLIC ACID COPOLYMER, HYDROGENATED STARCH HYDROLYSATE, HYDROXYACETOPHENONE, HYDROXYETHYLCELLULOSE, MANNOSE P-ANISIC ACID, PEG-40 HYDROGENATED CASTOR OIL, PHENOXYETHANOL, POTASSIUM HYDROXIDE, POTASSIUM SORBATE, PVM, SODIUM HYALURONATE, SORBIC ACID, XANTHAN GUM, FRAGRANCE.",hyaluronic-acid,,,,,,,,,,,,,open_beauty_facts,false
3614272400467,brightening-texture,Life plankton elixir,Biotherm,,"AQUA, BIFIDA FERMENT LYSATE, GLYCERIN, ALCOHOL DENAT., DIMETHICONE, HYDROXYETHYLPIPERAZINE ETHANE SULFONIC ACID, PHENOXYETHANOL, OCTYLDODECANOL, SODIUM HYALURONATE, CAPRYLYL GLYCOL, AMMONIUM POLYACRYLOYLDIMETHYL TAURATE, VITREOSCILLA FERMENT, ASCORBYL GLUCOSIDE, ADENOSINE, XANTHAN GUM, PEG-20 METHYL GLUCOSE SESQUISTEARATE, TRISODIUM ETHYLENEDIAMINE DISUCCINATE, PENTYLENE GLYCOL, FAEX EXTRACT, SODIUM HYDROXIDE, SODIUM BENZOATE, PEG-60 HYDROGENATED CASTOR OIL, HYDROLYZED HYALURONIC ACID, SALICYLOY",hyaluronic-acid,,,,,,,,,,,,,open_beauty_facts,false
3337875597395,brightening-texture,Hydraterende Melk,CeraVe,,"aqua, caprylic/capric triglyceride, dimethicone, phenoxyethanol, sodium methyl sulfate, sodium polyacrylate, ethylhexylglycerin, potassium phosphate, ceramide np, xanthan gum, carbomer, sodium hyaluronate, tocopherol, ceramide eop",hyaluronic-acid;ceramides,,,,,,,,,,,,,open_beauty_facts,false
3600524149864,brightening-texture,Elseve Hyaluron Pure Hydrating Conditioner,L'Oréal Paris,,"Aqua / Water, Glycerin, Cetearyl Alcohol, Behentrimonium Chloride, Dimethicone, Isopropyl Alcohol, Phenoxyethanol, Hydroxyethylcellulose, Caprylyl Glycol, Trideceth-6, Polyquaternium-37, Salicylic Acid, Sodium Hyaluronate, Linalool, Benzyl Salicylate, Hexyl Cinnamal, Benzyl Alcohol, Citronellol, Alpha-Isomethyl Ionone, Coumarin, Cetrimonium Chloride, Citric Acid, Sodium Hydroxide, Parfum / Fragrance",hyaluronic-acid,,,,,,,,,,,,,open_beauty_facts,false
0041507051614,brightening-texture,Hydrating Milky Cleanser,Thayers,,"2051641 12, Aqua / Water / Eau, Glycerin, Cetearyl Alcohol, Sambucus Nigra Flower Water, Tremella Fuciformis Polysaccharide, Stearyl Alcohol, Potassium Phosphate, Glyceryl Stearate, PEG-40 Stearate, Sodium Hyaluronate, Ammonium Polyacryloyldimethyl Taurate, Dipotassium Phosphate, Citric Acid, Trisodium Ethylenediamine Disuccinate, Ethylhexylglycerin, Polysorbate 20, Cetyl Alcohol, Tocopherol, Potassium Sorbate, Sodium Benzoate, Phenoxyethanol",hyaluronic-acid,,,,,,,,,,,,,open_beauty_facts,false
1230000304061,brightening-texture,Vipstick Serum,Hygiene Hero,,"Caprylic/capric Triglyceride, Cetearyl Olivate, Euphorbia Cerifera (Candelilla) Wax, Sorbitan Olivate, Saccharomyces Ferment, Mangifera Indica (Mango) Seed Butter, Aspergillus Ferment, Shorea Robusta Seed Butter, Morus Alba (White Mulberry) Root Extract, Myrciaria Dubia (Camu Camu) Fruit Extract, Propolis Extract, Curcuma Longa (Turmeric) Root Extract, Ocimum Sanctum (Basil) Leaf Extract, Withania Somnifera (Ashwagandha) Root Extract, Vanillyl Butyl Ether, Palmitoyl Tripeptide-1, Helianthus Annu",hyaluronic-acid,,,,,,,,,,,,,open_beauty_facts,false
0811346020313,brightening-texture,Mint & Cedar Daily Face Wash,Dollar Shave Club,,"Water/Aqua/Eau, Sodium Cocoyl Glutamate, Polysorbate 20, Sorbitol, Cocamidopropyl Betaine, Cocoglucoside, Tetradecane, Glycerin, Sodium Hyaluronate, Panthenol, Tocopherol, Simmondsia Chinensis (Jojoba) Seed Oil, Chamomilla Recutita (Matricaria) Flower Extract, Citric Acid, Decyl Glucoside, Gluconolactone, Sodium Benzoate, Tetrasodium Glutamate Diacetate, Lactic Acid, Acetylododecamethyltetrasiloxane",hyaluronic-acid,,,,,,,,,,,,,open_beauty_facts,false
4006000130910,brightening-texture,Sonnenschutz 50,Nivea,,"Aqua, C12-15 Alkyl Benzoate, Alcohol Denat., Butyl Methoxydibenzoylmethane, Ethylhexyl Triazone, Bis-Ethylhexyloxyphenol Methoxyphenyl Triazine, Ethylhexyl Cocoate, Isopropyl Palmitate, Dibutyl Adipate, Glycerin, Diethylamino Hydroxybenzoyl Hexyl Sulfonic Acid, Sodium Ascorbyl Phosphate, Sodium Hyaluronate, Tocopheryl Acetate, Microcrystalline Cellulose, Copernicia Cerifera Cera, Hydroxypropyl Statch Phosphate, Sodium Stearoyl Glutamate, Xanthan Gum, Diisostearoyl Polyglyceryl-3 Dimer Dilinoleat",hyaluronic-acid,,,,,,,,,,,,,open_beauty_facts,false
3606000537439,brightening-texture,Moisturizing Cream,CeraVe,,"Aqua/Water/Eau, Glycerin, Cetearyl Alcohol, Caprylic/Capric Triglyceride, Cetearyl Alcohol, Ceteareth-20, Petrolatum, Potassium Phosphate, Ceramide NP, Ceramide AP, Ceramide EOP, Carbomer, Dimethicone, Behentrimonium Methosulfate, Sodium Lauroyl Lactylate, Sodium Hyaluronate, Cholesterol, Phenoxyethanol, Disodium EDTA, Dipotassium Phosphate, Tocopherol, Phytosphingosine, Xanthan Gum, Ethylhexylglycerin",hyaluronic-acid;ceramides,,,,,,,,,,,,,open_beauty_facts,false
3337875952866,brightening-texture,Skin Renewing Eye Cream,CeraVe,,"AQUA/WATER, PROPANEDIOL GLYCERIN, NIACINAMIDE CETEARYL ALCOHOL, CETEARYL ETHYLHEXANOATE, CAPRYLIC/CAPRIC TRIGLYCERIDE, DIMETHICONE, PETROLATUM, POLYACRYLATE CROSSPOLYMER-6, HYDROGENATED LECITHIN, CERAMIDE NP, CERAMIDE AP. CERAMIDE EOP, CARBOMER, BEHENTRIMONIUM METHOSULFATE, TRIETHYL CITRATE, CAFFEINE, SODIUM HYALURONATE, SODIUM LAUROYL LACTYLATE, SODIUM LACTATE, CHOLESTEROL, PALMITOYL TRIPEPTIDE-1, PALMITOYL TETRAPEPTIDE-7, PHENOXYETHANOL, ISOPROPYL MYRISTATE, CAPRYLYL GLYCOL, TRISODIUM ETHYLENE",niacinamide;hyaluronic-acid;ceramides,,,,,,,,,,,,,open_beauty_facts,false
4260199896983,brightening-texture,Eye Pad Mask Paradise Punch,Yeauty,,"Glycerin, Carrageenan, 1,2-Hexanediol, Xanthan Gum, Propylene Glycol, Sodium Benzoate, Citrullus Lanatus Fruit Extract, Citrulline, Caprylyl Glycol, Potassium Sorbate, Butylene Glycol, Caprylhydroxamic Acid, Sodium Hyaluronate, Carica Papaya Fruit Extract, CI 15985, CI 77007, CI 77891, CI 73360, CI 77492, CI 74160, Parfum, Polysorbate 80, Caprylyl Glycol",hyaluronic-acid,,,,,,,,,,,,,open_beauty_facts,false
0769915233506,brightening-texture,Hyaluronic Acid 2% + B5,The Ordinary,,"Aqua/Water/Eau, Sodium Hyaluronate, Propandiol, Pentylene Glycol, Hydrolyzed Hyaluronic Acid, Sodium Hyaluronate Crosspolymer, Phospholipids, Sphingolipids, Panthenol, Anthemis Nobilis Flower Extract, Glycerin, Polysorbate 20, Citric Acid, Sodium Citrate, Panisic Acid, Tocopherol, Trisodium Ethylenediamine Disuccinate, Caprylyl Glycol, Ethoxydiglycol, Ethylhexylglycerin, Hexylene Glycol, Phenoxyethanol, Chlorphenesin",hyaluronic-acid,,,,,,,,,,,,,open_beauty_facts,false
0062600620606,brightening-texture,Hydro Boost Gel Cream,Neutrogena,,"Water (eau), Dimethicone, Glycerin, Dimethicone/Vinyl Dimethicone Crosspolymer, Phenoxyethanol, Polyacrylamide, Cetearyl Olivate, Sorbitan Olivate, Dimethiconol, C13-14 Isoparaffin, Dimethicone Crosspolymer, Chlorphenesin, Carbomer, Laureth-7, Sodium Hyaluronate, Ethylhexylglycerin, Parfum, C12-14 Pareth-12, Sodium Hydroxide, Blue 1",hyaluronic-acid,,,,,,,,,,,,,open_beauty_facts,false
6931583605884,brightening-texture,Masque Tissu Visage Hydratant Vitamine A,Miniso,,"AQUA/WATER/EAU, BUTYLENE GLYCOL, GLYCERIN, HYDROXYACETOPHENONE, DIMETICONE, PANTHENOL, PHENOXYETHANOL, ACRYLATES/C10-30 ALKYL ACRYLATE CROSSPOLYMER, ALLANTOIN, SODIUM POLYACRYLATE, PEG-40 HYDROGENATED CASTOR OIL, SODIUM HYDROXIDE, SODIUM HYALURONATE, DIPOTASSIUM GLYCYRRHIZATE, DISODIUM EDTA, HYDROEXYTHYLCELLULOSE, PARFUM/FRAGRANCE, LIMONENE, CELLULOSE, ACETATE BUTYRATE, TRICAPRYLIN, RETINOL, PENTAERYTHRITYL TETRA-DI-T-BUTYL HYDROXYHYDROCINNAMATE",hyaluronic-acid;retinol-cosmetic,,,,,,,,,,,,,open_beauty_facts,false
0667558513187,brightening-texture,Pure Wonder Body Cream,Bath & Body Works,,"Water (Aqua, Eau), Caprylic/Capric Triglyceride, Glycerin, Fragrance (Parfum), Alcohol, Aloe Barbadensis Leaf Juice, Shea Butter (Butyrospermum Parkii), Dimethicone, Polyacrylate Crosspolymer, Ammonium Acryloyldimethyltaurate/VP Copolymer, PEG-40 Hydrogenated Castor Oil, Sodium Hyaluronate, Sodium Hydroxide, Chlorphenesin, EDTA, Citric Acid, Alpha-Isomethyl Ionone, Limonene, Linalool, Cinnamal, Cinnamyl Alcohol, Coumarin",hyaluronic-acid,,,,,,,,,,,,,open_beauty_facts,false
5903794199934,brightening-texture,Glass Skin,Kimoco,,"Aqua, Oryza Sativa (Rice) Bran Water, Glycerin, Dipropylene Glycol, Butylene Glycol, 1,2-Hexanediol, Sodium Hyaluronate, Squalane, Citrus Junos Fruit Extract, PEG-60 Hydrogenated Castor Oil, Beta-Glucan, Betaine, Carbomer, Allantoin, Triethanolamine, Xanthan Gum, Ethylhexylglycerin, Disodium EDTA, Caprylic/Capric Triglyceride, Lactobacillus Ferment Lysate, Centella Asiatica Extract, Glycyrrhiza Glabra (Licorice) Root Extract, Morus Alba Bark Extract, Polygonum Multiflorum Root Extract, Scutellar",hyaluronic-acid,,,,,,,,,,,,,open_beauty_facts,false
4005808130573,brightening-texture,NIVEA Men sensitive douchegel 3-in-1,NIVEA,,"Aqua, Cocamidopropyl Betaine, Sodium Myreth Sulfate, Sodium Laureth Sulfate, Coco-Glucoside, Sodium Hyaluronate, Tocopherol, Glycerin, Sodium Chloride, Citric Acid, Glycol Distearate, Hydrogenated Castor Oil, Sodium Benzoate, Benzoic Acid, Parfum",hyaluronic-acid,,,,,,,,,,,,,open_beauty_facts,false
0764960000707,brightening-texture,Emprizone,Mannatech,,"Ingredients/Ingrédients: Water (Aqua), Glycerin, 1,2-He Glyceryl Polyacrylate, Sorbitol, Glycereth-26, Polysorbate Carbomer, Aminomethyl Propanol, Galactoarabinan, Ast Gummifer Gum, Aloe Barbadensis Leaf Extract, Benzetho Chloride, Sodium Hyaluronate, Retinyl Palmitate, Allanto Tocopheryl Acetate, Tocopherol, Salicylic Acid, Disodium Ambrotose complex* is a blend of polysaccharides com Ambrotose complexe* est un mélange des polysaccha composés de: Galactoarabinan, Astragalus Gummifer Gu Aloe Bar",hyaluronic-acid,,,,,,,,,,,,,open_beauty_facts,false
0667659332311,brightening-texture,After Dark,Bath & Body Works,,"water (aqua, eau), glycerin, caprylic/capric triglyceride, isohexadecane, fragrance (parfum), cetyl alcohol, c12-15 alkyl benzoate, glycerin stearate se, palmitic acid, stearic acid, theobroma cacao (cocoa) seed butter, dimethicone, butyrospermum parkii (shea) butter, phenoxyethanol, polymethylsilsesquioxane, acrylates/c10-30 alkyl acrylate crosspolymer, aminomethyl propanol, peg-100 stearate, disodium edta, ethylhexylglycerin, polyacrylate-13, hydrogenated rapeseed oil, sodium hyaluronate, aloe",hyaluronic-acid,,,,,,,,,,,,,open_beauty_facts,false
8402001010002,brightening-texture,Sérum facial reparador Micro Cápsulas,"Deliplus, Mercadona",,"INGREDIENTS AQUA, ISODECYL NEOPENTANOATE, GLYCERIN, PROPANEDIOL, CAPRYLIC/CAPRIC TRIGLYCERIDE, BETAINE, PENTYLENE GLYCOL, LIMNANTHES ALBA SEED OIL, SQUALANE, BUTYROSPERMUM PARKII BUTTER, SODIUM HYALURONATE, TOCOPHEROL, CASTOR OIL/IPDI COPOLYMER, PARFUM, CARBOMER, ACRYLATES/C10-30 ALKYL ACRYLATE CROSSPOLYMER, CARAMEL, IRIS PALLIDA ROOT EXTRACT, TRISODIUM ETHYLENEDIAMINE DISUCCINATE, CI 17200, CHLORPHENESIN, SODIUM HYDROXIDE, CITRIC ACID. [PI02427]",hyaluronic-acid,,,,,,,,,,,,,open_beauty_facts,false
4820185227315,brightening-texture,Hydro Boost,Simply Care,,"Aqua, Paraffinum Liquidum, Isopropyl Myristate, Cetearyl Alcohol, Glycerin, Potassium Cetyl Phosphate, Glyceryl Stearate, Pentylene Glyco Phenoxyethanol, Sodium Polyacrylate, Parfum, Fragrance Cocca Nucifera, Xanthan Gum, Panthen Betaine, Sodium PCA, Sorbitol, Serine, Glycine, Glutamic Ac Alanine, Lysine, Arginine, Threonine, Proline, Disodium EDTA Phospholipids. Sphingolipids, Sodium Hyaluronate, B Methylparaben, Ethylparaben, Propylparaben, Hydroxide, Potassium Sorbate.",hyaluronic-acid,,,,,,,,,,,,,open_beauty_facts,false
3760359082849,brightening-texture,Soif de peau,Unbottled,,"AQUA (WATER), C15-19 ALKANE, GLYCERIN, BUTYROSPERMUM PARKII (SHEA) BUTTER, C10-18 TRIGLYCERIDES, CETEARYL ALCOHOL, GLYCERYL STEARATE, 12-HEXANEDIOL, HYDROXYACETOPHENONE, SODIUM CETEARYL SULFATE, PARFUM (FRAGRANCE), HELIANTHUS ANNUUS (SUNFLOWER) SEED OIL, GLYCINE SOJA (SOYBEAN) GIL, TOCOPHEROL, SODIUM HYALURONATE, XANTHAN GUM, CUCUMIS MELO (MELON) FRUIT EXTRACT, DISODIUM PHOSPHATE, LUPINUS ALBUS SEED EXTRACT, CITRIC ACID. POTASSIUM PHOSPHATE, LITHOSPERMUM ERYTHRORHIZON ROOT EXTRACT, SODIUM BENZOA",hyaluronic-acid,,,,,,,,,,,,,open_beauty_facts,false
3337875597180,brightening-texture,Hydrating Cleanser,CeraVe,,"aqua/water, glycerin, cetearyl alcohol, peg-40 stearate, stearyl alcohol, potassium phosphate, ceramide np, ceramide ap, ceramide eop, carbomer, glyceryl stearate, behentrimonium methosulfate, sodium lauroyl lactylate, sodium hyaluronate, disodium edta, dipotassium phosphate, cholesterol, phenoxyethanol, xanthan gum, tocopherol, phytosphingosine, ethylhexylglycerin",hyaluronic-acid;ceramides,,,,,,,,,,,,,open_beauty_facts,false
3337875597333,brightening-texture,CeraVe Hydraterende Reinigingscrème,CeraVe,,"Aqua, Glycerin, Cetearyl Alcohol, PEG-40 Stearate, Stearyl Alcohol, Potassium Phosphate, Ceramide NP, Ceramide AP, Ceramide EOP, Carbomer, Glyceryl Stearate, Behentrimonium Methosulfate, Sodium Lauroyl Lactylate, Sodium Hyaluronate, Cholesterol, Phenoxyethanol, Disodium EDTA, Dipotassium Phosphate, Tocopherol, Phytosphingosine, Xanthan Gum, Cetyl Alcohol, Polysorbate 20, Ethylhexylglycerin",hyaluronic-acid;ceramides,,,,,,,,,,,,,open_beauty_facts,false
3337875849326,brightening-texture,Bálsamo Reparador Avanzado,CeraVe,,"20215042 27-INGREDIENTS: PETROLATUM, PARAFFINUM LIQUIDUM/MINERAL OIL, CERA MICROCRISTALLINA/ MICROCRYSTALLINE WAX, PARAFFIN, CAPRYLIC/CAPRIC TRIGLYCERIDE, DIMETHICONE, AQUA/WATER, CERAMIDE NP, CERAMIDE AP, CERAMIDE EOP, CARBOMER, TRIETHYL CITRATE, SODIUM LAUROYL LACTYLATE, SODIUM HYALURONATE, CHOLESTEROL, TOCOPHERYL ACETATE, TOCOPHEROL, CAPRYLYL GLYCOL, SYNTHETIC WAX, PANTHENOL, PHYTOSPHINGOSINE, XANTHAN GUM, BENZOIC ACID. (Code F.I.L. Y70029424/1)",hyaluronic-acid;ceramides,,,,,,,,,,,,,open_beauty_facts,false
4021457661015,brightening-texture,Pure Beauty 3in1,Lavera,,"Ingredients: Water (Aqua), Glycerin, Hydrated Silica, Alcohol** denat., Coco-Glucoside, Xanthan Gum Titanium Dioxide (CI 77891), Hydrogenated Jojoba Oil, Salicylic Acid, Mentha Piperita (Peppermint) Leaf Extract**, Salix Alba (Willow) Bark Extract**, Urtica Dioica (Nettle) Root Extract**, Melissa Officinalis (Le - mon Balm) Leaf Extract**, Trigonella Foenum-Graecum Seed Extract**, Sodium PCA, Potassium Cetyl Phospha te, Levulinic Acid, Zinc PCA, Sodium Levulinate, Sodium Hydroxide, Menthol, Chro",hyaluronic-acid,,,,,,,,,,,,,open_beauty_facts,false
4040943006512,brightening-texture,Janssen Cosmetics Onarıcı Gece Dudak Maskesi 15 ml,Janssen Cosmetics,,"Polybutene, Pentaerythrityl Tetraisostearate, Hydrogenated Polydecene, Bis-Diglyceryl Polyacyladipate-2, Caprylic/Capric Triglyceride, Polyethylene, Polyglyceryl-3 Diisostearate, Helianthus Annuus Seed Cera (Helianthus Annuus (Sunflower) Seed Wax), Butyrospermum Parkii Butter (Butyrospermum Parkii (Shea) Butter), Candelilla Cera (Euphorbia Cerifera (Candelilla) Wax), Silica Dimethyl Silylate, Hydrogenated Styrene/Isoprene Copolymer, Pentaerythrityl Tetra-di-t-butyl Hydroxyhydrocinnamate, Parfum ",hyaluronic-acid,,,,,,,,,,,,,open_beauty_facts,false
3600542385312,brightening-texture,Garnier Nem Bombası Canlandırıcı Kağıt Maske 28 gr,Garnier,,"Aqua / Water, Propylene Glycol, Glycerin, Alcohol, Dipotassium Glycyrrhizate, Glyceryl Acrylate/Acrylic Acid Copolymer, Hamamelis Virginiana Leaf Water/Witch Hazel Leaf Water, Hydrogenated Starch Hydrolysate, Hydroxyacetophenone, Hydroxyethylcellulose, Limonene, Mannose, P-Anisic Acid, PEG-40 Hydrogenated Castor Oil, Phenoxyethanol, Potassium Hydroxide, Potassium Sorbate, Punica Granatum Fruit Extract, PVM/MA Copolymer, Sodium Benzoate, Sodium Hyaluronate, Sorbic Acid, Xanthan Gum, Parfum/Fragra",hyaluronic-acid,,,,,,,,,,,,,open_beauty_facts,false
5901887946243,brightening-texture,Ziaja Ferahlatıcı Dengeleyici Yağsız Yüz Maskesi 7 ml (Yağlı Ciltler),Ziaja,,"Aqua (Water), Glycerin, Saccharomyces/Zinc Ferment, Sea Water, Inulin, Fructose, Saccharomyces/Copper Ferment, Saccharomyces/Magnesium Ferment, Saccharomyces/Iron Ferment, Saccharomyces/Silicon Ferment, Sodium Hyaluronate, Carbomer, Polyglyceryl-2 Caprate, Phenoxyethanol, Ethylhexylglycerin, Parfum (Fragrance), Sodium Hydroxide.",hyaluronic-acid,,,,,,,,,,,,,open_beauty_facts,false
3600531658106,brightening-texture,Maybelline New York Instant Anti-Age Perfector 4-in-1 Glow Fair Light Concealer,Maybelline,,"Aqua, Isohexadecane, Dimethicone, Glycerin, Isododecane, Diisopropyl Adipate, PEG-9 Polydimethylsiloxyethyl Dimethicone, Propylene Glycol, Dimethicone Crosspolymer, Disteardimonium Hectorite, PEG-10 Dimethicone, Cetyl PEG/PPG-10/1 Dimethicone, Phenoxyethanol, Kaolin, Sodium Chloride, Polyglyceryl-4 Isostearate, Caprylyl Glycol, Synthetic Fluorphlogopite, Butyrospermum Parkii Butter / Shea Butter, Ethylhexylglycerin, Ethylhexyl Palmitate, Disodium Stearoyl Glutamate, Aluminum Hydroxide, Silica Di",hyaluronic-acid,,,,,,,,,,,,,open_beauty_facts,false
3600531638887,brightening-texture,Maybelline New York Instant Anti-Age Perfector 4-in-1 Glow Light Concealer,Maybelline,,"Aqua / Water, Isohexadecane, Dimethicone, Glycerin, Isododecane, Diisopropyl Adipate, PEG-9 Polydimethylsiloxyethyl Dimethicone, Propylene Glycol, Dimethicone Crosspolymer, Disteardimonium Hectorite, PEG-10 Dimethicone, Cetyl PEG/PPG-10/1 Dimethicone, Phenoxyethanol, Kaolin, Sodium Chloride, Polyglyceryl-4 Isostearate, Caprylyl Glycol, Synthetic Fluorphlogopite, Butyrospermum Parkii Butter / Shea Butter, Ethylhexylglycerin, Ethylhexyl Palmitate, Disodium Stearoyl Glutamate, Aluminum Hydroxide, S",hyaluronic-acid,,,,,,,,,,,,,open_beauty_facts,false
3337875773430,brightening-texture,CeraVe Hydraterende Schuimende Reinigingsolie,CeraVe,,"aqua/water, glycerin, peg-200 hydrogenated glyceryl palmate, coco-betaine, disodium cocoyl glutamate, peg-120 methyl glucose dioleate, polysorbate 20, peg-7 glyceryl cocoate, peg-150 pentaerythrityl tetrastearate, ppg-5-ceteth-20, peg-6 caprylic/capric glycerides, squalane, ceramide np, ceramide ap, ceramide eop, carbomer, triethyl citrate, sodium chloride, sodium hydroxide, sodium cocoyl glutamate, sodium lauroyl lactylate, sodium hyaluronate, cholesterol, citric acid, capryloyl glycine,  hydro",hyaluronic-acid;ceramides,,,,,,,,,,,,,open_beauty_facts,false
3770010160380,brightening-texture,Seventy-one Feel Free soin protection quotidien SPF 50,Seventy-one,,"Aqua (Water), Dicaprylyl Car - bonate, Coco-Caprylate/Caprate, Diethylamino Hydroxybenzoyl Hexyl Benzoate, Bis-Ethylhexy - loxyphenol Methoxyphenyl Triazine, Ethylhexyl Triazone, Cellulose, Glycerin, Phenylbenzimidazole Sulfonic Acid, Sucrose Distearate, Sodium Stearoyl Glutamate, Hydroxyace - tophenone, Methoxyphenylethenyl T-Butylbenzoate, Xanthan Gum, Ethylhexylglycerin, Sodium Hy - droxide, Maltodextrin, Parfum (Fragrance), Cetyl Palmitate, Pentylene Glycol, 1,2-Hexane - diol, Alpha-Glucan O",hyaluronic-acid,,,,,,,,,,,,,open_beauty_facts,false
4335619106338,brightening-texture,Crema corporal - Vit E - Ácido Hialurónico,Cien,,"AQUA, CETEARYL ALCOHOL, GLYCERIN, CETYL ALCOHOL, PARFUM, PHENOXYETHANOL, POLYGLYCERYL HYDROXIDE, TOCOPHEROL, UREA, FRUCTOSE, ALGIN, TREHALOSE, SODIUM PCA, SODIUM LACTATE, SODIUM CHLORIDE, MALTOSE, ALLANTOIN, SODIUM HYALURONATE, GLUCOSE, CITRAL, CITRONELLOL, HYDROXYCITRONELLAL, LIMONENE, LINALOOL, ANETHOLE, GERANYL ACETATE, LINALYL ACETATE, PINENE, TETRAMETHYL ACETYLOCTAHYDRONAPHTHALENES, CITRUS AURANTIUM PEEL OIL, CITRUS LIMON PEEL OIL, CI 77492, CI 15985, CI 19140.",hyaluronic-acid,,,,,,,,,,,,,open_beauty_facts,false
3600524216955,brightening-texture,Colorazione triplo trattamento biondo cenere 7.1,L'Oréal,,"CREMA COLORANTE: AQUA/WATER, CETEARYL ALCOHOL, AMMONIUM HYDROXIDE, CETEARETH-25. COCAMIDE MEA STEARIC ACID PALMITIC ACID PROPYLENE GLYCOL m-AMINOPHENOL ASCORBIC ACID SODIUM SULFITE - SODIUM HYDROXIDE SODIUM LAURYL SULFATE HYDROXYETHYL-3,4-METHYLENEDIOXYANILINE HCL ⚫6-HYDROXYINDOLE POLYQUATERNIUM-6 N,N-BIS(2-HYDROXYETHYL)-p-PHENYLENEDIAMINE SULFATE ISOPROPYL MYRISTATE ⚫p-PHENYLENEDIAMINE MYRISTIC ACID CETRIMONIUM CHLORIDE TETRASODIUM EDTA TETRAMETHYL ACETYLOCTAHYDRONAPHTHALENES AMYL SALICYLATE 2,",vitamin-c;hyaluronic-acid,,,,,,,,,,,,,open_beauty_facts,false
5054563242785,brightening-texture,Parodontax Strengthen & protect freshmint,Parodontax,,"OTECT TANDVLEES/GENCIVES OP DE g mogelijk door en en onder 6 jaar niet g mogelijk tandpasta zo snel mogelijk een van de verpakking opend is. DE FLUORID ZAHNPASTA. BEFOLGEN SIE STETS DIE ANWENDUNGSHINWEISE. 2x bis max. 3x täglich anwenden, dann ausspucken, nicht schlucken. Außerhalb der Reichweite von Kindern aufbewahren. Kinder von 6 Jahren verwenden eine erbsengroße Menge. Zur Vermeidung übermäßigen Verschluckens Zähneputzen nur unter Aufsicht. Bei Unverträglichkeit Anwendung einstellen. Ziehen",hyaluronic-acid,,,,,,,,,,,,,open_beauty_facts,false
6924372667378,brightening-texture,Hyaluronic Acid Sunscreen,SAS,,"Here are the product ingredients, as can be read from the image: Water, Glycerin, Zinc Oxide, Ethylhexyl Palmitate, Caprylic/Capric Triglyceride, C12-15 Alkyl Benzoate, Aluminum Hydroxide, PEG-20 Methyl Glucose Sesquistearate, Stearic Acid, Polyurethane-35, Biosaccharide Gum-1, Behenyl Alcohol, Phenoxyethanol, Triethoxycaprylylsilane, Butylene Glycol, 1,2-Hexanediol, Allantoin, Acrylates/Vinyl Isodecanoate Crosspolymer, Xanthan Gum, Fragrance, Triethanolamine, Laureth-7, Hydroxyacetophenone, Gen",hyaluronic-acid,,,,,,,,,,,,,open_beauty_facts,false
3600541943506,brightening-texture,Garnier Skinactive hydra bomb granaatappel mask,Garnier,,"967205 55 - INGREDIENTS:, AQUA / WATER, PROPYLENE GLYCOL, GLYCERIN, ALCOHOL, DIPOTASSIUM GLYCYRRHIZATE, GLYCERYL ACRYLATE/ACRYLIC ACID COPOLYMER, HAMAMELIS VIRGINIANA LEAF WATER/WITCH HAZEL LEAF WATER, HYDROGENATED STARCH HYDROLYSATE, HYDROXYACETOPHENONE, HYDROXYETHYLCELLULOSE, LIMONENE, MANNOSE, P-ANISIC ACID, PEG-40 HYDROGENATED CASTOR OIL, PHENOXYETHANOL, POTASSIUM HYDROXIDE, POTASSIUM SORBATE, PUNICA GRANATUM FRUIT EXTRACT, PVM/MA COPOLYMER, SODIUM BENZOATE, SODIUM HYALURONATE, SORBIC ACID, ",hyaluronic-acid,,,,,,,,,,,,,open_beauty_facts,false
6060201601110,brightening-texture,Janssen Cosmetics Yüksek Nem Sağlamaya Yardımcı Ampul 3'lü,Janssen Cosmetics,,"Aqua, Butylene Glycol, Glycerin, Pentylene Glycol, Sodium Hyaluronate, Xanthan Gum, PEG-40 Hydrogenated Castor Oil, PEG-7 Glyceryl Cocoate, Disodium EDTA, Ethylhexylglycerin, Parfum, Methylparaben, Propylparaben, CI 42090",hyaluronic-acid,,,,,,,,,,,,,open_beauty_facts,false
8809647110538,brightening-texture,Dermal It's Real Superfood Pirinç Aydınlatıcı Yüz Maskesi,Dermal,,"Aqua, Glycerin, Propanediol, Alcohol, 1,2-Hexanediol, Panthenol, Betaine, Sodium Hyaluronate, Tromethamine, Cetearyl Olivate, Sorbitan Olivate, Acrylates/C10-30 Alkyl Acrylate Crosspolymer, Biosaccharide Gum-1, Carbomer, Ethylhexylglycerin, Oryza Sativa (Rice) Extract, Parfum",hyaluronic-acid,,,,,,,,,,,,,open_beauty_facts,false
0044386120174,brightening-texture,Physicians Formula Butter Highlighter Pearl,Physicians Formula,,"Isononyl Isononanoate, Trimethylsiloxysilicate, Alumina, Vinyl Dimethicone/Methicone Silsesquioxane Crosspolymer, Ethylhexyl Isononanoate, Dimethicone, Silica, Bis-Diglyceryl Polyacyladipate-2, Disteardimonium Hectorite, Sorbic Acid, Phenoxyethanol, Parfum, Tin Oxide, Astrocaryum Murumuru Seed Butter, Astrocaryum Tucuma Seed Butter, Butyrospermum Parkii (Shea) Butter, Helianthus Annuus (Sunflower) Seed Oil, Theobroma Grandiflorum Seed Butter, Pentaerythrityl Tetraisostearate, Tocopherol, Capryli",hyaluronic-acid,,,,,,,,,,,,,open_beauty_facts,false
8699512011899,brightening-texture,Otacı Gül Kürü Yüz ve Boyun Kremi 50 ml,Otacı,,"Aqua, Glyceryl Stearate SE, Cetearyl Alcohol, Simmondsia Chinensis (Jojoba) Seed Oil, Caprylic/Capric Triglyceride, Undecane, Glycerin, Aloe Barbadensis Leaf Juice, Rosa Damascena Flower Water Extract, Sodium Hyaluronate, Butyrospermum Parkii (Shea) Butter, Tocopheryl Acetate, Panthenol, Olea Europaea (Olive) Fruit Oil, Xanthan Gum, Carbomer, Hydrogenated Castor Oil, Tridecane, Phenoxyethanol, Sodium Hydroxide, Potassium Sorbate, Sodium Benzoate, Citric Acid, Geraniol, Eugenol, Benzyl Alcohol, C",hyaluronic-acid,,,,,,,,,,,,,open_beauty_facts,false
8682773091960,brightening-texture,The Purest Solutions Karma ve Kuru Cilt Temizleme Jeli 200 ml,The Purest Solutions,,"Aqua, Disodium Laureth Sulfosuccinate, Cocamidopropyl Betaine, Lauryl Glucoside, Sodium C14-16 Olefin Sulfonate, Sodium Cocoyl Isethionate, Phenethyl Alcohol, 1,2-Hexanediol, PEG-7 Glyceryl Cocoate, Ceramide 3, Sodium Hyaluronate Crosspolymer, Sodium Hyaluronate, Sodium Acetylated Hyaluronate, Hydrolyzed Sodium Hyaluronate, Pentylene Glycol, Ethylhexylglycerin, Alpha-Glucan Oligosaccharide, Sodium PCA, Panthenol, PEG/PPG-120/10 Trimethylolpropane Trioleate, Laureth-2, Hydrolyzed Corn Starch, Bet",hyaluronic-acid;ceramides,,,,,,,,,,,,,open_beauty_facts,false
3600542385336,brightening-texture,Garnier Nem Bombası Dinlendirici Kağıt Maske 28 gr,Garnier,,"Aqua, Propylene Glycol, Glycerin, P-Anisic Acid, Benzyl Alcohol, Benzyl Benzoate, Chamomilla Recutita (Matricaria) Flower Extract, Dipotassium Glycyrrhizate, Glyceryl Acrylate/Acrylic Acid Copolymer, Hydrogenated Starch Hydrolysate, Hydroxyacetophenone, Hydroxyethylcellulose, Mannose, PEG-40 Hydrogenated Castor Oil, Phenoxyethanol, Potassium Hydroxide, Potassium Sorbate, PVM/MA Copolymer, Sodium Hyaluronate, Sorbic Acid, Xanthan Gum, Parfum",hyaluronic-acid,,,,,,,,,,,,,open_beauty_facts,false
5900525095183,brightening-texture,Yoskine Japon Pure Yoğun Kıvamlı Yüz Peelingi 75 ml,Yoskine,,"Aqua, Sapphire Powder, Oryza Sativa (Rice) Powder, Camellia Sinensis Leaf Extract, Sodium Hyaluronate, Camellia Japonica Seed Oil, Glycerin, Sodium Cocoyl Isethionate, Sodium Chloride, Citric Acid, Phenoxyethanol, Ethylhexylglycerin",hyaluronic-acid,,,,,,,,,,,,,open_beauty_facts,false
0681619820939,brightening-texture,theBalm Lip Oil Dudak Yağı Take The High Rose,theBalm,,"Water ((Aqua) Eau), Glycerin, Triethanolamine, Acrylates/C10-30 Alkyl Acrylate Crosspolymer, Aloe Barbadensis Leaf Juice, Propylene Glycol, Phenoxyethanol, Caprylyl Glycol, Ethylhexylglycerin, Hexylene Glycol, Sodium Hyaluronate, Potassium Sorbate, Sodium Dehydroacetate, Camellia Oleifera Leaf Extract, Red 33 (CI 17200)",hyaluronic-acid,,,,,,,,,,,,,open_beauty_facts,false
0681619820922,brightening-texture,"theBalm Lip Oil Dudak Yağı Too Slow, Mauve Over",theBalm,,"Water ((Aqua) Eau), Glycerin, Triethanolamine, Acrylates/C10-30 Alkyl Acrylate Crosspolymer, Aloe Barbadensis Leaf Juice, Propylene Glycol, Phenoxyethanol, Caprylyl Glycol, Ethylhexylglycerin, Hexylene Glycol, Sodium Hyaluronate, Potassium Sorbate, Sodium Dehydroacetate, Camellia Oleifera Leaf Extract, Red 33 (CI 17200)",hyaluronic-acid,,,,,,,,,,,,,open_beauty_facts,false
0681619820915,brightening-texture,theBalm Lip Oil Dudak Yağı Little Red Corvette,theBalm,,"Water ((Aqua) Eau), Glycerin, Triethanolamine, Acrylates/C10-30 Alkyl Acrylate Crosspolymer, Aloe Barbadensis Leaf Juice, Propylene Glycol, Phenoxyethanol, Caprylyl Glycol, Ethylhexylglycerin, Hexylene Glycol, Sodium Hyaluronate, Potassium Sorbate, Sodium Dehydroacetate, Camellia Oleifera Leaf Extract, Red 33 (CI 17200)",hyaluronic-acid,,,,,,,,,,,,,open_beauty_facts,false
0681619820885,brightening-texture,theBalm Lip Oil Dudak Yağı Berry Fast,theBalm,,"Water ((Aqua) Eau), Glycerin, Triethanolamine, Acrylates/C10-30 Alkyl Acrylate Crosspolymer, Aloe Barbadensis Leaf Juice, Propylene Glycol, Phenoxyethanol, Caprylyl Glycol, Ethylhexylglycerin, Hexylene Glycol, Sodium Hyaluronate, Potassium Sorbate, Sodium Dehydroacetate, Camellia Oleifera Leaf Extract, Red 33 (CI 17200)",hyaluronic-acid,,,,,,,,,,,,,open_beauty_facts,false
3600542385329,brightening-texture,Garnier Moisture Bomb Refreshing Sheet Mask,Garnier,,"Aqua (Water), Propylene Glycol, Glycerin, Camellia Sinensis Leaf Extract, Citric Acid, Dipotassium Glycyrrhizate, Glyceryl Acrylate/Acrylic Acid Copolymer, Hydrogenated Starch Hydrolysate, Hydroxyacetophenone, Hydroxyethylcellulose, Limonene, Mannose, P-Anisic Acid, PEG-40 Hydrogenated Castor Oil, Phenoxyethanol, Potassium Hydroxide, Potassium Sorbate, PVM/MA Copolymer, Sodium Benzoate, Sodium Hyaluronate, Xanthan Gum, Parfum (Fragrance)",hyaluronic-acid,,,,,,,,,,,,,open_beauty_facts,false
8697916024613,brightening-texture,Dermokil Canlandırıcı Kafein Hyalüronik Asit Hidrojel Göz Altı Maskesi 7 gr,Dermokil,,"Aqua, Glycerin, Hydroxyethylcellulose, Xanthan Gum, Gellan Gum, Chondrus Crispus Powder, Sodium Hyaluronate, Caffeine, Xylitylglucoside, Anhydroxylitol, Xylitol, Propylene Glycol, 1,2-Hexanediol, Hydroxyacetophenone, Potassium Chloride, Tetrasodium EDTA, CI 16255",hyaluronic-acid,,,,,,,,,,,,,open_beauty_facts,false
7350104244811,brightening-texture,"Celenes Nordic Cloudberry Stick Lip Balm 4,8 gr",Celenes,,"Caprylic/Capric Triglyceride, Helianthus Annuus (Sunflower) Seed Wax, Cocos Nucifera Oil, Oryza Sativa (Rice) Bran Wax, Coco-Caprylate/Caprate, Cetearyl Behenate, Bis-Diglyceryl Polyacyladipate-2, Shea Butter Ethyl Esters, Hydrogenated Polydecene, Aroma, Ricinus Communis Seed Oil, Tocopheryl Acetate, CI 26100, Sorbitan Olivate, Sodium Hyaluronate, Caproic Acid",hyaluronic-acid,,,,,,,,,,,,,open_beauty_facts,false
8904256023375,brightening-texture,Body Lotion Aloe Hydration,Nivea,,"Aqua, Alcohol Denat.(7.93% V/V) Glycerin, Isopropyl Palmitate, Glyceryl Stearate SE, Cetearyl Alcohol, Hydroxypropyl Starch Phosphate, Aloe Barbadensis Leaf Juice Powder, Sodium Hyaluronate, Sodium Cetearyl Sulfate, Xanthan Gum, Gellan Gum, Phenoxyethanol, Citric Acid, Hydroxyacetophenone, Parfum",hyaluronic-acid,,,,,,,,,,,,,open_beauty_facts,false
3337875598750,brightening-texture,"CeraVe Moisturising Lotion 1L, for dry to very dry skin",CeraVe,,2021502 3 - INGREDIENTS: AQUA / WATER • GLYCERIN • CAPRYLIC/CAPRIC TRIGLYCERIDE • CETEARYL ALCOHOL • CETYL ALCOHOL • DIMETHICONE • PHENOXYETHANOL • POLYSORBATE 20 • CETEARETH-20 • BEHENTRIMONIUM METHOSULFATE • POLYGLYCERYL-3 DIISOSTEARATE • SODIUM LAUROYL LACTYLATE • ETHYLHEXYLGLYCERIN • POTASSIUM PHOSPHATE • DISODIUM EDTA • DIPOTASSIUM PHOSPHATE • CERAMIDE NP • CERAMIDE AP • PHYTOSPHINGOSINE • CHOLESTEROL • XANTHAN GUM • CARBOMER • SODIUM HYALURONATE • TOCOPHEROL • CERAMIDE EOP (F.I.L. D213778/,hyaluronic-acid;ceramides,,,,,,,,,,,,,open_beauty_facts,false
3662361003228,brightening-texture,creme hydraliane,SVR,,".كريم ترطيب عميق يهدئ ويرتح عطر رقيق. يستخدم صباحا ومساء غير AQUA/WATER/EAU, HELIANTHUS ANNUUS (SUNFLOWER) SEED OIL, C10-18 TRIGLYCERIDES, GLYCERYL STEARATE SE, GLYCERIN, SORBITOL, PENTYLENE GLYCOL, ZEA MAYS (CORN) STARCH. SCLEROTIUM GUM, SODIUM STEAROYL GLUTAMATE, SODIUM HYALURONATE, TOCOPHEROL, CITRIC ACID. OLEA EUROPAEA (OLIVE) FRUIT OIL, GLYCERYL CAPRYLATE, PRUNUS AMYGDALUS DULCIS (SWEET ALMOND) OIL, HYDROGENATED VEGETABLE OIL, XANTHAN GUM, PARFUM/FRAGRANCE us 11 méométrique, 11 volontaires/",hyaluronic-acid,,,,,,,,,,,,,open_beauty_facts,false
3337875597470,brightening-texture,Cerave Moisturising Cream,Cerave,,"AQUA/WATER,
GLYCERIN, CETEARYL ALCOHOL,
CAPRYLIC/CAPRIC TRIGLYCERIDE, CETYL
ALCOHOL, CETEARETH-20, PETROLATUM,
DIMETHICONE, PHENOXYETHANOL,
BEHENTRIMONIUM METHOSULFATE,
POTASSIUM PHOSPHATE,
ETHYLHEXYLGLYCERIN, SODIUM LAUROYL
LACTYLATE, DISODIUM EDTA, DIPOTASSIUM
PHOSPHATE, CERAMIDE NP, CERAMIDE AP,
PHYTOSPHINGOSINE, CHOLESTEROL,
XANTHAN GUM, CARBOMER, SODIUM
HYALURONATE, TOCOPHEROL, CERAMIDE",ceramides,,,,,,,,,,,,,open_beauty_facts,false
8050999571489,brightening-texture,Shover gel Aloe,Dermomed,,"DERMOmed BAGNODOCCIA Aloe Dermomed Bagnodoccia Aloe. Rispetta la pelle, anche quella più delicata, rendendola profumata, morbida e setosa. Con acido ialuronico, pH 5.5. Dermatologicamente testato. EN - Dermomed Shower Gel Aloe. Fragrant skin. With hyaluronic acid, pH 5.5. Dermatologically tested. NL - Dermomed douchegel Aloë. Geparfumeerde huid. Met hyaluronzuur, pH 5,5. Dermatologisch getest. FR - Dermomed Gel douche Aloe. Peau Parfumée. Avec de l'acide hyaluronique, pH 5.5. Testé dermatologiqu",hyaluronic-acid,,,,,,,,,,,,,open_beauty_facts,false
8684180515206,brightening-texture,su bazlı yoğun nemlendirici krem,wiwify,,"Aqua, Capryli Capric Triglyceride, Cetearyl Alcohol, Propylen Glycol, Glyceryl Stearate, Dimethicone, Glycerin, Acacia Seyal Gum Extract, Adansonia Digitata Seed Oil, Triticum Vulgare Germ Oil, Simmond - sia Chinensis Seed Oil, Prunus Armeniaca Kernel Oil, Caprylyl Glycol, Caprylhydroxamic Acid, Ceteareth-20, Ceteareth-12, Panthenol, Hypericum Perforatum Extract, Hypericum Perforatum Oil, Lavandula Angustifolia Oil, Citrus Limon Peel Oil, Cetyl Palmitate, Parfum, Phragmites Kharka Extract, Poria",hyaluronic-acid,,,,,,,,,,,,,open_beauty_facts,false
4891228306564,brightening-texture,Schick Hydro 5 Sensitive Razor Blades Refills 8 pack,Schick,,"PEG115M, Polyquaternium10, Silica [Nano], Aqua, Sodium Acetate, Sodium Chloride, Zinc Stearate, Isopropyl Alcohol, Cyclodextrin, Aloe Barbadensis Leaf Juice, Maltodextrin, Sodium Hyaluronate, Panthenol, Hydrogenated Jojoba Oil, Calendula Officinalis Flower, Camellia Sinensis Leaf Powder, Ceramide NG, Tocopherol",hyaluronic-acid;ceramides,,,,,,,,,,,,,open_beauty_facts,false
4891228305437,brightening-texture,Schick Hydro 5 Razor Blades 8 pack,Schick,,"PEG115M, Silica [Nano], Zinc Stearate, Cyclodextrin, Sodium Starch Octenylsuccinate, Menthol, Aloe Barbadensis Leaf Juice, Maltodextrin, Sodium Hyaluronate, Panthenol, Tocopherol, Butyrospermum Parkii Butter, Candelilla Cera, Hydrated Silica",hyaluronic-acid,,,,,,,,,,,,,open_beauty_facts,false
9330344004473,brightening-texture,Schick Hydro Silk Disposables Razor 2 pack,Schick,,"PEG-180M, HYDROXYPROPYL METHYLCELLULOSE, SILICA [NANO], AQUA, SODIUM CHLORIDE, ZINC STEARATE, CELLULOSE, MALTODEXTRIN, ALOE BARBADENSIS LEAF JUICE, BUTYROSPERMUM PARKII BUTTER, CAMELLIA SINENSIS LEAF POWDER, CERAMIDE NG, CHAMOMILLA RECUTITA FLOWER POWDER, COCOS NUCIFERA OIL, PERSEA GRATTISSIMA OIL, SEA SILT, SODIUM HYALURONATE.",hyaluronic-acid;ceramides,,,,,,,,,,,,,open_beauty_facts,false
9421035736763,brightening-texture,Dosetheory Moisture Infuse Conditioner 330mL,Dosetheory,,"Water, Cetearyl Alcohol, Behentrimonium Methosulfate, Caprylic/Capric Triglyceride, Glycerin, Panthenol (ProVitamin B5), Sodium Hyaluronate, Benzyl Alcohol, Sodium Citrate, Dehydroacetic Acid, Citric Acid, Fragrance, Linalool.",hyaluronic-acid,,,,,,,,,,,,,open_beauty_facts,false
3616307650052,brightening-texture,Rimmel Thrill Seeker Glassy Gloss Coco Suga 10mL,Rimmel,,"HYDROGENATED POLYISOBUTENE, POLYBUTENE, C12-15 ALKYL BENZOATE, TRIDECYL TRIMELLITATE, ETHYLENE/PROPYLENE/STYRENE COPOLYMER, BIS-DIGLYCERYL POLYACYLADIPATE-2, BUTYLENE/ETHYLENE/STYRENE COPOLYMER, CAPRYLYL GLYCOL, RICINUS COMMUNIS (CASTOR) SEED OIL, PARFUM/FRAGRANCE, SILICA DIMETHYL SILYLATE, PENTAERYTHRITYL TETRA-DI-T-BUTYL HYDROXYHYDROCINNAMATE, TOCOPHERYL ACETATE, HELIANTHUS ANNUUS (SUNFLOWER) SEED OIL, SODIUM HYALURONATE, STEVIA REBAUDIANA LEAF/STEM EXTRACT, EUTERPE OLERACEA FRUIT EXTRACT, LYC",hyaluronic-acid,,,,,,,,,,,,,open_beauty_facts,false
9314057018750,brightening-texture,Dermaveen Hair + Scalp Extra Hydration Shampoo 500mL,Dermaveen,,"Aqua, Sodium Laureth Sulfate, Glycerin, Cocoamidopropyl Betaine, Glycol Stearate, Avena Sativa Kernel Flour, Sodium PCA, Sodium Citrate, Phenoxyethanol, Panthenol, Caprylyl Glycol, Sodium Chloride, Disodium EDTA, Citric Acid, Sorbic Acid, Sodium Benzoate, Hydrolyzed Jojoba Esters, Sodium Hyaluronate",hyaluronic-acid,,,,,,,,,,,,,open_beauty_facts,false
3616307650151,brightening-texture,Rimmel Multi Tasker Concealer Ivory 10 ML,Rimmel Multi Tasker,,"AQUA/WATER/EAU, ISODODECANE, CYCLOPENTASILOXANE, TRIMETHYLSILOXYSILICATE, BUTYLENE GLYCOL, CETYL PEG/PPG-10/1 DIMETHICONE, TALC, CETEARYL ETHYLHEXANOATE, ACRYLATES CROSSPOLYMER, DIMETHICONE/VINYL DIMETHICONE CROSSPOLYMER, MAGNESIUM SULFATE, BIS-PEG/PPG-14/14 DIMETHICONE, BORON NITRIDE, AMMONIUM ACRYLATES COPOLYMER, TRIBEHENIN, ISOPROPYL TITANIUM TRIISOSTEARATE, DISTEARDIMONIUM HECTORITE, LECITHIN, LAURETH-7, ALUMINA, PHENOXYETHANOL, TRIHYDROXYSTEARIN, CHLORPHENESIN, PROPYLENE CARBONATE, XANTHAN ",hyaluronic-acid,,,,,,,,,,,,,open_beauty_facts,false
9370700082509,brightening-texture,Revlon Illuminance Serum Concealer Light Medium 5mL,Revlon,,"AQUA, DIMETHICONE, ISONONYL ISONONANOATE, CAPRYLIC/CAPRIC TRIGLYCERIDE,GLYCERIN, BUTYLENE GLYCOL, CETYL PEG/PPG-10/1 DIMETHICONE, TRIMETHYLSILOXYSILICATE, SORBITAN OLIVATE, SODIUM CHLORIDE, TRIBEHENIN, DISTEARDIMONIUM HECTORITE, PHENOXYETHANOL, ETHYLHEXYLGLYCERIN, CAPRYLYL GLYCOL, ETHYLHEXYLGLYCERIN, SQUALANE, SODIUM HYALURONATE, XANTHAN GUM, MICA, TRIETHOXYCAPRYLYLSILANE, TITANIUM DIOXIDE (CI 77891), TRIETHOXYCAPRYLYLSILANE, ALUMINA, IRON OXIDES (CI 77492), TRIETHOXYCAPRYLYLSILANE, IRON OXIDES ",hyaluronic-acid,,,,,,,,,,,,,open_beauty_facts,false
9344329267685,brightening-texture,Maybelline Superfluff Brow Mousse Deep Brown 5mL,Maybelline,,"2057285 AQUA / WATER / EAU, ALCOHOL DENAT., ORYZA SATIVA CERA / RICE BRAN WAX, CERA ALBA / BEESWAX / CIRE DABEILLE, CAPRYLIC / CAPRIC TRIGLYCERIDE, POLYHYDROXYSTEARIC ACID, GLYCERIN, PALMITIC ACID, STEARIC ACID, BEHENYL ALCOHOL, COPERNICA CERIFERA CERA / CARNAUBA WAX / CIRE DE CARNAUBA, CELLULOSE GUM, POLYGLYCERYL-3 STEARATE, PHENOXYETHANOL, SILICA, SODIUM BENZOATE, XANATHAN GUM, SODIUM HYDROXIDE, POTASSIUM SORBATE, CAFFEINE, BIOTIN, RICINUS COMMMUNIS SEED OIL / CASTOR SEED OIL, SODIUM HYALURONA",hyaluronic-acid,,,,,,,,,,,,,open_beauty_facts,false
3616307088305,brightening-texture,Rimmel Multi Tasker Setting Spray 100mL,Rimmel,,"AQUA/WATER/EAU, ALCOHOL DENAT., BUTYLENE GLYCOL, AMMONIUM ACRYLATES COPOLYMER, PHENOXYETHANOL, GLYCERIN, PARFUM/FRAGRANCE, CAPRYLYL GLYCOL, POLYSORBATE 20, SODIUM PCA, UREA, SORBIC ACID, PROPYLENE GLYCOL, HEXYL CINNAMAL, TREHALOSE, HEXYLENE GLYCOL, LIMONENE, CHAMOMILLA RECUTITA (MATRICARIA) EXTRACT, CUCUMIS SATIVUS (CUCUMBER) FRUIT EXTRACT, POLYQUATERNIUM-51, BENZYL SALICYLATE, LINALOOL, GERANIOL, CITRONELLOL, TRIACETIN, ALPHA-ISOMETHYL IONONE, HYDROXYCITRONELLAL, LEUCONOSTOC/RADISH ROOT FERMENT",hyaluronic-acid,,,,,,,,,,,,,open_beauty_facts,false
4891228312503,brightening-texture,Schick Silk Hydro Deluxe Care Razor Kit + 2 Refill Blades 1 Each,Schick,,"PEG-180M, HYDROXYPROPYL METHYLCELLULOSE, SILICA [NANO], AQUA, SODIUM CHLORIDE, ZINC STEARATE, CELLULOSE, MALTODEXTRIN, ALOE BARBADENSIS LEAF JUICE, BUTYROSPERMUM PARKII BUTTER, CAMELLIA SINENSIS LEAF POWDER, CERAMIDE NG, CHAMOMILLA RECUTITA FLOWER POWDER, COCOS NUCIFERA OIL, PERSEA GRATISSIMA OIL, SEA SILT, SODIUM HYALURONATE.",hyaluronic-acid;ceramides,,,,,,,,,,,,,open_beauty_facts,false
9344329236506,brightening-texture,Maybelline Lifter Gloss Lip Gloss Petal 5.4mL,Maybelline,,"G2033552 INGREDIENTS: C18-36 ACID TRIGLYCERIDE, BIS-DIGLYCERYL POLYACYLADIPATE-2, PENTAERYTHRITYL TETRAISOSTEARATE, POLYBUTENE, TRIDECYL TRIMELLITATE, DIISOSTEARYL MALATE, SILICA DIMETHYL SILYLATE, PHENOXYETHANOL, ETHYLHEXYL PALMITATE, PENTAERYTHRITYL TETRA-DI-T-BUTYL HYDROXYHYDROCINNAMATE, CALCIUM SODIUM BOROSILICATE, ETHYLHEXYLGLYCERIN, CALCIUM ALUMINUM BOROSILICATE, TOCOPHERYL ACETATE, SODIUM SACCHARIN, SORBIC ACID, ALUMINA, SILICA, POLYBUTYLENE TEREPHTHALATE, TRIHYDROXYSTEARIN, COCOS NUCIFER",hyaluronic-acid,,,,,,,,,,,,,open_beauty_facts,false
9370700076980,brightening-texture,Revlon Illuminance Balm Primer 30mL,Revlon,,"AQUA, DIMETHICONE, BUTYLENE GLYCOL, BIS-DIGLYCERYL POLYACYLADIPATE-2, GLYCERYL STEARATE, BUTYROSPERMUM PARKII (SHEA BUTTER), CETYL ALCOHOL, OCTYLDODECYL STEAROYL STEARATE, PEG-100 STEARATE, DIMETHICONE/VINYL DIMETHICONE CROSSPOLYMER, SORBITAN STEARATE, SQUALANE, ACRYLATES/C10-30 ALKYL ACRYLATE CROSSPOLYMER, CAPRYLYL GLYCOL, CITRUS PARADISI (GRAPEFRUIT) PEEL OIL, CITRUS TANGERINA (TANGERINE) PEEL OIL, ETHYLHEXYLGLYCERIN, HYDROGENATED VEGETABLE OIL, PANTHENOL, PHENOXYETHANOL, PRUNUS AMYGDALUS DULC",hyaluronic-acid,,,,,,,,,,,,,open_beauty_facts,false
9370700082424,brightening-texture,Revlon Illuminance Glow Filter Light 30mL,Revlon,,"AQUA, HYDROGENATED POLYDECENE, ISONONYL ISONONANOATE, BUTYLENE GLYCOL, CETYL PEG/PPG-10/1 DIMETHICONE, GLYCERIN, HYDROGENATED STYRENE/ISOPRENE COPOLYMER, BISMUTH OXYCHLORIDE, POLYGLYCERYL-4 ISOSTEARATE, CAPRYLIC/CAPRIC TRIGLYCERIDE, SODIUM CHLORIDE, ALUMINUM HYDROXIDE, CAPRYLYL GLYCOL, CI 77019, CI 77491, CI 77492, CI 77499, CI 77891, ETHYLHEXYLGLYCERIN, PHENOXYETHANOL, SODIUM HYALURONATE, SODIUM STEAROYL GLUTAMATE, SQUALANE, TOCOPHERYL ACETATE",hyaluronic-acid,,,,,,,,,,,,,open_beauty_facts,false
9370700082448,brightening-texture,Revlon Illuminance Glow Filter Light Medium 30mL,Revlon,,"AQUA, HYDROGENATED POLYDECENE, ISONONYL ISONONANOATE, BUTYLENE GLYCOL, CETYL PEG/PPG-10/1 DIMETHICONE, GLYCERIN, HYDROGENATED STYRENE/ISOPRENE COPOLYMER, BISMUTH OXYCHLORIDE, POLYGLYCERYL-4 ISOSTEARATE, CAPRYLIC/CAPRIC TRIGLYCERIDE, SODIUM CHLORIDE, ALUMINUM HYDROXIDE, CAPRYLYL GLYCOL, CI 77019, CI 77491, CI 77492, CI 77499, CI 77891, ETHYLHEXYLGLYCERIN, PHENOXYETHANOL, SODIUM HYALURONATE, SODIUM STEAROYL GLUTAMATE, SQUALANE, TOCOPHERYL ACETATE",hyaluronic-acid,,,,,,,,,,,,,open_beauty_facts,false
9370700082462,brightening-texture,Revlon Illuminance Glow Filter Medium 30mL,Revlon,,"AQUA, HYDROGENATED POLYDECENE, ISONONYL ISONONANOATE, BUTYLENE GLYCOL, CETYL PEG/PPG-10/1 DIMETHICONE, GLYCERIN, HYDROGENATED STYRENE/ISOPRENE COPOLYMER, BISMUTH OXYCHLORIDE, POLYGLYCERYL-4 ISOSTEARATE, CAPRYLIC/CAPRIC TRIGLYCERIDE, SODIUM CHLORIDE, ALUMINUM HYDROXIDE, CAPRYLYL GLYCOL, CI 77019, CI 77491, CI 77492, CI 77499, CI 77891, ETHYLHEXYLGLYCERIN, PHENOXYETHANOL, SODIUM HYALURONATE, SODIUM STEAROYL GLUTAMATE, SQUALANE, TOCOPHERYL ACETATE",hyaluronic-acid,,,,,,,,,,,,,open_beauty_facts,false
9370700048970,brightening-texture,Revlon Colorstay Normal/dry Longwear Makeup Fresh Beige 30mL,Revlon,,"Cyclopentasiloxane, Aqua/Water/Eau, Dimethicone, Trimethylsiloxysilicate, Titanium Dioxide, PEG-9 Polydimethylsiloxyethyl Dimethicone, Phenyl Trimethicone, Zinc Oxide [nano], Silica, Methyl Methacrylate Crosspolymer, Butylene Glycol, Nylon-12, Dimethicone/PEG-10/15 Crosspolymer, Alumina, Disteardimonium Hectorite, Ethylene Brassylate, Hydrogen Dimethicone, Hydrolyzed Vegetable Protein, Laureth-7, Magnesium Sulfate, Methicone, Mica, Polyglyceryl-3 Diisostearate, Salicylic Acid, Sodium Hyaluronate",hyaluronic-acid,,,,,,,,,,,,,open_beauty_facts,false
9370700066783,brightening-texture,Revlon Colorstay Concealer Flexwear Light Medium 11.4mL,Revlon,,"Aqua/Water/Eau, Dimethicone, Trimethylsiloxysilicate, Cyclopentasiloxane, Glycerin, Zinc Oxide [nano], PEG/PPG-18/18 Dimethicone, Polyglyceryl-3 Diisostearate, Bis-PEG/PPG-14/14 Dimethicone, Disteardimonium Hectorite, Sodium Chloride, Tribehenin, Butylene Glycol, 1,2-Hexanediol, Alcohol, Alumina, Boron Nitride, Caprylyl Glycol, Dimethiconol, Hydrogen Dimethicone, Methicone, Methyl Methacrylate Crosspolymer, Mica, Sodium Hyaluronate, Sorbitan Sesquioleate, Tetrasodium EDTA, Tocopheryl Acetate, Tr",hyaluronic-acid,,,,,,,,,,,,,open_beauty_facts,false
9370700066790,brightening-texture,Revlon Colorstay Concealer Flexwear Medium 11.4mL,Revlon,,"Aqua/Water/Eau, Dimethicone, Trimethylsiloxysilicate, Cyclopentasiloxane, Glycerin, Zinc Oxide [nano], PEG/PPG-18/18 Dimethicone, Polyglyceryl-3 Diisostearate, Bis-PEG/PPG-14/14 Dimethicone, Disteardimonium Hectorite, Sodium Chloride, Tribehenin, Butylene Glycol, 1,2-Hexanediol, Alcohol, Alumina, Boron Nitride, Caprylyl Glycol, Dimethiconol, Hydrogen Dimethicone, Methicone, Methyl Methacrylate Crosspolymer, Mica, Sodium Hyaluronate, Sorbitan Sesquioleate, Tetrasodium EDTA, Tocopheryl Acetate, Tr",hyaluronic-acid,,,,,,,,,,,,,open_beauty_facts,false
9370700082493,brightening-texture,Revlon Illuminance Serum Concealer  Light 5mL,Revlon,,"AQUA, DIMETHICONE, ISONONYL ISONONANOATE, CAPRYLIC/CAPRIC TRIGLYCERIDE,GLYCERIN, BUTYLENE GLYCOL, CETYL PEG/PPG-10/1 DIMETHICONE, TRIMETHYLSILOXYSILICATE, SORBITAN OLIVATE, SODIUM CHLORIDE, TRIBEHENIN, DISTEARDIMONIUM HECTORITE, PHENOXYETHANOL, ETHYLHEXYLGLYCERIN, CAPRYLYL GLYCOL, ETHYLHEXYLGLYCERIN, SQUALANE, SODIUM HYALURONATE, XANTHAN GUM, MICA, TRIETHOXYCAPRYLYLSILANE, TITANIUM DIOXIDE (CI 77891), TRIETHOXYCAPRYLYLSILANE, ALUMINA, IRON OXIDES (CI 77492), TRIETHOXYCAPRYLYLSILANE, IRON OXIDES ",hyaluronic-acid,,,,,,,,,,,,,open_beauty_facts,false
9370700083841,brightening-texture,Revlon Illuminance Hydrating + Smoothing Primer 28mL,Revlon,,"Aqua/Water/Eau, C10-11 Isoparaffin, Dimethicone, Polysilicone-11, Glycerin, PEG/PPG-19/19 Dimethicone, C13-16 Isoparaffin, Panthenol, Acrylamide/Sodium Acryloyldimethyltaurate Copolymer, Butylene Glycol, C10-13 Isoparaffin, Caprylyl Glycol, Carbomer, Citric Acid, Cucurbita Pepo (Pumpkin) Seed Extract, Ethylhexylglycerin, Isohexadecane, Laureth-12, Maris Aqua/Sea Water/Eau De Mer, Palmitoyl Tetrapeptide-7, Palmitoyl Tripeptide-1, Polysorbate 20, Polysorbate 80, Sodium Hyaluronate, Tocopherol, Phe",hyaluronic-acid,,,,,,,,,,,,,open_beauty_facts,false
9370700071404,brightening-texture,Revlon Colorstay Limitless Matte Liquid Lipstick Poster Child 5mL,Revlon,,"Isododecane, Trimethylsiloxysilicate, Dimethicone, Polyethylene, Mica, Aminopropyl Dimethicone, Disteardimonium Hectorite, Citric Acid, Diisostearyl Malate, Helianthus Annuus (Sunflower) Seed Wax, Maltodextrin, Methicone, Polyisobutene, Propylene Carbonate, Ricinus Communis (Castor) Seed Oil, Sodium Hyaluronate, Vaccinium Macrocarpon (Cranberry) Fruit Extract, Parfum (Fragrance), Benzyl Benzoate, Limonene, Linalool, Benzoic Acid MAY CONTAIN/PEUT CONTENIR/PUEDE CONTENER (+/-): [Iron Oxides (CI 77",hyaluronic-acid,,,,,,,,,,,,,open_beauty_facts,false
9370700070551,brightening-texture,Revlon Colorstay Limitless Matte Liquid Lipstick Manifest 5mL,Revlon,,"Isododecane, Trimethylsiloxysilicate, Dimethicone, Polyethylene, Mica, Aminopropyl Dimethicone, Disteardimonium Hectorite, Citric Acid, Diisostearyl Malate, Helianthus Annuus (Sunflower) Seed Wax, Maltodextrin, Methicone, Polyisobutene, Propylene Carbonate, Ricinus Communis (Castor) Seed Oil, Sodium Hyaluronate, Vaccinium Macrocarpon (Cranberry) Fruit Extract, Parfum (Fragrance), Benzyl Benzoate, Limonene, Linalool, Benzoic Acid MAY CONTAIN/PEUT CONTENIR/PUEDE CONTENER (+/-): [Iron Oxides (CI 77",hyaluronic-acid,,,,,,,,,,,,,open_beauty_facts,false
9370700066776,brightening-texture,Revlon Colorstay Concealer Flexwear Light 11.4mL,Revlon,,"Aqua/Water/Eau, Dimethicone, Trimethylsiloxysilicate, Cyclopentasiloxane, Glycerin, Zinc Oxide [nano], PEG/PPG-18/18 Dimethicone, Polyglyceryl-3 Diisostearate, Bis-PEG/PPG-14/14 Dimethicone, Disteardimonium Hectorite, Sodium Chloride, Tribehenin, Butylene Glycol, 1,2-Hexanediol, Alcohol, Alumina, Boron Nitride, Caprylyl Glycol, Dimethiconol, Hydrogen Dimethicone, Methicone, Methyl Methacrylate Crosspolymer, Mica, Sodium Hyaluronate, Sorbitan Sesquioleate, Tetrasodium EDTA, Tocopheryl Acetate, Tr",hyaluronic-acid,,,,,,,,,,,,,open_beauty_facts,false
4005808236879,brightening-texture,Nivea body lotion,Nivea,,"Aqua, Paraffinum Liquidum, Isohexadecane, Glycerin, Isopropyl Palmitate, PEG-40 Sorbitan Perisostearate, Cera Microcristallina, Polyglyceryl-3 Diisostearate, Sodium Hyaluronate, Prunus Amygdalus Dulcis Oil, Tocopherol, Magnesium Sulfate, Sodium Citrate, Citric Acid, Tocopheryl Acetate, Potassium Sorbate, BHT, Parfum",hyaluronic-acid,,,,,,,,,,,,,open_beauty_facts,false
8901526641277,brightening-texture,L'Oreal Elvive Hyaluron Plump Conditioner 340mL,L'Oréal,,1267991 A - INGREDIENTS: AQUA / WATER - CETEARYL ALCOHOL - DIMETHICONE - GLYCERIN - BEHENTRIMONIUM CHLORIDE - CI 17200 / RED 33 - CI 42090 / BLUE 1 - LACTIC ACID - SODIUM LAURETH SULFATE - SODIUM HYDROXIDE - SODIUM HYALURONATE - PHENOXYETHANOL - LIMONENE - AMODIMETHICONE - ISOPROPYL ALCOHOL - CETRIMONIUM CHLORIDE - PARFUM / FRAGRANCE. Please be aware that ingredient lists for the products of our brand are updated regularly. Please refer to the ingredient list on your product package for the most,hyaluronic-acid,,,,,,,,,,,,,open_beauty_facts,false
4005900038005,brightening-texture,Nivea Express Hydration Body Lotion 400mL,Nivea,,"Aqua, Alcohol Denat., Glycerin, Isopropyl Palmitate, Glyceryl Stearate SE, Cetearyl Alcohol, Hydroxypropyl Starch Phosphate, Sodium Hyaluronate, Maris Sal, Vitis Vinifera Seed Oil, Sodium Cetearyl Sulfate, Xanthan Gum, Gellan Gum, Citric Acid, Hydroxyacetophenone, Phenoxyethanol, Parfum",hyaluronic-acid,,,,,,,,,,,,,open_beauty_facts,false
4005808232529,brightening-texture,Nivea Irresistibly Smooth Body Lotion Moisturiser + Shea Butter 400mL,Nivea,,"Aqua, Glycerin, Alcohol Denat., Cetearyl Alcohol, Ethylhexyl Cocoate, Glyceryl Stearate SE, Butyrospermum Parkii Butter, Isopropyl Palmitate, Macadamia Integrifolia Seed Oil, Sodium Hyaluronate, Tocopherol, Helianthus Annuus Seed Oil, Sodium Cetearyl Sulfate, Glyceryl Stearate, Hydroxypropyl Starch Phosphate, Xanthan Gum, Trisodium Ethylenediamine Disuccinate, Ethylhexylglycerin, Phenoxyethanol, Parfum",hyaluronic-acid,,,,,,,,,,,,,open_beauty_facts,false
8901526652013,brightening-texture,L'Oreal Elvive Hyaluron Pure Shampoo 340mL,L'Oréal,,1247270 B - INGREDIENTS: AQUA / WATER - GLYCERIN - CETEARYL ALCOHOL - DISTARCH PHOSPHATE - QUATERNIUM-87 - DIMETHICONE - CI 17200 / RED 33 - CI 42090 / BLUE 1 - LACTIC ACID - SODIUM HYALURONATE - PHENOXYETHANOL - STEARETH-6 - ACETIC ACID - PEG-150/DECYL ALCOHOL/SMDI COPOLYMER - PEG-100 STEARATE - BEHENTRIMONIUM CHLORIDE - TRIDECETH-10 - TRIDECETH-3 - CHLORHEXIDINE DIGLUCONATE - SALICYLIC ACID - PROPYLENE GLYCOL - AMODIMETHICONE - ISOPROPYL ALCOHOL - PARFUM / FRAGRANCE. (F.I.L. Z70032242/2). Plea,hyaluronic-acid,,,,,,,,,,,,,open_beauty_facts,false
8901526641314,brightening-texture,L'Oreal Elvive Hyaluron Plump Shampoo 340mL,L'Oréal,,1239839 G5 - INGREDIENTS: AQUA / WATER - SODIUM LAURETH SULFATE - GLYCOL DISTEARATE - SODIUM CHLORIDE - COCAMIDOPROPYL BETAINE - DIMETHICONE - CI 60730 / EXT. VIOLET 2 - GUAR HYDROXYPROPYLTRIMONIUM CHLORIDE - COCAMIDE MEA - COCO-BETAINE - SODIUM BENZOATE - SODIUM HYDROXIDE - SODIUM HYALURONATE - STEARETH-6 - PHENOXYETHANOL - ACETIC ACID - PEG-100 STEARATE - TRIDECETH-10 - TRIDECETH-3 - SALICYLIC ACID - LIMONENE - FUMARIC ACID - AMODIMETHICONE - CARBOMER - CITRIC ACID - HEXYLENE GLYCOL - PARFUM /,hyaluronic-acid,,,,,,,,,,,,,open_beauty_facts,false
8901526641239,brightening-texture,L'Oreal Elvive Hyaluron Plump Shampoo 800mL,L'Oréal,,1239839 G5 - INGREDIENTS: AQUA / WATER - SODIUM LAURETH SULFATE - GLYCOL DISTEARATE - SODIUM CHLORIDE - COCAMIDOPROPYL BETAINE - DIMETHICONE - CI 60730 / EXT. VIOLET 2 - GUAR HYDROXYPROPYLTRIMONIUM CHLORIDE - COCAMIDE MEA - COCO-BETAINE - SODIUM BENZOATE - SODIUM HYDROXIDE - SODIUM HYALURONATE - STEARETH-6 - PHENOXYETHANOL - ACETIC ACID - PEG-100 STEARATE - TRIDECETH-10 - TRIDECETH-3 - SALICYLIC ACID - LIMONENE - FUMARIC ACID - AMODIMETHICONE - CARBOMER - CITRIC ACID - HEXYLENE GLYCOL - PARFUM /,hyaluronic-acid,,,,,,,,,,,,,open_beauty_facts,false
8901526641192,brightening-texture,L'Oreal Elvive Hyaluron Plump Conditioner 800mL,L'Oréal,,1267991 A - INGREDIENTS: AQUA / WATER - CETEARYL ALCOHOL - DIMETHICONE - GLYCERIN - BEHENTRIMONIUM CHLORIDE - CI 17200 / RED 33 - CI 42090 / BLUE 1 - LACTIC ACID - SODIUM LAURETH SULFATE - SODIUM HYDROXIDE - SODIUM HYALURONATE - PHENOXYETHANOL - LIMONENE - AMODIMETHICONE - ISOPROPYL ALCOHOL - CETRIMONIUM CHLORIDE - PARFUM / FRAGRANCE. Please be aware that ingredient lists for the products of our brand are updated regularly. Please refer to the ingredient list on your product package for the most,hyaluronic-acid,,,,,,,,,,,,,open_beauty_facts,false
8901526651979,brightening-texture,L'Oreal Elvive Hyaluron Pure Conditioner 340mL,L'Oréal,,1202785 L - INGREDIENTS: AQUA / WATER - SODIUM LAURETH SULFATE - COCAMIDOPROPYL BETAINE - PARFUM / FRAGRANCE - COCAMIDE MEA - SODIUM CHLORIDE - SODIUM BENZOATE - SODIUM HYDROXIDE - HYDROXYPROPYL GUAR HYDROXYPROPYLTRIMONIUM CHLORIDE - SODIUM HYALURONATE - SALICYLIC ACID - LIMONENE - CITRIC ACID - HEXYLENE GLYCOL. (F.I.L. Z70031512/1). Please be aware that ingredient lists for the products of our brand are updated regularly. Please refer to the ingredient list on your product package for the most ,hyaluronic-acid,,,,,,,,,,,,,open_beauty_facts,false
3600524034962,brightening-texture,L'oreal Paris Elvive Hyaluron Plump Mask 300mL,L'Oréal,,"1239842 L - INGREDIENTS: AQUA/WATER, GLYCERIN, CETEARYL ALCOHOL, DISTARCH PHOSPHATE, QUATERNIUM-87, DIMETHICONE, CI 60730/ EXT. VIOLET 2, LACTIC ACID, SODIUM HYALURONATE, PHENOXYETHANOL, STEARETH-6, PEG-150/DECYL ALCOHOL/SMDI COPOLYMER, PEG-100 STEARATE, BEHENTRIMONIUM CHLORIDE, TRIDECETH-10, TRIDECETH-3, CHLORHEXIDINE DIGLUCONATE, PROPYLENE GLYCOL, AMODIMETHICONE, ISOPROPYL ALCOHOL, PARFUM/FRAGRANCE (F.I.L Z284418/1). CI 60730 / EXT. VIOLET 2 - LACTIC ACID - SODIUM LAURETH SULFATE - SODIUM HYAL",hyaluronic-acid,,,,,,,,,,,,,open_beauty_facts,false
3600542097147,brightening-texture,Garnier Pure Charcoal Mask Black Algae 28g,Garnier,,967635 03 - INGREDIENTS: AQUA / WATER - PROPANEDIOL - PENTYLENE GLYCOL - GLYCERIN - ANANAS SATIVUS FRUIT EXTRACT / PINEAPPLE FRUIT EXTRACT - BIOTIN - CAPRYLOYL SALICYLIC ACID - CITRIC ACID - GLYCERYL ACRYLATE/ACRYLIC ACID COPOLYMER - GLYCOLIC ACID - HYDROGENATED STARCH HYDROLYSATE - HYDROXYACETOPHENONE - HYDROXYETHYLCELLULOSE - PAPAIN - PEG-32 - PEG-40 HYDROGENATED CASTOR OIL - PHENOXYETHANOL - POTASSIUM HYDROXIDE - POTASSIUM SORBATE - PVM/MA COPOLYMER - SACCHAROMYCES/XYLINUM/BLACK TEA FERMENT -,hyaluronic-acid,,,,,,,,,,,,,open_beauty_facts,false
8901526663286,brightening-texture,L'Oreal Paris Elvive Hyaluron Pure Shampoo 800mL,L'Oréal,,1247270 B - INGREDIENTS: AQUA / WATER - GLYCERIN - CETEARYL ALCOHOL - DISTARCH PHOSPHATE - QUATERNIUM-87 - DIMETHICONE - CI 17200 / RED 33 - CI 42090 / BLUE 1 - LACTIC ACID - SODIUM HYALURONATE - PHENOXYETHANOL - STEARETH-6 - ACETIC ACID - PEG-150/DECYL ALCOHOL/SMDI COPOLYMER - PEG-100 STEARATE - BEHENTRIMONIUM CHLORIDE - TRIDECETH-10 - TRIDECETH-3 - CHLORHEXIDINE DIGLUCONATE - SALICYLIC ACID - PROPYLENE GLYCOL - AMODIMETHICONE - ISOPROPYL ALCOHOL - PARFUM / FRAGRANCE. (F.I.L. Z70032242/2). Plea,hyaluronic-acid,,,,,,,,,,,,,open_beauty_facts,false
9344329278599,brightening-texture,L'Oreal Paris True Match Liquid Foundation N5 Sand 30mL,L'Oréal,,G2078522 - INGREDIENTS: DIMETHICONE - AQUA / WATER - ISODODECANE - GLYCERIN - PEG-10 DIMETHICONE - METHYL METHACRYLATE CROSSPOLYMER - BUTYLENE GLYCOL - PENTYLENE GLYCOL - SYNTHETIC FLUORPHLOGOPITE - DISTEARDIMONIUM HECTORITE - HYDROXYETHYLPIPERAZINE ETHANE SULFONIC ACID - CETYL PEG/PPG-10/1 DIMETHICONE - SODIUM CHLORIDE - POLYGLYCERYL-4 ISOSTEARATE - HEXYL LAURATE - CAPRYLYL GLYCOL - PHENOXYETHANOL - DISODIUM STEAROYL GLUTAMATE - TOCOPHEROL - PANTHENOL - ALUMINUM HYDROXIDE - SILICA - HYDROXYETHY,hyaluronic-acid,,,,,,,,,,,,,open_beauty_facts,false
9356892000316,brightening-texture,Gem Skin Loving Deodorant Summer Spritz 127g 207mL,Gem,,"BUTANE, ISOBUTANE, PROPANE, ALUMINIUM CHLOROHYDRATE, CYCLOPENTASILOXANE, C12-15 ALKYL BENZOATE, DISTEARDIMONIUM HECTORITE, PROPYLENE CARBONATE, FRAGRANCE, BUTYROSPERMUM PARKII (SHEA) BUTTER, TOCOPHERYL ACETATE, SODIUM HYALURONATE",hyaluronic-acid,,,,,,,,,,,,,open_beauty_facts,false
8901526663323,brightening-texture,L'Oreal Paris Elvive Hyaluron Pure Conditioner 800mL,L'Oréal,,1202785 L - INGREDIENTS: AQUA / WATER - SODIUM LAURETH SULFATE - COCAMIDOPROPYL BETAINE - PARFUM / FRAGRANCE - COCAMIDE MEA - SODIUM CHLORIDE - SODIUM BENZOATE - SODIUM HYDROXIDE - HYDROXYPROPYL GUAR HYDROXYPROPYLTRIMONIUM CHLORIDE - SODIUM HYALURONATE - SALICYLIC ACID - LIMONENE - CITRIC ACID - HEXYLENE GLYCOL. (F.I.L. Z70031512/1). Please be aware that ingredient lists for the products of our brand are updated regularly. Please refer to the ingredient list on your product package for the most ,hyaluronic-acid,,,,,,,,,,,,,open_beauty_facts,false
9344329278575,brightening-texture,L'Oreal Paris True Match Liquid Foundation C3 Rose Beige 30mL,L'Oréal,,G2078522 - INGREDIENTS: DIMETHICONE - AQUA / WATER - ISODODECANE - GLYCERIN - PEG-10 DIMETHICONE - METHYL METHACRYLATE CROSSPOLYMER - BUTYLENE GLYCOL - PENTYLENE GLYCOL - SYNTHETIC FLUORPHLOGOPITE - DISTEARDIMONIUM HECTORITE - HYDROXYETHYLPIPERAZINE ETHANE SULFONIC ACID - CETYL PEG/PPG-10/1 DIMETHICONE - SODIUM CHLORIDE - POLYGLYCERYL-4 ISOSTEARATE - HEXYL LAURATE - CAPRYLYL GLYCOL - PHENOXYETHANOL - DISODIUM STEAROYL GLUTAMATE - TOCOPHEROL - PANTHENOL - ALUMINUM HYDROXIDE - SILICA - HYDROXYETHY,hyaluronic-acid,,,,,,,,,,,,,open_beauty_facts,false
9344329278582,brightening-texture,L'Oreal Paris True Match Liquid Foundation N3.5 Peach 30mL,L'Oréal,,G2078522 - INGREDIENTS: DIMETHICONE - AQUA / WATER - ISODODECANE - GLYCERIN - PEG-10 DIMETHICONE - METHYL METHACRYLATE CROSSPOLYMER - BUTYLENE GLYCOL - PENTYLENE GLYCOL - SYNTHETIC FLUORPHLOGOPITE - DISTEARDIMONIUM HECTORITE - HYDROXYETHYLPIPERAZINE ETHANE SULFONIC ACID - CETYL PEG/PPG-10/1 DIMETHICONE - SODIUM CHLORIDE - POLYGLYCERYL-4 ISOSTEARATE - HEXYL LAURATE - CAPRYLYL GLYCOL - PHENOXYETHANOL - DISODIUM STEAROYL GLUTAMATE - TOCOPHEROL - PANTHENOL - ALUMINUM HYDROXIDE - SILICA - HYDROXYETHY,hyaluronic-acid,,,,,,,,,,,,,open_beauty_facts,false
9344329278605,brightening-texture,L'oreal Paris True Match Liquid Foundation N6 Honey 30mL,L'Oréal,,G2078522 - INGREDIENTS: DIMETHICONE - AQUA / WATER - ISODODECANE - GLYCERIN - PEG-10 DIMETHICONE - METHYL METHACRYLATE CROSSPOLYMER - BUTYLENE GLYCOL - PENTYLENE GLYCOL - SYNTHETIC FLUORPHLOGOPITE - DISTEARDIMONIUM HECTORITE - HYDROXYETHYLPIPERAZINE ETHANE SULFONIC ACID - CETYL PEG/PPG-10/1 DIMETHICONE - SODIUM CHLORIDE - POLYGLYCERYL-4 ISOSTEARATE - HEXYL LAURATE - CAPRYLYL GLYCOL - PHENOXYETHANOL - DISODIUM STEAROYL GLUTAMATE - TOCOPHEROL - PANTHENOL - ALUMINUM HYDROXIDE - SILICA - HYDROXYETHY,hyaluronic-acid,,,,,,,,,,,,,open_beauty_facts,false
9344329278643,brightening-texture,L'Oreal Paris True Match Liquid Foundation C2 Rose Vanilla 30mL,L'Oréal,,G2078522 - INGREDIENTS: DIMETHICONE - AQUA / WATER - ISODODECANE - GLYCERIN - PEG-10 DIMETHICONE - METHYL METHACRYLATE CROSSPOLYMER - BUTYLENE GLYCOL - PENTYLENE GLYCOL - SYNTHETIC FLUORPHLOGOPITE - DISTEARDIMONIUM HECTORITE - HYDROXYETHYLPIPERAZINE ETHANE SULFONIC ACID - CETYL PEG/PPG-10/1 DIMETHICONE - SODIUM CHLORIDE - POLYGLYCERYL-4 ISOSTEARATE - HEXYL LAURATE - CAPRYLYL GLYCOL - PHENOXYETHANOL - DISODIUM STEAROYL GLUTAMATE - TOCOPHEROL - PANTHENOL - ALUMINUM HYDROXIDE - SILICA - HYDROXYETHY,hyaluronic-acid,,,,,,,,,,,,,open_beauty_facts,false
4987176290533,brightening-texture,Pantene Miracles Hyaluron Hydrate & Glow Daily Intensive Conditioner 350mL,Pantene,,"Water, Silicone Quaternium-26, Stearyl Alcohol, Behentrimonium Methosulfate, Ceatyl Alcohol, Fragrance, Isopropyl Alcohol, Benzyl Alcohol, Disodium Edta, Panthenol, Polysorbate 20, Histidine, Citric Acid, Sodium Hyaluronate, Methylchloroisothiazolinone, Methylisothiazolinone",hyaluronic-acid,,,,,,,,,,,,,open_beauty_facts,false
4987176290519,brightening-texture,Pantene Miracles Hyaluron Clarify & Hydrate Silicon Free Shampoo 375mL,Pantene,,"Water, Sodium Laureth Sulfate, Sodium Lauryl Sulfate, Cocamidopropyl Betaine, Sodium Xylenesulfonate, Citric Acid, Sodium Citrate, Sodium Chloride, Fragrance, Cocamide Mea, Sodium Benzoate, Tetrasodium Edta, Guar Hydroxypropyltrimonium Chloride, Peg-60 Almond Glycerides, Linoleamidopropyl Pg-Dimonium Chloride Phosphate, Propylene Glycol, Panthenol, Histidine, Sodium Hyaluronate, Methylchloroisothiazolinone, Methylisothiazolinone",hyaluronic-acid,,,,,,,,,,,,,open_beauty_facts,false
9355449000588,brightening-texture,Bunjie Baby Daily Sensitive Moisturising Lotion 500mL,Bunjie Baby,,"Aqua(Purified Water), Coco-Caprylate/Caprate, Glycerin, Cetyl Alcohol, Avena Sativa(Oat) Kernel Flour, Alpha-glucan Oligosaccharide, Cetearyl Olivate, Avena Sativa(Oat) Kernel Oil, Cocoa Theobroma(Cocoa) Butter, Polymnia Sonchifolia Root Juice, C12-16 Alcohols, Sorbitan Olivate, Aloe Barbadensis(Aloe) Leaf Powder, Lactobacillus, Tocopherol, Moringa Oleifera(Moringa) Seed Oil, Tasmannia Lanceolata Fruit/Leaf Extract, Maltodextrin, Lecithin, Palmitic Acid,  Xanthan Gum, Sodium Gluconate, Citric Ac",hyaluronic-acid,,,,,,,,,,,,,open_beauty_facts,false
9421027313163,brightening-texture,Glow Lab Hydrating Conditioner 600mL,Glow Lab,,"Water (Aqua), Cetyl Alcohol, Behentrimonium Methosulfate, Stearyl Alcohol, Betaine (Sugar Beet Extract), Behenamidopropyl Dimethylamine, Coco Caprylate/Caprate, Polyquaternium-81, Sodium Hyaluronate, Helianthus Annuus (Sunflower) Seed Oil, Butryospermum Parkii (Shea) Butter, Ceteareth 20, Tocopheryl Acetate (Vitamin E), Citric Acid, Sodium Hydroxide (pH Modifiers), Sodium Benzoate, Benzyl Alcohol, Dehydroacetic Acid (Preservatives), Fragrance.",hyaluronic-acid,,,,,,,,,,,,,open_beauty_facts,false
9421027313149,brightening-texture,Glow Lab Hydrating Shampoo 600mL,Glow Lab,,"Water (Aqua), Sodium Lauryl Ether Sulfate, Cocamidopropyl Betaine, Glycerin, Acrylates Copolymer, Sodium Methyl Palmitate Sulfonate, Betaine (Sugar Beet Extract), Caprylyl/Capryl Glucoside, Coco-Glucoside, Glyceryl Oleate (Plant Based Surfactants), Guar Hydroxypropyltrimonium Chloride, Polyquaternium 81, Sodium Hyaluronate, Butryospermum Parkii (Shea) Butter, Helianthus Annuus (Sunflower) Seed Oil, Tocopheryl Acetate (Vitamin E), Panthenol (Pro-Vitamin B5), Sodium Phytate, Sodium Chloride, Sodiu",hyaluronic-acid,,,,,,,,,,,,,open_beauty_facts,false
9344329280226,brightening-texture,Maybelline Serum Lipstick Maybe It's Soft each,Maybelline,,G2090572 4 - INGREDIENTS: DIMETHICONE - BIS-DIGLYCERYL POLYACYLADIPATE-2 - ISOHEXADECANE - HYDROGENATED POLYISOBUTENE - PHENYL TRIMETHICONE - TRIDECYL TRIMELLITATE - HYDROGENATED JOJOBA OIL - DIMETHICONE CROSSPOLYMER - KAOLIN - CELLULOSE - ISOSTEARYL ISOSTEARATE - PARAFFIN - CERA MICROCRISTALLINA / MICROCRYSTALLINE WAX - POLYETHYLENE - SYNTHETIC WAX - ETHYLHEXYL PALMITATE - VANILLIN - PENTAERYTHRITYL TETRA-DI-T-BUTYL HYDROXYHYDROCINNAMATE - SCLEROCARYA BIRREA SEED OIL - MORINGA OLEIFERA SEED OIL,hyaluronic-acid,,,,,,,,,,,,,open_beauty_facts,false
9344329200538,brightening-texture,Maybelline Lifter Lip Gloss Ice 5.4mL,Maybelline,,"G2033552 INGREDIENTS: C18-36 ACID TRIGLYCERIDE, BIS-DIGLYCERYL POLYACYLADIPATE-2, PENTAERYTHRITYL TETRAISOSTEARATE, POLYBUTENE, TRIDECYL TRIMELLITATE, DIISOSTEARYL MALATE, SILICA DIMETHYL SILYLATE, PHENOXYETHANOL, ETHYLHEXYL PALMITATE, PENTAERYTHRITYL TETRA-DI-T-BUTYL HYDROXYHYDROCINNAMATE, CALCIUM SODIUM BOROSILICATE, ETHYLHEXYLGLYCERIN, CALCIUM ALUMINUM BOROSILICATE, TOCOPHERYL ACETATE, SODIUM SACCHARIN, SORBIC ACID, ALUMINA, SILICA, POLYBUTYLENE TEREPHTHALATE, TRIHYDROXYSTEARIN, COCOS NUCIFER",hyaluronic-acid,,,,,,,,,,,,,open_beauty_facts,false
9300666565730,brightening-texture,Dove Damage Therapy Intensive Repair + Ceramide Mask 300mL,Dove,,"WATER, CETEARYL ALCOHOL, GLYCERIN, BEHENTRIMONIUM CHLORIDE, LACTIC ACID, DIMETHICONOL/SILSESQUIOXANE COPOLYMER, DIPROPYLENE GLYCOL, ISOHEXADECANE, SODIUM GLUTAMATE, CERAMIDE NG, SODIUM HYALURONATE, SODIUM BENZOATE, TRIDECETH-6, DISODIUM EDTA, CETRIMONIUM CHLORIDE, PHENOXYETHANOL, PRUNUS ARMENIACA (APRICOT) KERNEL OIL, GLYCERYL POLYMETHACRYLATE, RICINUS COMMUNIS (CASTOR) SEED OIL, OLEA EUROPAEA (OLIVE) FRUIT OIL, PEG-8, CHENOPODIUM QUINOA SEED EXTRACT, HYDROLYZED CICER SEED EXTRACT, LENS ESCULENT",hyaluronic-acid;ceramides,,,,,,,,,,,,,open_beauty_facts,false
9300607563535,brightening-texture,Neutrogena Deep Clean Hydrating Foaming Cleanser 150mL,Neutrogena,,"Water, Glycerin, Sodium Cocoyl Glycinate, Sodium Cocoyl Isethionate, Cocamidopropyl Betaine, Myristic Acid, Glycol Distearate, Acrylates Copolymer, Lauric Acid, PEG-120 Methyl Glucose Dioleate, Phenoxyethanol, Caprylyl Glycol, Chlorphenesin, Fragrance, Gluconolactone, Sodium Hydroxide, Hydroxyethylcellulose, Disodium EDTA, Sodium Hyaluronate",hyaluronic-acid,,,,,,,,,,,,,open_beauty_facts,false
9300607563269,brightening-texture,Neutrogena Hydro Boost Hyaluronic Acid Nourishing Cream Moisturiser 50g,Neutrogena,,"Water, Glycerin, Isopropyl Palmitate, Cetyl Alcohol, Cetearyl Olivate, Sorbitan Olivate, C10-30 Cholesterol/Lanosterol Esters, Caprylyl Glycol, Ethylhexylglycerin, Betaine, Dimethicone, Palmitic Acid, Stearic Acid, Polyacrylate Crosspolymer-6, Pentylene Glycol, Sodium PCA, Fructose, Sodium Hyaluronate, Sodium Lactate, Urea, Sodium Hydroxide, Citric Acid, PCA, 1,2-Hexanediol, Maltose, Ceramide NP, Serine, Alanine, Sodium Chloride, Trehalose, Glycine, Allantoin, Glutamic Acid, Lysine HCl, Arginine",hyaluronic-acid;ceramides,,,,,,,,,,,,,open_beauty_facts,false
9300607563252,brightening-texture,Neutrogena Hydro Boost Hyaluronic Acid Night Cream Face Moisturiser 50g,Neutrogena,,"Water, Glycerin, Dimethicone, Cetearyl Olivate, Polyacrylamide, Sorbitan Olivate, Dimethicone/Vinyl Dimethicone Crosspolymer, Dimethiconol, Ethylhexylglycerin, Synthetic Beeswax, C13-14 Isoparaffin, Benzyl Alcohol, Butylene Glycol, Chlorphenesin, Trehalose, Dimethicone Crosspolymer, Dipotassium Glycyrrhizate, Laureth-7, Mannitol, Carbomer, Sodium Hyaluronate, Microcrystalline Cellulose, C12-14 Pareth-12, Sodium Hydroxide, Fragrance, CI 77289, Portulaca Oleracea Extract, Tocopheryl Acetate, Magne",hyaluronic-acid,,,,,,,,,,,,,open_beauty_facts,false
9300607563245,brightening-texture,Neutrogena Hydro Boost Hyaluronic Acid Water Gel Moisturiser Refill 50g,Neutrogena,,"Water, Glycerin, Dimethicone, Cetearyl Olivate, Sorbitan Olivate, Polyacrylate Crosspolymer-6, Betaine, Caprylyl Glycol, Synthetic Beeswax, Ethylhexylglycerin, Pentylene Glycol, Sodium PCA, Fructose, Dimethicone Crosspolymer, Sodium Hyaluronate, Dimethiconol, Sodium Lactate, Urea, Citric Acid, PCA, Fragrance, Sodium Hydroxide, Maltose, Serine, Alanine, Glycine, Sodium Chloride, Trehalose, Allantoin, Glutamic Acid, Lysine HCl, Threonine, Arginine, Glucose, Proline, CI 42090",hyaluronic-acid,,,,,,,,,,,,,open_beauty_facts,false
9300607563238,brightening-texture,Neutrogena Hydro Boost Hyaluronic Acid Water Gel Face Moisturiser 50g,Neutrogena,,"Water, Glycerin, Dimethicone, Cetearyl Olivate, Sorbitan Olivate, Polyacrylate Crosspolymer-6, Betaine, Caprylyl Glycol, Synthetic Beeswax, Ethylhexylglycerin, Pentylene Glycol, Sodium PCA, Fructose, Dimethicone Crosspolymer, Sodium Hyaluronate, Dimethiconol, Sodium Lactate, Urea, Citric Acid, PCA, Fragrance, Sodium Hydroxide, Maltose, Serine, Alanine, Glycine, Sodium Chloride, Trehalose, Allantoin, Glutamic Acid, Lysine HCl, Threonine, Arginine, Glucose, Proline, CI 42090",hyaluronic-acid,,,,,,,,,,,,,open_beauty_facts,false
9300607563115,brightening-texture,Neutrogena Hydro Boost Hyaluronic Acid Face Serum 30mL,Neutrogena,,"Water, Glycerin, Butylene Glycol, Panthenol, Pentylene Glycol, Phenoxyethanol, Chlorphenesin, Acrylates/C10-30 Alkyl Acrylate Crosspolymer, Trehalose, Xylitylglucoside, Sodium Hyaluronate, Anhydroxylitol, Disodium EDTA, Sodium Hydroxide, Yeast Extract, Xylitol, Hydrolyzed Hyaluronic Acid, Caprylyl Glycol, Carrageenan, CI 77007, Agar, Potassium Chloride, CI 77891, Mica, Xanthan Gum",hyaluronic-acid,,,,,,,,,,,,,open_beauty_facts,false
6932511219333,brightening-texture,Vitamine c,Disaar,,"Water, Glycerin, Propylene Glycol, Mineral Oil, Ethylhexyl Palmitate, CI 77891, Potassium Lauryl Phosphate, Polyacrylamide, C13 - 14 Isoparaffin, Laureth-7, Dimethicone, 3-O-Ethyl Ascorbic ACID, Cyclop - entasiloxane, Cyclohexasiloxane, Cetearyl Alcohol, Glyceryl Stearate, PEG - 75 Lanolin, Glutathione, Dipotassium Glycyrrhizate, Sodium Hyaluronate, Xanthan Gum, Methylparaben, Propylparaben, Diazolidinyl Urea, Fragra - nce, Disodium EDTA هذا الكريم غني بمكونات التبيض وغني بخلاصات نباتية متعددة ل",vitamin-c;hyaluronic-acid,,,,,,,,,,,,,open_beauty_facts,false
8886304605071,brightening-texture,Vaseline Gluta-Hya Tinted Serum Lip Gloss Cherry Crush 10mL,Vaseline,,"Polybutene, Hydrogenated Polyisobutene, Diisostearyl Malate, Hydrogenated Poly(C6-14 Olefin), Trimethylolpropane
Triisostearate, Phytosteryl/Isostearyl/Cetyl/Stearyl/Behenyl Dimer Dilinoleate, Polyglyceryl-2 Triisostearate, Bis-Ethylhexyloxyphenol
Methoxyphenyl Triazine, Octocrylene, Microcrystalline Wax, Ceresin, Diethylamino Hydroxybenzoyl Hexyl Benzoate, Ethylene/Propylene/Styrene
Copolymer, Petrolatum, Ethylhexyl Palmitate, Butyrospermum Parkii (Shea) Butter, Parfum, Bisabolol, Tribehenin, B",hyaluronic-acid,,,,,,,,,,,,,open_beauty_facts,false
8886304605064,brightening-texture,Vaseline Gluta-Hya Tinted Serum Lip Gloss Juicy Peach 10mL,Vaseline,,"Polybutene, Hydrogenated Polyisobutene, Diisostearyl Malate, Hydrogenated Poly(C6-14 Olefin), Trimethylolpropane
Triisostearate, Phytosteryl/Isostearyl/Cetyl/Stearyl/Behenyl Dimer Dilinoleate, Bis-Ethylhexyloxyphenol Methoxyphenyl Triazine, Octocrylene,
Microcrystalline Wax, Polyglyceryl-2 Triisostearate, Ceresin, Diethylamino Hydroxybenzoyl Hexyl Benzoate, Ethylene/Propylene/Styrene Copolymer,
Petrolatum, Ethylhexyl Palmitate, Butyrospermum Parkii (Shea) Butter, Parfum, Bisabolol, Tribehenin, B",hyaluronic-acid,,,,,,,,,,,,,open_beauty_facts,false
8886304605057,brightening-texture,Vaseline Gluta-Hya Tinted Serum Lip Gloss Rosy Pink 10mL,Vaseline,,"Polybutene, Diisostearyl Malate, Hydrogenated Polyisobutene, Hydrogenated Poly(C6-14 Olefin), Trimethylolpropane
Triisostearate, Phytosteryl/Isostearyl/Cetyl/Stearyl/Behenyl Dimer Dilinoleate, Bis-Ethylhexyloxyphenol Methoxyphenyl Triazine, Octocrylene,
Polyglyceryl-2 Triisostearate, Microcrystalline Wax, Ceresin, Diethylamino Hydroxybenzoyl Hexyl Benzoate, Ethylene/Propylene/Styrene Copolymer,
Petrolatum, Ethylhexyl Palmitate, Butyrospermum Parkii (Shea) Butter, Parfum, Bisabolol, Tribehenin, B",hyaluronic-acid,,,,,,,,,,,,,open_beauty_facts,false
4987176290571,brightening-texture,Pantene Hyaluron Hydration Lock Milk To Water Serum 140mL,Pantene,,"Water, Dimethicone, Mineral Oil, Phenoxyethanol, Betaine, Benzyl Alcohol, Polyacrylamide, C13-14 Isoparaffin, Ethylhexylglycerin, Fragrance, Panthenol, Laureth-7, Sodium Hyaluronate",hyaluronic-acid,,,,,,,,,,,,,open_beauty_facts,false
4987176290526,brightening-texture,Pantene Hyaluron Clarify & Hydrate Silicone Free Shampoo 650mL,Pantene,,"Water, Sodium Laureth Sulfate, Sodium Lauryl Sulfate, Cocamidopropyl Betaine, Sodium Xylenesulfonate, Citric Acid, Sodium Citrate, Sodium Chloride, Fragrance, Cocamide Mea, Sodium Benzoate, Tetrasodium Edta, Guar Hydroxypropyltrimonium Chloride, Peg-60 Almond Glycerides, Linoleamidopropyl Pg-Dimonium Chloride Phosphate, Propylene Glycol, Panthenol, Histidine, Sodium Hyaluronate, Methylchloroisothiazolinone, Methylisothiazolinone",hyaluronic-acid,,,,,,,,,,,,,open_beauty_facts,false
4891228315764,brightening-texture,Schick Silk Hydro Moisture Care Razor Heads 8 pack,Schick,,"PEG-180M, HYDROXYPROPYL METHYLCELLULOSE, SILICA, WATER/EAU, SODIUM CHLORIDE, ZINC STEARATE, CELLULOSE, MALTODEXTRIN, ALOE BARBADENSIS LEAF JUICE, BUTYROSPERMUM PARKII (SHEA) BUTTER, CAMELLIA SINENSIS LEAF POWDER, CERAMIDE NG, CHAMOMILLA RECUTITA (MATRICARIA) FLOWER POWDER, COCOS NUCIFERA (COCONUT) OIL, PERSEA GRATISSIMA (AVOCADO) OIL, SEA SILT, SODIUM HYALURONATE.",hyaluronic-acid;ceramides,,,,,,,,,,,,,open_beauty_facts,false
4891228312602,brightening-texture,Schick Hydro 5 Base Kit each,Schick,,"PEG115M, Silica [Nano], Zinc Stearate, Cyclodextrin, Sodium Starch Octenylsuccinate, Menthol, Aloe Barbadensis Leaf Juice, Maltodextrin, Sodium Hyaluronate, Panthenol, Tocopherol, Butyrospermum Parkii Butter, Candelilla Cera, Hydrated Silica",hyaluronic-acid,,,,,,,,,,,,,open_beauty_facts,false
4891228304454,brightening-texture,Schick Hydro 5 Sense Comfort Kit each,Schick,,"Peg-115M, Titanium Dioxide, Zinc Stearate, Cyclodextrin, Aloe Barbadensis Leaf Juice, Calendula Officinalis Flower, Camellia Sinensis Leaf, Hydrogenated Jojoba Oil, Panthenol, Sodium Hyaluronate, Tocopherol, Maltodextrin, Aqua.",hyaluronic-acid,,,,,,,,,,,,,open_beauty_facts,false
4006000204819,brightening-texture,Nivea Glowy Lips Berry Tinted Lip Balm SPF30 10mL,Nivea,,"Ricinus Communis Seed Oil, Cocoglycerides, Caprylic/Capric Triglyceride, Butyrospermum Parkii Butter, Octyldodecanol, Hydrogenated Rapeseed Oil, Glycerin, Butyl Methoxydibenzoylmethane, Ethylhexyl Salicylate, Helianthus Annuus Seed Cera, Bis-Ethylhexyloxyphenol Methoxyphenyl Triazine, Ethylhexyl Triazone, Hydrogenated Castor Oil, Polyglyceryl-3 Diisostearate, Aqua, Sodium Hyaluronate, Tocopherol, Ascorbyl Palmitate, Helianthus Annuus Seed Oil, Aroma, CI 14720, Magnesium Stearate, Sodium Chloride",hyaluronic-acid,,,,,,,,,,,,,open_beauty_facts,false
4006000189598,brightening-texture,Nivea Glowy Lips Magnolia Extract Clear Lip Balm 10mL,Nivea,,"Octyldodecanol, Ricinus Communis Seed Oil, Cocoglycerides, Caprylic/Capric Triglyceride, Butyrospermum Parkii Butter, Hydrogenated Rapeseed Oil, Glycerin, Helianthus Annuus Seed Cera, Hydrogenated Castor Oil, Polyglyceryl-3 Diisostearate, Aqua, Magnolia Officinalis Bark Extract, Sodium Hyaluronate, Tocopherol, Ascorbyl Palmitate, Helianthus Annuus Seed Oil, Aroma, Magnesium Stearate",hyaluronic-acid,,,,,,,,,,,,,open_beauty_facts,false
4006000181073,brightening-texture,Nivea Cellular Epigenetix Rejuvenating Serum 30mL,Nivea,,"Aqua, Glycerin, Cocoglycerides, Methylpropanediol, Caprylic/Capric Triglyceride, Octyldodecanol, Glyceryl Stearate, Cetearyl Alcohol, Distarch Phosphate, Tapioca Starch, Butyrospermum Parkii Butter, Cetyl Palmitate, Squalane, Dihydromyricetin, Sodium Hyaluronate, Sodium Stearoyl Glutamate, Ethylhexylglycerin, Xanthan Gum, Trisodium EDTA, Sodium Hydroxide, Citric Acid, Diethylhexyl Syringylidenemalonate, Sodium Metabisulfite, Phenoxyethanol, Parfum",hyaluronic-acid,,,,,,,,,,,,,open_beauty_facts,false
4005900957092,brightening-texture,Nivea Cellular Filler Expert Night Facial Moisturising Cream 50mL,Nivea,,"Aqua, Glycerin, Butyrospermum Parkii Butter, Caprylic/Capric Triglyceride, Cetearyl Alcohol, Cocoglycerides, Hydrogenated Coco-Glycerides, Methylpropanediol, Glyceryl Stearate Citrate, Glyceryl Stearate, Panthenol, Folic Acid, Sodium Hyaluronate, Creatine, 1-Methylhydantoin-2-Imide, Magnolia Officinalis Bark Extract, Pantolactone, Squalane, Ethylhexylglycerin, Caprylyl Glycol, Xanthan Gum, Citric Acid, Sodium Hydroxide, Phenoxyethanol, Parfum, CI 60725",hyaluronic-acid,,,,,,,,,,,,,open_beauty_facts,false
4005900957085,brightening-texture,Nivea Cellular Filler Expert Day Face Moisturiser Cream 50mL,Nivea,,"Aqua, Glycerin, Cetearyl Alcohol, Butyrospermum Parkii Butter, Methylpropanediol, Glyceryl Stearate SE, Cocoglycerides, C12-15 Alkyl Benzoate, Caprylic/Capric Triglyceride, Phenylbenzimidazole Sulfonic Acid, Butyl Methoxydibenzoylmethane, Ethylhexyl Salicylate, Hydroxypropyl Starch Phosphate, Bis-Ethylhexyloxyphenol Methoxyphenyl Triazine, Glyceryl Stearate, Folic Acid, Sodium Hyaluronate, Creatine, 1-Methylhydantoin-2-Imide, Magnolia Officinalis Bark Extract, Ethylhexylglycerin, Xanthan Gum, Tr",hyaluronic-acid,,,,,,,,,,,,,open_beauty_facts,false
4005800083242,brightening-texture,Nivea Hydrating Night Cream Face Moisturiser With Vitamin E 50mL,Nivea,,"Aqua, Glycerin, Cetearyl Alcohol, Butyrospermum Parkii Butter, Caprylic/Capric Triglyceride, Hydrogenated Coco-Glycerides, Methylpropanediol, Glyceryl Stearate Citrate, Cetearyl Isononanoate, Cocoglycerides, Hydroxypropyl Starch Phosphate, Aloe Barbadensis Leaf Juice Powder, Sodium Hyaluronate, Panthenol, Pantolactone, Xanthan Gum, Ethylhexylglycerin, Citric Acid, Phenoxyethanol, Parfum",hyaluronic-acid,,,,,,,,,,,,,open_beauty_facts,false
3600524073855,brightening-texture,L'Oreal Paris 24h Moisturiser Power Age 50mL,L'Oréal Paris,,909368 3 - INGREDIENTS: AQUA / WATER - GLYCERIN - ISOHEXADECANE - DIMETHICONE - ZEA MAYS STARCH / CORN STARCH - ISOPROPYL ISOSTEARATE - PROPYLENE GLYCOL - OXIDIZED STARCH ACETATE - OCTYLDODECANOL - CETYL ALCOHOL - BEHENYL ALCOHOL - HYDROLYZED SOY PROTEIN - MENTHA PIPERITA EXTRACT / PEPPERMINT EXTRACT - ADENOSINE - CAPRYLOYL SALICYLIC ACID - SODIUM HYALURONATE - TRISODIUM ETHYLENEDIAMINE DISUCCINATE - ASCORBYL GLUCOSIDE - TOCOPHEROL - CAPRYLYL GLYCOL - CETEARYL ALCOHOL - CETEARYL GLUCOSIDE - MYRI,hyaluronic-acid,,,,,,,,,,,,,open_beauty_facts,false
3600523279302,brightening-texture,L'Oreal Paris Revitalift Serum 30mL,L'Oréal Paris,,"782610 2 - Ingredients: Aqua/Water, Alcohol Denat, Dipropylene Glycol, Bifida Ferment Lysate, Glycerin, Bis-Peg-18 Methyl Ether Dimethyl Silane, Peg/Ppg/Polybutylene Glycol-8/5/3 Glycerin, Hydroxyethylpiperazine Ethane Sulfonic Acid, Ppg-3 Myristyl Ether, Carbomer, Triethanolamine, Sodium Hyaluronate, Sodium Polyacrylate, Salicylol Phytosphingosine, Aluminium Starch Octenylsuccinate, Adenosine, Ammonium Polyacryloydimethyl Taurate, Hydrolysed Soy Protein, Acetyl Trifluoromethylphenyl Valylglycin",hyaluronic-acid,,,,,,,,,,,,,open_beauty_facts,false
3574661471181,brightening-texture,Hydro Boost Micellar Water,Neutrogena,,"Aqua, PEG-6 Caprylic/Capric Glycerides, Polysorbate 20, Butylene Glycol, PEG-8, Sodium Hyaluronate, Polocramer 407, Disodium EDTA. Citric Acid, BHT, Sodium Benzoate, Parfum. PR-019151",hyaluronic-acid,,,,,,,,,,,,,open_beauty_facts,false
4005900868619,brightening-texture,Body Milk,NIVEA,,"Ingredients: Aqua, Paraffinum Liquidum, Isohexadecane, Glycerin, Isopropyl Palmitate, PEG-40 Sorbitan Perisostearate, Cera Microcristallina, Polyglyceryl-3 Diisostearate, Sodium Hyaluronate, Prunus Amygdalus Dulcis Oil, Tocopherol, Magnesium Sulfate, Sodium Citrate, Citric Acid, Tocopheryl Acetate, Potassium Sorbate, Linalool, Limonene, Benzyl Alcohol, Geraniol, Citronellol, Alpha-Isomethyl lonone, Benzyl Benzoate, BHT, Parfum",hyaluronic-acid,,,,,,,,,,,,,open_beauty_facts,false
6923700993073,brightening-texture,L’Oreal 1.5% Aminexil Anti-Hair Fall,L'Oréal,,"Aqua/Water/Eau, Alcohol, Diaminopyrimidine Oxide, Lactic Acid, Tocopherol, Sodium Hyaluronate, Sodium Citrate,Caffeine,  Safflower Glucoside , PEG-40 Hydrogenated Castor Oil, Arginine , Aminomethyl Propanol, Menthol, Linalool, Benzyl Salicylate, Benzyl Alcohol, Fragrance, Acrylates/Beheneth-25, Methacrylate Copolymer, Piroctone Olamine, Citronellol, Lavandula Hybrida Oil, Glycerin",hyaluronic-acid,,,,,,,,,,,,,open_beauty_facts,false
3610340670978,brightening-texture,Elvive Shampoo Hyaluron Pure,L'Oréal Paris,,"Aqua, Sodium Laureth Sulfate, Cocamidopropyl Betaine, Parfum, Cocamide MEA, Sodium Chloride, Sodium Benzoate, Sodium Hydroxide, Hydroxypropyl Guar Hydroxypropyltrimonium Chloride, Sodium Hyaluronate, Salicylic Acid, Limonene, Citric Acid, Hexylene Glycol",hyaluronic-acid,,,,,,,,,,,,,open_beauty_facts,false
3600523775637,brightening-texture,L’Oréal Paris Hyaluron Uzmanı Cilt Dolgunlaştıran Nemlendirici Krem Gece,L'Oréal Paris,,"Aqua (Water), Glycerin, Cetearyl Alcohol, Dimethicone, Isopropyl Isostearate, Aluminum Starch Octenylsuccinate, Propylene Glycol, Sodium Hyaluronate, Behenyl Alcohol, Adenosine, Capryloyl Salicylic Acid, Disodium EDTA, Sodium Hydroxide, Caprylyl Glycol, Ceteareth-20, Cetearyl Glucoside, Sodium Stearoyl Glutamate, Palmitic Acid, PEG-100 Stearate, Polysorbate 60, Stearic Acid, Xanthan Gum, Alpha-Isomethyl Ionone, Benzyl Alcohol, Citral, Citronellol, Geraniol, Limonene, Linalool, Phenoxyethanol, Pa",hyaluronic-acid,,,,,,,,,,,,,open_beauty_facts,false
3574661391083,brightening-texture,Neutrogena Hydro Boost Jel Vücut Losyonu,Neutrogena,,"Aqua, Glycerin, Isopropyl Palmitate, Petrolatum, Cetyl Alcohol, Dimethicone, Sodium Hyaluronate, Ethylhexylglycerin, Caprylyl Glycol, Cetearyl Olivate, Sorbitan Olivate, Carbomer, Sodium Polyacrylate, Sodium Hydroxide, Tocopherol, Phenoxyethanol, Parfum, CI 42090.",hyaluronic-acid,,,,,,,,,,,,,open_beauty_facts,false
3337875543248,brightening-texture,Mineral 89,vichy,,"AQUA/WATER, PEG/PPG/POLYBUTYLENE GLYCOL-8/5/3 GLYCERIN, GLYCERIN, BUTYLENE GLYCOL, METHYL GLUCETH-20, CARBOMER, SODIUM HYALURONATE, PHENOXYETHANOL, CAPRYLYL GLYCOL, CITRIC ACID, BIOSACCHARIDE GUM-1, Code F.I.L.:B199024/1",hyaluronic-acid,,,,,,,,,,,,,open_beauty_facts,false
3600524063122,brightening-texture,L’Oréal Paris Elseve Hydra [Hyaluronic] Nemi Hapseden Saç Bakım Kremi,"L'Oréal Paris, Elseve",,"Aqua, Cetearyl Alcohol, Behentrimonium Chloride, Cetyl Esters, Lactic Acid, Sodium Hyaluronate, Phenoxyethanol, Trideceth-6, Chlorhexidine Digluconate, Limonene, Amodimethicone, Isopropyl Alcohol, Potassium Hydroxide, Cetrimonium Chloride, Parfum.",hyaluronic-acid,,,,,,,,,,,,,open_beauty_facts,false
8683420170045,brightening-texture,SOHO N.Y.C. Anti-Aging No Rinse 2in1 Face Serum + Mask,SOHO N.Y.C,,"Aqua, Glycerin, Aloe Barbadensis Leaf Extract, Alcohol Denat., Propylene Glycol, Polysorbate 20, Phenethyl Alcohol, Sesamum Indicum Seed Extract, Acrylates/C10-30 Alkyl Acrylate Crosspolymer, Triethanolamine, Cucumis Sativus Fruit Extract, Camellia Sinensis Leaf Extract, Spirulina Platensis Extract, Avocado Oil PEG-11 Esters, PEG-10 Olive Glycerides, Allantoin, Sodium Hyaluronate, Calendula Officinalis Flower Extract, Chamomilla Recutita Flower Extract, Panax Ginseng Root Extract, Tilia Cordata ",hyaluronic-acid,,,,,,,,,,,,,open_beauty_facts,false
4005900289056,brightening-texture,NIVEA Yatıştırıcı Yüz Temizleme Köpüğü,NIVEA,,"Aqua, Sorbitol, Glycerin, Decyl Glucoside, Disodium Cocoyl Glutamate, Argania Spinosa Kernel Oil, Sodium Hyaluronate, Cellulose Gum, Citric Acid, Sodium Benzoate, Propylene Glycol, Parfum.",hyaluronic-acid,,,,,,,,,,,,,open_beauty_facts,false
8714319214509,brightening-texture,ZARQA Sensitive Hydra Booster Ampoules 7-Day Treatment,ZARQA,,"Aqua, Alcohol, Glycerin, Pentylene Glycol, Sodium Hyaluronate, Cistus Incanus Flower/Leaf/Stem Extract, Phenethyl Alcohol, Dipotassium Glycyrrhizate, Gynostemma Pentaphyllum Leaf/Stem Extract, Magnesium Chloride, Maris Sal, Decyl Glucoside, Glutamine, Lactic Acid, Citric Acid.",hyaluronic-acid,,,,,,,,,,,,,open_beauty_facts,false
3600524059156,brightening-texture,L’Oréal Paris Elseve Hydra [Hyaluronic] Nem ile Dolgunlaştıran Serum,"L'Oréal Paris, Elseve",,"Aqua / Water, Quaternium-87, Cocos Nucifera Oil / Coconut Oil, Sodium Benzoate, Sodium Hyaluronate, Stearyl Alcohol, PPG-1 Trideceth-6, Behentrimonium Chloride, Polyquaternium-37, Polysorbate 20, Polyquaternium-11, Limonene, Candelilla Cera / Candelilla Wax, Pentaerythrityl Tetra-di-t-butyl Hydroxyhydrocinnamate, Propylene Glycol Dicaprylate/Dicaprate, Coumarin, Glycine Soja Oil / Soybean Oil, Parfum / Fragrance.",hyaluronic-acid,,,,,,,,,,,,,open_beauty_facts,false
5900525062789,brightening-texture,Hada Labo Tokyo Super Moisturizer Sun Lotion SPF50,Hada Labo Tokyo,,"Aqua, Ethylhexyl Methoxycinnamate, Butylene Glycol, Methylene Bis-Benzotriazolyl Tetramethylbutylphenol (nano), Diethylamino Hydroxybenzoyl Hexyl Benzoate, Triethylhexanoin, Glycerin, Hydroxyethyl Acrylate/Sodium Acryloyldimethyl Taurate Copolymer, Sodium Hyaluronate, Hydrolyzed Hyaluronic Acid, Sorbitan Sesquioleate, Panthenol, Xanthan Gum, Sodium Acetylated Hyaluronate, Alcohol, Decyl Glucoside, Propylene Glycol, Squalane, Polysorbate 60, Sorbitan Isostearate, Disodium EDTA, Propanediol, Capry",hyaluronic-acid,,,,,,,,,,,,,open_beauty_facts,false
3660005540832,brightening-texture,Yves Rocher Lift Pro-Collagène Bakuchiol Bitkisel Retinol Serum,Yves Rocher,,"Aqua/Water/Eau, Glycerin, Microcrystalline Cellulose, Alcohol, Pentylene Glycol, Anthemis Nobilis Flower Water, Mesembryanthemum Crystallinum Extract, Bakuchiol, Hydroxyacetophenone, Parfum/Fragrance, Polyacrylate Crosspolymer-6, Sodium Hyaluronate, Ethyl Linoleate, Xanthan Gum, Aphloia Theiformis Leaf Extract, Citric Acid, Sodium Benzoate, Potassium Sorbate, 1,2-Hexanediol, Ajuga Reptans Cell Culture Extract, Caprylyl Glycol, Propanediol, Propyl Gallate, Sodium Citrate",hyaluronic-acid,,,,,,,,,,,,,open_beauty_facts,false
8700216181457,brightening-texture,Pantene Pro-V Miracles Hydra Glow Kuru Saç Uçlarına Elveda Durulanmayan Gündüz Serumu,Pantene,,"Aqua, Dimethicone, Paraffinum Liquidum, Phenoxyethanol, Betaine, Benzyl Alcohol, Polyacrylamide, C13-14 Alkane, Parfum, Ethylhexylglycerin, Laureth-7, Panthenol, Panthenyl Ethyl Ether, Limonene, Histidine, Sodium Hyaluronate, Adansonia Digitata Seed Oil, Geraniol, Hydroxycitronellal, Citric Acid, Biotin, Tocopherol",hyaluronic-acid,,,,,,,,,,,,,open_beauty_facts,false
8684252207343,brightening-texture,Bee Beauty Micellar Temizleme Suyu,Bee Beauty,,"Aqua, Propylene Glycol, Glycerin, Poloxamer 184, Phenoxyethanol, Disodium Laureth Sulfosuccinate, Caprylyl Glycol, Disodium EDTA, Citric Acid, Rosa Damascena Flower Water, Calendula Officinalis Flower Extract, BHT, Pentylene Glycol, Fructose, Urea, Sodium Hydroxide, Maltose, Sodium PCA, Sodium Chloride, Sodium Lactate, Trehalose, Allantoin, Potassium Sorbate, Sodium Hyaluronate, Glucose",hyaluronic-acid,,,,,,,,,,,,,open_beauty_facts,false
3574661450933,brightening-texture,Neutrogena Hydro Boost Üç Etkili Micellar Water,Neutrogena,,"Aqua, PEG-6 Caprylic/Capric Glycerides, Polysorbate 20, Butylene Glycol, PEG-8, Sodium Hyaluronate, Poloxamer 407, Disodium EDTA, Citric Acid, BHT, Sodium Benzoate, Parfum",hyaluronic-acid,,,,,,,,,,,,,open_beauty_facts,false
8684225266063,brightening-texture,The Touch By Seda Altın SPF 50+ Nem Desteği Güneş Kremi,The Touch By Seda Altın,,"Aqua, Aloe Barbadensis Leaf Juice, Glycerin, Isopropyl Myristate, Caprylic/Capric Triglyceride, Butyl Methoxydibenzoylmethane, Ethylhexyl Methoxycinnamate, PEG-40 Hydrogenated Castor Oil, Octocrylene, Butylene Glycol, Phenoxyethanol, Parfum, Triethanolamine, Carbomer, Tocopheryl Acetate, Sodium Benzoate, Potassium Sorbate, Lecithin, Sodium Hyaluronate, Tetrasodium EDTA, Hypericum Perforatum Extract, Arbutus Unedo Fruit Extract, Malva Sylvestris Extract, Chamomilla Recutita Flower Extract, Limone",hyaluronic-acid,,,,,,,,,,,,,open_beauty_facts,false
8809655950898,brightening-texture,Jumiso Snail Mucin 95% + Peptide Essence,Jumiso,,"Snail Secretion Filtrate, Betaine, Butylene Glycol, Ethyl Hexanediol, Allantoin, Phenoxyethanol, Sodium Polyacrylate, Carbomer, Water, 1,2-Hexanediol, Sodium Hyaluronate, Panthenol, Adenosine, Arginine, Copper Tripeptide-1, Palmitoyl Pentapeptide-4, Acetyl Hexapeptide-8, Palmitoyl Tripeptide-1, Palmitoyl Tetrapeptide-7",hyaluronic-acid,,,,,,,,,,,,,open_beauty_facts,false
8684180515114,brightening-texture,WIWIFY Hydration Booster Su Bazlı Yoğun Nemlendirici Krem,WIMIFY,,"Aqua, Caprylic/Capric Triglyceride, Cetearyl Alcohol, Propylene Glycol, Glyceryl Stearate, Dimethicone, Glycerin, Acacia Seyal Gum Extract, Adansonia Digitata Seed Oil, Triticum Vulgare Germ Oil, Simmondsia Chinensis Seed Oil, Prunus Armeniaca Kernel Oil, Caprylyl Glycol, Caprylhydroxamic Acid, Ceteareth-20, Ceteareth-12, Panthenol, Hypericum Perforatum Extract, Hypericum Perforatum Oil, Lavandula Angustifolia Oil, Citrus Limon Peel Oil, Cetyl Palmitate, Parfum, Phragmites Kharka Extract, Poria ",hyaluronic-acid,,,,,,,,,,,,,open_beauty_facts,false
8681717006800,brightening-texture,Ph Lab Collagen Night Soyulabilir Kolajen Gece Maskesi,Ph Lab,,"Aqua, Pentylene Glycol, Polyvinyl Alcohol, Glycerin, Propanediol, Hydrolyzed Collagen, Hydroxyacetophenone, Algin, Sodium Hyaluronate, Caprylic/Capric Triglyceride, Hydroxyethylcellulose, Polyglyceryl-3 Diisostearate, 3-O-Ethyl Ascorbic Acid, Isopentyldiol, Butylene Glycol, Helianthus Annuus Seed Oil, Phenoxyethanol, Ceramide NP, Magnesium Ascorbyl Phosphate, Lilium Candidum Bulb Extract, Collagen, Beta-Glucan, Phytosphingosine, Trifolium Pratense Flower Extract, Sodium Citrate, Xanthan Gum, Hyd",vitamin-c;hyaluronic-acid;ceramides,,,,,,,,,,,,,open_beauty_facts,false
0769915233179,brightening-texture,The Ordinary Multi-Peptide + Copper Peptides 1% Serum,The Ordinary,,"Aqua, Glycerin, Lactococcus Ferment Lysate, Copper Tripeptide-1, Acetyl Hexapeptide-8, Pentapeptide-18, Palmitoyl Tripeptide-1, Palmitoyl Tetrapeptide-7, Palmitoyl Tripeptide-38, Dipeptide Diaminobutyroyl Benzylamide Diacetate, Acetylarginyltryptophyl Diphenylglycine, Sodium Hyaluronate Crosspolymer, Sodium Hyaluronate, Allantoin, Glycine, Alanine, Serine, Valine, Isoleucine, Proline, Threonine, Histidine, Phenylalanine, Arginine, Aspartic Acid, Trehalose, Fructose, Glucose, Maltose, Urea, Sodiu",hyaluronic-acid,,,,,,,,,,,,,open_beauty_facts,false
6132321304810,brightening-texture,10 MINS PURIFYING MASK,Karité,,"AQUA, PROPYLENE GLYCOL, GLYCERIN, SODIUM HYALURONATE, POLYSORBATE 20, IMIDAZOLIDINYL UREA, METHYLPARABEN, PARFUM, MALIC ACID, LACTIC ACID, SALICYLIC ACID, BAMBOO CHARCOAL.",hyaluronic-acid,,,,,,,,,,,,,open_beauty_facts,false
8683561170232,brightening-texture,Pure Choice Çift Fazlı Nemlendirici Sprey Tonik,Pure Choice,,"Camellia Sinensis Leaf Water, Aqua, Tremella Fuciformis Sporocarp Extract, Persea Gratissima Oil, 1,2-Hexanediol, Glycereth-26, Hydroxyethyl Urea, Butylene Glycol, Oryza Sativa (Rice) Bran Water, Artemisia Vulgaris Extract, Panthenol, Sodium Hyaluronate, Allantoin, Adenosine, Ceramide NP, Trehalose, Coconut Alkanes, Sodium Benzoate, Potassium Sorbate.",hyaluronic-acid;ceramides,,,,,,,,,,,,,open_beauty_facts,false
8901148273009,brightening-texture,Venusia Max,Dr.Reddy's,,"Purified water, Propane-1,2-diol, Emulsifying wax, Cyclomethicone, Glycerin, Hyaluronate, Hydrolyzed Sodium Hyaluronate, Pentylene glycol, Ethylhexylglycerin, Disodium Phenoxyethanol, Sodium Hyaluronate Crosspolymer, Sodium Hyaluronate, Sodium Acetylated Edetate, Zinc oxide, Fragrance, Sodium Polyglutamate.",hyaluronic-acid,,,,,,,,,,,,,open_beauty_facts,false
8480000465689,brightening-texture,Repair & nutrition,"Deliplus, Mercadona",,"INGREDIENTS: AQUA SODIUM LAURETH SULFATE, SODIUM LAURYL SULFATE COCAMIDOPROPYL BETAINE COCAMIDE MEA GLYCOL DISTEARATE, GLYCERIN HYDROLYZED KERATIN LAURO MONIUM HYDROXYPROPYL HYDROLYZED KERATIN, ARGININE, TOCOPHERYL ACETATE, FRUCTOSE, UREA ALLANTOIN AMBER EXTRACT HYDROLYZED SILK MALTOSE, SODIUM LACTATE, SODIUM PCA TREHALOSE CAVIAR EXTRACT, GLUCOSE, SODIUM HYALURONATE, PEG-40 HYDROGENATED CASTOR OIL PARFUM PROPYLENE GLYCOL AMODIMETHICONE/MORPHOLINOMETHYL SILSESQUIOXANE COPOLYMER POLYQUATERNIUM 7, ",hyaluronic-acid,,,,,,,,,,,,,open_beauty_facts,false
4056489970217,brightening-texture,Crème mains à l’aloe vera bio,Cien Bio,,"Aqua, Helianthus Annuus (Sunflower) Seed Oil, Cetearyl Alcohol, Glyceryl Stearate Citrate, Caprylic/Capric Triglyceride, Glycerin, Glyceryl Stearate SE, Xanthan Gum, Sodium Benzoate, Potassium Sorbate, Aloe Barbadensis Leaf Powder, Citric Acid, Tocopherol, Parfum, Sodium Hyaluronate, Lauroyl Lysine, Aloe Barbadensis Leaf Juice",hyaluronic-acid,,,,,,,,,,,,,open_beauty_facts,false
3337875743563,brightening-texture,Hydrating cream-to-foam cleanser,CeraVe,,"AQUA/WATER, GLYCERIN, SODIUM METHYL COCOYL TAURATE, COCO-BETAINE, SODIUM COCOYL ISETHIONATE, SODIUM CHLORIDE, PCA, PPG-5-CETETH-20, PEG-100 STEARATE, PEG-150 PENTAERYTHRITYL TETRASTEARATE, PEG-6 CAPRYLIC/CAPRIC GLYCERIDES, PEG-30 DIPOLYHYDROXYSTEARATE, CI 77891/TITANIUM DIOXIDE, ASPARTIC ACID, CERAMIDE NP, CERAMIDE AP, CERAMIDE EOP, SORBITAN ISOSTEARATE, CARBOMER, GLYCOL DISTEARATE, GLYCERYL STEARATE, GLYCERYL OLEATE, GLYCINE, TRIDECETH-6, CETEARYL ALCOHOL, BEHENTRIMONIUM METHOSULFATE, THREONINE",hyaluronic-acid;ceramides,,,,,,,,,,,,,open_beauty_facts,false
8001120704788,brightening-texture,Crema viso idratante protettiva,Vivi verde,,"Aqua, Prunus amygdalus dulcis oil, Coco-caprylate, Glycerin, Glyceryl stearate citrate, Helianthus annuus seed oil*, Butyrospermum parkii butter*, Pyrus malus fruit extract*, Theobroma cacao seed butter, Crataegus oxyacantha extract*, Sodium hyaluronate, Xanthan gum, Cetearyl alcohol, Cetearyl glucoside, Beta-sitosterol, Squalene**, Tocopherol, Lactic acid, Citric acid, Sodium benzoate, Potassium sorbate, Parfum**, Linalool**, Limonene**, Benzyl salicylate**. *Ingredienti da agricoltura biologic",hyaluronic-acid,,,,,,,,,,,,,open_beauty_facts,false
3574661863207,brightening-texture,Hand Gel Cream Hydro Boost,Neutrogena,,"Aqua, Glycerin, Isopropyl Palmitate, Cetyl Alcohol, Dimethicone, Sodium Hyaluronate, Ethylhexylglycerin, Petrolatum, Caprylyl Glycol, Cetearyl Olivate, Sorbitan Olivate, Carbomer, Sodium Polyacrylate, Sodium Hydroxide, Tocopherol, Phenoxyethanol, Parfum, CI 42090. [PR-018319]",hyaluronic-acid,,,,,,,,,,,,,open_beauty_facts,false
3701129812426,brightening-texture,Cicabio Baume Lèvres réparateur « effect pensement »,Bioderma,,"RICINUS COMMUNIS (CASTOR) SEED OIL, CAPRYLIC/CAPRIC TRIGLYCERIDE, BUTYROSPERMUM PARKII (SHEA) OIL, GLYCERIN, TRIHYDROXYSTEARIN, AQUA/ WATER/EAU, CETYL PALMITATE, BUTYLENE GLYCOL, JOJOBA ESTERS, XYLOSE, SIMMONDSIA CHINENSIS (JOJOBA) SEED OIL, HELIANTHUS ANNUUS (SUNFLOWER) SEED WAX, PENTYLENE GLYCOL, SQUALANE, SODIUM POLYGLUTAMATE, PENTAERYTHRITYL TETRA-DI-T-BUTYL HYDROXYHYDROCINNAMATE, PONGAMIA GLABRA SEED OIL, SODIUM HYALURONATE, POLYGLYCERIN-3, ACACIA DECURRENS FLOWER WAX, MANNITOL, RHAMNOSE, X",hyaluronic-acid,,,,,,,,,,,,,open_beauty_facts,false
4335619112025,brightening-texture,Sheet Mask Aloe Vera,Cien,,"/Ingrediente:/Ingrediente:/СьCтaвки (INCI):/EvoTariká: Aqua, Glycerin, Sodium Hyaluronate, Xanthan Gum, Aloe Barbadensis Leaf Juice, Sodium PCA, Hydroxyethyl Urea, Caprylic/Capric Triglyceride, Phenoxyethanol, Ethylhexylglycerin, Sodium Citrate, Citric Acid, Sodium Benzoate, Potassium Sorbate, Parfum.",hyaluronic-acid,,,,,,,,,,,,,open_beauty_facts,false
8480017242679,brightening-texture,Crema antipolución,"Dia, Imaqe Naturals",,"Crema facial de noche: hidrata y nutre la piel. Modo de empleo: aplicar en rostro, cuello y escote, sobre la piel limpia. Uso tópico. Mantener fuera del alcance de los niños. Perfume de origen natural. Ingredients: Aqua, Persea Gratissima Oil, Cetearyl Alcohol, Glyceryl Stearate, Simmondsia Chinensis Seed Oil*, Squalane, Stearic Acid, Glycerin, Panax Ginseng Root Extract, Camellia Sinensis Leaf Extract, Calendula Officinalis Flower Extract, Propanediol, Pyrus Malus (Apple) Juice, Prunus Persica ",hyaluronic-acid,,,,,,,,,,,,,open_beauty_facts,false
8431876282030,brightening-texture,Crema antiedad de día para todo tipo de pieles booster plan,"Carrefour, Les Cosmetiques",,"Aqua, Dicaprylyl Ether, Caprylic/Capric Triglyceride, Glycerin, Cetyl Alcohol, Sucrose Distearate, Cetearyl Alcohol, Butyrospermum Parkii Butter, Isopropyl Myristate, Simmondsia Chinensis Seed Oil, Phenoxyethanol, Sucrose Stearate, Butylene Glycol, Cetearyl Glucoside, Dipalmitoyl Hydroxyproline, Panthenol, Aloe Barbadensis Leaf Juice, Xanthan Gum, Olea Europaea Fruit Oil, Tocopheryl Acetate, Parfum, Triethylene Glycol, Carbomer, Sodium Lactate, Sodium Hyaluronate, Polysorbate 20, Limonene, Geran",hyaluronic-acid,,,,,,,,,,,,,open_beauty_facts,false
8859362515620,brightening-texture,EverGlow SUNSAFE SPF 50+ PA+++ Matte Look Sunscreen,EverGlow,,"Aqua, Ethylhexyl Methoxycinnamate, Homosalate, Ethlyhexyl salicylate, Octocrylene, Butyl Methoxydibenzoylmethane, Dicaprylyl Ether, Cetyl Alcohol, Stearyl alcohol, Ceteareth-20, Dimethicone, Cyclopentasiloxane, Polysorbate 60, Propanediol, Titanium Dioxide, Sorbitan Stearate, Parfum, Carbomer, Acrylates Copolymer, Triethanolamine, Phenoxyethanol, Caprylyl Glycol, Sodium Benzoate, Vitamin B3, Sodium Hyaluronate, CI 77491, CI 77492",hyaluronic-acid,,,,,,,,,,,,,open_beauty_facts,false
8809389032150,brightening-texture,Coenzyme Q10 Essence mask,Beauugreen,,"Aqua, Glycerin, Butylene Glycol, Carbomer, Chlorphenesin, Allantoin, Panthenol, PEG-60 Hydrogenated Castor Oil, Caprylyl Glycol, Disodium EDTA, Potassium Hydroxide, Caprylhydroxamic Acid, Fragrance, Caprylic/Capric Triglyceride, Aloe Barbadensis Leaf Powder, Sodium Hyaluronate, Ubiquinone, Hydrogenated Lecithin, Phenoxyethanol",hyaluronic-acid,,,,,,,,,,,,,open_beauty_facts,false
8994993019090,brightening-texture,Elseve Hyaluron Hydra Filling Night Cream,L'Oréal,,"93 01909 1239845 A-INGREDIENTS/BAHAN-BAHAN/douwaug: AQUA/WATER CETEARYL ALCOHOL, AMODIMETHICONE, CETYL ESTERS, SODIUM BENZOATE, SODIUM HYALURONATE, BEHENTRIMONIUM CHLORIDE TRIDECETH-6, CHLORHEXIDINE DIGLUCONATE, LIMONENE, ISOPROPYL ALCOHOL, CITRIC ACID, CETRIMONIUM CHLORIDE, COUMARIN, PARFUM /FRAGRANCE (FIL: T286532/2).",hyaluronic-acid,,,,,,,,,,,,,open_beauty_facts,false
3600542534314,brightening-texture,BB Crème Classique Claire,"Garnier, Garnier SkinActive",,"AQUA / WATER ,DIMETHICONE ,GLYCERIN ,PHENYLBENZIMIDAZOLE SULFONIC ACID ,PROPANEDIOL ,PENTYLENE GLYCOL ,DIMETHICONE/PEG-10/15 CROSSPOLYMER ,SODIUM HYDROXIDE ,SODIUM CHLORIDE ,PHENOXYETHANOL ,CITRIC ACID ,PARFUM / FRAGRANCE ,CHLORPHENESIN ,TRIETHOXYSILYLETHYL POLYDIMETHYLSILOXYETHYL DIMETHICONE ,ISOPROPYL TITANIUM TRIISOSTEARATE ,ALOE BARBADENSIS LEAF JUICE POWDER ,TRISODIUM ETHYLENEDIAMINE DISUCCINATE ,ALUMINA ,DIPROPYLENE GLYCOL ,LINALOOL ,LIMONENE ,SODIUM HYALURONATE ,SODIUM CITRATE ,GERANIOL ,",hyaluronic-acid,,,,,,,,,,,,,open_beauty_facts,false
4068706886584,brightening-texture,Foaming Oil Cleanser,"Lacura, Lacura Skin",,"AQUA, GLYCERIN, CAPRYLYL/CAPRYL GLUCOSIDE, COCO-BETAINE, PEG-200 HYDROGENATED GLYCERYL PALMATE, DISODIUM COCOYL GLUTAMATE, PEG-40 HYDROGENATED CASTOR OIL, PEG-120 METHYL GLUCOSE DIOLEATE, ACRYLATES/C10-30 ALKYL ACRYLATE CROSSPOLYMER, PEG-7 GLYCERYL COCOATE, SQUALANE, SODIUM HYALURONATE, CERAMIDE NP, CERAMIDE AP, PHYTOSPHINGOSINE, CERAMIDE EOP, CAPRYLIC/CAPRIC TRIGLYCERIDE, PROPYLENE GLYCOL, POLYGLYCERYL-10 STEARATE, POLYGLYCERYL-6 BEHENATE, TRIETHYL CITRATE, CHOLESTEROL, CETEARYL ALCOHOL, GLYCER",hyaluronic-acid;ceramides,,,,,,,,,,,,,open_beauty_facts,false
4262351040302,brightening-texture,SPIRULINA MALACHIT RECHARGE HYDRA MASK,caremare,,"AQUA, PENTYLENE GLYCOL, GLYCERIN, SODIUM HYALURONATE, MALTODEXTRIN, MALACHITE EXTRACT, SODIUM CITRATE, CITRIC ACID, SPIRULINA PLATENSIS EXTRACT, TREHALOSE, SUCCINIC ACID",hyaluronic-acid,,,,,,,,,,,,,open_beauty_facts,false
4262351040364,brightening-texture,ASTAXANTHIN SPIRULINA INSTANT RECOVERY EYE CREAM,caremare,,"ALOE BARBADENSIS LEAF JUICE*, AQUA, CAPRYLIC/CAPRIC TRIGLYCERIDE, PENTYLENE GLYCOL, GLYCERIN, GLYCERYL STEARATE, SIMMONDSIA CHINENSIS SEED OIL, POLYGLYCERYL-6 STEARATE, CETYL ALCOHOL, ASCORBYL GLUCOSIDE, XANTHAN GUM, BUTYROSPERMUM PARKII BUTTER, PASSIFLORA INCARNATA SEED OIL, ARGININE, POLYGLYCERYL-6 BEHENATE, SODIUM PHYTATE, SODIUM HYALURONATE, SODIUM CITRATE, CITRIC ACID, LEMONGRASS OIL, SANTALUM ALBUM WOOD OIL, CITRAL, SANTALOL, SPIRULINA PLATENSIS EXTRACT, TREHALOSE, HAEMATOCOCCUS PLUVIALIS ",hyaluronic-acid,,,,,,,,,,,,,open_beauty_facts,false
4262351040340,brightening-texture,caremare Hyaluron Rhodophyta Hydra Glow Boster Serum,caremare,,"ALOE BARBADENSIS LEAF JUICE*, PROPANEDIOL, GLYCERIN, PENTYLENE GLYCOL, BETAINE, AQUA, SODIUM HYALURONATE, SUCROSE, HYDROLYZED RHODOPHYCEAE EXTRACT, POTASSIUM LACTATE, SODIUM CITRATE, LACTIC ACID, SODIUM HYDROXIDE, CITRIC ACID, SPIRULINA PLATENSIS EXTRACT, TREHALOSE, *aus kontrolliert biologischem Anbau",hyaluronic-acid,,,,,,,,,,,,,open_beauty_facts,false
4262351040357,brightening-texture,Astaxanthin Hyaluron Anytime Hydra Spray,caremare,,"ALOE BARBADENSIS LEAF JUICE*, PENTYLENE GLYCOL, AQUA, GLUCONOLACTONE, POLYGLYCERYL-3 COCOATE, POLYGLYCERYL-4 CAPRATE, POLYGLYCERYL-6 CAPRYLATE, POLYGLYCERYL-6 RICINOLEATE, SODIUM HYDROXIDE, GLYCERIN, AVENA SATIVA KERNEL EXTRACT, CANNABIS SATIVA SEED OIL, SODIUM HYALURONATE, HAEMATOCOCCUS PLUVIALIS EXTRACT, SPIRULINA PLATENSIS POWDER, CENTELLA ASIATICA EXTRACT, *aus kontrolliert biologischem Anbau",hyaluronic-acid,,,,,,,,,,,,,open_beauty_facts,false
3474637303365,brightening-texture,Gloss Absolu Hydra-smoothing creamy mask,Kératase Paris,,"Aqua / water / eau, cetearyl alcohol, behentrimonium chloride, glycerin, isopropyl myristate, cetyl esters, amodimethicone, phenoxyethanol, isopropyl alcohol, carvone, limonene, glycolic acid, citrus limon peel oil, sodium hyaluronate, caprylic/capric triglyceride, coco-betaine, citrus aurantium peel oil, linalyl acetate, linalool, tetramethyl acetyloctahydronaphthalenes, sodium hydroxide, pinene, citronellol, sodium chloride, hexyl cinnamal, rosa canina flower extract, citric acid, ci 19140 / y",hyaluronic-acid,,,,,,,,,,,,,open_beauty_facts,false
3600531609726,brightening-texture,Maybelline New York Lifter Gloss 004 Silk Lipgloss,L'OREAL NORGE AS,,"C18-36 ACID TRIGLYCERIDE , BIS-DIGLYCERYL POLYACYLADIPATE-2 , PENTAERYTHRITYL TETRAISOSTEARATE , POLYBUTENE , TRIDECYL TRIMELLITATE , DIISOSTEARYL MALATE , SILICA DIMETHYL SILYLATE , PHENOXYETHANOL , ETHYLHEXYL PALMITATE , PENTAERYTHRITYL TETRA-DI-T-BUTYL HYDROXYHYDROCINNAMATE , CALCIUM SODIUM BOROSILICATE , ETHYLHEXYLGLYCERIN , CALCIUM ALUMINUM BOROSILICATE , TOCOPHERYL ACETATE , SODIUM SACCHARIN , SORBIC ACID , ALUMINA , SILICA , POLYBUTYLENE TEREPHTHALATE , TRIHYDROXYSTEARIN , COCOS NUCIFERA ",hyaluronic-acid,,,,,,,,,,,,,open_beauty_facts,false
3600531609764,brightening-texture,Maybelline New York Lifter Gloss 2 Ice Lipgloss,L'OREAL NORGE AS,,"C18-36 ACID TRIGLYCERIDE , BIS-DIGLYCERYL POLYACYLADIPATE-2 , PENTAERYTHRITYL TETRAISOSTEARATE , POLYBUTENE , TRIDECYL TRIMELLITATE , DIISOSTEARYL MALATE , SILICA DIMETHYL SILYLATE , PHENOXYETHANOL , ETHYLHEXYL PALMITATE , PENTAERYTHRITYL TETRA-DI-T-BUTYL HYDROXYHYDROCINNAMATE , CALCIUM SODIUM BOROSILICATE , ETHYLHEXYLGLYCERIN , CALCIUM ALUMINUM BOROSILICATE , TOCOPHERYL ACETATE , SODIUM SACCHARIN , SORBIC ACID , ALUMINA , SILICA , POLYBUTYLENE TEREPHTHALATE , TRIHYDROXYSTEARIN , COCOS NUCIFERA ",hyaluronic-acid,,,,,,,,,,,,,open_beauty_facts,false
30179493,brightening-texture,L'Oréal Paris Air Volume Black Mascara,L'OREAL NORGE AS,,"AQUA / WATER, PARAFFIN, COPERNICIA CERIFERA CERA / CARNAUBA WAX, CERA ALBA / BEESWAX, STEARETH-20, ACACIA SENEGAL GUM, BUTYLENE GLYCOL, ALCOHOL DENAT., GLYCERIN, STEARETH-2, CETYL ALCOHOL, POTASSIUM CETYL PHOSPHATE, HYDROXYETHYLCELLULOSE, CAPRYLYL GLYCOL, PHENETHYL ALCOHOL, PENTYLENE GLYCOL, SODIUM DEHYDROACETATE, SODIUM POLYMETHACRYLATE, RAYON, DISODIUM EDTA, POLYQUATERNIUM-10, METHYLSILANOL/SILICATE CROSSPOLYMER, SODIUM HYALURONATE,2-OLEAMIDO-1,3-OCTADECANEDIOL, BHT",hyaluronic-acid,,,,,,,,,,,,,open_beauty_facts,false
3600522862543,brightening-texture,L Oréal Paris True Match 3.D/3.W Golden Beige Foundation,L'OREAL NORGE AS,,"G2047548 - AQUA / WATER, DIMETHICONE, ISODODECANE, CYCLOHEXASILOXANE, GLYCERIN, PEG-10 DIMETHICONE, METHYL METHACRYLATE CROSSPOLYMER, BUTYLENE GLYCOL, PENTYLENE GLYCOL, SYNTHETIC FLUORPHLOGOPITE, DISTEARDIMONIUM HECTORITE, HYDROXYETHYLPIPERAZINE ETHANE SULFONIC ACID, CETYL PEG/PPG-10/1 DIMETHICONE, SODIUM CHLORIDE, POLYGLYCERYL-4 ISOSTEARATE, HEXYL LAURATE, CAPRYLYL GLYCOL, PHENOXYETHANOL, DISODIUM STEAROYL GLUTAMATE, TOCOPHEROL, PANTHENOL, ALUMINUM HYDROXIDE, HYDROXYETHYL UREA, ALOE BARBADENSIS",hyaluronic-acid,,,,,,,,,,,,,open_beauty_facts,false
3600522862420,brightening-texture,L Oréal Paris True Match 5.N Sand Foundation,L'OREAL NORGE AS,,"G2047548 -  AQUA / WATER, DIMETHICONE, ISODODECANE, CYCLOHEXASILOXANE, GLYCERIN, PEG-10 DIMETHICONE, METHYL METHACRYLATE CROSSPOLYMER, BUTYLENE GLYCOL, PENTYLENE GLYCOL, SYNTHETIC FLUORPHLOGOPITE, DISTEARDIMONIUM HECTORITE, HYDROXYETHYLPIPERAZINE ETHANE SULFONIC ACID, CETYL PEG/PPG-10/1 DIMETHICONE, SODIUM CHLORIDE, POLYGLYCERYL-4 ISOSTEARATE, HEXYL LAURATE, CAPRYLYL GLYCOL, PHENOXYETHANOL, DISODIUM STEAROYL GLUTAMATE, TOCOPHEROL, PANTHENOL, ALUMINUM HYDROXIDE, HYDROXYETHYL UREA, ALOE BARBADENSI",hyaluronic-acid,,,,,,,,,,,,,open_beauty_facts,false
3600522862505,brightening-texture,L Oréal Paris True Match 5.R/5.C Rose Sand Foundation,L'OREAL NORGE AS,,"G2047548 - AQUA / WATER, DIMETHICONE, ISODODECANE, CYCLOHEXASILOXANE, GLYCERIN, PEG-10 DIMETHICONE, METHYL METHACRYLATE CROSSPOLYMER, BUTYLENE GLYCOL, PENTYLENE GLYCOL, SYNTHETIC FLUORPHLOGOPITE, DISTEARDIMONIUM HECTORITE, HYDROXYETHYLPIPERAZINE ETHANE SULFONIC ACID, CETYL PEG/PPG-10/1 DIMETHICONE, SODIUM CHLORIDE, POLYGLYCERYL-4 ISOSTEARATE, HEXYL LAURATE, CAPRYLYL GLYCOL, PHENOXYETHANOL, DISODIUM STEAROYL GLUTAMATE, TOCOPHEROL, PANTHENOL, ALUMINUM HYDROXIDE, HYDROXYETHYL UREA, ALOE BARBADENSIS",hyaluronic-acid,,,,,,,,,,,,,open_beauty_facts,false
4005900998996,brightening-texture,NIVEA Sun Breathable Uv Specialist Luminous630 Anti-Spot SPF50+ Zonnefluïde,Nivea sun,,"Aqua, Alcohol Denat, Butyl Methoxydibenzoylmethane, Ethylhexyl Triazone, C12-15 Alkyl Benzoate, Bis-Ethylhexyloxyphenol Methoxyphenyl Triazine, Isopropyl Palmitate, Butylene Glycol Dicaprylate/ Dicaprate, Dibutyl Adipate, Cetearyl Alcohol, Distarch Phosphate, Phenylbenzimidazole Sulfonic Acid, Glyceryl Stearate, Tapioca Starch, Diethylamino Hydroxybenzoyl Hexyl Benzoate, Glycerin, Isobutylamido Thiazolyl Resorcinol (Thiamidol®), Glycyrrhiza Inflata Root Extract, Sodium Hyaluronate, Tocopheryl Ac",hyaluronic-acid,,,,,,,,,,,,,open_beauty_facts,false
3600531609733,brightening-texture,Maybelline New York Lifter Gloss 5 Petal Lipgloss,L'OREAL NORGE AS,,"C18-36 ACID TRIGLYCERIDE , BIS-DIGLYCERYL POLYACYLADIPATE-2 , PENTAERYTHRITYL TETRAISOSTEARATE , POLYBUTENE , TRIDECYL TRIMELLITATE , DIISOSTEARYL MALATE , SILICA DIMETHYL SILYLATE , PHENOXYETHANOL , ETHYLHEXYL PALMITATE , PENTAERYTHRITYL TETRA-DI-T-BUTYL HYDROXYHYDROCINNAMATE , CALCIUM SODIUM BOROSILICATE , ETHYLHEXYLGLYCERIN , CALCIUM ALUMINUM BOROSILICATE , TOCOPHERYL ACETATE , SODIUM SACCHARIN , SORBIC ACID , ALUMINA , SILICA , POLYBUTYLENE TEREPHTHALATE , TRIHYDROXYSTEARIN , COCOS NUCIFERA ",hyaluronic-acid,,,,,,,,,,,,,open_beauty_facts,false
3600531609696,brightening-texture,Maybelline New York Lifter Gloss 9 Topaz Lipgloss,L'OREAL NORGE AS,,"C18-36 ACID TRIGLYCERIDE , BIS-DIGLYCERYL POLYACYLADIPATE-2 , PENTAERYTHRITYL TETRAISOSTEARATE , POLYBUTENE , TRIDECYL TRIMELLITATE , DIISOSTEARYL MALATE , SILICA DIMETHYL SILYLATE , PHENOXYETHANOL , ETHYLHEXYL PALMITATE , PENTAERYTHRITYL TETRA-DI-T-BUTYL HYDROXYHYDROCINNAMATE , CALCIUM SODIUM BOROSILICATE , ETHYLHEXYLGLYCERIN , CALCIUM ALUMINUM BOROSILICATE , TOCOPHERYL ACETATE , SODIUM SACCHARIN , SORBIC ACID , ALUMINA , SILICA , POLYBUTYLENE TEREPHTHALATE , TRIHYDROXYSTEARIN , COCOS NUCIFERA ",hyaluronic-acid,,,,,,,,,,,,,open_beauty_facts,false
3574661554280,brightening-texture,Neutrogena Hydro Boost Aqua Gel Dagcrème,Neutrogena,,"Aqua, Dimethicone, Glycerin, Dimethicone Crosspolymer, Trehalose, Sodium Hyaluronate, Ethylhexylglycerin, Cetearyl Olivate, Dimethiconol, Polyacrylamide, C13-14 Isoparaffin, Sorbitan Olivate, Laureth-7, Carbomer, Sodium Hydroxide, Chlorphenesin, Phenoxyethanol, Parfum, Cl 42090. [PR-0000947]",hyaluronic-acid,,,,,,,,,,,,,open_beauty_facts,false
3600542097024,brightening-texture,Garnier SkinActive Pure Charcoal Tissuemasker,"Garnier, Garnier SkinActive",,"AQUA / WATER, PROPYLENE GLYCOL, GLYCERIN, PEG-32, PEG-40 HYDROGENATED CASTOR OIL, PVM/MA COPOLYMER, PAPAIN, POTASSIUM HYDROXIDE, GLYCERYL ACRYLATE/ACRYLIC ACID COPOLYMER, SODIUM HYALURONATE, ANANAS SATIVUS FRUIT EXTRACT / PINEAPPLE FRUIT EXTRACT, P-ANISIC ACID, ALCOHOL, PROPANEDIOL, SUCROSE, HYDROGENATED STARCH HYDROLYSATE, HYDROXYACETOPHENONE, HYDROXYETHYLCELLULOSE, CAPRYLOYL SALICYLIC ACID, XANTHAN GUM, FUCUS VESICULOSUS EXTRACT, SODIUM BENZOATE, PHENOXYETHANOL, PARFUM / FRAGRANCE (F.I.L C2083",hyaluronic-acid,,,,,,,,,,,,,open_beauty_facts,false
3600522862529,brightening-texture,L'Oréal Paris True Match 1.D/W Golden Ivory Foundation,L'OREAL NORGE AS,,"G2047548 - AQUA / WATER, DIMETHICONE, ISODODECANE, CYCLOHEXASILOXANE, GLYCERIN, PEG-10 DIMETHICONE, METHYL METHACRYLATE CROSSPOLYMER, BUTYLENE GLYCOL, PENTYLENE GLYCOL, SYNTHETIC FLUORPHLOGOPITE, DISTEARDIMONIUM HECTORITE, HYDROXYETHYLPIPERAZINE ETHANE SULFONIC ACID, CETYL PEG/PPG-10/1 DIMETHICONE, SODIUM CHLORIDE, POLYGLYCERYL-4 ISOSTEARATE, HEXYL LAURATE, CAPRYLYL GLYCOL, PHENOXYETHANOL, DISODIUM STEAROYL GLUTAMATE, TOCOPHEROL, PANTHENOL, ALUMINUM HYDROXIDE, HYDROXYETHYL UREA, ALOE BARBADENSIS",hyaluronic-acid,,,,,,,,,,,,,open_beauty_facts,false
3600522862581,brightening-texture,L'Oréal Paris True Match 7.D/W Golden Amber Foundation,L'OREAL NORGE AS,,"G2047548 - AQUA / WATER, DIMETHICONE, ISODODECANE, CYCLOHEXASILOXANE, GLYCERIN, PEG-10 DIMETHICONE, METHYL METHACRYLATE CROSSPOLYMER, BUTYLENE GLYCOL, PENTYLENE GLYCOL, SYNTHETIC FLUORPHLOGOPITE, DISTEARDIMONIUM HECTORITE, HYDROXYETHYLPIPERAZINE ETHANE SULFONIC ACID, CETYL PEG/PPG-10/1 DIMETHICONE, SODIUM CHLORIDE, POLYGLYCERYL-4 ISOSTEARATE, HEXYL LAURATE, CAPRYLYL GLYCOL, PHENOXYETHANOL, DISODIUM STEAROYL GLUTAMATE, TOCOPHEROL, PANTHENOL, ALUMINUM HYDROXIDE, HYDROXYETHYL UREA, ALOE BARBADENSIS",hyaluronic-acid,,,,,,,,,,,,,open_beauty_facts,false
3600522862406,brightening-texture,L Oréal Paris True Match 3.N Creamy Beige Foundation,L'OREAL NORGE AS,,"G2047548 - AQUA / WATER, DIMETHICONE, ISODODECANE, CYCLOHEXASILOXANE, GLYCERIN, PEG-10 DIMETHICONE, METHYL METHACRYLATE CROSSPOLYMER, BUTYLENE GLYCOL, PENTYLENE GLYCOL, SYNTHETIC FLUORPHLOGOPITE, DISTEARDIMONIUM HECTORITE, HYDROXYETHYLPIPERAZINE ETHANE SULFONIC ACID, CETYL PEG/PPG-10/1 DIMETHICONE, SODIUM CHLORIDE, POLYGLYCERYL-4 ISOSTEARATE, HEXYL LAURATE, CAPRYLYL GLYCOL, PHENOXYETHANOL, DISODIUM STEAROYL GLUTAMATE, TOCOPHEROL, PANTHENOL, ALUMINUM HYDROXIDE, HYDROXYETHYL UREA, ALOE BARBADENSIS",hyaluronic-acid,,,,,,,,,,,,,open_beauty_facts,false
4005900363602,brightening-texture,NIVEA Sun Protect & Hydrate SPF30 Zonnebrandspray,Nivea,,"Aqua, Alcohol Denat, Isopropyl Palmitate, Glycerin, Ethylhexyl Salicylate, Bis-Ethylhexyloxyphenol Methoxyphenyl Triazine, Butyl Methoxydibenzoylmethane, Dibutyl Adipate, Butylene Glycol Dicaprylate/Dicaprate, Ethylhexyl Triazone, Glyceryl Stearate, Phenylbenzimidazole Sulfonic Acid, Sodium Ascorbyl Phosphate, Sodium Hyaluronate, Microcrystalline Cellulose, Copernicia Cerifera Cera, Hydrogenated Rapeseed Oil, Cetyl Palmitate, Sodium Stearoyl Glutamate, Tocopheryl Acetate, Xanthan Gum, Cellulose ",hyaluronic-acid,,,,,,,,,,,,,open_beauty_facts,false
0856017000126,brightening-texture,Cantu Shea Butter Leave In Conditioning Repair Cream,Cantu,,"AQUA (WATER), CETEARYL ALCOHOL, CANOLA OIL, GLYCERIN, BUTYROSPERMUM PARKII (SHEA) BUTTER, DICETYLDIMONIUM CHLORIDE, PARFUM (FRAGRANCE), BEHENTRIMONIUM METHOSULFATE, OLEA EUROPAEA (OLIVE) FRUIT OIL, CAPRYLOYL GLYCERIN/SEBACIC ACID COPOLYMER, PROPYLENE GLYCOL, DIHEPTYL SUCCINATE, PHENOXYETHANOL, ETHYLHEXYLGLYCERIN, POLYQUATERNIUM-10, SODIUM CHLORIDE, DISODIUM EDTA, CITRIC ACID, PROPYLENE GLYCOL DICAPRYLATE/DICAPRATE, PPG-1 TRIDECETH-6, PANTHENOL, PENTAERYTHRITYL TETRACAPRYLATE/TETRACAPRATE, CITRUS",hyaluronic-acid,,,,,,,,,,,,,open_beauty_facts,false
0192333066942,brightening-texture,Clinique Moisture Surge 100H Auto-Replenishing Hydrator 75 ml,Clinique,,"Water\Aqua\Eau, Dimethicone, Butylene Glycol, Glycerin, Trisiloxane, Trehalose, Sucrose, Ammonium Acryloyldimethyltaurate/Vp Copolymer, Hydroxyethyl Urea, Camellia Sinensis (Green Tea) Leaf Extract, Silybum Marianum (Lady's Thistle) Extract, Betula Alba (Birch) Bark Extract, Saccharomyces Lysate Extract, Aloe Barbadensis Leaf Water, Aloe Barbadensis Leaf Extract, Thermus Thermophillus Ferment, Caffeine, Sorbitol, Palmitoyl Hexapeptide-12, Sodium Hyaluronate, Caprylyl Glycol, Oleth-10, Sodium Pol",hyaluronic-acid,,,,,,,,,,,,,open_beauty_facts,false
0020714598907,brightening-texture,Clinique Dramatically Different Moisturizing Lotion+ 125 ml,Clinique,,"Water / Aqua / Eau, Mineral Oil / Paraffinum Liquidum / Huile Minérale, Glycerin, Petrolatum, Stearic Acid, Glyceryl Stearate, Sesamum Indicum (Sesame) Oil, Urea, Lanolin Alcohol, Triethanolamine, Hordeum Vulgare (Barley) Extract / Extrait D'Orge, Cucumis Sativus (Cucumber) Fruit Extract, Helianthus Annuus (Sunflower) Seedcake, Propylene Glycol Dicaprate, Sodium Hyaluronate, Butylene Glycol, Pentylene Glycol, Trisodium EDTA, Phenoxyethanol, Yellow 6 (CI 15985), Yellow 5 (CI 19140), Red 33 (CI 17",hyaluronic-acid,,,,,,,,,,,,,open_beauty_facts,false
5600829361082,brightening-texture,Advanced Facial Cream 50ml,"TandheM, TandheM Neurocosmetics",,"AQUA, ARGANIA SPINOSA KERNEL OIL,
BUTYROSPERMUM PARKII BUTTER, SODIUM PCA,
CETEARYL OLIVATE, SORBITAN OLIVATE, CETEARYL
ALCOHOL, CAPRYLIC/CAPRIC TRIGLYCERIDE, CETYL
PALMITATE, SODIUM ACRYLATES COPOLYMER,
GLYCERIN, SORBITAN PALMITATE, SODIUM BENZOATE,
LECITHIN, PARFUM, SORBITAN OLEATE,
POTASSIUMSORBATE, HELIANTHUS ANNUUS SEED OIL,
TOCOPHEROL, PHENOXYETHANOL, ALARIA ESCULENTA
EXTRACT, CITRIC ACID, SODIUM HYALURONATE,
TERMINALIA FERDINANDIANA FRUITEXTRACT, BENZYL
SALICYLATE, CITRONELLOL,",hyaluronic-acid,,,,,,,,,,,,,open_beauty_facts,false
8017331072325,brightening-texture,Crema solare viso multi protection,Prep,,"CREMA SOLARE VISO MULTI PROTECTION Dermaprotective Face Sun Cream INGREDIENTS AQUA, C12-15 ALKYL BENZOATE, DIETHYLAMINO HYDROXYBENZOYL HEXYL BENZOATE, DIBUTYL ADIPATE, ETHYLHEXYL TRIAZONE, BIS-ETHYLHEXYLOXYPHENOL METHOXYPHENYL TRIAZINE, GLYCERYL STEARATE CITRATE, PHENYLBENZIMI - DAZOLE SULFONIC ACID, GLYCERIN, CETEARYL ALCOHOL, C15-19 ALKANE, ORYZA SATIVA BRAN OIL, OLIVE OIL DECYL ESTERS, PHENOXYETHANOL, BUTYROSPERMUM PARKII BUTTER, PARFUM, SODIUM HYDROXIDE, XANTHAN GUM, PROPYLENE GLYCOL, TARTAR",hyaluronic-acid,,,,,,,,,,,,,open_beauty_facts,false
3600522862499,brightening-texture,L'Oréal Paris True Match 3.R/3.C Rose Beige Foundation,L'OREAL NORGE AS,,"G2047548 - AQUA / WATER, DIMETHICONE, ISODODECANE, CYCLOHEXASILOXANE, GLYCERIN, PEG-10 DIMETHICONE, METHYL METHACRYLATE CROSSPOLYMER, BUTYLENE GLYCOL, PENTYLENE GLYCOL, SYNTHETIC FLUORPHLOGOPITE, DISTEARDIMONIUM HECTORITE, HYDROXYETHYLPIPERAZINE ETHANE SULFONIC ACID, CETYL PEG/PPG-10/1 DIMETHICONE, SODIUM CHLORIDE, POLYGLYCERYL-4 ISOSTEARATE, HEXYL LAURATE, CAPRYLYL GLYCOL, PHENOXYETHANOL, DISODIUM STEAROYL GLUTAMATE, TOCOPHEROL, PANTHENOL, ALUMINUM HYDROXIDE, HYDROXYETHYL UREA, ALOE BARBADENSIS",hyaluronic-acid,,,,,,,,,,,,,open_beauty_facts,false
3600522862567,brightening-texture,L Oréal Paris True Match 5.D/5.W Golden Sand Foundation,L'OREAL NORGE AS,,"G2047548 -  AQUA / WATER, DIMETHICONE, ISODODECANE, CYCLOHEXASILOXANE, GLYCERIN, PEG-10 DIMETHICONE, METHYL METHACRYLATE CROSSPOLYMER, BUTYLENE GLYCOL, PENTYLENE GLYCOL, SYNTHETIC FLUORPHLOGOPITE, DISTEARDIMONIUM HECTORITE, HYDROXYETHYLPIPERAZINE ETHANE SULFONIC ACID, CETYL PEG/PPG-10/1 DIMETHICONE, SODIUM CHLORIDE, POLYGLYCERYL-4 ISOSTEARATE, HEXYL LAURATE, CAPRYLYL GLYCOL, PHENOXYETHANOL, DISODIUM STEAROYL GLUTAMATE, TOCOPHEROL, PANTHENOL, ALUMINUM HYDROXIDE, HYDROXYETHYL UREA, ALOE BARBADENSI",hyaluronic-acid,,,,,,,,,,,,,open_beauty_facts,false
42429111,brightening-texture,NIVEA Sun Protect & Hydrate Pocket Size SPF30 Zonnebrandcrème,Nivea sun,,"Aqua, Isopropyl Palmitate, C12-15 Alkyl Benzoate, Glycerin, Alcohol Denat, Butyl Methoxydibenzoylmethane, Bis-Ethylhexyloxyphenol Methoxyphenyl Triazine, Butylene Glycol Dicaprylate/Dicaprate, Ethylhexyl Salicylate, Titanium Dioxide (nano), Behenyl Alcohol, Hydrogenated Rapeseed Oil, Silica Dimethyl Silylate, Stearyl Alcohol, Hydroxypropyl Starch Phosphate, Phenylbenzimidazole Sulfonic Acid, Ethylhexyl Triazone, Diethylamino Hydroxybenzoyl Hexyl Benzoate, Sodium Ascorbyl Phosphate, Tocopheryl Ac",hyaluronic-acid,,,,,,,,,,,,,open_beauty_facts,false
3059948002154,brightening-texture,Durex Natural Hydra+ Glijmiddel,Durex,,"AQUA, GLYCERIN, PROPANEDIOL, XANTHAN GUM, BENZOIC ACID, SODIUM HYALURONATE, POTASSIUM LACTATE, LACTIC ACID,",hyaluronic-acid,,,,,,,,,,,,,open_beauty_facts,false
3600522862475,brightening-texture,L Oréal Paris True Match 1.R/1.C Rose Ivory Foundation,L'OREAL NORGE AS,,"G2047548 - AQUA / WATER, DIMETHICONE, ISODODECANE, CYCLOHEXASILOXANE, GLYCERIN, PEG-10 DIMETHICONE, METHYL METHACRYLATE CROSSPOLYMER, BUTYLENE GLYCOL, PENTYLENE GLYCOL, SYNTHETIC FLUORPHLOGOPITE, DISTEARDIMONIUM HECTORITE, HYDROXYETHYLPIPERAZINE ETHANE SULFONIC ACID, CETYL PEG/PPG-10/1 DIMETHICONE, SODIUM CHLORIDE, POLYGLYCERYL-4 ISOSTEARATE, HEXYL LAURATE, CAPRYLYL GLYCOL, PHENOXYETHANOL, DISODIUM STEAROYL GLUTAMATE, TOCOPHEROL, PANTHENOL, ALUMINUM HYDROXIDE, HYDROXYETHYL UREA, ALOE BARBADENSIS",hyaluronic-acid,,,,,,,,,,,,,open_beauty_facts,false
8001090134226,brightening-texture,Toallitas,Dodot,,"Aqua, Glycerin, Propylene Glycol, Sodium Benzoate, Polysorbate 20, Phenoxyethanol, Parfum, Disodium EDTA, Citric Acid, Aloe Barbadensis Leaf Juice, Chamomilla Recutita Flower Extract, Tocopheryl Acetate, Sodium Citrate, Sorbitan Caprylate, Caprylyl Glycol, Sodium Hyaluronate, Cocos Nucifera Oil, Sodium Hydroxide",hyaluronic-acid,,,,,,,,,,,,,open_beauty_facts,false
5054563197740,brightening-texture,Pasta dentifricia,Paradontax,,"Aqua, Hydrated Silica, Sorbitol, Glycerin, PEG-6, Sodium Citrate, Sodium Lauryl Sulfate, Aroma, Xanthan Gum, Zinc Chloride, Carrageenan, Sodium Fluoride, Sodium Saccharin, Citric Acid, o-cymen-5-ol, Sodium Hyaluronate, Limonene",hyaluronic-acid,,,,,,,,,,,,,open_beauty_facts,false
3606000537729,brightening-texture,www.cerave.com 3'606000&quot;537729,cerave,,"Aqua, Glycerin, Cetearyl Alcohol, Caprylic/Capric Triglyceride, Cetyl Alcohol, Ceteareth-20, Petrolatum, Potassium Phosphate, Ceramide NP, Ceramide AP, Ceramide EOP, Carbomer, Dimethicone, Behentrimonium Methosulfate, Sodium Lauroyl Lactylate, Sodium Hyaluronate, Cholesterol, Phenoxyethanol, Disodium EDTA, Dipotassium Phosphate, Tocopherol, Phytosphingosine, Xanthan Gum, Ethylhexylglycerin",hyaluronic-acid;ceramides,,,,,,,,,,,,,open_beauty_facts,false
0850009144515,brightening-texture,Masque anti-rides et énergisant pour les yeux,Grace & Stella,,"WATER/AQUA/EAU, GLYCERIN, CHRONDRUS CRISPUS POWDER, HYDROLYZED VEGETABLLE PROTEIN, CORN GLUTEN AMINO ACIDS, XANTHAN GUM, TREHALOSE, MICA, PHENOXYETHANOL, ALLANTOIN, CI 77891, PEG-40 HYDROGENATED CASTOR OIL, SODIUM HYALURONATE, CI 77491",hyaluronic-acid,,,,,,,,,,,,,open_beauty_facts,false
5060273290268,brightening-texture,Moisturising Water Based Hybrid Lubricant,Lubido,,"Aqua, Glycerin, Propylene Glycol, Dimethiconol, Dimethicone, Hydroxyethylcellulose, Isopropyl Myristate, Glyceryl Stearate, 1,2-Hexanediol, Hydroxyacetophenone, Caprylic/Capric Triglyceride, Ceteareth-20, Cetearyl Alcohol, Sodium Hyaluronate, Disodium EDTA",hyaluronic-acid,,,,,,,,,,,,,open_beauty_facts,false
4005800363009,brightening-texture,Derma Control Sensitive,Nivea,,"Butane, Isobutane, Propane, Isopropyl Palmitate, Aluminum Chlorohydrate, Dicaprylyl Ether, Caprylic/Capric Triglyceride, Parfum, Sodium Hyaluronate, Tocopheryl Acetate, Chamomilla Recutita Flower Extract, Octyldodecanol, Persea Gratissima Oil, Glycerin, Disteardimonium Hectorite, Propylene Carbonate, Tocopherol, Glycine Soja Oil, Bisabolol, Aqua",hyaluronic-acid,,,,,,,,,,,,,open_beauty_facts,false
8719238065621,brightening-texture,Strawberry fruity face sheet mask smoothing,the beautydept,,"INGREDIENTS/INGREDIENTE: Aqua, Glycerin, Dipropylene Glycol, Butylene Glycol, 1,2-Hexanediol, Hydroxyacetophenone, Hydroxyethylcellulose, Trehalose, Carbomer, Arginine, Allantoin, Ethylhexylglycerin, Polyglyceryl-10 Laurate, Sodium Phytate, Panthenol, Dipotassium Glycyrrhizate, Prunus Avium Fruit Extract, Parfum, Sodium Hyaluronate, Fragaria Chiloensis Fruit Extract, Vaccinium Angustifolium Fruit Extract, Punica Granatum Fruit Extract, Propylene Glycol, Garcinia Mangostana Peel Extract, Vitis Vi",hyaluronic-acid,,,,,,,,,,,,,open_beauty_facts,false
4008666860002,brightening-texture,Biorepair,Dr. White,,"Aqua, Hydroxyapatite, Hydrated Silica, Glycerin, Sorbitol, Silica, Sodium Myristoyl Sarcosinate, Aroma, Sodium Methyl Cocoyl Taurate, Cellulose Gum, Zinc PCA, Cocamidopropyl Betaine, Sodium Saccharin, Lactoferrin, Tetrapotassium Pyrophosphate, Tocopheryl Acetate, Sodium Chloride, Calendula Officinalis Flower Extract, Hamamelis Virginiana Leaf Extract, Spirulina Platensis Extract, Sodium Hyaluronate, Phenoxyethanol, Sodium Benzoate, Potassium Sorbate, Menthol, Benzyl Alcohol, Anethole, Carvone, L",hyaluronic-acid,,,,,,,,,,,,,open_beauty_facts,false
8906147702383,brightening-texture,Dot and key Watermelon cooling sunscreen,Dot and key,,"Aqua, Ethylhexyl Methoxycinnamate (and) Butyl

Methoxydibenzoylmethane (and) Benzophenone-3 (and) Phospholipids (and) 1,3-Butylene Glycol, Glycerine, C12-15 Alkyl Benzoate, Caprylic/Capric Triglyceride, Propanediol, Cyclopentasiloxane, Zea Mays (Corn) Starch, Citrullus Lanatus (Watermelon) Fruit Extract, Oxothiazolidine (and) Butylene glycol (and) Sodium benzoate, Methylene Bis-Benzotriazolyl Tetramethylbutylphenol (and) Aqua (and) Decyl Glucoside (and) Propylene Glycol (and) Xanthan Gum, Diethy",hyaluronic-acid,,,,,,,,,,,,,open_beauty_facts,false
3600542543422,brightening-texture,Garnier fructis,Garnier,,"AQUA/WATER, CETEARYL ALCOHOL, BEHENTRI - MONIUM CHLORIDE, GLYCINE SOJA OIL/SOYBEAN OIL, CETYL ESTERS, ALOE BARBADENSIS LEAF JUICE, DILAURYL THIODIPROPIONATE, GLYCERIN, SODIUM HYALURONATE, ISOPROPYL ALCOHOL, CITRIC ACID, POTASSIUM SORBATE, SODIUM BENZOATE, SALICYLIC ACID, LINALOOL, LIMONENE, CITRONELLOL, HEXYL SERVIZIO CONSUMATORI GARNIER CINNAMAL, PARFUM/FRAGRANCE. (F.I.L 270012179/1).",hyaluronic-acid,,,,,,,,,,,,,open_beauty_facts,false
4008455103310,brightening-texture,Blistex Lippenpflege Lip Infusions Hydration,Blistex,,"INGREDIENTS: hydrogenated coconut oil, phenyl
trimethicone, euphorbia cerifera (candelilla)
wax, cera alba, bis-diglyceryl polyacyladipate-2,
C10-30 cholesterol/ lanosterol esters,
dimethicone, tocopheryl acetate, ethylhexyl
palmitate, aroma, copernicia cerifera
(carnauba) wax, arachidyl alcohol, arachidyl
glucoside, behenyl alcohol, butylene glycol,
citral, limonene, linoleic acid, linolenic acid,
phenoxyethanol, saccharin, silica dimethyl
silylate, sodium hyaluronate, tocopherol",hyaluronic-acid,,,,,,,,,,,,,open_beauty_facts,false
5201279072940,brightening-texture,Tonic lotion,Apivita,,"Aqua/Water/Eau, Glycerin, PPG-26-Buteth-26, Aqua/Water/Eau, Mel/Honey/Miel, Propolis Extract, Olea Europaea (Olive) Leaf Extract, Rosa Canina Fruit* Extract, Betaine, Panthenol, Citrus Aurantium Dulcis (Orange) Peel Oil*, Lavandula Angustifolia (Lavender) Oil*, Pelargonium Graveolens Flower Oil*, Allantoin, Sodium Hyaluronate, Tocopheryl Acetate PEG-40 Hydrogenated Castor Oil, Hydroxyacetophenone, Tetrasodium Glutamate Diacetate, Citric Acid, Parfum/Fragrance. &quot;Organic cultivation/Issu de l",hyaluronic-acid,,,,,,,,,,,,,open_beauty_facts,false
08204462,brightening-texture,Soothing Gel Eye Drops,Superdrug,,"Sodium chloride 0.9%, Sodium Hyaluronate 0.3%, Polyhexanide 0.0001% in a Phosphate buffer.",hyaluronic-acid,,,,,,,,,,,,,open_beauty_facts,false
8715342053479,brightening-texture,Mask with glitter,SB,,"και ενυδατώνει το δέρμα. Μίας χρήσεως. κρι τα να τοποθετηθούν πάνω από τα μάτια, τη μύτη και το στόμα, και πιέστε καλά για καλή επαφή με το δέρμα. Η μάσκα και τρίψτε τον υπόλοιπο ορό στο δέρμα. Προσοχή: Μην χρησιμοποιείτε σε ερεθισμένο ή τραυματισμένο αματήστε τη χρήση. Αποφύγετε επαφή με τα μάτια. Όταν το προϊόν έρθει σε επαφή με τα μάτια, ξεπλύνετε με νερό. Κα SKA. Omekšava i hidratizira kožu. Za jednokratnu upotrebu. Upotreba: Ukloniti foliju i nanijeti masku na suhu, čistu kož iju, nosa i us",hyaluronic-acid,,,,,,,,,,,,,open_beauty_facts,false
7937699497565,brightening-texture,Jelly sleeping mask,essence,,"INGREDIENTS: RICINUS COMMUNIS (CASTOR) SEED OIL, BIS-DIGLYCERYL POLYACYLADIPATE AUTYROSPERMUM PARKII (SHEA) BUTTER, SILICA DIMETHYL SILYLATE, CAPRYLIC/CAPRIC TRIGLICERIDE SEED OIL, TOCOPHERYL ACETATE, OLEA EUROPAEA (OLIVE) FRUIT OIL, SODIUM HYALURONATE, OLE EUPHORBIA CERIFERA CERA (EUPHORBIA CERIFERA (CANDELILLA) WAX), FRAGARIA ANANASSA STRAWBER EROPAEA (OLIVE) OIL UNSAPONIFIABLES, HYDROGENATED OLIVE OIL, PROPYLENE CARBONATE, C SODIUM SACCHARIN, GLYCERYL DIOLEATE, CITRIC ACID, PARFUM (FRAGRANCE)",hyaluronic-acid,,,,,,,,,,,,,open_beauty_facts,false
5060955140997,brightening-texture,Bakuchiol Firming Daily Moisturiser,Facetheory,,"INGREDIENTS/INGRÉDIENTS: Aqua, Propanediol, Butyrospermum Parkii (Shea) Butter, Glyceryl Stearate, Prunus Amygdalus Dulcis (Sweet Almond) Oil, Bakuchiol, Cetyl Alcohol, Stearic Acid, Distarch Phosphate, Prunus Armeniaca (Apricot) Kernel Oil, Argania Spinosa (Argan) Kernel Oil, Oryza Sativa (Rice) Bran Oil, Tocopherol, Glycerin, Sodium Anisate, Sodium Levulinate, Glyceryl Caprylate, Citrus Nobilis (Mandarin) Peel Oil, Gellan Gum, Lactic Acid, Sodium Hyaluronate, Sclerotium Gum, Xanthan Gum, Sodiu",hyaluronic-acid,,,,,,,,,,,,,open_beauty_facts,false
3517360027778,brightening-texture,Crème hydratante booster d'éclat &quot;Hydra AloeVera&quot;,Léa Nature,,"AQUA, ALOE BARBADENSIS LEAF JUICE, CAPRYLIC/CAPRIC TRIGLYCERIDE, GLYCERYL STEARATE CITRATE, GLYCERIN, OCTYLDODECANOL, PROPANEDIOL, LAURYL LAURATE, CETEARYL ALCOHOL, PENTYLENE GLYCOL, ASCORBYL GLUCOSIDE, SODIUM HYALURONATE, ARGININE, BIXA ORELLANA SEED OIL, HELIANTHUS ANNUUS (SUNFLOWER) SEED OIL, HYDROGENATED RAPESEED OIL, AGAR, CHONDRUS CRISPUS (CARRAGEENAN) EXTRACT, BENTONITE, XANTHAN GUM, PARFUM (FRAGRANCE), CAPRYLYL GLYCOL, LEVULINIC ACID, SODIUM LEVULINATE, CI 77491 (IRON OXIDES), CI 77499 (",hyaluronic-acid,,,,,,,,,,,,,open_beauty_facts,false
5900536349251,brightening-texture,Kremowe mydło w płynie,Luksja,,"Aqua, Sodium Laureth Sulfate, Sodium Chloride, Cocamidopropyl Betaine, Sodium Hyaluronate, Allantoin, C11-15 Pareth-7, Caprylyl Glycol, Citric Acid, Disodium EDTA, Fructose, Glucose, Glycerin, Gossypium Herbaceum Seed Extract, Gossypium Herbaceum Seed Oil, Lactic Acid, Maltose, Panthenol, Parfum, Hydrogenated Castor Oil, Pentylene Glycol, Phenethyl Alcohol, Polyquaternium-7, Sodium Hydroxide, Sodium Lactate, Sodium Lauryl Sulfate, Sodium PCA, Styrene/Acrylates Copolymer, Tocopherol, Tocopheryl A",hyaluronic-acid,,,,,,,,,,,,,open_beauty_facts,false
0818570002542,brightening-texture,Hand Cream,J.R. Watkins,,"FORMULE AVEC DES PLANTES À BASE DE BEURRE DE KARITÉ, DE BEURRE DE CACAO ET D'HUILE DE JOJOBA HOW TO USE Apply liberally as needed to dry hands, feet or as an overall body moisturizer. INSTRUCTIONS D'UTILISATION Appliquer une quantité généreuse au besoin sur mains ou pieds secs ou comme sur tout le corps. XFREE FROM SILICONES PARABENS PHTHALATES FORMALDEHYDE DYE EDTA hydratant ✓ EXEMPT DE SILICONES PARABÈNES PHTHALATES FORMALDEHYDE COLORANT EDTA INGREDIENTS/INGRÉDIENTS: WATER/AQUA/EAU, BUTYROSPER",hyaluronic-acid,,,,,,,,,,,,,open_beauty_facts,false
5060489796189,brightening-texture,Hydrating Milky Toner,BYOMA,,"Ingredients/Ingrédients/Ingredientes/
Συστατικα/Ingrediente/Съставки/Sastojci, Aqua, Butylene Glycol, Glycerin, Dipropylene Glycol, 1,2-Hexanediol, Panthenol, Limnanthes Alba
(Meadowfoam) Seed Oil, Polyglutamic Acid, Pullulan, Saccharide Isomerate, Xanthan Gum, Centella Asiatica Extract, Gluconolactone, Sphingolipids, Sodium Citrate, Beta-Glucan, Tocopherol, Ceramide NP, Citric Acid, Carbomer, Ethylhexylglycerin, Polyglyceryl-3 Methylglucose
Distearate, Tromethamine, Symphytum Officinale
Root Ex",hyaluronic-acid;ceramides,,,,,,,,,,,,,open_beauty_facts,false
3770028605392,brightening-texture,Lait corps Unifiant Hydratant,Mussofi,,"Aqua, Glycerin, Butyrospermum Parkii Butter, Caprylic/Capric Triglyceride, Cocos Nucifera Flower Extract, Cetearyl Alcohol, C10-18 Triglycerides, Myristyl Alcohol, Cetearyl Glucoside, Hydroxyethyl Acrylate/Sodium Acryloyldimethyl Taurate Copolymer, Parfum, Shikimic Acid, Alpha-Glucan Oligosaccharide, Myristyl Glucoside, Sodium Benzoate, Sodium Hydroxide, Citric Acid, Ascorbyl Glucoside, Xanthan Gum, Potassium Sorbate, Sodium Phytate, Tocopherol, Sodium Hyaluronate, Glycine Soja Extract",hyaluronic-acid,,,,,,,,,,,,,open_beauty_facts,false
3770028605378,brightening-texture,Crème Unifiante Anti-Taches,Mussofi,,"Aqua, Butyrospermum Parkii Butter, Cocos Nucifera Flower Extract, Caprylic/Capric Triglyceride, Coco-Caprylate/Caprate, Cetearyl Alcohol, Hydrogenated Olive Oil, Ascorbyl Glucoside, Glycerin, Shikimic Acid, Myristyl Alcohol, Hydroxyethyl Acrylate/Sodium Acryloyldimethyl Taurate Copolymer, Cetearyl Glucoside, Olea Europaea Fruit Oil, Alpha-Glucan Oligosaccharide, Sodium Hydroxide, Mica, Parfum, Myristyl Glucoside, Sodium Benzoate, Xanthan Gum, Potassium Sorbate, Olea Europaea Oil Unsaponifiables,",hyaluronic-acid,,,,,,,,,,,,,open_beauty_facts,false
3770028605385,brightening-texture,Sérum Unifiant Anti-Taches,Mussofi,,"Aqua, Glycerin, Xanthan Gum, Ascorbyl Glucoside, Shikimic Acid, Alpha-Glucan Oligosaccharide, Sodium Benzoate, Citric Acid, Caprylyl/Capryl Glucoside, Potassium Sorbate, Parfum, Sodium Hyaluronate, Diisopropyl Adipate, Triethyl Citrate",hyaluronic-acid,,,,,,,,,,,,,open_beauty_facts,false
4008666831125,brightening-texture,Bioniq Repair Zahncreme,Dr. Wolff's Bioniq,,"Ingredients: Aqua, Hydroxyapatite, Glycerin, Hydrated Silica, Sorbitol, Silica, Sodium Myristoyl Sarcosinate, Aroma, Sodium Methyl Cocoyl Taurate, Cellu - lose Gum, Zinc PCA, Cocamidopropyl Betaine, Sodium Saccharin, Lactofer - rin, Tocopheryl Acetate, Sodium Chloride, Calendula Officinalis Flower Ext - ract, Hamamelis Virginiana Leaf Extract, Spirulina Platensis Extract, Sodium Hyaluronate, Phenoxyethanol, Sodium Benzoate, Potassium Sorbate, Men - thol, Benzyl Alcohol, Anethole, Carvone, Limone",hyaluronic-acid,,,,,,,,,,,,,open_beauty_facts,false
7509552845891,brightening-texture,Elvive Hidra [Hialurónico],L'Oréal,,"Aqua, Sodium Laureth Sulfate, Sodium Lauryl Sulfate, Cocamidopropyl Betaine, Sodium Chloride, Glycol Distearate, Parfum, Hexylene Glycol, Guar Hydroxypropyltrimonium Chloride, Cocamide MEA, Coco-Betaine, Lactic Acid, Sodium Benzoate, Sodium Hydroxide, Hydroxycitronellal, Hydrolyzed Hyaluronic Acid, Sodium Hyaluronate, Phenoxyethanol, Steareth-6, Acetic Acid, PEG-100 Stearate, Trideceth-10, Trideceth-3, Salicylic Acid, Dimethicone, Limonene, Fumaric Acid, Linalool, Amodimethicone, Carbomer, Citri",hyaluronic-acid,,,,,,,,,,,,,open_beauty_facts,false
8055348241945,brightening-texture,Relizema cream,RELIFE Menarini Group,,"AQUA, HYDROGENATED POLYDECENE, ETHYLHEXYL PALMITATE, DIMETHICONE, GLYCERIN, GLYCERYL STEARATE PEG-100 STEARATE, CETEARYL ALCOHOL, MAGNESIUM STEARATE, RICINUS COMMUNIS SEED OIL, PHENOXYETHANOL, ASCORBYL PALMITATE, DISODIUM EDTA, ETHYLHEXYLGLYCERIN, FURFURYL PALMITATE, ETHYL LINOLENATE, TOCOPHERYL ACETATE, SODIUM HYALURONATE, ETHYL OLEATE, ETHYL UINOLEATE, PROPYL GALLATE, TOCOPHEROL, ETHYL PALMITATE, ETHYL STEARATE.",hyaluronic-acid,,,,,,,,,,,,,open_beauty_facts,false
0681131436472,brightening-texture,Hydration Gel,Equate beauty,,"WATER, DIMETHICONE, GLYCERIN, DIMETHICONE/VINYL DIMETHICONE CROSSPOLYMER, PHENOXYETHANOL, POLYACRYLAMIDE, CETEARYL OLIVATE, SORBITAN OLIVATE, DIMETHICONOL, C13-14 ISOPARAFFIN, DIMETHICONE CROSSPOLYMER, CHLORPHENESIN, CARBOMER, LAURETH-7, SODIUM HYALURONATE, FRAGRANCE, C12-14 PARETH-12, SODIUM HYDROXIDE, BLUE 1.",hyaluronic-acid,,,,,,,,,,,,,open_beauty_facts,false
4305615683300,brightening-texture,Hydro Pflege-Gel Aloe Vera,Isana,,"Aloe Barbadensis Leaf Juice, Glycerin, Succinoglycan, Phenoxyethanol, Panthenol, Hydroxyace tophenone, Parfum, Sodium PCA, Aqua, Xanthan Gum, Sodium Hyaluronate, Sodium Hydroxide.",hyaluronic-acid,,,,,,,,,,,,,open_beauty_facts,false
8500033101092,brightening-texture,Tula moisturiser +spf30,Tula,,"Inactive Ingredients: Aqua/Water/Eau, Butyloctyl Salicylate, C12-15 Alkyl Benzoate, Glycerin, Cetyl Alcohol, Dimethicone, Hydrogenated Vegetable Oil, Glyceryl Stearate, PEG-100 Stearate, Lactococcus Ferment Lysate, Caprylic/Capric Triglyceride, Lactobacillus, Lactobacillus Ferment, Hedychium Coronarium Root Extract, Hydrolyzed Rice Protein, Collagen Amino Acids, Sodium Hyaluronate, Lactic Acid, Cichorium Intybus (Chicory) Root Extract, Alpha-Glucan Oligosaccharide, Olus Oil/Vegetable Oil/Huile v",hyaluronic-acid,,,,,,,,,,,,,open_beauty_facts,false
8500033101122,brightening-texture,Tula bright start,Tula,,"Aqua/water/eau, Octyldodecyl Neopentanoate, 3-o-ethyl Ascorbic Acid, Tetrahexyldecyl Ascorbate, Glyceryl Stearate, Cetyl Alcohol, Lactococcus Ferment Lysate, Tranexamic Acid, Ferulic Acid, Lactobacillus Ferment, Inulin, Citrus Junos Seed Extract, Citrus Unshiu Peel Extract, Acetyl Tetrapeptide-2, Sodium Hyaluronate, Beta Vulgaris (beet) Root Extract/beta Vulgaris/extrait De Racine De Betterave, Lactobacillus, Lactic Acid, Curcuma Longa (turmeric) Root Extract, Alpha-glucan Oligosaccharide, Helia",vitamin-c;hyaluronic-acid,,,,,,,,,,,,,open_beauty_facts,false
5902539722536,brightening-texture,Nacomi Krem Intens N Nawilżający,Nacomi,,"Aqua, Propanediol, Glyceryl Stearate, Ethyl Oleate Propylheptyl Caprylate, Hydrogenated Farnesene, Cetearyl Alcohol, Glycerin, Niacinamide Trehalose. Panthenol, Polyglyceryl-6 Palmitate/Succinate, Hydrolyzed Yeast Extract, Maltodextrin, Sodium PCA, Ectoin, Betaine Hyaluronic Acid. Sodium Hyaluronate. Hydrolyzed Hyaluronic Acid. Sodium Hyaluronate Crosspolymer, Magnesium PCA Zinc PCA, Manganese PCA. Inulin, Cellulose, Fructose. Glucose, Lecithin. Tocopherol, Tocopheryl Acetate, Hydrolyzed Glycosa",niacinamide;hyaluronic-acid,,,,,,,,,,,,,open_beauty_facts,false
4004704104305,brightening-texture,Hafer-Creme,Diaderma,,"Aqua, Glycine Soja Oil, Alcohol, Glycerin, Shea Butter, Cetearyl Olivate, Sorbitan Olivate, Jojoba Esters, Avena Sativa Kernel Oil, Avena Sativa Kernel Extract, Lactobacillus Ferment, Sodium Hyaluronate, Oryzanol, Helianthus Annuus Seed Wax, Acacia Decurrens Flower Wax, Cetearyl Alcohol, Cetyl Palmitate, Sorbitan Palmitate, Sorbitan Oleate, Xanthan Gum, Flavor, Lactic Acid, Sodium Anisate, Polyglycerin-3, Sodium Levulinate, Sodium Benzoate, Potassium Sorbate, Citral, Limonene, Linalool",hyaluronic-acid,,,,,,,,,,,,,open_beauty_facts,false
7046110067567,brightening-texture,Ansiktskremer pleiende,Dr.Greve,,"Aqua, Paraffinum Liquidum, Propylene Glycol Dicaprylate/Dicaprate, Cetyl Alcohol, Glycerin, Sodium Hyaluronate, Tocopheryl Acetate, Triethanolamine, Lanolin, Panthenol, Retinyl Palmitate, Tocopherol, Stearic Acid, Glyceryl Stearate, PEG-100 Stearate, Palmitic Acid, Carbomer, Lecithin, Polysorbate 80, Propylene Glycol, Dimethicone, Disodium EDTA, Citric Acid, Phenoxyethanol, Benzoic Acid, Piroctone Olamine, Parfum.",hyaluronic-acid,,,,,,,,,,,,,open_beauty_facts,false
8480000502568,brightening-texture,Crema facial hidrata ácido hialurónico y aloe vera,Deliplus,,"INGREDIENTS: AQUA (WATER), CAPRYLIC/CAPRIC TRIGLYCERIDE, ALOE BARBADENSIS LEAF EXTRACT (ALOE BARBADENSIS LEAF JUICE), C12-20 ACID PEG-8 ESTER, CETEARYL ETHYLHEXANOATE, DECYL OLEATE, PROPANEDIOL, GLYCERIN, C15-19 ALKANE, GLYCERYL STEARATE SE, GLYCERYL STEARATE, IMPERATA CYLINDRICA ROOT EXTRACT, ROSMARINUS OFFICINALIS (ROSEMARY) LEAF EXTRACT, HYDROGENATED RAPESEED OIL, TOCOPHERYL ACETATE, SODIUM HYALURONATE, TOCOPHEROL, HELIANTHUS ANNUUS (SUNFLOWER) SEED OIL, CARBOMER, CETYL ALCOHOL, CETYL PHOSPHA",hyaluronic-acid,,,,,,,,,,,,,open_beauty_facts,false
0850056933285,brightening-texture,Leave In - Numéro 5,OPLAPLEX,,"Water/Aqua/Eau, Cetearyl Alcohol, Astrocaryum Murumuru Seed Butter, Propanediol, Behentrimonium Chloride, Glycerin, Cetyl Alcohol, Isoamyl Laurate, Squalane, Bis-Aminopropyl Diglycol Dimaleate, Brassicyl Valinate Esylate, Cetyl Esters, Pentylene Glycol, Phenethyl Benzoate, Brassica Campestris/Aleurites Fordi Oil Copolymer, Hydroxypropyl Guar Hydroxypropyltrimonium Chloride, Caprylic/Capric Triglyceride, Cetrimonium Chloride, Caesalpinia Spinosa Gum, Fructooligosaccharides, Beta Vulgaris (Beet) R",hyaluronic-acid,,,,,,,,,,,,,open_beauty_facts,false
3517360013863,brightening-texture,Réhydrate Sérum concentré hydratant,"JONZAC, Jonzac",,"Aqua/Water/Eau**,Anthemis Nobilis Flower Water*, Pentylene Glycol, Triethyl Citrate, Cellulose Gum, Sodium Levulinate, Xylitylglucoside, Sodium Hyaluronate, Anhydroxylitol, Amorphophallus Konjac Root Powder, Sodium Benzoate, Xanthan Gum, Glycerin, Xylitol, Sodium PCA, Lactic Acid, Hydrolyzed Hyaluronic Acid, Sodium Hydroxide. * Ingrédients issus de l'agriculture biologique. Ingredients from organic farming. Eau et eau thermale de Jonzac. Water and Jonzac thermal spring water. d'ingrédients d'ori",hyaluronic-acid,,,,,,,,,,,,,open_beauty_facts,false
6957148434126,brightening-texture,7x Ceramide Skin Barrier Repair Moisturize Cream,Bioaqua,,"Aqua, propylene glycol, sodium hyaluronate, cyclopentasiloxane, isohexadecane, glycereth-26, trehalose, hamamelis ceramide eos, ceramide eop, ceramide as, ceramide ap, sodium acrylate/sodium acryloyldimethyl laurate copolymer virginiana extract, hydroxyethyl acrylate/sodium acryloyldimethyl taurate copolymer, ceramide ns, ceramide np. ceramide ng polysorbate 60, c20-22 alkyl phosphate, c20-22 alcohols, allantoin, glycerin, hydroxyacetophenone, coprylhydroxamic acid scutellaria baicalensis extrac",hyaluronic-acid;ceramides,,,,,,,,,,,,,open_beauty_facts,false
8809925175372,brightening-texture,Concentrated Ginseng Rejuvenating Cream Rich,Sulwhasoo,,"WATER/ AQUA / EAU, GLYCERIN, SQUALANE, BUTYLENE GLYCOL, TREHALOSE, LIMNANTHES ALBA (MEADOWFOAM) SEED OIL, CAPRYLYL METHICONE, GLYCERYL STEARATE, DIMETHICONE, PHYTOSTERYL ISOSTEARYL DIMER DILINOLEATE, OCTYLDODECYL MYRISTATE, PEG-40 STEARATE, PHYTOSTERYL/BEHENYL/OCTYLDODECYL LAUROYL GLUTAMATE, HELIANTHUS ANNUUS (SUNFLOWER) SEED OIL, JOJOBA ESTERS, PALMITIC ACID, PEG-100 STEARATE, STEARIC ACID, PROPANEDIOL, METHOXY PEG - 114/POLYEPSILON CAPROLACTONE, MANGIFERA INDICA (MANGO) SEED BUTTER, POLYACRYLA",hyaluronic-acid;retinol-cosmetic,,,,,,,,,,,,,open_beauty_facts,false
5903416015475,brightening-texture,Cooling compress hydrogel eye pads,Eveline Cosmetics,,"Aqua (Water), Glycerin, Butylene Glycol, Xanthan Gum, Chondrus Crispus Powder, Centella Asiatica Extract, Polygonum Cuspidatum Root Extract, Scutellaria Baicalensis Root Extract, Camellia Sinensis Leaf Extract, Glycyrrhiza Glabra Root Extract, Chamomilla Recutita Flower Extract, Rosmarinus Officinalis Leaf Extract, Sodium Hyaluronate, Glucomannan, Algin, Caffeine, Hydrolyzed Collagen, PEG-40 Hydrogenated Castor Oil, Citric Acid, Potassium Chloride, Potassium Citrate, Methylparaben, Chlorphenesin",hyaluronic-acid,,,,,,,,,,,,,open_beauty_facts,false
4515061089414,brightening-texture,momo puri cleansing wash,BCL,,"Ingredient list Water, Myristic Acid, Glycerin, Stearic Acid, K-Hydroxide, Lauric Acid, DPG, Glyceryl Stearate, Corn Oil, Ceramide AP, Ceramide NG, Ceramide NP, Ascorbyl Tetrahexyldecanoate, Tocopherol, Retinol Palmitate, Sodium Hyaluronate, Bergamot Fruit Extract, Polyquaternium-10, Maltitol, Peach Juice, Peach Leaf Extract, Didi (Phytosteryl/Octyldodecyl) Lauroyl Glutamate, Lactobacillus, BG, Silica, Decyl Glucoside, EDTA-2Na, Maltodextrin, Palm Oil Fatty Acid PEG-7 Glyceryl, Lauryl Hydroxysul",hyaluronic-acid;retinol-cosmetic;ceramides,,,,,,,,,,,,,open_beauty_facts,false
7509552874952,brightening-texture,Shampoo  Hialurónico Pure,"L'Oréal, Elvive",,"AQUA, SODIUM LAURETH SULFATE, CITRIC ACID, COCAMIDOPROPYL BETAINE, SODIUM HYDROXIDE, SODIUM CHLORIDE, PARFUM, COCAMIDE MIPA, LACTIC ACID, SODIUM BENZOATE, HYDROXYCITRONELLAL, HYDROLYZED HYALURONIC ACID, SODIUM HYALURONATE, PEG-60 HYDROGENATED CASTOR OIL, POLYQUATERNIUM-10, SALICYLIC ACID, LIMONENE, LINALOOL, HEXYLENE GLYCOL, HEXYL CINNAMAL.",hyaluronic-acid,,,,,,,,,,,,,open_beauty_facts,false
4005900129987,brightening-texture,Nivea sun doposole hydrate,Nivea,,"Aqua, Glycerin, Alcohol Denat., Dicaprylyl Ether, Glyceryl Stearate SE, Isopropyl Palmitate, Cetearyl Alcohol, Aloe Barbadensis Leaf Juice Powder, Sodium Hyaluronate, Dimethicone, Carbomer, Sodium Cetearyl Sulfate, Sodium Hydroxide, Ethylhexylglycerin, Phenoxyethanol, Linalool, Citral, Parfum. Art.-No. 80465",hyaluronic-acid,,,,,,,,,,,,,open_beauty_facts,false
3600542578585,brightening-texture,50* Super UV Acide Hyaluronique,Garnier,,"AQUA/WATER, ALCOHOL DENAT., DIISOPROPYL SEBACATE, SILICA, ISOPROPYL MYRISTATE, ETHYLHEXYL SALICYLATE, ETHYLHEXYL TRIAZONE, BIS-ETHYLHEXYLOXYPHENOL METHOXYPHENYL TRIAZINE, BUTYL METHOXYDIBENZOYLMETHANE, GLYCERIN, C12-22 ALKYL ACRYLATE/ HYDROXYETHYLACRYLATE COPOLYMER, PROPANEDIOL, DROMETRIZOLE TRISILOXANE, PERLITE, CAPRYLIC/CAPRIC DAGELIJKS TRIGLYCERIDE, TOCOPHEROL, ZONBESCH NIEU SU HY HYD ZEER I BESCHE SPF 50 ONZI HYDROXYACETOPHENONE, HYDROXYETHYLCELLULOSE, SODIUM HYALURONATE, THERMUS THERMOPHILL",hyaluronic-acid,,,,,,,,,,,,,open_beauty_facts,false
4006000056784,brightening-texture,protect & moisture SPF 50+,Nivea Sun,,"Aqua, Alcohol Denat, Glycerin, Butyl Methoxydibenzoylmethane, C12-15 Alkyl Benzoate, Dibutyl Adipate, Isopropyl Palmitate, Bis-Ethylhexyloxyphenol Methoxyphenyl Triazine, Diethylamino Hydroxybonzoyl Hexyl Benzoate, Dipropylene Glycol Dibenzoate, Ethylhexyl Triezone, Cetyl Alcohol, Copernicia Cerifera Cera, Silica Dimethyl Silylate, Hectorite, Phenylbenzimidazole Sulfonic Acid, Sodium Ascorbyl Phosphate, Tocopheryl Acetate, Sodium Hyaluronate, Polyglyceryl-3 Methylglucose Distearate, Glyceryl Ste",hyaluronic-acid,,,,,,,,,,,,,open_beauty_facts,false
0633911811399,brightening-texture,Aloe Vera Curl Enhancing Shampoo,CHI,,"Aqua/Water/Eau, Cocamidopropyl Betaine, Sodium C14-16 Olefin Sulfonate, Glycerin, PEG-12 Dimethicone, Lauryl Glucoside, Acrylates Copolymer, Aloe Barbadensis Leaf Juice, Agave Tequilana Leaf Extract, Sodium PCA, Panthenol, Hydrolyzed Silk, Hydroxyproline, L-Proline, Sodium Hyaluronate, Sodium Lauroyl Sarcosinate, Disodium Cocoamphodiacetate, Phenoxyethanol, Caprylyl Glycol, Sodium Lauroyl Lactylate, Guar Hydroxypropyltrimonium Chloride, Glycol Distearate, Laureth-4, Potassium Sorbate, Sorbeth-23",hyaluronic-acid,,,,,,,,,,,,,open_beauty_facts,false
0803954301038,brightening-texture,Himalaya pink salt scrub,Avon,,"water/eau, sodium laureth sulfate, glycerin, acrylates copolymer, parfum betaine, alcohol denat,, sodium benzoate, caprylyl glycol, potassium hydroxide, hexylene glycol pinus armeniaca (apricot) seed powder, sea salt/sel marin, tetrasodium edta, serine lungene glycol, alcohol, 1,2-hexanediol, allantoin, citric acid, sodium chloride della sinensis leaf extract, ceramide np, sodium hyaluronate, rose flower oil capric triglyceride, coix lacryma-jobi ma-yuen seed extract,  rose extract extract, red ",hyaluronic-acid;ceramides,,,,,,,,,,,,,open_beauty_facts,false
3606000537606,brightening-texture,Skin Renewing Night Cream,CeraVe,,"aqua/water/eau, glycerin, caprylic/capric triglyceride, butyrospermum parkii butter/shea butter, dimethicone/vinyl dimethicone crosspolymer, cyclopentasiloxane, glyceryl stearate se, cetyl alcohol, dimethicone, saccharide isomerate, stearic acid, palmitic acid, glycine soja sterols/soybean sterols, allantoin, ceramide np, ceramide ap, ceramide eop, carbomer, niacinamide, cetearyl alcohol, behentrimonium methosulfate, sodium hydroxide, myristic acid, sodium lauroyl lactylate, sodium benzoate,  so",niacinamide;hyaluronic-acid;ceramides,,,,,,,,,,,,,open_beauty_facts,false
4006000014395,brightening-texture,antipigment,eucerin,,"Aqua, Glycerin, Alcohol Denat, Cetearyl Alcohol, Disopropy Parthenol, Caprylic/Capric Triglyceride, Glyceryl Stearate Citrate, Beheny Pamitate, Butyrospermum Parkii Butter, Cocoglyce - es Distarch Phosphate, Hydroxypropyl Starch Phosphate, Isobutylamido Thiazolyl Resorcinol Themido), Sodium Hyaluronate, Lactic Acid, Oorhiza Inflata Root Extract, Triisostearin, Sodium Prolactone, Trisodium EDTA, Ethylhexylglycerin, hydroxide, Citric Acid, Tapioca Starch, Xanthan Gum, Glycol, Phenoxyethanol, Parfu",hyaluronic-acid,,,,,,,,,,,,,open_beauty_facts,false
7640183491009,brightening-texture,Cellular Night Repair Miracle Without Essential Oil,Swiss Toniq Geneva,,"Simmondsia Chinensis Seed Oil, Argania Spinosa Kernel Oil, Symphytum Officinale Callus Culture Extract, Isomalt, Lecithin, Helianthus Annuus Sprout Extract, Maltodextrin, Pistacia Lentiscus Gum, Lecithin, Glyceryl Caprylate, Caprate, Caprylic/Capric Triglyceride, Xylitol, Caprylyl Glycol, Ketoglutaric Acid, Sodium Hyaluronate, Aloe Barbadensis Leaf Extract, Aqua, Adansonia Digitata Seed Oil, Sodium Stearoyl Lactylate, Cetyl Alcohol, Glycine Soja (Soybean) Sterols, Glycerin, Sodium Carboxymethyl ",hyaluronic-acid,,,,,,,,,,,,,open_beauty_facts,false
4066447348477,brightening-texture,Pflegender Concealer,Balea,,"AQUA, CI 77891, ISODECYL NEOPENTANOATE, TRIETHYLHEXANOIN, CAPRYLIC/ CAPRIC TRIGLYCERIDE, GLYCERIN, POLYGLYCERYL-3 POLYRICINOLEATE, SORBITAN ISOSTEARATE, TRIBEHENIN, SORBITAN SESQUIOLEATE, CITRUS PARADISI SEED OIL, MAGNESIUM STEARATE, MAGNESIUM SULFATE, CI 77492, DISTEARDIMONIUM HECTORITE, HYDROXYACETOPHENONE, HYDROGEN DIMETHICONE, 1,2-HEXANEDIOL, CAPRYLYL GLYCOL, CI 77491, TOCOPHEROL, SODIUM HYALURONATE, HELIANTHUS ANNUUS SEED OIL",hyaluronic-acid,,,,,,,,,,,,,open_beauty_facts,false
4005900370655,brightening-texture,"Protect & Moisture, SPF15",Nivea Sun,,"Aqua, Alcohol Denat, Isopropyl Palmitate, Glycerin, C12-15 Alkyl Benzoate, Butyl Methoxydibenzoylmethane, Bis-Ethylhexyloxyphenol Methoxyphenyl Triazine, Glyceryl Stearate, Hydroxypropyl Starch Phosphate, Phenylbenzimidazole Sulfonic Acid, Diethylhexyl Butamido Triazone, Ethylhexyl Triazone, Diethylamino Hydroxybenzoyl Hexyl Benzoate, Sodium Ascorbyl Phosphate, Sodium Hyaluronate, Tocopheryl Acetate, Xanthan Gum, Hydrogenated Rapeseed Oil, Diisostearoyl Polyglyceryl-3 Dimer Dilinoleate, Copernic",hyaluronic-acid,,,,,,,,,,,,,open_beauty_facts,false
4005900370716,brightening-texture,"Protect & Moisture, SPF30",Nivea Sun,,"Aqua, Isopropyl Palmitate, C12-15 Alkyl Benzoate, Glycerin, Alcohol Denat, Bis-Ethylhexyloxyphenol Methoxyphenyl Triazine, Butyl Methoxydibenzoylmethane, Dibutyl Adipate, Ethylhexyl Triazone, Copernicia Cerifera Cera, Glyceryl Stearate SE, Microcrystalline Cellulose, Phenylbenzimidazole Sulfonic Acid, Sodium Ascorbyl Phosphate, Sodium Hyaluronate, Tocopheryl Acetate, Xanthan Gum, Polyglyceryl-3 Methylglucose Distearate, Diisostearoyl Polyglyceryl-3 Dimer Dilinoleate, Hydrogenated Rapeseed Oil, C",hyaluronic-acid,,,,,,,,,,,,,open_beauty_facts,false
4059729407443,brightening-texture,Tinted kiss,Essence,,"ISOSTEARYL ISOSTEARATE, AQUA (WATER), GLYCERIN, TALC, SUCROSE LAURATE, SODIUM HYALURONATE, HYDROXYETHYL ACRYLATE/SODIUM ACRYLOYLDIMETHYL TAURATE COPOLYMER, HYDROGENATED STARCH HYDROLYSATE, SUCROSE DILAURATE, SODIUM SACCHARIN, SUCROSE TRILAURATE, ETHYL VANILLIN, SORBITAN ISOSTEARATE, ALUMINUM HYDROXIDE, PHENOXYETHANOL, POTASSIUM SORBATE, CI 15850 (RED 7 LAKE), CI 45380 (RED 22), CI 77491, CI 77492, CI 77499 (IRON OXIDES), CI 77891 (TITANIUM DIOXIDE).",hyaluronic-acid,,,,,,,,,,,,,open_beauty_facts,false
4603023067492,brightening-texture,Крем для рук питательный Интенсивное Восстановление,Новая Заря,,"Aqua, C12-15 Alkyl Benzoate, Cetearyl Alcohol, Cetearyl Alcohol and Cetearyl Glucoside, Peg-8, Glyceryl Monostearate, 12-Propylene Glycol, Butylene Glycol, Prunus Amygdalus Dulcis (Sweet Almond) Oil, Phenoxyethanol (and) Methyl Paraben (and) Ethyl Paraben (and) Propyl Paraben, Potassium Cetyl Phosphate, Myristyl Myristate, Cyclomethicone, Dimethicone, Butyrospermum Parkii (Shea Butter) Oil, Hydroxyethylcellulose, Xanthan Gum, Sodium Hyaluronate, Sodium Ascorbyl Phosphate, Tocopheryl Acetate, Pan",hyaluronic-acid,,,,,,,,,,,,,open_beauty_facts,false
4006000085036,brightening-texture,Q10 Anti-Falten POWER,NIVEA,,"Aqua, Glycerin, Butyrospermum Parkii Butter, Cetearyl Alcohol, Methylpropanediol, Glyceryl Stearate SE, C12-15 Alkyl Benzoate, Caprylic/Capric Triglyceride, Cocoglycerides, Phenylbenzimidazole Sulfonic Acid, Butyl Methoxydibenzoylmethane, Ethylhexyl Salicylate, Bis-Ethylhexyloxyphenol Methoxyphenyl Triazine, Glyceryl Stearate, Ubiquinone, Sodium Hyaluronate, Creatine, 1-Methylhydantoin-2-Imide, Tocopheryl Acetate, Ethylhexylglycerin, Xanthan Gum, Trisodium EDTA, Sodium Hydroxide, Phenoxyethanol,",hyaluronic-acid,,,,,,,,,,,,,open_beauty_facts,false
8721073626417,brightening-texture,Masque pour visage,Avogood Time With Me,,"Aqua, Glycerin, Butylene Glycol, Peg/Ppg-17/6 Copolymer, Phenoxyethanol, Panthenol, Chlorphenesin, Xanthan Gum, Disodium Edta, Hydrolyzed Sclerotium Gum, Avena Sativa (Oat) Peptide, Peg-40 Hydrogenated Castor Oil, Trehalose, Ethylhexylglycerin, Sodium Hyaluronate, Glyceryl Glucoside, Chamomilla Recutita (Matricaria) Flower Extract, Lonicera Japonica (Honeysuckle) Flower Extract, Malva Sylvestris (Mallow), Flower Extract, Paeonia Lactiflora Root Extract, Parfum Taraxacum Officinale (Dandelion) Rh",hyaluronic-acid,,,,,,,,,,,,,open_beauty_facts,false
8697420539887,brightening-texture,Micellar cleansing water,Ultra compact,,"Aqua,Glycerin,Decyl Glucoside, Isopentyldiol, phenoxyethanol, PEG-7 Glyceryl coconate, olive oil PEG-7 Esters, Ethylhexylglycerin, Testrasodium EDTA, Propylene Glycol, Pentylene Glycol, Rosa Damascena Flower Water, Rosa Damascena Flower Oil, Pantheon, Benzophenone-4, Sodium Hyaluronate, Citric Acid, Parfum, Citronellol, Geraniol.",hyaluronic-acid,,,,,,,,,,,,,open_beauty_facts,false
0071249651018,brightening-texture,Elvive conditioner,L'Oréal,,"1258021 aqua /water/eau, cetearyl alcohol, dimethicone glycerin, behentrimonium chloride, parfum/fragrance, amodimethicone, phenoxyethanol, cetrimonium chloride, isopropyl alcohol, sodium laureth sulfate, ricinus communis seed oil/castor seed oil, lactic acid, hexyl cinnamal, benzyl salicylate, linalool, bendyl alcohol, limonene, alpha-isomethyl ionone coumarin, citronellol, hydroxycitronellal, sodium hyaluronate, sodium hydroxide, geraniol. fil t275789/2 pat:patents.lorealparis.com questions? c",hyaluronic-acid,,,,,,,,,,,,,open_beauty_facts,false
8017331076651,brightening-texture,biorepair peribioma,"L'Angelica, biorepair",,"aqua, sorbitol, zinc hydroxyapatite**, glycerin, hydrated silica, silica, cocamidopropyl betaine, cellulose gum, aroma, sodium hyaluronate, hamamelis virginiana leaf extract, spirulina platensis extract, calendula officinalis flower extract, bifidobacterium**, lactobacillus**, zinc pca, benzyl alcohol, sodium benzoate, phenoxyethanol, sodium saccharin, maltodextrin, citric acid, potassium sorbate, sodium myristoyl sarcosinate, sodium methyl cocoyl taurate, limonene, eugenol, ci 16255,  **microre",hyaluronic-acid,,,,,,,,,,,,,open_beauty_facts,false
0302994140053,brightening-texture,Baby Eczema Soothing Lotion,Cetaphil,,"Drug Facts (continued) Keep out of reach of children. If swallowed, get medical help or contact a Poison Control Center rig away. Directio Apply as needed Inactive Ingredients Allantoin, Arginine, Behenyl Alcohol, Butyrospermum Parkii, (Shea) Butter, Caprylic/Capric, Triglyceride, Caprylyl Glycol, Ceramide NP, Ceteareth-20, Cetearyl Alcohol, Cetyl Alcohol, Citric Acid, Cyclopentasiloxane, Dimethiconol, Disodium EDTA, Disodium Ethylene, Dicocamide PEG-15, Disulfate, Glycerin, Glyceryl Stearate, G",niacinamide;hyaluronic-acid;ceramides,,,,,,,,,,,,,open_beauty_facts,false
4056489498872,brightening-texture,Cell Intense Cien,Cien,,"/ZUOTATIKa: Aqua, Glycerin, Ethylhexyl Salicylate, Propanediol Dicaprylate/Caprate, Dibutyl
Adipate, Cetearyl Alcohol, Ethylhexyl Triazone, Coco-Caprylate, Alcohol, Butyl Methoxydibenzoylmethane,
Pentaerythrityl Distearate, Glyceryl Stearate, Bis-Ethylhexyloxyphenol Methoxyphenyl Triazine, Glyceryl Stearate
Citrate, CI 77891, Phenoxyethanol, Sodium Stearoyl Glutamate, Panthenol, Parfum, Tocopheryl Acetate, Caprylyl
Glycol, Butyrospermum Parkii Butter, Hydroxyacetophenone, Sclerotium Gum, Gal",hyaluronic-acid,,,,,,,,,,,,,open_beauty_facts,false
3606000537576,brightening-texture,Hydrating Facial Cleanser,CeraVe,,"AQUA/WATER/EAU, GLYCERIN, CETEARYL ALCOHOL, PEG-40 STEARATE, STEARYL ALCOHOL, POTASSIUM PHOSPHATE, CERAMIDE NP, CERAMIDE AP, CERAMIDE EOP, CARBOMER, GLYCERYL STEARATE, BEHENTRIMONIUM METHOSULFATE, SODIUM LAUROYL LACTYLATE, SODIUM HYALURONATE, CHOLESTEROL, PHENOXYETHANOL, DISODIUM EDTA, DIPOTASSIUM PHOSPHATE, TOCOPHEROL, PHYTOSPHINGOSINE, XANTHAN GUM, CETYL ALCOHOL, POLYSORBATE 20, ETHYLHEXYLGLYCERIN (CODE F.I.L. D214633/3)",hyaluronic-acid;ceramides,,,,,,,,,,,,,open_beauty_facts,false
0065743321263,brightening-texture,"Green Earth, Lavender & Eucalyptus",Live Clean Shampoo,,"Aqua (Water/Eau), Sodium Lauryl Sulfoacetate Fidopropyl Betaine, Sodium Methyl 2-Sulfolaurate, Sodium Chloride, Lavandula tolia (Lavender) Extract*, Chamomilla Recutita (Matricaria) Flower Extract*, Rosemarinus Officinalis (Rosemary) Leaf Extract*, Camellia Sinensis Leaf Extract*, Eucalyptus Globulus Leaf Extract*, Panthenol, Sodium Hyaluronate, Tocopheryl Acetate, Disodium aurate, Hydroxypropyl Methylcellulose, Glycol Distearate, Glycerin, Glyceryl Oleate, Coco-Glucoside, Glyceryl stearate, Phe",hyaluronic-acid,,,,,,,,,,,,,open_beauty_facts,false
0071249651001,brightening-texture,elvive shampoo,L'Oréal,,"1239813 e aqua/water/eau, sodium laureth sulfate, sodium lauryl sulfate, cocamidopropyl betaine, sodium chloride, glycol distearate, hexylene glycol, parfum/fragrance, cocamide mea, sodium benzoate,sodium hydroxide, citric acid, dimethicone, carbomer, coco-betaine, salicylic acid, guar hydroxypropyltrimonium chloride glycerin, amodimethicone, ricinus communis seed oil/castor seed oil trideceth-10, hexyl cinnamal, benzyl salicylate linalool, benzyl alcohol limonene, alpha-isomethyl ionone, peg-10",hyaluronic-acid,,,,,,,,,,,,,open_beauty_facts,false
7310610022570,brightening-texture,Define Shampoo Weightless Shine 250ml,LILLEBORG AS,,"Aqua, Sodium Laureth Sulfate, Cocamidopropyl Betaine, Glycol Distearate, PPG-3 Caprylyl Ether, Glycerin, Sodium Chloride, PCA Glyceryl Oleate, Sodium Hyaluronate, Hydrolyzed Hyaluronic Acid, PEG-4 Rapeseedamide, Guar Hydroxypropyltrimonium Chloride, Monosodium Citrate, Citric Acid, Lactic Acid, Sodium Benzoate, Phenoxyethanol, Parfum.",hyaluronic-acid,,,,,,,,,,,,,open_beauty_facts,false
4550668265885,brightening-texture,RETINOL SKIN CREAM,RETINOL,,"INGREDIENTS (INCI): WATER, BUTYLENE GLYCOL, MINERAL OIL, CETEARYL ALCOHOL, GLYCERIN, ISOPROPYL PALMITATE, SACCHAROMYCES/RICE FERMENT FILTRATE, SODIUM PCA, ARGININE, ASPARTIC ACID, GLYCINE SOJA (SOYBEAN) GERM EXTRACT, PROPANEDIOL, PCA, GLYCINE, ALANINE, ROYAL JELLY EXTRACT, SERINE, VALINE, ISOLEUCINE, THREONINE, PROLINE, HISTIDINE, PHENYLALANINE, PLATINUM POWDER, ROSA DAMASCENA FLOWER WATER, HYDROLYZED ELASTIN, HYDROLYZED COLLAGEN, SODIUM HYALURONATE, RETINOL, GOLD, SILVER, PHYTOSTERYL/OCTYLDODEC",hyaluronic-acid;retinol-cosmetic;ceramides,,,,,,,,,,,,,open_beauty_facts,false
4305615838311,brightening-texture,Hyaluron Serum Hydro Booster,Isana (Rossmann),,"Aqua, Aloe Barbadensis Leaf Juice, Alcohol Denat., Glycerin, Betaine, Beta Vulgaris Root Extract, Fructooligosaccharides, Sodium Hyaluronate, Panthenol, Chondrus Crispus Powder, Phenoxyethanol, Sorbitol, Potassium Lactate, Sodium Chloride, Parfum, Lactic Acid, Ethylhexylglycerin, Sodium Benzotriazolyl Butylphenol Sulfonate, Sodium Hydroxide, Pantolactone, Alcohol, Tris (Tetramethylhydroxypiperidinol) Citrate, Citric Acid, CI 42090",hyaluronic-acid,,,,,,,,,,,,,open_beauty_facts,false
5060133375890,brightening-texture,Super eyes All in One Contact Lens Cleaning Solution,Supereyes,,"A sterile aqueous, isotonic solution containing Sodium & Potassium Chloride, Disodium Edetate, Polyhexanide, Poloxamer, HPMC, Sodium Hyaluronate and Sodium Phosphate N Buffer.",hyaluronic-acid,,,,,,,,,,,,,open_beauty_facts,false
0197644685776,brightening-texture,The Ocean Healed My Eczema,"Aloe Vera, Oats, Sea Moss",,"Organic Aloe Barbadensis (Aloe Vera) Leaf Juice, Organic Helianthus Annuus (Sunflower) Seed Oil, Cetearyl Alcohol, Polysorbate 60, Stearic Acid, Glycerin, Caprylic/Capric Triglyceride, Organic Butyrospermum Parkii (Shea Nut Butter), Organic Avena Sativa (Oat) Kernel Flour, Organic Simmondsia Chinensis (Jojoba) Seed Oil, Polyacrylamide, C13-14 Isoparaffin, Laureth-7, Chondrus Crispus (Irish Moss) Extract, Organic Oenothera Biennis (Evening Primrose) Oil, Tocopherol, Sodium Hyaluronate, Linoleic A",hyaluronic-acid,,,,,,,,,,,,,open_beauty_facts,false
3606000637535,brightening-texture,Baby Eczema Relief Cream,CeraVe,,"water, butyrospermum parkii (shea) butter, glycerin, dimethicone, cetearyl alcohol, niacinamide, caprylic/capric triglyceride, glyceryl stearate, peg-100 stearate, ammonium polyacryloyldimethyl taurate, ceramide np, ceramide ap, ceramide eop, sorbitan tristearate, carbomer, cetearyl isononanoate, behentrimonium methosulfate, triethyl citrate, sodium benzoate, sodium lauroyl lactylate, sodium hyaluronate, cholesterol, phenoxyethanol, tocopherol, citric acid, caprylyl glycol, trisodium ethylenedia",niacinamide;hyaluronic-acid;ceramides,,,,,,,,,,,,,open_beauty_facts,false
00978217,brightening-texture,Nourish Oil-Free Antioxidant Facial Moisturizer,Trader Joe's,,"Water (Aqua), Aloe Barbadensis (Aloe Vera) Leaf Juice, Ethyinexyl (Octyl) Palmitate, Glycerin, Glyceryl Stearate, Polysorbate-60, Cetearyl Alcohol, Phenoxyethanol (Preservative), Cetearyl Glucoside, Sodium PCA, Ethylhexylglycerin (Preservative), Butyrospermum Parkii (Shea Butter) Fruit, Tocopheryl Acetate (Vitamin E Acetate), Xanthan Gum (Thickener), Tocopherol (Antioxidant), Sorbic Acid (Preservative), Soluble Collagen, Panthenol (Pro-Vitamin B5), Ascorbyl Palmitate (Vitamin (Palmitate), Punica",hyaluronic-acid;retinol-cosmetic,,,,,,,,,,,,,open_beauty_facts,false
0860011519577,brightening-texture,Skin Relief Cream,Grogoove,,"Water, Aloe Barbadensis Extract Glycerin, Ethylhexyl Palmitate, Egg Oil, Cetyl Ethylhexanoate, Propylene Glycol, Butyrospermum Parkii (Shea) Butter, Cetearyl Alcohol, Peg-100 Stearate, Dimethicone, Polyglyceryl-6 Distearate, Polyglyceryl-10 Stearate, Cladosiphon Okamuranus Extract, Oatmeal Powder, Glyceryl Stearate, Polyacrylamide, Porphyra Yezoensis (Sea Moss) Extract, Jojoba Seed Oil, Sunflower Seed Oil, Sodium Hyaluronate, Vitamin E, Niacinamide, Paeonol, C13-14 Isoparaffin, Portulaca Olerace",niacinamide;hyaluronic-acid,,,,,,,,,,,,,open_beauty_facts,false
0658141197679,brightening-texture,Eczema Honey Body Lotion,Eczema Honey,,"water (aqua), glycerin, glyceryl stearate, cetearyl olivate, aloe barbadensis, leaf juice, soritan olivate, cetearyl alcohol, theobroma Cacao seed butter, butyrospermum parkii nut extract, caprylic/capric triglyceride, sodium phytate, honey, xanthan gum, stearic acid, tocopheryl acetate, helianthus annus (sunflower) seed oil, persea gratissima (avocado) oil, anthemis nobilis flower extract, calendula officinalis flower extract, sodium hyaluronate, citric acid, phenoxyethanol, caprylyl glycol, et",hyaluronic-acid,,,,,,,,,,,,,open_beauty_facts,false
00644594,brightening-texture,Ultra Hydrating Gel Moisturizer,Trader Joe's,,"WATER (AQUA), GLYCERIN, SACCHARIDE ISOMERATE, PROPANEDIOL, AMMONIUM ACRYLOYLOYLTAURATE/VP COPOLYMER, PHENOXYETHANOL, POLYAMIDE-5, DIMETHICONE, HYDROXYACETOPHENONE, POLYSILICONE-11, SQUALANE, ALOE BARBADENSIS LEAF JUICE, CETEARYL OLIVATE, GLYCERYL STEARATE, ETHYLHEXYLGLYCERIN, SORBITAN OLIVATE, HELIANTHUS ANNUUS (SUNFLOWER) SEED OIL, CETEARYL ALCOHOL, LACTOBACILLUS FERMENT, TOCOPHEROL, SODIUM STEAROYL LACTYLATE, SODIUM HYALURONATE, SILYBUM MARIANUM (MILK THISTLE) EXTRACT, BETULA ALBA (BIRCH) LEAF",hyaluronic-acid,,,,,,,,,,,,,open_beauty_facts,false
3600542572989,brightening-texture,garnier,Garnier,,"AQUA/ WATER, ALCOHOL DENAT., DIISOPROPYL SEBACATE, SILICA, ISOPROPYL MYRISTATE, ETHYLHEXYL SALICYLATE, BIS-ETHYLHEXYLOXYPHENOL METHOXYPHENYL TRIAZINE, ETHYLHEXYL TRIAZONE, BUTYL METHOXYDIBENZOYLMETHANE, GLYCERIN, PHENYLBENZIMIDAZOLE SULFONIC ACID, PROPANEDIOL, C12-22 ACRYLATE/ ALKYL HYDROXYETHYLACRYLATE COPOLYMER, TRIETHANOLAMINE, DROMETRIZOLE TRISILOXANE, CAPRYLIC/CAPRIC TRIGLYCERIDE, CITRUS LIMON FRUIT EXTRACT/LEMON FRUIT EXTRACT, CARBOMER, SODIUM HYALURONATE, SODIUM LACTATE, SILICA SILYLATE, ",hyaluronic-acid,,,,,,,,,,,,,open_beauty_facts,false
0850056288248,brightening-texture,"California Naturals shampoo Scalp and hair care for women and Men, coconut cleaning complex, natural, vegan, cruelty, silicone,paraben and sulfate free shampoo, all hair types",California Naturals,,"Aqua/Water/Eau, Cocamidopropyl Hydroxysultaine (Coconut-Derived), Sodium Methyl 2-Sulfolaurate (Coconut-Derived), Disodium 2-Sulfolaurate (Coconut-Derived), Sodium Lauroyl Methyl Isethionate (Coconut-Derived), Glycerin, Panthenol (Vitamin B5), Cocos Nucifera (Coconut) Liquid Endosperm, Cocos Nucifera (Coconut) Water, Cocos Nucifera (Coconut) Fruit Juice, Aloe Barbadensis Leaf Juice*, Persea Gratissima (Avocado) Oil, Saccharum Officinarum (Sugar Cane) Juice, Helianthus Annuus (Sunflower) Seed Oil",hyaluronic-acid,,,,,,,,,,,,,open_beauty_facts,false
8719327023860,brightening-texture,Moisturising Fluid,Altruist,,"Aqua, Dimethicone, Glycerin, Butyrospermum Parkii Butter, Cetearyl Alcohol, Cetyl Dimethicone, Caprylic/Capric Triglyceride, Dicaprylyl Carbonate, Urea, Glyceryl Stearate, Panthenol, Sodium Hyaluronate, Ammonium Acryloyldimethyltaurate/VP Copolymer, Sodium Stearoyl Glutamate, Caprylyl Glycol, Xanthan Gum, Decylene Glycol, Citric Acid, Potassium Lactate, Propylene Glycol, Diethylhexyl Sodium Sulfosuccinate, Titanium Dioxide, Silver Chloride.",hyaluronic-acid,,,,,,,,,,,,,open_beauty_facts,false
8908016593474,brightening-texture,Chemist At Play,Onesto Labs,,"Purified Water, Sodium Lauroyl Sarcosinate, Sodium Lauroyl Methyl Isethionate, Ethylene Glycol Mono Stearate, Lactic Acid, Propanediol, Cocamidopropyl Betaine, Acrylates Copolymer, Betaine, Cocomonoethanolamide, Salicylic Acid, Fragrance, Astrocaryum Murumuru Butter Beads, Sodium Methyl Isethionate, Lauric Acid, Oryza Sativa (Rice) Bran Beads, Sodium Laurate, Sodium Hyaluronate, Amorphophallus Konjac Phytoceramide, Oryza Sativa (Rice) Phytoceramide, Phospholipids, Sphingolipids, Tocopheryl Aceta",hyaluronic-acid;ceramides,,,,,,,,,,,,,open_beauty_facts,false
8809239800441,brightening-texture,Dry Essence Foot Pack,Petitfee,,"Water, Glycerin, Butylene Glycol, Helianthus Annuus (Sunflower) Seed Oil, Cetearyl Alcohol, Butyrospermum Parkii (Shea) Butter, Isopropyl Myristate, Urea, Betaine, Caprylic/Capric Triglyceride, Glyceryl stearate, Sodium Hyaluronate, Portulaca Oleracea Extract, Hamamelis Virginiana (Witch Hazel) Extract, Aloe Barbadensis Leaf Extract, Dimethicone, Biosaccharide Gum-1, PEG-32, 1,2-Hexanediol, Polysorbate 60, Persea Gratissima (Avocado) Oil, Melaleuca Alternifolia (Tea Tree) Leaf Oil, Steareth-2, S",hyaluronic-acid,,,,,,,,,,,,,open_beauty_facts,false
3606000537422,brightening-texture,Moisturizing cream,CeraVe,,"AQUA/WATER, GLYCERIN, CETEARYL ALCOHOL, CAPRYLIC, CETEARETH-20, PETROLATUM, POTASSIUM PHOSPHATE, CERAMIDE NP, CERAMIDE AP, CERAMIDE EOP, CARBOMER, DIMETHICONE, BEHENTRIMONIUM METHOSULFATE, SODIUM LAUROYL LACTYLATE, SODIUM HYALURONATE, CHOLESTEROL, PHENOXY-ETHANOL, DISODIUM EDTA, DIPOTASSIUM PHOSPHATE, TOCOPHEROL, PHYTOSPHINGOSINE, XANTHAN GUM, ETHYLHEXYLGLYCERIN.",hyaluronic-acid;ceramides,,,,,,,,,,,,,open_beauty_facts,false
5397256457500,brightening-texture,Masque en feuille Curcuma,Primark,,"AQUA(WATER), GLYCERIN, METHYLPROPANEDIOL, BUTYLENE GLYCOL, 1,2-HEXANEDIOL, HYDROXYACETOPHENONE, PANTHENOL (PROVITAMIN B5), CURCUMA LONGA (TURMERIC) ROOT EXTRACT, PEG-60 HYDROGENATED CASTOR OIL, CARBOMER, ALLANTOIN, TROMETHAMINE, XANTHAN GUM, DISODIUM EDTA, PARFUM (FRAGRANCE), TOCOPHERYL ACETATE (VITAMIN E), ZINGIBER OFFICINALE (GINGER) ROOT EXTRACT, ANGELICA GIGAS (KOREAN ANGELICA) ROOT EXTRACT, SODIUM HYALURONATE, PHENOXYETHANOL, ETHYLHEXYLGLYCERIN",hyaluronic-acid,,,,,,,,,,,,,open_beauty_facts,false
0885190821549,brightening-texture,Clarity Tonic,pixi,,"Aqua/Water/Eau, Aloe Barbadensis Leaf Juice, Propanediol, Glycerin, Sodium PCA, Betaine, Lactobacillus Ferment Lysate Filtrate, Glycolic Acid, Sodium Hyaluronate, Salicylic Acid, Glycyrrhiza Glabra (Licorice) Root Extract, Salix Alba (Willow) Bark Extract, Magnesium Ascorbyl Phosphate, Centella Asiatica Extract, Saccharum Officinarum (Sugarcane) Extract/Extrait de Canne à Sucre, Leuconostoc/Radish Root Ferment Filtrate, Propulus Tremuloides Bark Extract, Lactic Acid, Sodium Citrate, Sodium Hydro",hyaluronic-acid,,,,,,,,,,,,,open_beauty_facts,false
8715342036885,brightening-texture,Clay Stick face Mask,Skinbliss,,"1. 2. 3. 15-20 min. INGREDIENTS: AQUA, KAOLIN, GLYCERIN, STEARIC ACID, PROPYLENE GLYCOL, CAPRYLIC/CAPRIC TRIGLYCERIDE, CI 77891, PEG-8, HYDROGENATED COCO-GLYCERIDES, POLYSORBATE 20, SODIUM HYDROXIDE, GLYCERYL STEARATE, ROSA DAMASCENA FLOWER WATER, POLYSORBATE 80, PARFUM, HECTORITE, SODIUM HYALURONATE, CI 73360, CAPRYLYL GLYCOL, CHONDRUS CRISPUS EXTRACT, LITHOTHAMNION CALCAREUM EXTRACT, XANTHAN GUM, PHENOXYETHANOL, PEG-150 STEARATE, 1,2-HEXANEDIOL, CITRONELLOL, GERANIOL. 30 g MIX Packaging",hyaluronic-acid,,,,,,,,,,,,,open_beauty_facts,false
3091230036003,brightening-texture,ACTIVE SÉRUM,GENIDENTITY MOLECULAR GENOCOSMETIC,,"Water, Butylene Glycol, Glycerin, Acetylated Glycol Stearate, Panthenol, Propanediol, 1,2-Hexanediol, Hydroxyacetophenone, Sodium Hyaluronate, Tocopheryl Acetate, Disodium Edta, Dextran, Pentylene Glycol, Polyacrylate Crosspolymer-6, Biotin, Acetyl Tetrapeptide-3, Trifolium Pratense (Clover) Flower Extract, Oligopeptide-2, Glycoproteins, Collagen Amino Acids. Precauciones: Evite el contacto con los ojos. En caso de contacto enjuague abundantemente con agua. En caso de irritación o hipersensibili",hyaluronic-acid,,,,,,,,,,,,,open_beauty_facts,false
0896364002947,brightening-texture,No. 8 Bond Intense Moisture Mask,Olaplex,,"Water, Dimethicone, Cetyl Alcohol, Persea Gratissima (Avocado) Oil, Glycerin, Stearyl Alcohol, Ethylhexyl Olivate, Behentrimonium Chloride, Cetrimonium Bromide, Limnanthes Alba (Meadowfoam) Seed Oil, Oryza Sativa (Rice) Bran Oil, Quaternium-80, Squalane, Rosa Canina (Rose Hip) Seed Extract, Ceramide AP, Ceramide NP, Hydrolyzed Jojoba Esters, Sodium Hyaluronate, Sodium PCA, Bis-Aminopropyl Diglycol Dimaleate, Arginine, Jojoba Esters, Panthenol, Carthamus Tinctorius (Safflower) Seed Oil, Cannabis ",hyaluronic-acid;ceramides,,,,,,,,,,,,,open_beauty_facts,false
2000000152357,brightening-texture,GinZing Glow-Boosting Gel Moisturizer,Origins,,"Water\aqua\eau, butylene glycol, dicaprylyl carbonate, glycerin, panax ginseng (ginseng) root extract, citrus grandis (grapefruit) peel oil*, citrus limon (lemon) peel oil*, citrus aurantium dulcis (orange) peel oil*, mentha viridis, (spearmint) leaf oil*, citral, limonene, linalool, squalane, butyrospermum parkii (shea) buer, cucumis sativus (cucumber) fruit extract, simmondsia chinensis (jojoba) butter, sodium hyaluronate, helianthus annuus (sunflower) seed extract, sodium pca, caffeine, tocop",hyaluronic-acid,,,,,,,,,,,,,open_beauty_facts,false
7611480007798,brightening-texture,Tagescreme UV50,Louis Widmer,,"Aqua, Dibutyl Adipate, Diethylamino Hydroxybenzoyl Hexyl Benzoate, Isoamyl p-Methoxycinnamate, Phenoxyethyl Caprylate, Methylene Bis-Benzotriazolyl Tetramethylbutylphenol (nano), Polysilicone-15, Bis-Ethylhexyloxyphenol Methoxyphenyl Triazine, Potassium Cetyl Phosphate, Triethylhexanoin, Cetea - ryl Alcohol, Dimethicone, Ethylhexyl Triazone, Silica, Arginine, Isopropyl Lau - royl Sarcosinate, Glycerin, Sorbitol, Collagen Amino Acids, Creatine, Sodium Hyaluronate, Tocopheryl Acetate, Panthenol, T",hyaluronic-acid,,,,,,,,,,,,,open_beauty_facts,false
3760265840939,brightening-texture,Fluide hydratant,LM Bio cosmétiques,,"Aqua , Aloe Barbadensis lefa juice , Coco-caprylate/caprate, Tocopherol, Cetearyl alcohol, Glycerin, Glyceryl stearate SE, Prunus amygdalu dulcis oil, Simmondsia chinensis seed oil, Glyceryl stearate citrate, Sodium hyaluronate, tocophérol ,heliantus a
Nous seed oil, Xanthan gum, Sodium phytate, Alcohol, Parfum, Potassium sorbate, Sodium benzoate, Citric acid, Benzyl Alcohol, Dehydroacetic acid, limoene , linalool
issu de l'agriculture biologique naturelle, 23.87% ou total des ingrédients sont 9",hyaluronic-acid,,,,,,,,,,,,,open_beauty_facts,false
8431876273472,brightening-texture,Protector solar facial antiedad color spf 50+ sun ultimate,Les Cosmetiques,,"Aqua, octocrylene, c12-15 alkyl benzoate, titanium dioxide, glycerin, butyl methoxydibenzoylmethane, ethylhexyl salicylate, propylheptyl caprylate, vp/eicosene copolymer, diethylhexyl butamido triazone, ci 77492, potassium cetyl phosphate, bis-ethylhexyloxyphenol methoxyphenyl triazine, nylon-12, dimethicone, glyceryl stearate, peg-100 stearate, hydrogenated palm glycerides, cetearyl alcohol, parfum, hydroxyacetophenone, microcrystalline cellulose, silica, ci 77491, xanthan gum, 1,2-hexanediol, ",hyaluronic-acid,,,,,,,,,,,,,open_beauty_facts,false
8411047107058,brightening-texture,Crema regenadora,Instituto español,,"Ingredients: Aqua (Water), Paraffinum Liquidum, Dimethicone, Propylene Glycol, Cetyl Alcohol, Cetearyl Alcohol, Cetearyl Ethylhexanoate, Isopropyl Myristate, Peg-8 Distearate, Glyceryl Stearate, Hydroxyethyl Urea, Peg-100 Stearate, Phenoxyethanol, Triethanolamine, Carbomer, Parfum (Fragrance), Allantoin, Caprylyl Glycol, Rosa Moschata Seed Oil, Sodium Hyaluronate, Ascorbyl Palmitate, Tetrasodium Glutamate Diacetate, Alpha-Isomethyl Ionone, Citronellol, Coumarin, Geraniol, Linalool, C.1.17200 (Re",hyaluronic-acid,,,,,,,,,,,,,open_beauty_facts,false
3337875583589,brightening-texture,HYALU B5 Soin,La roche - posay,,"Aqua/water, glycerin, dimethicone, hydrogenated polyisobutene, propylene glycol, hydroxypropyl tetrahydropyrantriol, alcohol denat. , propanediol, panthenol, synthetic wax, nylon-12, peg-10 dimethicone, dimethicone/peg-10/15 crosspolymer, hydroxyethylpiperazine ethane sulfonic acid, tocopherol, sodium polyacrylate, sodium hyaluronate, hydrolyzed hyaluronic acid, sodium citrate, phenoxyethanol, adenosine, chlorphenesin, propylene carbonate, dipropylene glycol, disteardimonium hectorite, disodium ",hyaluronic-acid,,,,,,,,,,,,,open_beauty_facts,false
3666065918604,brightening-texture,Perle & Caviar,ARNAUD Paris,,"AQUA (WATER), GLYCERIN, BUTYLENE GLYCOL PROPYLENE GLYCOL, PHENOXYETHANOL, AVENA SATIVA (OAT) KERNEL EXTRACT, CARBOMER, ETHYLHEXYLGLYCERIN, STYRENE/ACRYLATES COPOLYMER, CHLORPHENE - SIN, SODIUM HYDROXIDE, SODIUM HYALURONATE, MALACHITE EXTRACT, POLYSORBATE 20, CAVIAR EXTRACT, HYDROLYZED PEARL, MARIS SAL (SEA SALT), SODIUM CHLORIDE, PALMITOYL TRIPEPTIDE-I, TOCOPHEROL, PALMITOYL TETRAPEPTIDE-7.2 TESTÉ DERMATOLOGIQUEMENT.",hyaluronic-acid,,,,,,,,,,,,,open_beauty_facts,false
8017331060735,brightening-texture,colluttorio ad alta densità protezione gengive,Biorepair,,"Aqua, Sorbitol, Xylitol, Cellulose Gum, Hydroxyapatite, Zinc PCA, Aroma, Sodium Hyaluronate, Hamamelis Virginiana Leaf Extract, Spirulina Platensis Extract, Calendula Officinalis Flower Extract, Tocopheryl Acetate, Retinyl Palmitate, PEG-40 Hydrogenated Castor Oil, Sodium Lauryl Sulfate, Glycerin, Sodium Myristoyl Sarcosinate, Sodium Methyl Cocoyl Taurate, Helianthus Annuus Seed Oil, Phenoxyethanol, Sodium Benzoate, Sodium Saccharin, Benzyl Alcohol, Potassium Sorbate, BHT, Limonene, CI 16255.",hyaluronic-acid,,,,,,,,,,,,,open_beauty_facts,false
4006000091990,brightening-texture,Lait Corps Nourissant 72h,Nivea,,"Aqua, Paraffinum Liquidum, Isohexadecane, Glycerin, Isopropyl Palmitate, PEG-40 Sorbitan Perisostearate, Cera Microcristallina, Polyglyceryl-3 Diisostearate, Sodium Hyaluronate, Prunus Amygdalus Dulcis Oil, Tocopherol, Magnesium Sulfate, Sodium Citrate, Citric Acid, Tocopheryl Acetate, Potassium Sorbate, Linalool, Limonene, Benzyl Alcohol, Geraniol, Citronellol, Alpha-Isomethyl Ionone, Benzyl Benzoate, BHT, Parfum",hyaluronic-acid,,,,,,,,,,,,,open_beauty_facts,false
8480000468659,brightening-texture,"Men care regen skin, cream phytoproteoglycanos",Deliplus,,"INGREDIENTS: AQUA, PEG-6 STEARATE, OCTOCRYLENE, ISOAMYL p-METHOXYCINNAMATE, PROPANEDIOL, MAGNESIUM ASCORBYL PHOSPHATE, BUTYL METHOXYDIBENZOYLMETHANE, SIMMONDSIA CHINENSIS SEED OIL, CITRIC ACID, METHYLSILANOL HYDROXYPROLINE ASPARTATE, SODIUM HYDROXIDE, CETETH-20, SODIUM HYALURONATE, GLYCINE SOJA SEED EXTRACT, TOCOPHEROL, MORINGA OIL/HYDROGENATED MORINGA OIL ESTERS, GLYCERYL STEARATE, STEARETH-20, ECTOIN, BUTYLENE GLYCOL, GLYCERIN, HYDROLYZED WHEAT PROTEIN/PVP CROSSPOLYMER, ETHYLHEXYLGLYCERIN, ACR",hyaluronic-acid,,,,,,,,,,,,,open_beauty_facts,false
3616303443955,brightening-texture,Gel Douche Cool Down,ADIDAS,,"Aqua, Sodium C14-16 Olefin Sulfonate, Glycerin, Cocamidopropyl Betaine, Sodium
Chloride, Parfum/Fragrance, Sodium Benzoate, Citric Acid, Menthol, Pentylene Glycol, Disodium EDTA,
Sodium Hyaluronate, Blue 1 (CI 42090), Ext. Violet 2 (CI 60730), Yellow 5 (CI 19140)",hyaluronic-acid,,,,,,,,,,,,,open_beauty_facts,false
4066447331202,brightening-texture,Shampoo Feuchtigkeit Aloe Vera & Hyaluron,DM Alverde Naturkosmetik,,"INGREDIENTS: Aqua, Lauryl Glucoside, Sodium Coco-Sulfate, Glycerin, Betaine, Polyglyceryl-3 Betainate Acetate, Citric Acid, Parfum³, Disodium Cocoyl Glutamate, Levulinic Acid, Sodium Chloride, Sodium Levulinate, Sodium PCA, Hydrolyzed Wheat Protein, Coco-Glucoside, Glyceryl Oleate, Sodium Cocoyl Gluta - mate, Aloe Barbadensis Leaf Juice Powder², Sodium Phytate, Benzyl Alcohol³, Citronellol³, Sodium Hyaluronate, Calcium Sulfate, Magnesium Sulfate, Alcohol, Tocopherol, Hydrogenated Vegetable Glyce",hyaluronic-acid,,,,,,,,,,,,,open_beauty_facts,false
3600541945029,brightening-texture,Garnier Skin Active Tisue Mask Moisture Bomb,L'OREAL NORGE AS,,"967207 55 - AQUA / WATER, PROPYLENE GLYCOL, GLYCERIN, BENZYL ALCOHOL, BENZYL BENZOATE, CHAMOMILLARECUTITA FLOWER EXTRACT / MATRICARIA FLOWER EXTRACT, DIPOTASSIUM GLYCYRRHIZATE, GLYCERYL ACRYLATE/ACRYLICACID COPOLYMER, HYDROGENATED STARCH HYDROLYSATE, HYDROXYACETOPHENONE, HYDROXYETHYLCELLULOSE, MANNOSE, P-ANISIC ACID, PEG-40 HYDROGENATED CASTOR OIL, PHENOXYETHANOL, POTASSIUM HYDROXIDE, POTASSIUM SORBATE, PVM/MA COPOLYMER, SODIUM HYALURONATE, SORBIC ACID, XANTHAN GUM, PARFUM / FRAGRANCE (F.I.L C26",hyaluronic-acid,,,,,,,,,,,,,open_beauty_facts,false
3600531632427,brightening-texture,Maybelline Foundation Superstay 30h Light Bisque,L'OREAL NORGE AS,,"AQUA / WATER, ISODODECANE, DIMETHICONE, ACRYLATES/POLYTRIMETHYLSILOXYMETHACRYLATE COPOLYMER, CELLULOSE, LAURYL PEG-9 POLYDIMETHYLSILOXYETHYL DIMETHICONE, VINYL DIMETHICONE/METHICONE SILSESQUIOXANE CROSSPOLYMER, PEG-10 DIMETHICONE, MAGNESIUM SULFATE, PHENOXYETHANOL, DISTEARDIMONIUM HECTORITE, SODIUM HYALURONATE, DIMETHICONE/POLYGLYCERIN-3 CROSSPOLYMER, CETYL PEG/PPG-10/1 DIMETHICONE, SILICA SILYLATE, TRIETHOXYCAPRYLYLSILANE, PROPYLENE CARBONATE, CAPRYLYL GLYCOL, XANTHAN GUM, TRISODIUM ETHYLENEDIA",hyaluronic-acid,,,,,,,,,,,,,open_beauty_facts,false
3600531632410,brightening-texture,Maybelline Foundation Superstay 30h N.Beige,L'OREAL NORGE AS,,"AQUA / WATER, ISODODECANE, DIMETHICONE, ACRYLATES/POLYTRIMETHYLSILOXYMETHACRYLATE COPOLYMER, CELLULOSE, LAURYL PEG-9 POLYDIMETHYLSILOXYETHYL DIMETHICONE, VINYL DIMETHICONE/METHICONE SILSESQUIOXANE CROSSPOLYMER, PEG-10 DIMETHICONE, MAGNESIUM SULFATE, PHENOXYETHANOL, DISTEARDIMONIUM HECTORITE, SODIUM HYALURONATE, DIMETHICONE/POLYGLYCERIN-3 CROSSPOLYMER, CETYL PEG/PPG-10/1 DIMETHICONE, SILICA SILYLATE, TRIETHOXYCAPRYLYLSILANE, PROPYLENE CARBONATE, CAPRYLYL GLYCOL, XANTHAN GUM, TRISODIUM ETHYLENEDIA",hyaluronic-acid,,,,,,,,,,,,,open_beauty_facts,false
3600531609689,brightening-texture,Maybelline Color Sense Lifter Gloss Pearl 1,L'OREAL NORGE AS,,"C18-36 ACID TRIGLYCERIDE , BIS-DIGLYCERYL POLYACYLADIPATE-2 , PENTAERYTHRITYL TETRAISOSTEARATE , POLYBUTENE , TRIDECYL TRIMELLITATE , DIISOSTEARYL MALATE , SILICA DIMETHYL SILYLATE , PHENOXYETHANOL , ETHYLHEXYL PALMITATE , PENTAERYTHRITYL TETRA-DI-T-BUTYL HYDROXYHYDROCINNAMATE , CALCIUM SODIUM BOROSILICATE , ETHYLHEXYLGLYCERIN , CALCIUM ALUMINUM BOROSILICATE , TOCOPHERYL ACETATE , SODIUM SACCHARIN , SORBIC ACID , ALUMINA , SILICA , POLYBUTYLENE TEREPHTHALATE , TRIHYDROXYSTEARIN , COCOS NUCIFERA ",hyaluronic-acid,,,,,,,,,,,,,open_beauty_facts,false
4005808484843,brightening-texture,After Sun Hidratante,Nivea,,"Aqua, Glycerin, Alcohol Denat., Dicaprylyl Ether, Glyceryl Stearate SE, Isopropyl Palmitate, Cetearyl Alcohol, Aloe Barbadensis Leaf Juice Powder, Sodium Hyaluronate, Dimethicone, Carbomer, Sodium Cetearyl Sulfate, Sodium Hydroxide, Ethylhexylglycerin, Phenoxyethanol, Linalool, Citral, Parfum.",hyaluronic-acid,,,,,,,,,,,,,open_beauty_facts,false
2000000151894,brightening-texture,Atophén Fluide,Cepage,,"Water, Caprylic/capric Triglyceride, Dicaprylyl Carbonate, Nicotinamide, Glycerin, Aqua/Caprylyl Glycol/Chondrus Crispus Extract/ethylhexylglycerin/
glucose/phenoxyethanol/ Xanthan Gum, Panthenol, Simmondsia Chinensis (Jojoba) Seed Oil, Cetyl Alcohol (and) Glyceryl Stearate (and) PEG-75 Stearate (and) Ceteth-20 (and) Steareth-20, Vitis Vinifera (Grape) Fruit Extract, Polyacrylate 13 & Polyisobutene & Polysorbate 20, Phenoxyethanol, C10-18 Triglycerides, Tocopheryl Acetate, Argania Spinosa Kerne",hyaluronic-acid,,,,,,,,,,,,,open_beauty_facts,false
5060565106567,brightening-texture,"Daily face cream, sunprotect",Revuele,,"Water / Aqua, Homosalate, Ethylhexyl
Dimethyl PABA, Ethylhexyl Salicylate,
Butyl Methoxydibenzoylmethane,
Terephthalylidene Dicamphor
Sulfonic Acid, Phenylbenzimidazole
Sulfonic Acid, Cetearyl Alcohol,
C12-15 Alkyl Benzoate, Glycerin,
Polymethylsilsesquioxane,
Dimethicone, Isohexadecane,
Cetearyl Methicone, PEG-40
Stearate, Steareth-2, Steareth-21,
Glyceryl Stearate SE, Zinc Oxide,
Glyceryl Stearate, Ceteareth-20,
Ceteareth-12, Cetyl Palmitate,
Betaine, Sodium Hyaluronate,
Butylen",hyaluronic-acid,,,,,,,,,,,,,open_beauty_facts,false
3600542368810,brightening-texture,Garnier Tissue Mask Pure Activ,L'OREAL NORGE AS,,"67516 1 - AQUA / WATER, GLYCERIN, NIACINAMIDE, SALICYLIC ACID, AMMONIUM POLYACRYLOYLDIMETHYL TAURATE, BENZYL SALICYLATE, CAPRYLOYL SALICYLIC ACID, CETYL ALCOHOL, CITRIC ACID, DICAPRYLYL CARBONATE, EUCALYPTUS GLOBULUS LEAF EXTRACT, GLYCERYL ISOSTEARATE, GLYCERYL STEARATE, HEXYLDECANOL, HYDROXYACETOPHENONE, LIMONENE, MELALEUCA ALTERNIFOLIA LEAF EXTRACT / TEA TREE LEAF EXTRACT, MYRISTIC ACID, OCTYLDODECANOL, PALMITIC ACID, PEG-100 STEARATE, POTASSIUM HYDROXIDE, SODIUM HYALURONATE, STEARIC ACID, TOC",niacinamide;hyaluronic-acid,,,,,,,,,,,,,open_beauty_facts,false
3600531632489,brightening-texture,Maybelline Foundation Superstay 30h Warm Nude,L'OREAL NORGE AS,,"AQUA / WATER, ISODODECANE, DIMETHICONE, ACRYLATES/POLYTRIMETHYLSILOXYMETHACRYLATE COPOLYMER, CELLULOSE, LAURYL PEG-9 POLYDIMETHYLSILOXYETHYL DIMETHICONE, VINYL DIMETHICONE/METHICONE SILSESQUIOXANE CROSSPOLYMER, PEG-10 DIMETHICONE, MAGNESIUM SULFATE, PHENOXYETHANOL, DISTEARDIMONIUM HECTORITE, SODIUM HYALURONATE, DIMETHICONE/POLYGLYCERIN-3 CROSSPOLYMER, CETYL PEG/PPG-10/1 DIMETHICONE, SILICA SILYLATE, TRIETHOXYCAPRYLYLSILANE, PROPYLENE CARBONATE, CAPRYLYL GLYCOL, XANTHAN GUM, TRISODIUM ETHYLENEDIA",hyaluronic-acid,,,,,,,,,,,,,open_beauty_facts,false
4005900134271,brightening-texture,Nivea Night Care Cellular 50ml,BRYNILD GRUPPEN AS,,"Aqua, Glycerin, Cetearyl Alcohol, Ethylhexyl Cocoate, Methylpropanediol, Caprylic/Capric Triglyceride, Hydrogenated Coco-Glycerides, Butyrospermum Parkii Butter, Glyceryl Stearate Citrate, Macadamia Integrifolia Seed Oil, Polymethylsilsesquioxane, Panthenol, Pantolactone, Magnolia Officinalis Bark Extract, Creatine, 1-Methylhydantoin-2-Imide, Sodium Hyaluronate, Dimethicone, Ethylhexylglycerin, Carbomer, Trisodium EDTA, Citric Acid, Sodium Hydroxide, Phenoxyethanol, Limonene, Linalool, Citronell",hyaluronic-acid,,,,,,,,,,,,,open_beauty_facts,false
3600531609740,brightening-texture,Maybelline Color Sense Lifter Gloss Reef 6,L'OREAL NORGE AS,,"C18-36 ACID TRIGLYCERIDE , BIS-DIGLYCERYL POLYACYLADIPATE-2 , PENTAERYTHRITYL TETRAISOSTEARATE , POLYBUTENE , TRIDECYL TRIMELLITATE , DIISOSTEARYL MALATE , SILICA DIMETHYL SILYLATE , PHENOXYETHANOL , ETHYLHEXYL PALMITATE , PENTAERYTHRITYL TETRA-DI-T-BUTYL HYDROXYHYDROCINNAMATE , CALCIUM SODIUM BOROSILICATE , ETHYLHEXYLGLYCERIN , CALCIUM ALUMINUM BOROSILICATE , TOCOPHERYL ACETATE , SODIUM SACCHARIN , SORBIC ACID , ALUMINA , SILICA , POLYBUTYLENE TEREPHTHALATE , TRIHYDROXYSTEARIN , COCOS NUCIFERA ",hyaluronic-acid,,,,,,,,,,,,,open_beauty_facts,false
3600531632373,brightening-texture,Maybelline Foundation Superstay 30h Classic Nude,L'OREAL NORGE AS,,"AQUA / WATER, ISODODECANE, DIMETHICONE, ACRYLATES/POLYTRIMETHYLSILOXYMETHACRYLATE COPOLYMER, CELLULOSE, LAURYL PEG-9 POLYDIMETHYLSILOXYETHYL DIMETHICONE, VINYL DIMETHICONE/METHICONE SILSESQUIOXANE CROSSPOLYMER, PEG-10 DIMETHICONE, MAGNESIUM SULFATE, PHENOXYETHANOL, DISTEARDIMONIUM HECTORITE, SODIUM HYALURONATE, DIMETHICONE/POLYGLYCERIN-3 CROSSPOLYMER, CETYL PEG/PPG-10/1 DIMETHICONE, SILICA SILYLATE, TRIETHOXYCAPRYLYLSILANE, PROPYLENE CARBONATE, CAPRYLYL GLYCOL, XANTHAN GUM, TRISODIUM ETHYLENEDIA",hyaluronic-acid,,,,,,,,,,,,,open_beauty_facts,false
3600531609702,brightening-texture,Maybelline Color Sense Lifter Gloss Crystal 10,L'OREAL NORGE AS,,"C18-36 ACID TRIGLYCERIDE , BIS-DIGLYCERYL POLYACYLADIPATE-2 , PENTAERYTHRITYL TETRAISOSTEARATE , POLYBUTENE , TRIDECYL TRIMELLITATE , DIISOSTEARYL MALATE , SILICA DIMETHYL SILYLATE , PHENOXYETHANOL , ETHYLHEXYL PALMITATE , PENTAERYTHRITYL TETRA-DI-T-BUTYL HYDROXYHYDROCINNAMATE , CALCIUM SODIUM BOROSILICATE , ETHYLHEXYLGLYCERIN , CALCIUM ALUMINUM BOROSILICATE , TOCOPHERYL ACETATE , SODIUM SACCHARIN , SORBIC ACID , ALUMINA , SILICA , POLYBUTYLENE TEREPHTHALATE , TRIHYDROXYSTEARIN , COCOS NUCIFERA ",hyaluronic-acid,,,,,,,,,,,,,open_beauty_facts,false
3600531609757,brightening-texture,Maybelline Color Sense Lifter Gloss Amber 7,L'OREAL NORGE AS,,"C18-36 ACID TRIGLYCERIDE , BIS-DIGLYCERYL POLYACYLADIPATE-2 , PENTAERYTHRITYL TETRAISOSTEARATE , POLYBUTENE , TRIDECYL TRIMELLITATE , DIISOSTEARYL MALATE , SILICA DIMETHYL SILYLATE , PHENOXYETHANOL , ETHYLHEXYL PALMITATE , PENTAERYTHRITYL TETRA-DI-T-BUTYL HYDROXYHYDROCINNAMATE , CALCIUM SODIUM BOROSILICATE , ETHYLHEXYLGLYCERIN , CALCIUM ALUMINUM BOROSILICATE , TOCOPHERYL ACETATE , SODIUM SACCHARIN , SORBIC ACID , ALUMINA , SILICA , POLYBUTYLENE TEREPHTHALATE , TRIHYDROXYSTEARIN , COCOS NUCIFERA ",hyaluronic-acid,,,,,,,,,,,,,open_beauty_facts,false
3600522480167,brightening-texture,Revitalift Laser Night Skin Care 50ml,L'OREAL NORGE AS,,"782759 22 - AQUA / WATER , DIMETHICONE , SIMMONDSIA CHINENSIS SEED OIL / JOJOBA SEEDOIL , HYDROGENATED CASTOR OIL DIMER DILINOLEATE , ALCOHOL DENAT. , HYDROXYPROPYLTETRAHYDROPYRANTRIOL , GLYCERIN , CAPRYLIC/CAPRIC TRIGLYCERIDE , PROPANEDIOL , PROPYLENE GLYCOL, CETYL ALCOHOL , CETYL HYDROXYETHYLCELLULOSE , CENTELLA ASIATICA EXTRACT , HYDROLYZED RICEPROTEIN , CAPRYLOYL SALICYLIC ACID , DISODIUM EDTA , SODIUM CITRATE , SODIUM HYALURONATE , SODIUMHYDROXIDE , ASCORBYL GLUCOSIDE , TOCOPHEROL , SILICA ",hyaluronic-acid,,,,,,,,,,,,,open_beauty_facts,false
24006026,brightening-texture,Acondicionador reparador y brillo 3 en 1,Biocura,,"Dermatologicamente testado.
Ingredients: Aqua, Aloe Barbadensis Leaf Juice*
Glycerin, Cetearyl Alcohol, Glycine Soja Oil,
Cocos Nucifera �il*, Glyceryl Stearate Citrate,
Malus Domestica Fruit Water*, Betaine, Buty-
rospermum Parkii Butter, PCA Glyceryl Oleate,
Persea Gratissima Fruit Extract*, Hydrolyzed
Wheat Protein, Sodium Hyaluronate, Citric Acid,
Xanthan Gum, Parfum**, Sodium Benzoate,
Benzyl Salicylate**, Limonene** Linalool*.
* Ingredientes procedentes de la agricultura
ecologi",hyaluronic-acid,,,,,,,,,,,,,open_beauty_facts,false
4260672140138,brightening-texture,Catch the sun,V.Sun,,"Ingredients: Aqua, C12-15 Alkyl Benzoate, Diethylamino Hydroxybenzoyl Hexyl Benzoate, Glycerin, Dicaprylyl Ether, Cetyl Alcohol, Glyceryl Stearate Ethylhexyl Salicylate, Ethylhexyl Triazone, Diethylhexyl Butamido Triazone, Phenylbenzimidazole Sulfonic Acid, Sodium Stearoyl Glutamate, Bis-Ethylhexyloxyphenol Methoxyphenyl Triazine, Butyrospermum Parkii Butter, Ectoin, Tocopheryl Acetate, Xanthan Gum, Caprylyl Glycol, Sodium Hyaluronate, Sodium Hydroxide, Decylene Glycol, Piroctone Olamine, 138 Al",hyaluronic-acid,,,,,,,,,,,,,open_beauty_facts,false
4005900623553,brightening-texture,Nivea Ansiktsmaske Urban Skin Radience 1stk,Beiersdorf,,"Aqua, butylene glycol, propanediol, butyrospermum parkii butter, 
argania spinosa kernel oil, sodium hyaluronate, hydrolyzed sodium hyaluronate, 
vitis vinifera seed oil, magnolia officinalis bark extract, chondrus crispus extract, 
lithothamnion calcareum extract, allantoin, betaine, xanthan gum, polyglyceryl-10 
laurate, xylitylglucoside, hydroxyethylcellulose, arginine, anhydroxylitol, saccharide 
isomerate, phytic acid, xylitol, sodium polyglutamate, citric acid, sodium citrate, 
1,2-hexaned",hyaluronic-acid,,,,,,,,,,,,,open_beauty_facts,false
3600531632540,brightening-texture,Maybelline Foundation Superstay 30h Fawn,L'OREAL NORGE AS,,"AQUA / WATER, ISODODECANE, DIMETHICONE, ACRYLATES/POLYTRIMETHYLSILOXYMETHACRYLATE COPOLYMER, CELLULOSE, LAURYL PEG-9 POLYDIMETHYLSILOXYETHYL DIMETHICONE, VINYL DIMETHICONE/METHICONE SILSESQUIOXANE CROSSPOLYMER, PEG-10 DIMETHICONE, MAGNESIUM SULFATE, PHENOXYETHANOL, DISTEARDIMONIUM HECTORITE, SODIUM HYALURONATE, DIMETHICONE/POLYGLYCERIN-3 CROSSPOLYMER, CETYL PEG/PPG-10/1 DIMETHICONE, SILICA SILYLATE, TRIETHOXYCAPRYLYLSILANE, PROPYLENE CARBONATE, CAPRYLYL GLYCOL, XANTHAN GUM, TRISODIUM ETHYLENEDIA",hyaluronic-acid,,,,,,,,,,,,,open_beauty_facts,false
4005900134264,brightening-texture,Nivea Day Care Cellular 50ml,BRYNILD GRUPPEN AS,,"Aqua, Glycerin, Ethylhexyl Salicylate, Cetearyl Alcohol, Dimethicone, Alcohol Denat., Glyceryl Stearate SE, Butyl Methoxydibenzoylmethane, Methylpropanediol, Octocrylene, Polymethylsilsesquioxane, Butyrospermum Parkii Butter, Cetyl Alcohol, Ethylhexyl Stearate, Phenylbenzimidazole Sulfonic Acid, Magnolia Officinalis Bark Extract, Creatine, 1-Methylhydantoin - 2-Imide, Sodium Hyaluronate, Tapioca Starch, Ethylhexylglycerin, Xanthan Gum, Acrylates/C10-30 Alkyl Acrylate Crosspolymer, Trisodium EDTA",hyaluronic-acid,,,,,,,,,,,,,open_beauty_facts,false
8470002130425,brightening-texture,reparador,Be+ med,,"Ricinus Communis Seed Oil, Dibutyl Adipate, Petrolatum, Hydrogenated Microcrystalline Wax, Butyrospermum Parkii Butter, Octyldodecanol, Polyethylene, Jojoba Esters, Paraffin, Aroma, Helianthus Annuus Seed Wax, Microcrystalline Wax, Helianthus Annuus Seed Oil, Tocopheryl Acetate, Acacia Decurrens Flower Wax, Polyglycerin-3, Aqua, PEG-8 Caprylic/Capric Glycerides, Centella Asiatica Extract, Octyldodeceth-25, Sodium Hyaluronate, Tocopherol, Decylene Glycol, Propylene Glycol, Phenoxyethanol",hyaluronic-acid,,,,,,,,,,,,,open_beauty_facts,false
3600541943766,brightening-texture,Garnier Moisture Tissue Mask Pomegranate,L'OREAL NORGE AS,,"AQUA / WATER, GLYCERIN, BUTYLENE GLYCOL, AMMONIUM POLYACRYLOYLDIMETHYL TAURATE, CAPRYLYL GLYCOL, CELLULOSE ACETATE BUTYRATE, COCETH-7, CORDYCEPS SINENSIS EXTRACT, DIPOTASSIUM GLYCYRRHIZATE, ETHYLHEXYLGLYCERIN, GLYCERYLACRYLATE/ACRYLIC ACID COPOLYMER, MALTODEXTRIN, METHYLPARABEN, PANAX GINSENG ROOT EXTRACT, PEG-40 HYDROGENATED CASTOR OIL, PHENOXYETHANOL, POLYPHOSPHORYLCHOLINE GLYCOL ACRYLATE, POLYVINYL ALCOHOL, PPG-1-PEG-9 LAURYL GLYCOL ETHER, PROPYLENE GLYCOL, PROPYLPARABEN, PVM/MA COPOLYMER, RO",hyaluronic-acid,,,,,,,,,,,,,open_beauty_facts,false
3600523971367,brightening-texture,L'Oreal Plump in Gloss Brillant Signature Heighten,L'OREAL NORGE AS,,"C18-36 ACID TRIGLYCERIDE,  POLYBUTENE,  BIS-DIGLYCERYL POLYACYLADIPATE-2,  PENTAERYTHRITYL TETRAISOSTEARATE,  TRIDECYL TRIMELLITATE,  DIISOSTEARYL MALATE,  SILICA DIMETHYL SILYLATE,  MENTHONE GLYCERIN ACETAL,  PENTYLENE GLYCOL,  CALCIUM ALUMINUM BOROSILICATE,  CAPRYLYL GLYCOL,  CI 77891 / TITANIUM DIOXIDE,  ETHYL MENTHANE CARBOXAMIDE,  PENTAERYTHRITYL TETRA-DI-T-BUTYL HYDROXYHYDROCINNAMATE,  ETHYLHEXYL PALMITATE,  TOCOPHERYL ACETATE,  CI 77491 / IRON OXIDES,  CI 15850 / RED 7,  MENTHA PIPERITA O",hyaluronic-acid,,,,,,,,,,,,,open_beauty_facts,false
3600523971350,brightening-texture,L'Oreal Plump in Gloss Signature Inflate,L'OREAL NORGE AS,,"C18-36 ACID TRIGLYCERIDE,  POLYBUTENE,  BIS-DIGLYCERYL POLYACYLADIPATE-2,  PENTAERYTHRITYL TETRAISOSTEARATE,  TRIDECYL TRIMELLITATE,  DIISOSTEARYL MALATE,  SILICA DIMETHYL SILYLATE,  MENTHONE GLYCERIN ACETAL,  PENTYLENE GLYCOL,  CALCIUM ALUMINUM BOROSILICATE,  CAPRYLYL GLYCOL,  CI 77891 / TITANIUM DIOXIDE,  ETHYL MENTHANE CARBOXAMIDE,  PENTAERYTHRITYL TETRA-DI-T-BUTYL HYDROXYHYDROCINNAMATE,  ETHYLHEXYL PALMITATE,  TOCOPHERYL ACETATE,  CI 77491 / IRON OXIDES,  CI 15850 / RED 7,  MENTHA PIPERITA O",hyaluronic-acid,,,,,,,,,,,,,open_beauty_facts,false
3600523971336,brightening-texture,L'Oreal Plum in Gloss Brilliant  Amplify 406,L'OREAL NORGE AS,,"C18-36 ACID TRIGLYCERIDE,  POLYBUTENE,  BIS-DIGLYCERYL POLYACYLADIPATE-2,  PENTAERYTHRITYL TETRAISOSTEARATE,  TRIDECYL TRIMELLITATE,  DIISOSTEARYL MALATE,  SILICA DIMETHYL SILYLATE,  MENTHONE GLYCERIN ACETAL,  PENTYLENE GLYCOL,  CALCIUM ALUMINUM BOROSILICATE,  CAPRYLYL GLYCOL,  CI 77891 / TITANIUM DIOXIDE,  ETHYL MENTHANE CARBOXAMIDE,  PENTAERYTHRITYL TETRA-DI-T-BUTYL HYDROXYHYDROCINNAMATE,  ETHYLHEXYL PALMITATE,  TOCOPHERYL ACETATE,  CI 77491 / IRON OXIDES,  CI 15850 / RED 7,  MENTHA PIPERITA O",hyaluronic-acid,,,,,,,,,,,,,open_beauty_facts,false
3600523971312,brightening-texture,L'Oreal Plump in Gloss Brillant Signature Soar 402,L'OREAL NORGE AS,,"C18-36 ACID TRIGLYCERIDE,  POLYBUTENE,  BIS-DIGLYCERYL POLYACYLADIPATE-2,  PENTAERYTHRITYL TETRAISOSTEARATE,  TRIDECYL TRIMELLITATE,  DIISOSTEARYL MALATE,  SILICA DIMETHYL SILYLATE,  MENTHONE GLYCERIN ACETAL,  PENTYLENE GLYCOL,  CALCIUM ALUMINUM BOROSILICATE,  CAPRYLYL GLYCOL,  CI 77891 / TITANIUM DIOXIDE,  ETHYL MENTHANE CARBOXAMIDE,  PENTAERYTHRITYL TETRA-DI-T-BUTYL HYDROXYHYDROCINNAMATE,  ETHYLHEXYL PALMITATE,  TOCOPHERYL ACETATE,  CI 77491 / IRON OXIDES,  CI 15850 / RED 7,  MENTHA PIPERITA O",hyaluronic-acid,,,,,,,,,,,,,open_beauty_facts,false
3600523971305,brightening-texture,L'Oreal Plump in Gloss Brillant Signature Maximize,L'OREAL NORGE AS,,"C18-36 ACID TRIGLYCERIDE,  POLYBUTENE,  BIS-DIGLYCERYL POLYACYLADIPATE-2,  PENTAERYTHRITYL TETRAISOSTEARATE,  TRIDECYL TRIMELLITATE,  DIISOSTEARYL MALATE,  SILICA DIMETHYL SILYLATE,  MENTHONE GLYCERIN ACETAL,  PENTYLENE GLYCOL,  CALCIUM ALUMINUM BOROSILICATE,  CAPRYLYL GLYCOL,  CI 77891 / TITANIUM DIOXIDE,  ETHYL MENTHANE CARBOXAMIDE,  PENTAERYTHRITYL TETRA-DI-T-BUTYL HYDROXYHYDROCINNAMATE,  ETHYLHEXYL PALMITATE,  TOCOPHERYL ACETATE,  CI 77491 / IRON OXIDES,  CI 15850 / RED 7,  MENTHA PIPERITA O",hyaluronic-acid,,,,,,,,,,,,,open_beauty_facts,false
3600523937899,brightening-texture,L'Oreal Revitalift Laser 7-Day Resurfacing,L'OREAL NORGE AS,,"909101 11 - AQUA / WATER, GLYCOLIC ACID, GLYCERIN, ALCOHOL DENAT., SODIUM HYDROXIDE, ALOE BARBADENSIS LEAF JUICE, SODIUM HYALURONATE, ASCORBYL GLUCOSIDE, CITRIC ACID, HYDROXYETHYLCELLULOSE, POTASSIUM SORBATE, SODIUM BENZOATE. (F.I.L. B247166/1).",hyaluronic-acid,,,,,,,,,,,,,open_beauty_facts,false
3600523924226,brightening-texture,L'Oreal Infallible Grip Primer,L'OREAL NORGE AS,,"AQUA / WATER, ARGILLA / MAGNESIUM ALUMINUM SILICATE, PROPYLENE GLYCOL, GLYCERIN, BUTYLENE GLYCOL, PHENOXYETHANOL, XANTHAN GUM, CAPRYLYL METHICONE, CITRIC ACID, ENANTIA CHLORANTHA BARK EXTRACT, POLYSORBATE 20, SODIUM HYALURONATE, AMMONIUM ACRYLOYLDIMETHYLTAURATE/VP COPOLYMER, CI 45410 / RED 28, CI 42090 / BLUE 1, OLEANOLIC ACID, T-BUTYL ALCOHOL",hyaluronic-acid,,,,,,,,,,,,,open_beauty_facts,false
3600523655601,brightening-texture,L'Oreal Lash Serum Transparent,L'OREAL NORGE AS,,"AQUA / WATER, ALCOHOL DENAT., HYDROXYETHYLCELLULOSE, PENTYLENE GLYCOL, AMINOPROPYL TRIETHOXYSILANE, PEG-40 HYDROGENATED CASTOR OIL, MADECASSOSIDE, PHENOXYETHANOL, POLYSORBATE 21, LACTIC ACID, METHYLPARABEN, RICINUS COMMUNIS SEED OIL / CASTOR SEED OIL, SODIUM HYALURONATE, ARGININE, SERINE, CITRIC ACID, PANTHENOL, GLUTAMIC ACID, THREONINE, PROLINE, ALANINE, CYSTEINE (F.I.L. B210573/1).",hyaluronic-acid,,,,,,,,,,,,,open_beauty_facts,false
3600523526239,brightening-texture,Men Expert Barber Club Care 50ml,L'OREAL NORGE AS,,"782843 5-AQUA/WATER, ALCOHOL DENAT, GLYCERIN, FUSANUS SPICATUS WOOD OIL, CEDRUS ATLANICABARK OIL, MENTHA PIPERITA EXTRACT/PEPPERMINT EXTRACT, PEG-30DIPOLYHYDROXYSTEARATE, PEG-60HYDRONEGATED CASTOR OIL, EUCALYPTUS GLOBULUS LEAF OIL, TRIDECETH, TRIETHANOLAMINE, SODIUM HYALURONATE, TRISODIUM ETHYLENEDIAMINE DISUCCINATE, PENTYLENE GLYCOL, ACRYLATES/C10-30ALKYL ACRYLATE CROSSPOLYMER, TOCOPHEROL, TOCOPHERYL ACETATE, SALICYLIC ACID, LINALOOL, EUGENOL, ALPHA-ISOMENTHYL IONONE, COUMARIN, LIMONENE, BENZYL",hyaluronic-acid,,,,,,,,,,,,,open_beauty_facts,false
3600523279319,brightening-texture,L'Oreal Revitalift Fast Acting Serum 30ml,L'OREAL NORGE AS,,"782928 7 - INGREDIENTS: AQUA / WATER, ALCOHOL DENAT., DIPROPYLENE GLYCOL, BIFIDA FERMENT LYSATE, GLYCERIN, BIS-PEG-18 METHYL ETHER DIMETHYL SILANE, PEG/PPG/POLYBUTYLENE GLYCOL-8/5/3 GLYCERIN HYDROXYETHYLPIPERAZINE ETHANESULFONIC ACID HYDROLYZED SOY PROTEIN, ACETYL TRIFLUOROMETHYLPHENYLVALYLGLYCINE ADENOSINE, FAEX EXTRACT / YEAST EXTRACT, SALICYLOYLPHYTOSPHINGOSINE, SODIUM HYALURONATE, TRIETHANOLAMINE, RETINYL PALMITATE, ALUMINUM STARCH OCTENYLSUCCINATE AMMONIUM POLYACRYLOYLDIMETHYL TAURATECARBOM",hyaluronic-acid,,,,,,,,,,,,,open_beauty_facts,false
3600524017729,brightening-texture,L'Oreal Revitalift Filler Eye Cream 30ml,L'OREAL NORGE AS,,"899330 30 - AQUA / WATER, GLYCERIN, DIMETHICONE, SACCHAROMYCES/ XYLINUM/BLACK TEA FERMENT, PROPANEDIOL, DIISOPROPYL SEBACATE, PENTYLENE GLYCOL, BETAINE, DI-C12-13 ALKYL MALATE, BUTYROSPERMUM PARKII BUTTER / SHEA BUTTER, POLYGLYCERYL-6 DISTEARATE, HYDROXYPROPYL TETRAHYDROPYRANTRIOL, CETYL ALCOHOL, MYRISTYL MYRISTATE, PENTAERYTHRITYL TETRAETHYLHEXANOATE, CAFFEINE, DIPEPTIDE DIAMINOBUTYROYL BENZYLAMIDE DIACETATE, DISODIUM EDTA, SECALE CEREALE SEED EXTRACT / RYE SEED EXTRACT, SODIUM HYALURONATE, ASC",hyaluronic-acid,,,,,,,,,,,,,open_beauty_facts,false
4066447354775,brightening-texture,Cremegel Hydro,Alverde,,"Aqua, Glycerin, Alcohol, Helianthus Annuus Seed Oil², Glycine Soja Oil², Polyglyceryl-3 Dicitrate/Stea - rate, Myristyl Myristate, Xanthan Gum, Butyrospermum Parkii Butter2, C10-18 Triglycerides, Olea Europaea Fruit Oil2, Coco-Caprylate, Cetearyl Alcohol, Sodium Hyaluronate, Hydrolyzed Algin, Maris Aqua, Chlorella Vulgaris Extract, Fucus Vesiculosus Extract, Sodium Lactate, Helianthus Annuus Seed Oil, Alcohol, Levulinic Acid, Sodium Levuli - nate, p-Anisic Acid, Sodium Hydroxide, Tocopherol, Par",hyaluronic-acid,,,,,,,,,,,,,open_beauty_facts,false
9000101280050,brightening-texture,Lift+ Pro-Kollagen + Hyaluron Tages- & Nachtpflege Set,Diadermine,,"HYDRA-LIFTING H20 TAGESCREME (Aqua , Caprylic / Capric Triglyceride , Hexanediol , Glycerin , Dicaprylyl Carbonate , Arachidyl Alcohol , Betaine , Hydrogenated Coco - Glycerides , Behenyl Alcohol , Butyrospermum Parkii Butter , Hydroxyethyl Urea , Neopentyl Glycol Diethylhexanoate , Hydrolyzed Soy Protein , Sodium Hyaluronate , Quassia Amara Wood Extract , Spilanthes Acmella Flower Extract , Panthenol , Urea , Bisabolol , Caffeine , Tocopherol , Hydroxyacetophenone , Arachidyl Glucoside , Carbom",hyaluronic-acid,,,,,,,,,,,,,open_beauty_facts,false
3701154701481,brightening-texture,Sérum Acide Hyaluronique + Panthenol,Horace,,"AQUA (WATER), GLYCERIN, PROPANEDIOL, PENTYLENE GLYCOL, LACTOBACILLUS/ARUNDINARIA GIGANTEA FERMENT FILTRATE, SPIRULINA PLATENSIS EXTRACT, XANTHAN GUM, BUTYLENE GLYCOL, PANTHENOL, MALTODEXTRIN, GLYCERYL CAPRYLATE, SODIUM PCA, SODIUM BENZOATE, SODIUM HYALURONATE, SODIUM PHYTATE, CITRIC ACID, MALACHITE EXTRACT, ERYTHRITOL, LEUCONOSTOC/RADISH ROOT FERMENT FILTRATE, BIOSACCHARIDE GUM-1, CARRAGEENAN, ALCOHOL, TRIS(TETRAMETHYL - HYDROXYPIPERIDINOD CITRATE, BENZOIC ACID, SODIUM HYDROXIDE, SORBIC ACID, PO",hyaluronic-acid,,,,,,,,,,,,,open_beauty_facts,false
0098132400034,brightening-texture,Complexion Rescue Tinted Hydrating Gel Cream Broad Spectrum SPF 30,bareMinerals,,"Titanium Dioxide 6.2%. Water, Coconut Alkanes, Propanediol, Squalane, Trehalose, Isostearic Acid, Glycerin, Silica, Agar, Caprylic/Capric Triglyceride, Globularia Cordifolia Callus Culture Extract, Salicornia Herbacea Extract, Melilotus Officinalis Extract, Coco-Caprylate/Caprate, Butylene Glycol, Lauroyl Lysine, Sodium Hyaluronate, Succinoglycan, Polysorbate 60, Cellulose Gum, Polyglyceryl-4 Laurate/Succinate, Sorbitan Sesquiisostearate, Magnesium Stearate, Magnesium Hydroxide, Magnesium Chlori",hyaluronic-acid,,,,,,,,,,,,,open_beauty_facts,false
0070501110478,brightening-texture,Hydro Boost Water Gel,Neutrogena,,"Water, Dimethicone, Glycerin, Dimethicone/Vinyl Dimethicone Crosspolymer, Phenoxyethanol, Polyacrylamide, Cetearyl Olivate, Sorbitan Olivate, Dimethiconol, C13-14 Isoparafin, Dimethicone Crosspolymer, Chlorphenesin, Carbomer, Laureth-7, Sodium Hyaluronate, Ethylhexylglycerin, Fragrance, C12-14 Pareth-12, Sodium Hydroxide, Blue 1.",hyaluronic-acid,,,,,,,,,,,,,open_beauty_facts,false
0070501111505,brightening-texture,Hydro Boost Gentle Cleansing Lotion,Neutrogena,,"Water, Glycerin, Butylene Glycol, Sodium Hydrolyzed Potato Starch Dodecenylsuccinate, Zea Mays (Corn) Starch, Polysorbate 20, Poloxamer 188, Hydroxyacetophenone, Acrylates/C10-30 Alkyl Acrylate Crosspolymer, PEG-100 Stearate, Glyceryl Stearate, Ethylhexylglycerin, Disodium EDTA, Sodium Polyacrylate, Sodium Hydroxide, Sodium Hyaluronate",hyaluronic-acid,,,,,,,,,,,,,open_beauty_facts,false
0030985004571,brightening-texture,Ultra Hydrating Alkaline Cloud Cleanser,Derma E,,"Purified Water, Cocamidopropyl Betaine, Sodium Methyl 2-Sulfolaurate, Disodium Laureth Sulfosuccinate, Sodium Hyaluronate, Hydrolyzed Sodium Hyaluronate, Tremella Fuciformis (Mushroom) Extract, Sodium Bicarbonate, Disodium 2-Sulfolaurate, Potassium Hydroxide, Polysorbate 20, Ethylhexylglycerin, Phenoxyethanol, Natural Fragrance Oils.",hyaluronic-acid,,,,,,,,,,,,,open_beauty_facts,false
0020714900267,brightening-texture,All About Clean Rinse-Off Foaming Cleanser,Clinique,,"Water / Aqua / Eau, Potassium Myristate, Glycerin, Potassium Behenate, Sodium Methyl Cocoyl Taurate, Potassium Palmitate, Potassium Laurate, Potassium Sterate, PEG-3 Distearate, Cholesteryl Hydroxystearate, Butylene Glycol, Sodium Hyaluronate, Trisodium EDTA, Disodium EDTA, Phenoxyethanol, Ext. Violet 2 (CI 60730), Red 4 (CI 14700).",hyaluronic-acid,,,,,,,,,,,,,open_beauty_facts,false
3770036159047,brightening-texture,Botox-like Peptide Serum,Vassilena Cosmetics,,"/ INCI: Aloe Barbadensis (Aloe) Leaf Juice*, Glycerin, Simmondsia Chinensis (Jojoba) Seed Oil*, Aqua/ Water, Pentylene Glycol, Cetearyl Alcohol, Sodium PCA, Isoamyl Laurate, Glyceryl Stearate Citrate, 
Dipalmitoyl Hydroxyproline, Propanediol, Parfum/Fragrance, 
Caprylic/ Capric Triglyceride, Fragaria
 Ananassa (Strawberry) Seed Oil, 
Vaccinium Myrtillus (Blueberry) Seed 
Oil*, Xanthan Gum, Hexapeptide-11, 
Phytosterols, Ricinus Communis 
(Castor) Seed Oil*, Ascorbyl Palmitate
, Hydrolyze",hyaluronic-acid,,,,,,,,,,,,,open_beauty_facts,false
4005800294778,brightening-texture,hyalluron Filler + 3x effect,Eucerin,,"Aqua, Glycerin, Ethylhexyl Salicylate, Dicaprylyl Carbonate, Isodecyl Neopentanoate, Butyl Methoxydibenzoylmethane, Ethylhexyl Triazone, Methylpropanediol, Propylheptyl Caprylate, Alcohol Denat., Bis-Ethylhexyloxyphenol Methoxyphenyl Triazine, Cetearyl Alcohol, Distarch Phosphate, Behenyl Alcohol, Phenylbenzimidazole Sulfonic Acid, Sodium Hyaluronate, Glycine Soja Germ Extract, Glycyrrhetinic Acid, Tocopherol, Tapioca Starch, Sodium Stearoyl Glutamate, Sodium Hydroxide, Sodium Chloride, Carbomer",hyaluronic-acid,,,,,,,,,,,,,open_beauty_facts,false
7350068605147,brightening-texture,Arbutin & liquorice glow up moisturizer,Indy Beauty,,"Aqua, Octyldodecyl Myristate, Glycerin, Dimethicone, Canola Oil, Jojoba Esters, Cetyl Alcohol, Glyceryl Stearate, Hydroxyethyl Acrylate/Sodium Acryloyldimethyl Taurate Copolymer, Squalane, Tocopheryl Acetate, Synthetic Fluorphlogopite, Ceteth-20, Allantoin, Lactobacillus/Punica Granatum Fruit Ferment Extract, Ascorbyl Palmitate, Glutamic Acid, Sodium PCA, Bisabolol, Titanium Dioxide, Betaine, Biosaccharide Gum-4, Polysorbate 60, Silica, Sodium Hyaluronate, PCA, Glycine Soja Oil, Beta-Sitosterol,",hyaluronic-acid,,,,,,,,,,,,,open_beauty_facts,false
5391510478775,brightening-texture,Hyaluronic Face Serum,ÁR OCEAN,,"Aqua, Glycerin, Betaine, Ammonium Acryloyldimethyltaurate/VP Copolymer, Prunus Amygdalus Dulcis Oil, Helianthus Annuus Seed Oil, Phenoxyethanol, Propylene Glycol, Sodium Gluconate, Aloe Barbadensis Leaf Juice, Panthenol, Sodium Hyaluronate, Parfum, Ethylhexylglycerin, Maris Sal, Chondrus Crispus Extract, Tocopherol, Fucus Vesiculosus Extract, Laminaria Digitata Extract, Laminaria Hyperborea Extract, Potassium Sorbate, Sodium Benzoate, Limonene, Hexyl Cinnamal, Eugenol, Geraniol, Linalool, Citron",hyaluronic-acid,,,,,,,,,,,,,open_beauty_facts,false
5391510478744,brightening-texture,Moisturising Face Cream,ÁR OCEAN,,"Aqua, Cetearyl Alcohol, Cetearyl Glucoside, Caprylic/Capric Triglyceride, Glycerin, Betaine, Theobroma Cacao Seed Butter, Butyrospermum Parkii Butter, Ammonium Acryloyldimethyltaurate/VP Copolymer, Prunus Amygdalus Dulcis Oil, Helianthus Annuus Seed Oil, Phenoxyethanol, Propylene Glycol, Sodium Gluconate, Aloe Barbadensis Leaf Juice, Avena Sativa Kernel Oil, Chondrus Crispus Extract, Parfum, Ethylhexylglycerin, Maris Sal, Cucumis Sativus Fruit Extract, Sodium Hyaluronate, Tocopherol, Fucus Vesic",hyaluronic-acid,,,,,,,,,,,,,open_beauty_facts,false
5391510478782,brightening-texture,Replenishing Eye Cream,ÁR OCEAN,,"Aqua, Cetearyl Alcohol, Glycerin, Cetearyl Glucoside, Betaine, Squalane, Ammonium Acryloyldimethyltaurate/VP Copolymer, Phenoxyethanol, Propylene Glycol, Sodium Gluconate, Aloe Barbadensis Leaf Juice, Sodium Hyaluronate, Chondrus Crispus Extract, Ethylhexylglycerin, Maris Sal, Cucumis Sativus Fruit Extract, Euphrasia Officinalis Extract, Tocopherol, Fucus Vesiculosus Extract, Potassium Sorbate, Sodium Benzoate, Laminaria Digitata Extract, Laminaria Hyperborea Extract",hyaluronic-acid,,,,,,,,,,,,,open_beauty_facts,false
3606000559950,brightening-texture,Hyrdrating Cream To Foam Cleanser,CeraVe,,"CeraVe® Hydrating Cream-to-Foam Cleanser Developed with dermatologists, its gentle foaming formula - with 3 essential ceramides - cleanses, hydrates ,  removes makeup without disrupting the protective skin barrier This formula contains: This formula is: MVE® Delivery Removes Dirt, Technology Oil and Makeup MVE* Controlled release Removes even long - for all day hydration wear facial makeup Amino Acids Fragrance Free Helps to attract and FRAGRANCE To avoid fragrance hold water on the skin irritat",hyaluronic-acid;ceramides,,,,,,,,,,,,,open_beauty_facts,false
5902399889844,brightening-texture,Goat Milk Nourishing Body Cream,Vellie,,"Aqua, Cetearyl Alcohol, Paraffinum Liquidum, Cyclopentasiloxane, Palmitic Acid, Stearic Acid, Glycerin, Glyceryl Stearate SE, Isopropyl Myristate, Ceteareth-20, Paraffin, Linum Usitatissimum Seed Oil, Sodium Hyaluronate, Caprae Lac Extract, Citrus Grandis Fruit Extract, Aloe Barbadensis Extract, Lauric Acid, Gluconolactone, Myristic Acid, Calcium Gluconate, Oleic Acid, Caprylic/Capric Triglyceride, 1,2-Hexanediol, Caprylyl Glycol, Citric Acid, Sodium Benzoate, Potassium Sorbate, Phenoxyethanol, ",hyaluronic-acid,,,,,,,,,,,,,open_beauty_facts,false
0752830779389,brightening-texture,Cleanser,Tatcha,,"11 nor-initating, non-sensitizing, dermatologist tested, non imitant, non sensibilisant, dermo-testé, ingredients ingredients aqua/water/eau, microcrystalline cellulose propanediol, disodium cocoyl glutamate, glycerin, acrylates copolymer, glyceryl stearate, sodium caproyl methyltaurate, coco-betaine, parfum/fragrance, saccharomyces/ camellia sinensis leaf/cladosiphon okamuranus/rice ferment filtrate*, cryza sativa (rice) powder, chondrus crispus extract, sodium hyaluronate, betaphycus gelatinum",hyaluronic-acid,,,,,,,,,,,,,open_beauty_facts,false
8480000791016,brightening-texture,Crema solar,Deliplus,,"FLUIDO SOLAR
ANTI-EDAD FACIAL
FLUIDO SOLAR
ANTI-IDADE FACIAL
INGREDIENTS
AQUA, ZINC OXIDE (NANO), C12-15
ALKYL BENZOATE, DIETHYLAMINO
HYDROXYBENZOYL HEXYL
BENZOATE, ALCOHOL DENAT,
CYCLOPENTASILOXANE,
ETHYLHEXYL METHOXYCINNAMATE,
DIETHYLHEXYL CARBONATE,
ETHYLHEXYL SALICYLATE,
POLYMETHYL METHACRYLATE,
PEG-30 DIPOLYHYDROXYSTEARATE,
OCTOCRYLENE, PROPANEDIOL,
TRIETHYLHEXANOIN, LAURYL PEG-10
TRIS(TRIMETHYLSILOXY)SILYLETHYL
DIMETHICONE, SODIUM CHLORIDE,
SILICA, NIACINAMIDE, TITANIUM",niacinamide;hyaluronic-acid,,,,,,,,,,,,,open_beauty_facts,false
9355449000021,brightening-texture,Moisture Lotion,Bunjie,,"Aqua, Coco-Caprylate/Caprate, Glycerin, Cetyl Alcohol, Avena Sativa Kernel Flour, Alpha-glucan Oligosaccharide, Cetearyl Olivate, Avena Sativa Kernel Oil, Cocoa Theobroma Butter, Polymnia Sonchifolia Root Juice, C12-16 Alcohols, Sorbitan Olivate, Aloe Barbadensis Leaf Powder, Lactobacillus, Tocopherol, Moringa Oleifera Seed Oil, Tasmannia Lanceolata Fruit Leaf Extract, Maltodextrin, Lecithin, Palmitic Acid, Xanthan Gum, Sodium Gluconate, Citric Acid, Sodium Dehydroacetate, Natural Fragrance, Sod",hyaluronic-acid,,,,,,,,,,,,,open_beauty_facts,false
8429979432278,brightening-texture,Hydraderm Hyal C-Vit Hidraderm Hyal  C-Vit,Sesderma,,"HIDRADERM HYAL Liposomal serum 30 mle/1.01 fl. oz / C.N: 172041.2
INGREDIENTS: AQUA, BIS-PEG-18 METHYL ETHER DIMETHYL SILANE, HYDROGENATED POLYDECENE, CETETH-20, PROPANEDIOL, C12-15 ALKYL BENZOATE,
GLYCERYL STEARATE, CYCLOPENTASILOXANE, LECITHIN, TOCOPHERYL ACETATE, RETINOL, SODIUM HYALURONATE, CERAMIDE NP, CERAMIDE AP,
PHYTOSPHINGOSINE, RETINAL, CERAMIDE EOP, ALCOHOL, CYCLOHEXASILOXANE, AMMONIUM ACRYLOYLDIMETHYLTAURATE/VP COPOLYMER, CETEARYL
ALCOHOL, XANTHAN GUM, ETHYLHEXYLGLYCERIN, SODIUM ",vitamin-c;hyaluronic-acid;retinol-cosmetic;ceramides,,,,,,,,,,,,,open_beauty_facts,false
8719326327242,brightening-texture,AYZ ooglid crème,AYZ,,"aqua, pentaerythrityl tetraisostearate, triisostearin, panthenol, glycerin, butyrospermum parkii butter, hydrogenated coco-glycerides, sorbitan stearate, behenyl alcohol, sucrose cocoate, glyceryl caprylate, saccharide isomerate, sodium stearoyl glutamate, tocopheryl acetate, carbomer, allantoin, bisabolol, xanthan gum, sodium hyaluronate, caprylhydroxamic acid, citric acid, sodium hydroxide",hyaluronic-acid,,,,,,,,,,,,,open_beauty_facts,false
3606000552555,brightening-texture,Moisturizing Cream,Cera Ve,,"WATER, GLYCERIN, CETEARYL ALCOHOL, CAPRYLIC/CAPRIC TRIGLYCERIDE, CETYL ALCOHOL, CETEARETH-20, PETROLATUM, POTASSIUM PHOSPHATE, CERAMIDE NP, CERAMIDE AP, CERAMIDE EOP, CARBOMER, DIMETHICONE, BEHENTRIMONIUM METHOSULFATE, SODIUM LAUROYL LACTYLATE, SODIUM HYALURONATE, CHOLESTEROL, PHENOXYETHANOL, DISODIUM EDTA, DIPOTASSIUM PHOSPHATE, TOCOPHEROL, PHYTOSPHINGOSINE, XANTHAN GUM, ETHYLHEXLGLYCERIN",hyaluronic-acid;ceramides,,,,,,,,,,,,,open_beauty_facts,false
5060762541673,brightening-texture,Avant pink orchid subtle restoring overnight serum,Avant,,"aqua,glycerin,sodium hyaluronate,carbomer,glyceryl caprylate,paeonia lactifora root extract,mallow leaf extract,dendroblum nobile extract,citric acid,sodium hydroxide,caprylyl glycol,bis-peg-18  methyl ether dimethyl silane, ethylhexylglycerin, xanthan gum,acetyl hexapeptide-8,pentapeptide-18, propylene glycol,ci 77891(titanium dioxide),ci 77019(mica),tetrasodium glutamate diacetate,phanoxyethanol.",hyaluronic-acid,,,,,,,,,,,,,open_beauty_facts,false
5028197868918,brightening-texture,ginger scalp serum,The Body Shop,,"Aqua/Water/Eau, Propanediol, Hydroxyethylcellulo MADE IN Polysorbate 20, Glycerin, Phenoxyethanol, Caprylyl Glycol, Butylene Glycol, Pentyl PRODUC Glycol, Arginine, Lactic Acid, Salix Alba Bark Extract/Salix Alba (Willow) Bark Extra Panthenol, Sodium Hyaluronate, Glycine Soja Germ Extract, Triticum Vulgare Gem The Bou 2020 Extract/Triticum Vulgare (Wheat) Germ Extract, Trisodium Ethylenediamine Disuccinate 182 LV Hydroxyphenyl Propamidobenzoic Acid, Parfum/Fragrance, Sodium Hydroxide, Betua Dist",hyaluronic-acid,,,,,,,,,,,,,open_beauty_facts,false
3605972296009,brightening-texture,Confidence in Your Beauty Sleep Night Cream,It Cosmetics,,"Aqua/Water/Eau, Dimethicone, Glycerin, Simmondsia Chinensis Seed Oil/Jojoba Seed Oil, Hydrogenated Castor Oil Dimer Dilinoleate, Propanediol, Alcohol Denat., Caprylic/Capric Triglyceride, Cetyl Alcohol, Cetyl Hydroxyethylcellulose, Octyldodecanol, Silica, Phenoxyethanol, Albizia Julibrissin Bark Extract, Caprylyl Glycol, Parfum/Fragrance, Poloxamer 338, Capryloyl Salicylic Acid, Limonene, Adenosine, Tocopherol, Xanthan Gum, Disodium Edta, Linalool, Ceramide Np, Hydroxypalmitoyl Sphinganine, Sili",hyaluronic-acid;ceramides,,,,,,,,,,,,,open_beauty_facts,false
3605972298522,brightening-texture,Hello Results Wrinkle-Reducing Daily Retinol Serum-in-Cream,It Cosmetics,,"Aqua/Water/Eau, Glycerin, Butylene Glycol, Niacinamide, Isononyl Isononanoate, Aluminum Starch Octenylsuccinate, Caprylic/Capric Triglyceride, Sodium Polyacrylate, Glycine Soja Oil/Soybean Oil, Polyglyceryl-3 Methylglucose Distearate, Parfum/Fragrance, Dimethicone, Phenoxyethanol, Panthenol, Caprylyl Glycol, Allyl Methacrylates Crosspolymer, Benzyl Salicylate, Retinol, Chlorphenesin, Acrylates/Beheneth-25 Methacrylate Copolymer, Benzyl Alcohol, Trisodium Ethylenediamine Disuccinate, Sodium Hyalu",niacinamide;hyaluronic-acid;retinol-cosmetic;ceramides,,,,,,,,,,,,,open_beauty_facts,false
0666151031081,brightening-texture,Dynamic Skin Recovery Broad Spectrum SPF 50,Dermalogica,,"Water, Ethylhexyl Methoxycinnamate, Butylene Glycol, Carthamus Tinctorius Oleosomes, C12-15 Alkyl Benzoate, Cyclopentasiloxane, Glycerin, Butyl Methoxydibenzoylmethane, Dimethicone, Dimethyl Capramide, Palmitoyl Tripeptide-5, Aniba Rosaeodora Wood Oil, Rose Flower Oil, Pelargonium Graveolens Flower Oil, Helianthus Annuus Seed Oil, Eugenia Caryophyllus Leaf/Flower Oil, Citrus Medica Limonum Peel Oil, Saccharomyces Cerevisiae Extract, Citrus Medica Limonum Peel Extract, Camellia Sinensis Leaf Extr",hyaluronic-acid,,,,,,,,,,,,,open_beauty_facts,false
0769915190731,brightening-texture,Natural Moisturizing Factors + HA,The Ordinary,,"Aqua (Water), Caprylic/Capric Triglyceride, Cetyl Alcohol, Propanediol, Stearyl Alcohol, Glycerin, Sodium Hyaluronate, Arginine, Aspartic Acid, Glycine, Alanine, Serine, Valine, Isoleucine, Proline, Threonine, Histidine, Phenylalanine, Glucose, Maltose, Fructose, Trehalose, Sodium Pca, Pca, Sodium Lactate, Urea, Allantoin, Linoleic Acid, Oleic Acid, Phytosteryl Canola Glycerides, Palmitic Acid, Stearic Acid, Lecithin, Triolein, Tocopherol, Carbomer, Isoceteth-20, Polysorbate 60, Sodium Chloride,",hyaluronic-acid,,,,,,,,,,,,,open_beauty_facts,false
0817919015175,brightening-texture,Confidence In A Cream Anti-Aging Moisturizer,It Cosmetics,,"Aqua (Water, Eau), Butylene Glycol, Cyclopentasiloxane, Glycerin, Butylene Glycol Dicaprylate / Dicaprate, Ethylhexyl Isononanoate, Hydrogenated Polyisobutene, Caprylic / Capric / Myristic / Stearic Triglyceride, Glyceryl Stearate, PEG - 100 Stearate, Polyglyceryl - 3 Methylglucose Distearate, Stearyl Behenate, Dimethicone, Pentaerythrityl Tetraethylhexanoate, Biosaccharide Gum - 1, Dimethicone / Vinyl Dimethicone Crosspolymer, Cetearyl Alcohol, Palmitic Acid, Stearic Acid, Polyethylene, PEG / P",niacinamide;hyaluronic-acid;ceramides,,,,,,,,,,,,,open_beauty_facts,false
8944766219134,brightening-texture,Double Cleanse,Pixi,,"Solid Cleansing Oil: Cetyl Ethylhexanoate, Caprylic/Capric Triglyceride, PEG-20 Glyceryl Triisostearate, PEG-8 Isostearate,Polyethylene, Carthamus Tinctorius (Safflower) Seed Oil, Tocopheryl Acetate, Phenoxyethanol, Ethylhexylgylcerin, Astrocaryum MurumuruSeed Butter, Persea Gratissima (Avocado) Oil, Camellia Japonica Seed Oil, Macadamia Ternifolia Seed Oil, Oenothera Biennis (EveningPrimrose) Oil, Olea Europaea (Olive) Fruit Oil.Cleansing Cream INGREDIENTS: Water/Aqua/Eau, Caprylic/Capric Trigl",vitamin-c;hyaluronic-acid,,,,,,,,,,,,,open_beauty_facts,false
0811748035014,brightening-texture,Watermelon Super Fresh Facial Cleanser,Yes to,,"Water (Aqua), Cocamidopropyl Hydroxysultaine, Aloe Barbadensis Leaf Juice, Sodium Cocoyl Glutamate, Citric Acid, Sodium Chloride, Citrullus Lanatus (Watermelon) Fruit Extract, Solanum Lycopersicum (Tomato) Fruit Extract, Sodium Ascorbyl Phosphate*, Sodium Hyaluronate, Sodium Gluconate, Glycerin, Sodium Benzoate, Potassium Sorbate, Phenoxyethanol, Fragrance (Parfum).",hyaluronic-acid,,,,,,,,,,,,,open_beauty_facts,false
0885302032887,brightening-texture,Dr. Andrew WEIL for Origins Mega-Mushroom Skin Relief Micellar Cleanser,Origins,,"Water\Aqua\Eau , Butylene Glycol , Glycerin , Citrus Aurantium Dulcis (Orange) Oil*, Lavandula Angustifolia (Lavender) Oil*, Pogostemon Cablin Oil*, Citrus Nobilis (Mandarin Orange) Peel Oil*, Pelargonium Graveolens Flower Oil*, Boswellia Carterii (Olibanum) Oil**, Limonene , Vaccinium Macrocarpon (Cranberry) Fruit Extract , Vaccinium Angustifolium (Blueberry) Fruit Extract , Lycium Chinense (Wolfberry) Fruit Extract , Fuscoporia Obliqua Extract , Curcuma Longa (Turmeric) Root Extract , Silybum ",hyaluronic-acid,,,,,,,,,,,,,open_beauty_facts,false
0859975020014,brightening-texture,1000 Roses Cleansing Foam,Andalou Naturals,,"Aloe Barbadensis Leaf Juice*, Purified Water (aqua), Rosa Damascena (rose) Flower Distillate*, Cocamidopropyl Betaine, Sodium Olefin Sulfonate, Vegetable Glycerin, Panthenol, Sorbitol, Glyceryl Caprylate/caprate, Rosa Canina (rosehip) Fruit Oil*, Punica Granatum (pomegranate) Seed Oil*, Allantoin, Plant Stem Cells (alpine Rose, Malus Domestica, Solar Vitis) And Bioactive 8 Berry Complex, Soothing Complex: [sodium Hyaluronate, Magnolia Officinalis Bark Extract, Boswellia Serrata (boswellin) Extra",hyaluronic-acid,,,,,,,,,,,,,open_beauty_facts,false
0717897060771,brightening-texture,SkinSoak Foaming Cleanser,ULTA,,"Water (Aqua), Glycerin, Sodium Lauroyl Sarcosinate, Cocamidopropyl Betaine, Sodium Cocoyl Glycinate, Phenoxyethanol, Propanediol, Panthenol, Sodium Chloride, Sorbitol, Fragrance (Parfum), Sodium Benzoate, Polysorbate 80, Ethylhexylglycerin, Citric Acid, Xanthan Gum, Camellia Sinensis Leaf Extract, Sodium Hyaluronate, Aronia Melanocarpa Fruit Extract, Helianthus Annuus (Sunflower) Seed Oil, Tocopherol.",hyaluronic-acid,,,,,,,,,,,,,open_beauty_facts,false
4511413519479,brightening-texture,Face Wash Powder,DHC,,"Zea Mays (Corn) Starch, Maltitol, Potassium Myristate, Sodium Cocoyl Glycinate, Sodium Cocoyl Isethionate, Sorbitol, Protease, Dipotassium Glycrrhizate, Glycyl Glycine, Silica, Water/Aqua/Eau, Alcohol, Honey/Mel/Miel, Sodium Hyaluronate, Lavandula Angustifolia (Lavender) Flower Extract.",hyaluronic-acid,,,,,,,,,,,,,open_beauty_facts,false
3614229376777,brightening-texture,Nature In A Jar Gentle Detoxifying Cleanser With Agave,Philosophy,,"Aqua/Water/Eau, Stearic Acid, Glycerin, Myristic Acid, Potassium Hydroxide, Lauric Acid, Potassium Cocoyl Glycinate, 1,2-Hexanediol, Caprylyl Glycol, Cocamidopropyl Betaine, Glyceryl Stearate, Hydroxypropyl Methylcellulose Stearoxy Ether, Simmondsia Chinensis (Jojoba) Seed Oil, Sodium Pca, Sodium Chloride, Adansonia Digitata Seed Oil, Citrullus Lanatus (Watermelon) Seed Oil, Glyceryl Caprylate, Glyceryl Undecylenate, Propanediol, Aloe Barbadensis Leaf Juice, Adansonia Digitata Fruit Extract, Pho",hyaluronic-acid,,,,,,,,,,,,,open_beauty_facts,false
0687735304469,brightening-texture,Vegan Cream Creamy Gel Cleanser,Pacifica,,"Aqua, Sodium Lauroyl Methyl Isethionate, Glycerin, Glyceryl Stearate SE, Xanthan Gum, Sr-Hydrozoan Polypeptide-1 (Vegan Collagen), Chamomilla Recutita (Matricaria) Flower Extract, Citrus Aurantium Dulcis (Orange) Flower Extract, Jasminum Officinale (Jasmine) Flower Extract, Leuconostoc/Radish Root Ferment Filtrate, Simmondsia Chinensis (Jojoba) Seed Oil, Sodium Hyaluronate, Arnica Montana Flower Extract, Hydrolyzed Jojoba Esters, Phospholipids, Caprylyl/Capryl Glucoside, Glyceryl Undecylenate, G",hyaluronic-acid,,,,,,,,,,,,,open_beauty_facts,false
0651986704897,brightening-texture,Hangover Wash The Day Away Gentle Foaming Cleanser,Too Faced,,"Water\Aqua\Eau, Myristic Acid, Glycerin, Behenic Acid, Sodium Methyl Cocoyl Taurate, Palmitic Acid, Potassium Hydroxide, Lauric Acid, Stearic Acid, Sodium Hyaluronate, Caffeine, Porphyridium Cruentum Extract, Citrus Aurantifolia (Lime) Peel Powder, Cocos Nucifera (Coconut) Liquid Endosperm, Cocos Nucifera (Coconut) Fruit Juice, Cucumis Sativus (Cucumber) Fruit Extract, Pyrus Malus (Apple) Fruit Extract, Scutellaria Baicalensis Root Extract, Zingiber Officinale (Ginger) Root Extract, Lactobacillu",hyaluronic-acid,,,,,,,,,,,,,open_beauty_facts,false
0808144295005,brightening-texture,Cryosea Firming Icy-cold Cleanser,boscia,,"Water/Aqua/Eau, Sodium C14-16 Olefin Sulfonate, Cocamidopropyl Betaine, Butylene Glycol, Chondrus Crispus Extract, Laminaria Digitata Extract, Maris Aqua/Sea Water/Eau de mer, Sodium Hyaluronate, Menthol, Menthyl Lactate, Glycolic Acid, Lactic Acid, Malic Acid, Pyrus Malus (Apple) Fruit Extract, Citric Acid, Simmondsia Chinensis (Jojoba) Seed Extract, Epilobium Angustifolium Flower/Leaf/Stem Extract, Mentha Piperita (Peppermint) Oil, Sodium PCA, Hydroxyproline, Proline, Glycerin, 1,2-Hexanediol,",hyaluronic-acid,,,,,,,,,,,,,open_beauty_facts,false
0609332599901,brightening-texture,Holy Hydration! Daily Cleanser,e.l.f. Cosmetics,,"Water (Aqua), Decyl Glucoside, Cocamidopropyl Betaine, Glycerin, Sodium Chloride, Palmitoyl Tripeptide-1, Palmitoyl Tetrapeptide-7, Ceramide NP, Ceramide AP, Ceramide EOP, Sodium Hyaluronate, Fragrance (Parfum), Phenoxyethanol, Propanediol, Xanthan Gum, Acrylates/Beheneth-25 Methacrylate Copolymer, Hydroxyacetophenone, 1,2-Hexanediol, Ethylhexylglycerin, Caprylhydroxamic Acid, Disodium EDTA, Citric Acid, Tromethamine, Butylene Glycol, Sodium Lauroyl Lactylate, Carbomer, Phytosphingosine, Cholest",hyaluronic-acid;ceramides,,,,,,,,,,,,,open_beauty_facts,false
0808144252008,brightening-texture,Charcoal Pore Pudding intensive wash-off treatment,boscia,,"Charcoal Pore Pudding White: Water/Aqua/Eau, Diglycerin, Glycerin, Corn Starch, Montmorillonite, Kaolin, Talc, Ethylhexylglycerin, Hydroxyacetophenone, Polysorbate 20, Acrylates Copolymer, Ammonium Acryloyldimethyltaurate/VP Copolymer, Kappaphycus Alvarezii Extract, Butylene Glycol, PVP, Pelargonium Graveolens Flower Oil, Simmondsia Chinensis (Jojoba) Seed Extract, Sodium Hyaluronate, Sea Water, Caprylic/Capric Triglyceride, Epilobium Angustifolium Flower/Leaf/Stem Extract, Charcoal Powder, Sali",hyaluronic-acid,,,,,,,,,,,,,open_beauty_facts,false
0593911549114,brightening-texture,Fresh Pressed 7-Day System with Pure Vitamin C,Clinique,,"Water\Aqua\Eau, Ascorbic Acid, Glycerin, Dimethicone, Squalane, Butylene Glycol, Dipropylene Glycol, Acetyl Glucosamine, Cucumis Sativus (Cucumber) Fruit Extract, Hordeum Vulgare (Barley) Extract\Extrait D'Orge, Morus Nigra (Mulberry) Root Extract, Molasses Extract\Saccharum Officinarum\Extrait De Mélasse, Laminaria Digitata Extract, Scutellaria Baicalensis Root Extract, Acetyl Hexapeptide-8, Vitis Vinifera (Grape) Fruit Extract, Algae Extract, Palmitoyl Hexapeptide-12, Palmitoyl Tripeptide-1, P",vitamin-c;hyaluronic-acid,,,,,,,,,,,,,open_beauty_facts,false
0687735302793,brightening-texture,Rose Kombucha Flower Powered Face Wash,Pacifica,,"Aqua, Sodium Cocoyl Isethionate, Disodium Laureth Sulfosuccinate, Cocamidopropyl Oxide, Cocamidopropyl Hydroxysultaine, Guar Hydroxypropyltrimonium Chloride, Cyamopsis Tetragonoloba (Guar) Gum, Glycol Distearate, Myristic Acid, Argania Spinosa (Argan) Kernel Oil, Olea Europaea (Olive) Fruit Oil, Saccharomyces/Xylinum/Black Tea Ferment, Rosa Canina Flower Extract, Cocos Nucifera (Coconut) Water, Sodium Citrate, Hydrolyzed Quinoa Protein, Hydrolyzed Rice Protein, Carica Papaya (Papaya) Extract, So",hyaluronic-acid,,,,,,,,,,,,,open_beauty_facts,false
0687735305046,brightening-texture,Wake Up Beautiful Dream Jelly Face Wash,Pacifica,,"Aqua, Sodium Cocoyl Glutamate, Disodium Cocoyl Glutamate, Hydroxypropyl Starch Phosphate, Coco-Glucoside, Glycerin, Decyl Glucoside, Sodium Hyaluronate, Hydrolyzed Quinoa, Melatonin, Rosa Damascena Flower Oil, Rosa Canina Fruit Extract, Tremella Fuciformis (Mushroom) Polysaccharide, Thioctic Acid, Hibiscus Sabdariffa Flower Extract, Hydrolyzed Rice Protein, Lauryl Glucoside, Citric Acid, Sorbitan Oleate Decylglucoside Crosspolymer, Ethylhexylglycerin, Phenoxyethanol.",hyaluronic-acid,,,,,,,,,,,,,open_beauty_facts,false
0767332108902,brightening-texture,Prebiotic 4-In-1 MultiCleanser,Murad,,"Water/Aqua/Eau, Glycerin, Decyl Glucoside, C13-C16 Isoparaffin, Hexylene Glycol, Propanediol, Hydroxyethyl Acrylate/Sodium Acryloyldimethyl Taurate Copolymer, Lactobacillus, Alpha-Glucan Oligosaccharide, Polymnia Sonchifolia Root Juice, Xylitol, Xylitylglucoside, Anhydroxylitol, Sodium Hyaluronate, Sodium Surfactin, Squalane, Urea, Yeast Amino Acids, Trehalose, Inositol, Taurine, Betaine, Isohexadecane, Caprylhydroxamic Acid, Maltodextrin, 1,2 Hexanediol, Polysorbate 80, Acrylamide/Sodium Acrylo",hyaluronic-acid,,,,,,,,,,,,,open_beauty_facts,false
0767332601243,brightening-texture,Resurgence Renewing Cleansing Cream,Murad,,"Water (Aqua), Sodium Cocoyl Isethionate, Glyceryl Stearate SE, Stearic Acid, Cetyl Alcohol, Glycerin, Prunus Armeniaca (Apricot) Kernel Oil, Urea, Yeast Amino Acids, Trehalose, Inositol, Taurine, Betaine, Echium Plantagineum Seed Oil, Borago Officinalis Seed Oil, Oenothera Biennis (Evening Primrose) Oil, Serenoa Serrulata Fruit Extract, Panthenol, Chondrus Crispus (Carrageenan) Extract, Chamomilla Recutita (Matricaria) Flower Extract , Sodium Hyaluronate, Imperata Cylindrica Root Extract, Sorbit",hyaluronic-acid,,,,,,,,,,,,,open_beauty_facts,false
0736032631508,brightening-texture,Clinique For Men Face Wash,Clinique,,"Water / Aqua / Eau, Sodium Laureth Sulfate, Sodium Chloride, Cocamidopropyl Hydroxysultaine, Lauramidopropyl Betaine, Sodium Cocoyl Sarcosinate, Tea-Cocoyl Glutamate, Aloe Barbadensis Leaf Juice, Sodium Hyaluronate, Sucrose, Di-PPG-2 Myreth-10 Adipate, Hexylene Glycol, Chamomilla Recutita (Matricaria), Butylene Glycol, Caprylyl Glycol, Cetyl Triethylmonium Dimethicone PEG-8 Succinate, Sodium Sulfate, Polyquaternium-7, Laureth-2, PEG-120 Methyl Glucose Dioleate, Tocopheryl Acetate, EDTA, Disodium",hyaluronic-acid,,,,,,,,,,,,,open_beauty_facts,false
0695652145638,brightening-texture,All About Clean Liquid Facial Soap Mild,Clinique,,"Water / Aqua / Eau, Sodium Laureth Sulfate, Sodium Chloride, Cocamidopropyl Hydroxysultaine, Lauramidopropyl Betaine, Sodium Cocoyl Sarcosinate, Tea-Cocoyl Glutamate, Di-PPG-2 Myreth-10 Adipate, Aloe Barbadensis Leaf Juice, PEG-120 Methyl Glucose Dioleate, Sucrose, Sodium Hyaluronate, Cetyl Triethylmonium Dimethicone PEG-8 Succinate, Butylene Glycol, Hexylene Glycol, Polyquaternium-7, Laureth-2, Caprylyl Glycol, Sodium Sulfate, Tocopheryl Acetate, EDTA, Disodium EDTA, Phenoxyethanol.",hyaluronic-acid,,,,,,,,,,,,,open_beauty_facts,false
0707129221810,brightening-texture,Renewing Cleanser,ProActiv,,"Active : Benzoyl Peroxide 2.5%. Water, Magnesium Aluminum Silicate, Glyceryl Stearate, PEG-100 Stearate, Sorbitol, Dimethyl Isosorbide, Disodium PEG-12 Dimethicone Sulfosuccinate, Tridecyl Stearate, Neopentyl Glycol Dicaprylate/Dicaprate, Paraffin, Cetyl Esters, Anthemis Nobilis Flower Extract, Tridecyl Trimellitate, Trisodium Sulfosuccinate, PEG-12 Dimethicone, Sodium Sulfate, Sodium Hyaluronate, Propylene Glycol, Sodium PCA, Xanthan Gum, Phenoxyethanol, Imidazolidinyl Urea, Methylparaben, Prop",hyaluronic-acid,,,,,,,,,,,,,open_beauty_facts,false
3606000512238,brightening-texture,Acne Foaming Cream Cleanser,CeraVe,,"Benzoyl Peroxide 4%. Water, Glycerin, Propylene Glycol, Cocamidopropyl Hydroxysultaine, Sodium C14-16 Olefin Sulfonate, Xanthan Gum, Potassium Hydroxide, Ceramide Np, Ceramide Ap, Ceramide Eop, Carbomer, Niacinamide, Glycolic Acid, Sodium Chloride, Sodium Citrate, Sodium Hyaluronate, Sodium Lauroyl Lactylate, Sodium Hydroxide, Cholesterol, Phenoxyethanol, Propanediol, Citric Acid, Tetrasodium Edta, Diethylhexyl Sodium Sulfosuccinate, Phytosphingosine, Ethylhexylglycerin, Benzoic Acid.",niacinamide;hyaluronic-acid;ceramides,,,,,,,,,,,,,open_beauty_facts,false
0856556004111,brightening-texture,C-Firma™ Vitamin C Day Serum,Drunk Elephant,,"Water/Aqua/Eau, Dimethyl Isosorbide, Ascorbic Acid, Laureth-23, Glycerin, Lactobacillus/Pumpkin Ferment Extract, Sclerocarya Birrea Seed Oil, Dipotassium Glycyrrhizate, Glycyrrhiza Glabra (Licorice) Root Extract, Vitis Vinifera (Grape) Juice Extract, Phyllanthus Emblica Fruit Extract, Camellia Sinensis Leaf Extract, Tocopherol, Lactobacillus/Punica Granatum Fruit Ferment Extract, Sodium Hyaluronate Crosspolymer, Hydrolyzed Quinoa, Phytosterols, Glutamylamidoethyl Imidazole, Hydrolyzed Wheat Prot",vitamin-c;hyaluronic-acid,,,,,,,,,,,,,open_beauty_facts,false
2000000120071,brightening-texture,Serum DMAE & Dragon's Blood,Mary Jane Canarias,,Lavandula angustifolia distilled Water; Butyrospermum Parkii Butter; Rosa mosqueta seed Oil; Cannabis Sativa Seed Oil; Cetearyl olivate; Sodium hyaluronate; Lechleri Resin Extract (Sangre de Drago); Xanthan Gum; Glycerin; Dimethyl Mea (DMAE); Ascorbil Acid (Vitamine C); Tocopherol (Vitamine E); Benzyl alcohol; Natural Essential Oils; Limonene; Linalol.,hyaluronic-acid,,,,,,,,,,,,,open_beauty_facts,false
4909978700690,brightening-texture,Moisture Conditioner,Ma Chérie,,"Water, Sodium Laureth Sulfate, Cocamidopropyl Betaine, Dipropylene Glycol, Sodium Sulfate, PEG-2 Laurate, Sodium Lauryl Glycol Carboxylate, Fragrance, Guar Hydroxypropyltrimonium Chloride, Phenoxyethanol, Sodium Benzoate, Citric Acid, Salicylic Acid, Hydroxyethyl Urea, Polyquaternium-7, Butylphenyl Methylpropional, Disodium Edta, Linalool, Propyltrioniumchloride Acrylamide/Dimethylacrylamide Copolimer, Limonene, Hexyl Cinnamal, Lactic Acid, Honey, Ammonium Lactate,Butylene Glycol, Sodium Hyaluro",hyaluronic-acid,,,,,,,,,,,,,open_beauty_facts,false
3700914601962,brightening-texture,Princesse de jour,Anny Rey,,"Aqua (Water), Maris Aqua (Sea Water), Isonony sononanoate, Caprylic/capric Triglyceride, Giycarin, Cetery Alcohol, Dimethicone, Cyclopentasiloxane, PEG-100 Stearte. Gjceryl Stearate, Arachidyl Alcohol, Cyclohexasixane, Cetery Blucoside, Hydron rethyl Ac ylate/soditm A.ryloytdimety Taurate Copolymer, Behenyl Alcohol, qualane, Parum Fragrance), Caprylyl Glycol, Chlorphenesin, Arachidyl Glursite Yanthan Gurm, Sodium Hyaluronate, Polysnrbate 60, Gyoine Soja Soybean) Oil, Phenoxyethanol, Chicrxidine ",hyaluronic-acid,,,,,,,,,,,,,open_beauty_facts,false
3337875489867,brightening-texture,Liftactiv Serum 10 Supreme,Vichy,,"AQUA, RHAMNOSE, CYCLOHEXASILOXANE, GLYCERIN, ALCOHOL DENAT., BUTYLENE GLYCOL, POLYMETHYLSILSESQUIOXANE, OCTYLDODECANOL, POLYSILICONE-11, DIMETHICONE, PENTAERYTHRITYL TETRAETHYLHEXANOATE, BHT, PEG-20 METHYL GLUCOSE SESQUISTEARATE, C13-14 ISOPARAFFIN, SODIUM HYALURONATE, SODIUM HYDROXIDE, ADENOSINE, POLOXAMER 338, DISODIUM EDTA, AMMONIUM POLYACRYLDIMETHYLTAURAMIDE, TOCOPHEROL, CAPRYLOYL SALICYLIC ACID, CAPRYLYL GLYCOL, HYDROLYZED HYALURONIC ACID, LAURETH-7, T-BUTYL ALCOHOL, POLYACRYLAMIDE, PARFUM.",hyaluronic-acid,,,,,,,,,,,,,open_beauty_facts,false
4562323640104,brightening-texture,Royal Jelly Essence Mask,Vanedo,,"Water, Glycerin, Butylene Glycol, Portulaca Oleracea Extract, Sodium Hyaluronate, Chlorphenesin, Dipropylene Glycol, Methylparaben, Phenoxyeth - anol, Carbomer, Triethanolamine, Royal Jelly Extract, Fragrance",hyaluronic-acid,,,,,,,,,,,,,open_beauty_facts,false
8858229093523,brightening-texture,INGU Green Tea Retinol Serum Shot,INGU,,"Deionized Water, Glycerin, Camellia Sinensis Leaf Extract, Hydrolyzed Jojoba Esters, Butylene Glycol, Polyacrylate Crosspolymer-6, Xylitylglucoside, Glycine Soja (Soybean) Oil, Caprylyl/Capryl Glucoside, Anhydroxylitol, Propanediol, Phenoxyethanol, Xylitol, Allantoin, Carrageenan, Chlorphenesin, Trisodium Ethylenediamine Disuccinate, Retinol, Cetyl Palmitate, Lauryl Glucoside, Sorbitan Stearate, Hydrogenated Lecithin, Hydroxypropyl Cyclodextrin, Mirabilis Jalapa Extract, Caprylyl Glycol, Palmito",retinol-cosmetic,,,,,,,,,,,,,open_beauty_facts,false
4066447981094,brightening-texture,Gesichtsserum Collagen Retinol,Balea,,"AQUA, GLYCINE SOJA OIL, PROPANEDIOL, POLYGLYCERYL-6 STEARATE, GLYCERIN, PRUNUS AMYGDALUS DULCIS OIL, PHENOXYETHANOL, PARFUM, SCLEROTIUM GUM, STEARYL ALCOHOL, RETINYL PALMITATE, HELIANTHUS ANNUUS SEED OIL, XANTHAN GUM, POLYGLYCERYL-6 BEHENATE, POTASSIUM CETYL PHOSPHATE, ARGININE/LYSINE POLYPEPTIDE, ETHYLHEXYLGLYCERIN, RETINOL, ACACIA SEYAL GUM EXTRACT, HYDROXYPROPYL CYCLODEXTRIN, LECITHIN, CITRIC ACID, 3-O-ETHYL ASCORBIC ACID, TOCOPHERYL ACETATE, ROSMARINUS OFFICINALIS LEAF EXTRACT, TOCOPHEROL, P",vitamin-c;retinol-cosmetic,,,,,,,,,,,,,open_beauty_facts,false
5902853395195,brightening-texture,Activator of Youth,Biotaniqe Professional,,"Aqua, Propylene Glycol, Glycerin, Lactobacillus Ferment, Trehalose, Retinol, Acacia Seyal Gum Extract, Lactobacillus/Acerola Cherry Ferment. Leuconostoc/Radish Root Ferment Filtrate, Phospholipids, 1,2-Hexanediol, Hydroxyacetophenone, Caprylic/Capric Triglyceride, Ethylhexylglycerin, Caprylyl Glycol, Dipropylene Glycol, Chondrus Crispus, Glucomannan, Chondrus Crispus Powder, Xanthan Gum, Polysorbate 80, Sodium Laureth Sulfate, Synthetic Fluorphlogopite, Tin Oxide, Benzoic Acid, Phenoxyethanol, P",retinol-cosmetic,,,,,,,,,,,,,open_beauty_facts,false
8411135354777,brightening-texture,Crema,Lactovit,,"*9 de cada 10 dermatologos recomiendan geles o lociones
hidratantes con Urea y Acido Lactico.
TESTADO/PROBADO DERMATOLOGICAMENTE
INGREDIENTES: Aqua (Water), Glycerin, Paraffinum Liquidum
(Mineral Oil), CetearylAlcohol, lycerylStearate, Cetyl Palmitate,
Cetearyl Ethylhexanoate, PEG-100 Stearate, Dimethicone, Urea,
Sodium Lactate, Lecithin, Hydrolyzed Milk Protein, Rosa Moschata
Seed Oil, Zea Mays Oil, Calcium Pantotenate, Inositol, Retinol,
Biotin, PEG-20 Castor Oil, PEG-60 Hydrogenated ",retinol-cosmetic,,,,,,,,,,,,,open_beauty_facts,false
77942647,brightening-texture,Ceramidas,"Unilever, Sedal, Sedal Co-Creations",,"AQUA, CETEARYL ALCOHOL, DIMETHICONE, BEHENTRIMONIUM CHLORIDE, PARFUM, STEARAMIDOPROPYL DIMETHYLAMINE, AMODIMETHICONE, SODIUM CHLORIDE, LACTIC ACID, DISODIUM EDTA, HYDROLYZED COLLAGEN, METHYLCHLOROISOTHIAZOLINONE, RETINOL, CI 17200, METHYLISOTHIAZOLINONE, CERAMIDE NG, BENZYL SALICYLATE, CITRONELLOL, HEXYL CINNAMAL, LINALOOL.",retinol-cosmetic;ceramides,,,,,,,,,,,,,open_beauty_facts,false
0813842024963,brightening-texture,retinol body lotion -age defy,Rosen Apothecary,,Retinol - Argan Oil - Caffeine,retinol-cosmetic,,,,,,,,,,,,,open_beauty_facts,false
0030985004816,brightening-texture,Anti-Wrinkle Cleanser,Derma E,,"Purified Water, Sodium Methyl Cocoyl Taurate (Coconut Derived), Cocamidopropyl Hydroxysultaine (Coconut Derived), Cocamidopropyl Betaine (Coconut Derived), Glyceryl Laurate (Vegetable Derived), Glycolic Acid, Bakuchiol, Retinol, Carica Papaya (Papaya) Fruit Extract, Equisetum Arvense (Horsetail) Extract, Macrocystis Pyrifera (Sea Kelp) Extract, Potassium Sorbate, Phenoxyethanol, Ethylhexylglycerin, Natural Fragrance Oils.",retinol-cosmetic,,,,,,,,,,,,,open_beauty_facts,false
5054596164825,brightening-texture,RoC Derm Correxion Dual Eye Cream with Advanced Retinol,RoC,,"Water, Glycerin, Dimethicone, Cyclopentasiloxane, Stearyl Alcohol, Cetearyl Alcohol, Cetearyl Glucoside, Glyceryl Stearate, PEG-100 Stearate, Phenoxyethanol, Ethylhexylglycerin, Sodium Hyaluronate, Retinyl Linoleate, Retinyl Palmitate, Retinol, Tocopheryl Acetate, Disodium EDTA, Sodium Hydroxide, Caprylyl Glycol, Acrylates/C10-30 Alkyl Acrylate Crosspolymer, Xanthan Gum, Sodium Benzoate, Potassium Sorbate, Tetrasodium EDTA, Tocopherol, Ascorbyl Palmitate, Citric Acid, Biotin, Palmitoyl Oligopept",hyaluronic-acid;retinol-cosmetic,,,,,,,,,,,,,open_beauty_facts,false
0154132826011,brightening-texture,RoC Multi Correxion 5 in 1 Anti-Aging Eye Cream,RoC,,"Aqua, Glycerin, Dimethicone, Butyrospermum Parkii Butter, Cetearyl Alcohol, Stearyl Heptanoate, Stearyl Caprylate, Stearic Acid, Palmitic Acid, Glyceryl Stearate, PEG-100 Stearate, Phenoxyethanol, Dimethiconol, Sodium Hyaluronate, Tocopheryl Acetate, Retinyl Linoleate, Retinyl Palmitate, Retinol, Disodium EDTA, Ethylhexylglycerin, Caprylyl Glycol, Hydroxyethylcellulose, Xanthan Gum, Sodium Hydroxide, Tetrasodium EDTA, Tocopherol, Ascorbyl Palmitate, Citric Acid, Pentaerythrityl Tetra-di-t-butyl ",hyaluronic-acid;retinol-cosmetic,,,,,,,,,,,,,open_beauty_facts,false
5901810006105,brightening-texture,apis,Poland,,"aqua, persea grattissima oil, butyrospermum parkii butter, crambe abyssinica seed oil, nucifera oil, gardenia tahitensis flower, tocopherol, cetearyl alcohol & ceteareth 20, propenediol, cetyl alcohol,  sodium hyaluronate, magnesium ascorbyl phosphate, caprate, dimethicone, ethylhexyl cocate, dimethiconol, soybean, retinol, dimethylmethoxy chromanol, lecithin, sorbitol, d-pantenol, glucose, trilaureth-4-phosphate, carnitine, ceramide 6, retinyl palmitate, tocopheryl acetate, benzyl alcohol, sali",hyaluronic-acid;retinol-cosmetic;ceramides,,,,,,,,,,,,,open_beauty_facts,false
0182289000985,brightening-texture,Travel Size Glacial Face Wash,Skyn Iceland,,"Water/Aqua/Eau*, Glycerin, Myristic Acid, Potassium Hydroxide, Hydroxypropyl Starch Phosphate, Behenic Acid, Lauric Acid, Palmitic Acid, Sodium Methyl Cocoyl Taurate, Stearic Acid, Ricinus Communis (Castor) Seed Oil, Salix Alba (Willow) Bark Extract, Avena Sativa (Oat) Kernel Extract, Rubus Chamaemorus (Arctic Cloudberry) Seed Oil, Oxycoccus Palustris (Arctic Cranberry) Seed Oil, Luffa Cylindrica Seed Oil, Thymus Vulgaris (Thyme) Flower/Leaf Extract, Buddleja Davidii Extract, Angelica Archangeli",retinol-cosmetic,,,,,,,,,,,,,open_beauty_facts,false
0182289000046,brightening-texture,Glacial Face Wash,Skyn Iceland,,"Water/Aqua/Eau, Glycerin, Myristic Acid, Potassium Hydroxide, Hydroxypropyl Starch Phosphate, Behenic Acid, Lauric Acid, Palmitic Acid, Sodium Methyl Cocoyl Taurate, Stearic Acid, Avena Sativa (Oat) Kernel Extract, Salix Alba (Willow) Bark Extract, Rubus Chamaemorus (Arctic Cloudberry) Seed Oil, Oxycoccus Palustris (Arctic Cranberry) Seed Oil, Luffa Cylindrica Seed Oil, Thymus Vulgaris (Thyme) Flower/Leaf Extract, Buddleja Davidii Extract, Ricinus Communis (Castor) Seed Oil, Angelica Archangelic",retinol-cosmetic,,,,,,,,,,,,,open_beauty_facts,false
0769915193985,brightening-texture,Retinol 1% in Squalane,Ordinary,,"Squalane, Caprylic/Capric Triglyceride, Simmondsia Chinensis (Jojoba) Seed Oil, Retinol, Solanum Lycopersicum (Tomato) Fruit Extract, Rosmarinus Officinalis (Rosemary) Leaf Extract, Hydroxymethoxyphenyl Decanone, BHT",retinol-cosmetic,,,,,,,,,,,,,open_beauty_facts,false
8414002070398,brightening-texture,Champú anticaída Refrescante,NaturVital,,Aqua (Water); Sodium Laureth Sulfate; Cocamidopropyl Betaine; Decyl Glucoside; Serenoa serrulata fruit extract; Triticum vulgare (Wheat) Germ extract; Glycine soja (Soybean) Germ extract; Panax ginseng root extract; Menthol (from Mint); Caffeine; Panthenol; Glycereth-2 Cocoate; Sodium Lactate; Glycerin; Dipotassium Glycyrrhizate; Lauryl Lactate; Polyquaternium-10; Zinc PCA; Parfum (Fragrance); Retinol (Vit A); Inositol (Vit B7); Calcium Pantothenate (Vit B5); Biotin (Vit H); Rosa moschata seed o,retinol-cosmetic,,,,,,,,,,,,,open_beauty_facts,false
0769915190045,brightening-texture,granactive retinoid 2% emulsion,the ordinary,,"Ingredients/ Ingrédients: AQUA (WATER), GLYCERIN, ETHYL LINOLEATE. PROPANEDIOL CAPRYLIC/CAPRIC TRIGLYCERIDE. DIMETHYL ISOSORBIDE, CETEARYL ISONONANOATE, BISABOLOL. HYDROXYPINACOLONE RETINOATE. RETINOL, TASMANNIA LANCEOLATA FRUIT/LEAF EXTRACT, INULIN LAURYL CARBAMATE, GLYCERYL STEARATE, CETEARETH - 12. CETEARETH-20, CETEARYL ALCOHOL, CARRAGEENAN, XANTHAN GUM, ACACIA SENEGAL GUM, CETYL PALMITATE, SUCROSE LAURATE, POLYSORBATE 20, ISOCETETH-20, BEHENTRIMONIUM CHLORIDE, TRISODIUM ETHYLENEDIAMINE DISU",retinol-cosmetic,,,,,,,,,,,,,open_beauty_facts,false
8859870178102,brightening-texture,Nip-Glow Tripeptide Balm SPF50+ PA++++ natural blush,INGU,,"Polybutene, Hydrogenated Polyisobutene, Ethylhexyl Palmitate, Microcrystalline Wax, Phytosteryl/Isostearyl/Cetyl/Stearyl/Behenyl Dimer Dilinoleate, Diisostearyl Malate, Camellia Oleifera Seed Oil, Cocos Nucifera (Coconut) Oil, Bis-Ethylhexyloxyphenol Methoxyphenyl Triazine, Ethylhexyl Triazone, Silica Dimethyl Silylate, Butyrospermum Parkii (Shea) Butter, Kojic Acid Dipalmitate, Cetearyl Ethylhexanoate, Water, Ethylene/Propylene/Styrene Copoly - mer, BHT, Bisabolol, Tocopheryl Acetate, Sorbitan ",ceramides,,,,,,,,,,,,,open_beauty_facts,false
5060489794161,brightening-texture,Brightening toner,Byoma,,"Aqua, Dipropylene Glycol, Sodium Lactate, Lactic Acid, Glycerin, Diglycerin, 1,2-Hexanediol, Urea, Salix Alba (Willow) Bark Extract, Ceramide NP, Mandelic Acid, Benzoic Acid, Sphingolipids, Sodium Phytate, Betula Alba Juice, Tocopherol, Benzaldehyde, Ethylhexylglycerin, Polygliceryl-10 Laurate",ceramides,,,,,,,,,,,,,open_beauty_facts,false
4066447983791,brightening-texture,Haaröl Ultra Sensitive 3in1,Balea med,,"HELIANTHUS ANNUUS HYBRID OIL, SIMMONDSIA CHINENSIS SEED OIL, PANTHENYL ETHYL ETHER, TOCOPHEROL, CERAMIDE NP, AQUA",ceramides,,,,,,,,,,,,,open_beauty_facts,false
4061463860934,brightening-texture,Hydrating Cleanser,Lacura,,"Aqua, Glycerin, Cetearyl Alcohol, Phenoxyethanol, Xanthan Gum, Betaine, Sodium Cocoyl Isethionate, Polyacrylate Crosspolymer-6, Ethylhexylglycerin, Disodium EDTA, Coconut Acid, Sodium Isethionate, Sodium Hydroxide, Sodium Lauroyl Lactylate, Pentylene Glycol, Ceramide NP, Ceramide AP, Phytosphingosine, Cholesterol, Carbomer, Citric Acid, Sodium Hyaluronate Crosspolymer, Ceramide EOP",hyaluronic-acid;ceramides,,,,,,,,,,,,,open_beauty_facts,false
8000836522358,brightening-texture,Super Keratin,Dikson,,"AQUA (WATER)(EAU), LAURYL ALCOHOL, PROPYLENE GLYCOL, C12-15 ALKYL BENZOATE, CETEARYL ALCOHOL, CETRIMONIUM CHLORIDE, MYRISTYL ALCOHOL, BEHENYL ALCOHOL, POLYGLYCERYL-10 PENTASTEARATE, STEARAMIDOPROPYL DIMETHYLAMINE LACTATE, HYDROLYZED RICE PROTEIN, WHEAT AMINO ACIDS, CERAMIDE NP, SOY AMINO ACIDS, SERINE, THREONINE, ARGININE HCL, SIMETHICONE, CITRIC ACID, PARFUM (FRAGRANCE), PHENOXYETHANOL, SODIUM BENZOATE, POTASSIUM SORBATE, TETRAMETHYLACETYLOCTAHYDRONAPHTHALENES, HEXAMETHYLINDANOPYRAN, LINALOOL, ",ceramides,,,,,,,,,,,,,open_beauty_facts,false
0381372024482,brightening-texture,Baby Daily Moisture Healthy Start Newborn Balm,Aveeno,,"Glycerin, Water, Cetearyl Alcohol, Hexyldecanol, Dimethicone, Stearyl Alcohol, Avena Sativa (Oat) Kernel Flour, Benzyl Alcohol, Ethylhexylglycerin, Sodium Cetearyl Sulfate, Benzoic Acid, Stearic Acid, Potassium Phosphate, Potassium Phosphate, p-Anisic Acid, Caprylic/Capric Triglyceride, Sodium Hydroxide, Avena Sativa (Oat) Kernel Oil, Ceramide NP, Citric Acid, Avena Sativa (Oat) Kernel Extract",ceramides,,,,,,,,,,,,,open_beauty_facts,false
00125893,brightening-texture,Latte per il Corpo Refresh g&h Goodness & Health,Amway,,"Acqua, Burro di Karité (Butyrospermum Parkii), Trigliceride Caprilico/Caprico, Glicerina, Neopentil Glicole Diestanoato, Gliceril Stearato, Dimeticone, PEG-100 Stearato, Fenossietanolo, Alcol Cetilico, Profumo, Poliacrilato-13, Clorfenesina, Glicole Butilenico, Estratto di Frutto di Acerola (Malpighia Emarginata), Polisobutene, EDTA Disodico, Gomma di Xanthan, Polisorbato 20, Lecitina, Olio di Oliva (Olea Europaea), Ceramide NP, Fitosfingosina, Beta-Sitosterolo, Lecitina Idrogenata, Estratto di ",ceramides,,,,,,,,,,,,,open_beauty_facts,false
4066447985474,brightening-texture,Beauty Expert Calming Toner,Balea,,"Aqua, Ethylhexyl Stearate, Glycerin, Arginine, Citric Acid, Stearic Acid, Dipropyl Ether, Phenoxyethanol, Xanthan Gum, Microcrystalline Cellulose, Ceramide NP, Sodium Stearoyl Glutamate, Ethylhexylglycerin, Cellulose Gum, Tocopherol",ceramides,,,,,,,,,,,,,open_beauty_facts,false
0814655047064,brightening-texture,Hydrating Serum,Global Beauty Care,,"Aqua/Water/Eau, Glycerin, Butylene Glycol, Cocos Nucifera (Coconut) Water, Hexylene Glycol, Squalane, Hydroxyethylcellulose, Carbomer, Argania Spinosa Kernel Oil, Allantoin, Phenoxyethanol, Ethylhexylglycerin, Caprylyl Glycol, Ceramide NP, Ceramide AP, Hydrogenated Castor Oil, Glyceryl Caprylate",ceramides,,,,,,,,,,,,,open_beauty_facts,false
5060489794208,brightening-texture,Hydrating recovery oil,Byoma,,"YOUR INCI DECODED INGREDIENTS/INGRÉDIENTS/INGREDIENTES/ ZYZTATIKA/INGREDIENTE/CBCTABкM/SASTOJCI Helianthus Annuus (Sunflower) Seed Oil (Emollient), Macadamia Ternifolia Seed Oil (Emollient), Simmondsia Chinensis (Jojoba) Seed Oil (Emollient), Hippophae Rhamnoides Fruit Oil (Moisturizer), Dipropylene Glycol (Solvent), Squalane (Skin-Conditioner), Sphingolipids (Skin-Conditioner), Hydroxyacetophenone (Antioxidant), Olea Europaea (Olive) Fruit Oil (Skin-Conditioner), Rosa Canina Fruit Oil (Moisturi",ceramides,,,,,,,,,,,,,open_beauty_facts,false
8684225893306,brightening-texture,Thalia Barrier Boosting Nemlendirici Yüz Kremi,Thalia,,"Aqua, Glycerin, Polyglyceryl-4 Olivate/Polyricinoleate, Caprylic/Capric Triglyceride, Ammonium Acryloyldimethyltaurate/VP Copolymer, Glyceryl Glucoside, Hydrogenated Ethylhexyl Olivate, Sorbitan Caprylate, Sorbitan Olivate, Parfum, Ceramide NP, Propanediol, Benzoic Acid, Hydrogenated Olive Oil Unsaponifiables, Centella Asiatica Extract, PEG-7 Glyceryl Cocoate, Phenoxyethanol, Linalool, Hexyl Cinnamal, Benzyl Salicylate, Hexamethylindanopyran, Limonene, Terpineol, Citrus Aurantium Peel Oil, Alpha",ceramides,,,,,,,,,,,,,open_beauty_facts,false
8684225891951,brightening-texture,Thalia Bisabolol Yüz Temizleme Jeli,Thalia Natural Beauty,,"Aqua, Coco-Glucoside, Cocamidopropyl Betaine, Triethanolamine, Glycerin, Disodium Cocoyl Glutamate, Glyceryl Oleate, Benzyl Alcohol, PEG-12 Dimethicone, Acrylates/C10-30 Alkyl Acrylate Crosspolymer, Sodium Cocoyl Glutamate, Ceramide NP, Bisabolol, Panthenol, Dehydroacetic Acid, Saccharide Isomerate, Tetrasodium EDTA, PEG-7 Glyceryl Cocoate, Sodium Benzoate, Ethoxydiglycol, Citric Acid, Tocopheryl Acetate, Propylene Glycol, Diazolidinyl Urea, Sodium Citrate, Rosa Centifolia Flower Oil, Phenoxyeth",ceramides,,,,,,,,,,,,,open_beauty_facts,false
8809925134911,brightening-texture,Ceramide ato concentrate cream,Illiyoon,,"WATER/AQUA/EAU, BUTYLENE GLYCOL, GLYCERIN, DIMETHICONE, PENTAERYTHRITYL TETRAISOSTEARATE, HYDROGENATED POLY(C6-14 OLEFIN), STEARIC ACID, BEHENYL ALCOHOL, PALMITIC ACID, CETYL ETHYLHEXANOATE 1,2-HEXANEDIOL, ARACHIDYL ALCOHOL, C14-22 ALCOHOLS, HYDROXYPROPYL BIS PALMITAMIDE MEA(Ceramide PC-104), POLYACRYLATE-13, ARACHIDYL GLUCOSIDE, MANNITOL, C12-20 ALKYL GLUCOSIDE, POLYISOBUTENE, GLYCERYL CAPRYLATE, PANAX GINSENG ROOT WATER, ETHYLHEXYLGLYCERIN, ACRYLATES/AMMONIUM METHACRYLATE COPOLYMER, POLYSORBAT",ceramides,,,,,,,,,,,,,open_beauty_facts,false
3600542520454,brightening-texture,Sensitive expert + Spf 50+,"Garnier, Garnier ambre solaire",,"AQUA/WATER, ALCOHOL DENAT., ETHYLHEXYL SALICYLATE, ETHYLHEXYL TRIAZONE, BUTYL METHOXYDIBENZOYLMETHANE. BIS-ETHYLHEXYLOXYPHENOL METHOXYPHENYL TRIAZINE, ISOPROPYL PALMITATE, DIISOPROPYL ADIPATE, GLYCERIN, PROPANEDIOL, PHENYLBENZIMIDAZOLE SULFONIC ACID, DICAPRYLYL ETHER, TRIETHANOLAMINE, C12-22 ALKYL ACRYLATE/HYDROXYETHYLACRYLATE COPOLYMER, TOCOPHEROL, HYDROXYACETOPHENONE, SODIUM POLYACRYLATE, SODIUM BENZOATE, TRISODIUM ETHYLENEDIAMINE DISUCCINATE, DROMETRIZOLE TRISILOXANE, ALOE BARBADENSIS LEAF JU",ceramides,,,,,,,,,,,,,open_beauty_facts,false
3600542522861,brightening-texture,Ambre solaire enfant sensitive fps 50+,Garnier,,"AQUA / WATER, ALCOHOL DENAT., ETHYLHEXYL SALICYLATE, ETHYLHEXYL TRIAZONE, BUTYL METHOXYDIBENZOYLMETHANE, BIS-ETHYLHEXYLOXYPHENOL METHOXYPHENYL TRIAZINE, ISOPROPYL PALMITATE, DIISOPROPYL ADIPATE, GLYCERIN, PROPANEDIOL, PHENYLBENZIMIDAZOLE SULFONIC ACID, DICAPRYLYL ETHER, TRIETHANOLAMINE, C12-22 ALKYL ACRYLATE/HYDROXYETHYLACRYLATE COPOLYMER, TOCOPHEROL, HYDROXYACETOPHENONE, SODIUM POLYACRYLATE, SODIUM BENZOATE, TRISODIUM ETHYLENEDIAMINE DISUCCINATE, DROMETRIZOLE TRISILOXANE, ALOE BARBADENSIS LEAF ",ceramides,,,,,,,,,,,,,open_beauty_facts,false
3600542520300,brightening-texture,Garnier Sonnencreme 50+,Garnier Ambre Solaire Sensitive expert+,,AQUA / WATER • ISOPROPYL PALMITATE • ALCOHOL DENAT. • ETHYLHEXYL SALICYLATE • ETHYLHEXYL TRIAZONE • BUTYL METHOXYDIBENZOYLMETHANE • BIS-ETHYLHEXYLOXYPHENOL METHOXYPHENYL TRIAZINE • GLYCERIN • PROPANEDIOL • DICAPRYLYL ETHER • OXIDIZED STARCH ACETATE • COPERNICIA CERIFERA CERA / CARNAUBA WAX • C12-22 ALKYL ACRYLATE/HYDROXYETHYLACRYLATE COPOLYMER • TOCOPHEROL • HYDROXYACETOPHENONE • SODIUM BENZOATE • TRIETHANOLAMINE • TRISODIUM ETHYLENEDIAMINE DISUCCINATE • XANTHAN GUM • DROMETRIZOLE TRISILOXANE • ,ceramides,,,,,,,,,,,,,open_beauty_facts,false
8904153397371,brightening-texture,"Restorative Hair Cobditioner Amla, Honey and Mulethi",Forest Essentials,,"Coconut Endocarp Extract (Cocos nucifera) - 5.0%, Amla Fruit Extract (Emblica officinalis) - 2.5%, Bhringraj Leaf Extract (Eclipta alba)-2.0%, Fenugreek Seed Extract (Trigonella foenum-graecum) - 1.0%, Licorice Root Extract (Glycyrrhiza glabra) - 1.0%, Almond Kernel Oil (Prunus amygdalus dulcis)* 0.55%, Virgin Coconut Endocarp Oil (Cocos nucifera) - 0.5%, Haritaki Fruit Extract (Terminalia chebula) - 0.5%, Nilini Leaf Extract (Indigofera tinctoria linn) - 0.5%, Honey* - 0.5%, Castor Seed Oil (Ri",ceramides,,,,,,,,,,,,,open_beauty_facts,false
3701129802076,brightening-texture,crème ultra apaisant,bioderma,,"AQUA/WATER/EAU, GLYCERIN, PARAFFINUM LIQUIDUM/MINERAL OIL/HUILE MINERALE, HELIANTHUS ANNUUS (SUNFLOWER) SEED OIL, BEHENYL ALCOHOL, CANOLA/CANOLA OIL/HUILE DE COLZA, SUCROSE STEARATE, HYDROXYETHYL ACRYLATE/SODIUM ACRYLOYLDIMETHYL TAURATE COPOLYMER, PENTYLENE GLYCOL, PHYTOSTEROLS, XYLITOL, ZINC GLUCONATE, ACRYLATES/C10-30 ALKYL ACRYLATE CROSSPOLYMER, PALMITAMIDE MEA, 1,2-HEXANEDIOL, CAPRYLYL GLYCOL, SODIUM CITRATE, MANNITOL, RHAMNOSE, SODIUM LAUROYL LACTYLATE, SODIUM HYDROXIDE, POLYSORBATE 60, SOR",ceramides,,,,,,,,,,,,,open_beauty_facts,false
3606000537514,brightening-texture,Daily Moisturizing Lotion,CeraVe,,"aqua, glycerin, caprylic/capric triglyceride, cetearyl alcohol, cetyl alcohol, potassium phosphate, ceramide np, ceramide ap, ceramide eop, carbomer, dimethicone, ceteareth-20, behentrimonium methosulfate, ethylhexylglycerin, sodium lauroyl lactylate, cholesterol, disodium edta, potassium sorbate, dipotassium phosphate, phenoxyethanol, phytosphingosine, xanthan gum, polyglyceryl-3 diisostearate",ceramides,,,,,,,,,,,,,open_beauty_facts,false
8809964171243,brightening-texture,Anaze Colure Blonde Hair Mask Pack,Anaze,,"INGREDIENTS I Water, Dimethicone, Cetyl Alcohol, He - lianthus Annuus (Sunflower) Seed Oil, Sorbitol, Cetearyl Alcohol, Bis-Aminopropyl Dimethicone, Behentrimonium Chloride, Steartrimonium Bromide, Quaternium-87, Amo dimethicone, Behentrimonium Methosulfate, Aminopropyl Dimethicone, Isopropyl Alcohol, Dipropylene Glycol, Be - henyl Alcohol, Propylene Glycol, Caprylyl Glycol, Guar Hy - droxypropyltrimonium Chloride, Caprylyl Methicone, Cet - earyl Dimethicone Crosspolymer, PEG-14M, Dimer Dil - in",ceramides,,,,,,,,,,,,,open_beauty_facts,false
5905359800576,brightening-texture,Much More Than Seramid ve Prebiyotik İçerikli Sıkılaştırıcı Vücut Losyonu 170 ml,Much More Than,,"Aqua, Glycine Soja Oil, Helianthus Annuus Seed Oil, Cetearyl Alcohol, Glyceryl Stearate Citrate, Glycerin, Pentapeptide-25, Capsaicin, Capsicum Frutescens Fruit Extract, Butyrospermum Parkii Butter, Theobroma Cacao Seed Butter, Caffeine, Inulin, Alpha-Glucan Oligosaccharide, Ceramide NP, Ceramide AP, Ceramide EOP, Phytosphingosine, Trehalose, Allantoin, Panthenol, Cholesterol, Behenic Acid, Polyglyceryl-10 Stearate, Polyglyceryl-6 Behenate, Glyceryl Stearate, Sodium Cetearyl Sulfate, Triethyl Ci",ceramides,,,,,,,,,,,,,open_beauty_facts,false
8852660636875,brightening-texture,INGU Tri-peptide Balm Nude Pink,INGU,,"Polybutene, Hydrogenated Polyisobutene, Ethylhexyl Palmitate, Microcrystalline Wax, Phytosteryl/Isostearyl/Cetyl/Stearyl/Behenyl Dimer Dilinoleate, Camellia Oleifera Seed Oil, Diisostearyl Malate, Cocos Nucifera (Coconut) Oil, Bis-Ethylhexyloxyphenol Methoxyphenyl Triazine, Ethylhexyl Triazone, Silica Dimethyl Silylate, Butyrospermum Parkii (Shea) Butter, Kojic Acid Dipalmitate, Cetearyl Ethylhexano - até, Water, Ethylene/Propylene/Styrene Copoly - mer, BHT, Bisabolol, Tocopheryl Acetate, Sorbit",ceramides,,,,,,,,,,,,,open_beauty_facts,false
0062600060402,brightening-texture,eczema care moisturizing cream,Aveeno,,"colloidal oatmeal, water, glycerin, panthenol, distearyldimonium chloride, petrolatum, isopropyl palmitate, cetyl alcohol, dimethicone, benzalkonium chloride, ceramide np, cetearyl alcohol, sodium chloride",ceramides,,,,,,,,,,,,,open_beauty_facts,false
0072140024611,brightening-texture,"Eucerin, Roughness Relief Lotion, Fragrance Free",Eucerin,,"water, urea, glycerin, isopropyl stearate, dicaprylyl ether, glyceryl glucoside, sodium lactate, butyrospermum parki butter, polyglyceryl-4 diisostearate/polyhydroxystearate/sebacate, tapioca starch, carnitine, cetearyl alcohol, ceramide np, arginine hcl, sodium pca, histidine hci, lactic acid, mannitol, arginine, serine, sucrose, pca, citrulline, glycogen, alanine, threonine, glutamic acid, lysine hci, sodium chloride, 1,2-hexanediol, phenoxyethanol, potassium sorbate",ceramides,,,,,,,,,,,,,open_beauty_facts,false
5060489792372,brightening-texture,Balancing Face Mist,BYOMA,,"Aqua, Butylene Glycol, Glycerin, Propanediol, Sorbitol, Ceramide NP, Cholesterol, Phytosphingosine, Lactobacillus Ferment, Bifida Ferment Filtrate, Stearic Acid, Caprylyl Glycol, Oleic Acid, Caprylic/Capric Triglyceride, Hydrogenated Lecithin, Allantoin, Panthenol, Lactic Acid, Betaine, Hydroxyethylcellulose, Hydroxyacetophenone, 1,2-Hexanediol, Caprylhydroxamic Acid",ceramides,,,,,,,,,,,,,open_beauty_facts,false
9316928065603,brightening-texture,Nivea Q10 Anti Wrinkle Collagen Pro Serum 30mL,Nivea,,"Aqua, Glycerin, Alcohol Denat., Caprylic/Capric Triglyceride, Cocoglycerides, Glyceryl Stearate Citrate, Distarch Phosphate, Ubiquinone, Palmitoyl Tripeptide-5, Acetyl Hydroxyproline, Ceramide NP, Creatine, 1-Methylhydantoin-2-Imide, Argania Spinosa Kernel Oil, Squalane, Butyrospermum Parkii Butter, Hydroxyacetophenone, Xanthan Gum, Sodium Hydroxide, Sodium Chloride, Sodium Sulfate, Phenoxyethanol, Parfum, CI 15985",ceramides,,,,,,,,,,,,,open_beauty_facts,false
8851932490504,brightening-texture,Dove Damage Therapy Intensive Repair + Ceramide Shampoo 350mL,Dove,,"WATER, SODIUM LAURETH SULFATE, COCAMIDOPROPYL BETAINE, CERAMIDE NP, SODIUM GLUCONATE, GLYCERIN, HYDROLYSED SOY PROTEIN, DIMETHICONOL, SODIUM LAUROYL LACTYLATE, SODIUM GLUTAMATE, PEG-45M, CARBOMER, GUAR HYDROXYPROPYLTRIMONIUM CHLORIDE, COCAMIDE MEA, TEA-DODECYLBENZENSULFONATE, TEA-SULFATE, GLYCOL DISTEARATE, COCOS NUCIFERA (COCONUT) OIL, SODIUM CHLORIDE, CITRIC ACID, DISODIUM EDTA, SODIUM BENZOATE, PHENOXYETHANOL, MICA, TITANIUM DIOXIDE, PRUNUS ARMENIACA (APRICOT) KERNEL OIL, LENS ESCULENTA (LENT",ceramides,,,,,,,,,,,,,open_beauty_facts,false
8851932490184,brightening-texture,Dove Damage Therapy Intensive Repair + Ceramide Conditioner 350mL,Dove,,"WATER, CETEARYL ALCOHOL, STEARAMIDOPROPYL DIMETHYLAMINE, DIMETHICONOL/SILSESQUIOXANE COPOLYMER, CERAMIDE NP, BEHENTRIMONIUM CHLORIDE, GLYCERIN, SODIUM GLUCONATE, SODIUM GLUTAMATE, SODIUM LAUROYL LACTYLATE, SODIUM CITRATE, COCOS NUCIFERA (COCONUT) OIL, HYDROLYSED SOY PROTEIN, TRIDECETH-6, ISOHEXADECANE, CETRIMCNIUM CHLORIDE, DIPROPYLENE GLYCOL, LACTIC ACID, CITRIC ACID, SODIUM CHLORIDE, DISODIUM EDTA, SODIUM BENZOATE, PHENOXYETHANOL, PRUNUS ARMENIACA (APRICOT) KERNEL OIL, LENS ESCULENTA (LENTIL) ",ceramides,,,,,,,,,,,,,open_beauty_facts,false
8851932489669,brightening-texture,Dove Damage Therapy Intensive Repair + Ceramide Shampoo 850mL,Dove,,"WATER, SODIUM LAURETH SULFATE, COCAMIDOPROPYL BETAINE, CERAMIDE NP, SODIUM GLUCONATE, GLYCERIN, HYDROLYSED SOY PROTEIN, DIMETHICONOL, SODIUM LAUROYL LACTYLATE, SODIUM GLUTAMATE, PEG-45M, CARBOMER, GUAR HYDROXYPROPYLTRIMONIUM CHLORIDE, COCAMIDE MEA, TEA-DODECYLBENZENSULFONATE, TEA-SULFATE, GLYCOL DISTEARATE, COCOS NUCIFERA (COCONUT) OIL, SODIUM CHLORIDE, CITRIC ACID, DISODIUM EDTA, SODIUM BENZOATE, PHENOXYETHANOL, MICA, TITANIUM DIOXIDE, PRUNUS ARMENIACA (APRICOT) KERNEL OIL, LENS ESCULENTA (LENT",ceramides,,,,,,,,,,,,,open_beauty_facts,false
8851932489560,brightening-texture,Dove Damage Therapy Intensive Repair + Ceramide Conditioner 850mL,Dove,,"WATER, CETEARYL ALCOHOL, STEARAMIDOPROPYL DIMETHYLAMINE, DIMETHICONOL/SILSESQUIOXANE COPOLYMER, CERAMIDE NP, BEHENTRIMONIUM CHLORIDE, GLYCERIN, SODIUM GLUCONATE, SODIUM GLUTAMATE, SODIUM LAUROYL LACTYLATE, SODIUM CITRATE, COCOS NUCIFERA (COCONUT) OIL, HYDROLYSED SOY PROTEIN, TRIDECETH-6, ISOHEXADECANE, CETRIMONIUM CHLORIDE, DIPROPYLENE GLYCOL, LACTIC ACID, CITRIC ACID, SODIUM CHLORIDE, DISODIUM EDTA, SODIUM BENZOATE, PHENOXYETHANOL, PRUNUS ARMENIACA (APRICOT) KERNEL OIL, LENS ESCULENTA (LENTIL) ",ceramides,,,,,,,,,,,,,open_beauty_facts,false
0717226302497,brightening-texture,John Frieda Frizz Ease Leave-In Conditioner 200mL,John Frieda,,"WATER/AQUA/EAU,GLYCERIN,AMODIMETHICONE,DIPROPYLENE GLYCOL OLIVE OIL PEG-7 ESTERS,PANTHENOL,CITRIC ACID,VP/DIMETHYLAMINOETHYLMETHACRYLATE COPOLYMER,BISAMINO PEG/PPG-41/3 AMINOETHYL PG-PROPYL DIMETHICONE,DIMETHILE PEG-8 MEADOWFOAMATE,TRIDECETH-12,TETRASODIUM GLUTAMATE DIACETHE,CETRIMONIUM CHLORIDE,COCOS NUCIFERA (COCONUT) OIL,CAPRYLYL GLYCOL,SODIUM LAUROYL LACTYLATE,SODIUM HYDROXIDE,SODIUM BICARBONATE,CERAMIDE NP,CERAMIDE AP,PHYTOSPHINGOSINE,CHOLESTEROL,XANTHAN GUM,ETHYLHEXYLGLYCERIN,POLYACRYLIC A",ceramides,,,,,,,,,,,,,open_beauty_facts,false
3606000537743,brightening-texture,daily moisturizing cream,cerave,,"AQUA/WATER/EAU, GLYCERIN, CAPRYLIC/CAPRIC TRIGLYCERIDE, CETEARYL ALCOHOL, CETYL ALCOHOL, POTASSIUM PHOSPHATE, CERAMIDE NP, CERAMIDE AP, CERAMIDE EOP, CARBOMER, DIMETHICONE, CETEARETH-20, BEHENTRIMONIUM METHOSULFATE, METHYLPARABEN, SODIUM LAUROYL LACTYLATE, CHOLESTEROL, DISODIUM EDTA, DIPOTASSIUM PHOSPHATE, PROPYLPARABEN, HYDROLYZED HYALURONIC ACID, PHYTOSPHINGOSINE, XANTHAN GUM, POLYSORBATE 20, POLYGLYCERYL-3 DIISOSTEARATE (CODE F.I.L. D215763/2) 7743",hyaluronic-acid;ceramides,,,,,,,,,,,,,open_beauty_facts,false
3600542520263,brightening-texture,Enfant sensitive expert + Spf 50+ Spay,Garnier,,"AQUA/WATER, ALCOHOL DENAT., ETHYLHEXYL SALICYLATE, ETHYLHEXYL TRIAZONE, BUTYL METHOXYDIBENZOYLMETHANE BIS-ETHYLHEXYLOXYPHENOL METHOXYPHENYL TRIAZINE, ISOPROPYL PALMITATE, DIISOPROPYL ADIPATE, GLYCERIN, PROPANEDIOL, PHENYLBENZIMIDAZOLE SULFONIC ACID, DICAPRYLYL ETHER, TRIETHANOLAMINE, C12-22 ALKYL ACRYLATE/HYDROXYETHYLACRYLATE COPOLYMER, TOCOPHEROL, HYDROXYACETOPHENONE, SODIUM POLYACRYLATE, SODIUM BENZOATE, TRISODIUM ETHYLENEDIAMINE DISUCCINATE, DROMETRIZOLE TRISILOXANE, ALOE BARBADENSIS LEAF JUI",ceramides,,,,,,,,,,,,,open_beauty_facts,false
3701129802052,brightening-texture,Bioderma Atoderm Intensive Balm,Bioderma,,"Aqua/Water/Eau, Glycerin, Paraffinum Liquidum/Mineral Oil/Huile Minérale, Helianthus Annuus (Sunflower) Seed Oil, Behenyl Alcohol, Sucrose Stearate, Canola/Canola Oil/Huile De Colza, Hydroxyethyl Acrylate/Sodium Acryloyldimethyl Taurate Copolymer, Pentylene Glycol, Beta-Sitosterol, Xylitol, Zinc Gluconate, Acrylates/C10-30 Alkyl Acrylate Crosspolymer, Palmitamide MEA, 1,2-Hexanediol, Caprylyl Glycol, Sodium Citrate, Mannitol, Rhamnose, Sodium Lauroyl Lactylate, Sodium Hydroxide, Polysorbate 60, ",ceramides,,,,,,,,,,,,,open_beauty_facts,false
4335619124745,brightening-texture,Hydrating facial cleanser,Cien,,"Aqua, Glycerin, Cetearyl Alcohol, Xanthan Gum, Betaine, Sodium Cocoyl Isethionate, Phenoxyethanol, Polyacrylate Crosspolymer-6, Ethylhexylglycerin, Coconut Acid, Sodium Isethionate, Disodium EDTA, Sodium Lauroyl Lactylate, Sodium Hydroxide, Pentylene Glycol, Ceramide NP, Ceramide AP, Phytosphingosine, Cholesterol, Carbomer, Sodium Hyaluronate Crosspolymer, Ceramide EOP, Citric Acid.",hyaluronic-acid;ceramides,,,,,,,,,,,,,open_beauty_facts,false
8809448639047,brightening-texture,Hanskin Cleansing Foam & Blackhead 120ml,Hanskin,,"Water, Glycerin, Myristic Acid, Stearic Acid, Lauric Acid, Potassium Hydroxide, Palmitic Acid, Potassium Cocoyl Glycinate, Potassium Cocoate, Citrus Aurantium Dulcis (Orange) Peel Oil, Lavandula Angustifolia (Lavender) Oil, Rosmarinus Officinalis (Rosemary) Leaf Oil, Quillaja Saponaria Bark Extract, Simmondsia Chinensis (Jojoba) Seed Oil, Moringa Pterygosperma Seed Extract, Camellia Japonica Flower Extract, Moringa Oleifera Seed Oil, Rhus Semialata Gall Extract, Gossypium Herbaceum (Cotton) Seed",ceramides,,,,,,,,,,,,,open_beauty_facts,false
0381371191949,brightening-texture,Baby Cleansing Therapy Moisturizing Wash,Aveeno,,"Water, Glycerin, Cocamidopropyl Betaine, Sodium Lauroamphoacetate, Coco-Glucoside, Avena Sativa (Oat) Kernel Flour, Sodium Chloride, Hydroxypropyl Starch Phosphate, Acrylates/C10-30 Alkyl Acrylate Crosspolymer, Citric Acid, Caprylic/Capric Triglyceride, Sodium Benzoate, Glyceryl Oleate, Guar Hydroxypropyltrimonium Chloride, Glycol Distearate, Sodium Hydroxide, Glyceryl Stearate, Panthenol, Ceramide NP, Avena Sativa (Oat) Kernel Extract",ceramides,,,,,,,,,,,,,open_beauty_facts,false
0381371018451,brightening-texture,Aveeno Baby Eczema Therapy,Aveeno,,"Water, Glycerin, Parthenol, Distearyldimonium Chloride, Petrolatum, bopropyl Palmitate, Cetyl Alcohol, Dimethicone, Avena Sativa (Oat) Kernel Oil, Steareth-20, Benzalkonium Chloride, Ceramide NP, Sodium Chloride, Avena Sativa (Oat) Kernel Extract",ceramides,,,,,,,,,,,,,open_beauty_facts,false
3606000534797,brightening-texture,Moisturing Lotion,CeraVe,,"aqua/water/eau, glycerin, caprylic/capric triglyceride, cetearyl alcohol, cetyl alcohol, potassium phosphate, ceramide np, ceramide ap, ceramide eop, carbomer, dimethicone, ceteareth-20, behentrimonium methosulfate, methylparaben, sodium lauroyl lactylate, cholesterol, disodium edta, dipotassium phosphate, propylparaben, hydrolyzed hyaluronic acid, phytosphingosine, xanthan gum, polysorbate 20, polyglyceryl-3 diisostearate",hyaluronic-acid;ceramides,,,,,,,,,,,,,open_beauty_facts,false
8993838082756,brightening-texture,guardian hand cream lovely lavender,Guardian,,"Water. Glycerin. Mineral Oil, Cetearyl Alcohol. hands. be Stearate, Polysorbate 60. Butyrospermum Parkii (Shea) | terjadi iritasi pa= Butter, Pentylene Glycol, PEG-100 segera konsultas dokter. Stearate, Dimethicone, Beeswax, SncchauunmOfficingrum Caution: For ext (Sugarcane) Extract. Chondrus Avoid contact w Crispus Extract, Phenoxyethanol. broken skin c Fragrance(Parfum). Caprylyl eyes. Glycol, Sorbitan Sesquioleate, thoroughly. Stop Xanthan Gum. Carbomer, Polyacrylamide. Tromethamine. immediat",ceramides,,,,,,,,,,,,,open_beauty_facts,false
76898525,brightening-texture,Aveeno Baby Eczema Therapy Nighttime Balm,Aveeno,,"Glycerin, Water, Cetearyl Alcohol, Isocetyl Alcohol, Dimethicone, Cetyl Alcohol, Benzyl Alcohol, Ethylhexylglycerin, Sodium Cetearyl Sulfate, Benzoic Acid, Stearic Acid, Dipotassium Phosphate, Potassium Phosphate, p-Anisic Acid, Caprylic/Capric Triglyceride, Sodium Hydroxide, Avena Sativa (Oat) Kernel Oil, Ceramide NP, Citric Acid, Avena Sativa (Oat) Kernel Extract",ceramides,,,,,,,,,,,,,open_beauty_facts,false
0381371187607,brightening-texture,Baby Eczema Therapy Nighttime Balm,Aveeno,,"Glycerin, Water, Cetearyl Alcohol, Isocetyl Alcohol, Dimethicone, Cetyl Alcohol, Benzyl Alcohol, Ethylhexylglycerin, Sodium Cetearyl Sulfate, Benzoic Acid, Stearic Acid, Dipotassium Phosphate, Potassium Phosphate, p-Anisic Acid, Caprylic/Capric Triglyceride, Sodium Hydroxide, Avena Sativa (Oat) Kernel Oil, Ceramide NP, Citric Acid, Avena Sativa (Oat) Kernel Extract",ceramides,,,,,,,,,,,,,open_beauty_facts,false
0810106611228,brightening-texture,Body Lotion,Dr Teal's,,"WATER (AQUA, EAU), GLYCERIN, ISOPROPYL PALMITATE, ZEA MAYS (CORN) STARCH, GLYCERYL STEARATE, CETYL ALCOHOL, PEG-100 STEARATE, FRAGRANCE (PARFUM), CITRUS AURANTIUM DULCIS (ORANGE) PEEL OIL, PERSEA GRATISSIMA (AVOCADO) OIL, CERAMIDE NP, CERAMIDE AP, CERAMIDE EOP, PHYTOSPHINGOSINE, CHOLESTEROL, MAGNESIUM SULFATE (EPSOM SALT), BUTYROSPERMUM PARKII (SHEA) BUTTER, THEOBROMA CACAO (COCOA) SEED BUTTER, COCOS NUCIFERA (COCONUT) OIL, HELIANTHUS ANNUUS (SUNFLOWER) SEED OIL, TOCOPHERYL ACETATE (VITAMIN E), ",ceramides,,,,,,,,,,,,,open_beauty_facts,false
0381371156658,brightening-texture,Eczema Therapy Daily Moisturizing Cream,Aveeno,,"Learn Drug Facts Active ingredient Purpose Colloidal Oatmeal (1%), Skin Protectant Uses Temporarily protects and helps relieve minor skin imitation and itching due to • rashes • eczema Warnings For external use only When using this product • do not get into eyes Stop use and ask a doctor if • condition worsens • symptoms last more than 7 days or clear up and occur again within a few days Keep out of reach of children If swallowed, 00 65 efforts at Avenocom Drug Facts (continued) get medical nelp",ceramides,,,,,,,,,,,,,open_beauty_facts,false
4005800024245,brightening-texture,Urea Repair,Eucerin,,"Aqua, Urea, Glycerin, Isopropyl Stearate, Dicaprylyl Ether, Glyceryl Glucoside, Sodium Lactate, Butyrospermum Parkii Butter, Polyglyceryl-4 Diisostearate/Polyhydroxystearate/Sebacate, Tapioca Starch, Carnitine, Cetearyl Alcohol, Ceramide NP, Arginine HCL, Sodium PCA, Histidine HCI, Lactic Acid, Mannitol, Arginine, Serine, Sucrose, PCA, Citrulline, Glycogen, Alanine, Threonine, Glutamic Acid, Lysine HCI, Sodium Chloride, 1,2-Hexanediol, Phenoxyethanol, Potassium Sorbate",ceramides,,,,,,,,,,,,,open_beauty_facts,false
0792850649620,brightening-texture,Burt's Bees Overnight Lip Treatment,Burt's Bees,,"Caprylic/capric triglyceride, oleic/linoleic/linolenic polyglycerides, C10-18 triglycerides, glycerin, simmondsia chinensis (jojoba) seed oil, glyceryl behenate, glyceryl stearate, hydrogenated castor oil, jojoba esters, octyldodecanol, helianthus annuus (sunflower) seed wax, carthamus tinctorius (safflower) seed oil, ceramide NP, acacia decurrens flower wax, passiflora incarnata fruit extract, chamomilla recutita (matricaria) flower extract, ricinus communis (castor) seed oil, polyglycerin-3, g",ceramides,,,,,,,,,,,,,open_beauty_facts,false
8809301767566,brightening-texture,Bambou + B hydrating mask,Ariul,,"Water, Bambusa Vulgaris Water, Dipropylene Glycol, Glycerin, Butylene Glycol, Dipotassium Glycyrrhizate, Ceramide NP, Phytosterols, Beta-Glucan, Tocopherol, Palmitoyl Tripeptide-5, Hydroxyacetophenone, 1,2-Hexanediol, Allantoin, Betaine, Caprylyl Glycol, Carbomer, Tromethamine, Sodium Phytate, Ethylhexylglycerin",ceramides,,,,,,,,,,,,,open_beauty_facts,false
0062600647986,brightening-texture,Aveeno Baby Healthy Start Newborn Wash,Johnson & Johnson,,"Water (eau), Glycerin, Cocamidopropyl Betaine, Sodium Lauroamphoacetate, Coco-Glucoside, Avena Sativa (Oat) Kernel Flour, Sodium Chloride, Hydroxypropyl Starch Phosphate, Acrylates/C10-30 Alkyl Acrylate Crosspolymer, Citric Acid, Caprylic/Capric Triglyceride, Sodium Benzoate, Glyceryl Oleate, Guar Hydroxypropyltrimonium Chloride, Glycol Distearate, Sodium Hydroxide, Glyceryl Stearate, Panthenol, Ceramide NP, Avena Sativa (Oat) Kernel Extract",ceramides,,,,,,,,,,,,,open_beauty_facts,false
3401381463359,brightening-texture,Atoderm intensive,Bioderma,,"da Rostro y c
NOHDIENTS : AQUA/WATER/EAU, GLYCERIN, PARAFFINUM LIQUIDUM / MINERAL OIL / HUILE MINERAIE
EJANTHUS ANNUUS (SUNFLOWER) SEED OIL, BEHENYL ALCOHOL, SUCROSE STEARATE, CANOLA / CANCIA
O/ HUILE DE COLZA, HYDROXYETHYL ACRYLATE/SODIUM ACRYLOYLDIMETHYL TAURATE COPOLYMEL
FENTYLENE GLYCOL, BETA-SITOSTEROL, XYLITOL, ZINC GLUCONATE, ACRYLATES/C10-30 ALKYL ACRYLATE
COSPOLYMER, PALMITAMIDE MEA, 1,2-HEXANEDIOL, CAPRYLYL GLYCOL, DISODIUM EDTA, SODIUM HYDROXIDE,
IHAMINOSE, SODIUM LAUROYL LACTYL",ceramides,,,,,,,,,,,,,open_beauty_facts,false
3606000537712,brightening-texture,SA Lotion For Rough &amp; Bumpy Skin,CeraVe,,"Salicylic Acid, Water, Glycerin, Mineral Oil, Triethanolamine, Glyceryl Stearate, Ammonium Lactate, Peg-100 Stearate, Cetearyl Alcohol, Cetyl Alcohol, Zea Mays (Corn) Oil, Ceramide Np, Ceramide Ap, Ceramide Eop, Carbomer, Behentrimonium Methosulfate, Dimethicone, Methylparaben, Sodium Lauroyl Lactylate, Cholecalciferol, Cholesterol, Disodium Edta, Propylparaben, Hydrolyzed Hyaluronic Acid, Phytosphingosine, Xanthan Gum.",hyaluronic-acid;ceramides,,,,,,,,,,,,,open_beauty_facts,false
3337875545846,brightening-texture,Toleriane Double Repair Face Moisturizer UV SPF 30,La Roche-Posay,,"Avobenzone 3% (Sunscreen), Homosalate 5% (Sunscreen), Octisalate 5% (Sunscreen), Octocrylene 7% (Sunscreen) Water (La Roche-Posay Prebiotic Thermal Water), Glycerin, Silica, Dimethicone, Niacinamide, Peg-100 Stearate, Glyceryl Stearate, Stearic Acid, Stearyl Alcohol, Allantoin, Ceramide Np, Dimethicone/Vinyl Dimethicone Crosspolymer, Sodium Hydroxide, Myristic Acid, Myristyl Alcohol, Palmitic Acid, Ammonium Polyacryloyldimethyl Taurate, Disodium Edta, Capryloyl Glycine, Caprylyl Glycol, Citric A",niacinamide;ceramides,,,,,,,,,,,,,open_beauty_facts,false
8809427864293,brightening-texture,Black Sugar Perfect Cleansing Oil,Skinfood,,"Ethylhexyl Palmitate, Peg-20 Glyceryl Triisostearate, Pentaerythrityl Tetraethylhexanoate, C12-15 Alkyl Benzoate, Pentaerythrityl Tetraisostearate, Peg-10 Isostearate, Bis-Ethoxydiglycol Cyclohexane 1,4-Dicarboxylate, Simmondsia Chinensis (Jojoba) Seed Oil, Olea Europaea (Olive) Fruit Oil, Oenothera Biennis (Evening Primrose) Oil, Macadamia Ternifolia Seed Oil, Limnanthes Alba (Meadowfoam) Seed Oil, Camellia Oleifera Seed Oil, Water, Fragrance, Dimethicone, Black Sugar Extract, Sodium Pca, Betai",ceramides,,,,,,,,,,,,,open_beauty_facts,false
0813920019126,brightening-texture,DeliKate Soothing Cleanser,Kate Somerville,,"Aqua/Water/ Eau, Caprylic/Capric Triglyceride, Glycerin, Polyglyceryl-3 Methylglucose Distearate, Propanediol, Glyceryl Stearate, Cetearyl Alcohol, Xylitylglucoside, Betaine, Phospholipids, Linoleic Acid, Glycine Soja (Soybean) Sterols, Ceramide NP, Ceramide AP, Ceramide EOP, Phtosphingosine, Cholesterol, Aloe Barbadensis Leaf Juice, Tasmannia Lanceolata Fruit/Leaf Extract, Cucumis Sativus (Cucumber) Seed Oil, Ectoin, Hydroxyectoin, Sodium Lauroyl Lactylate, Zingiber Officinale (Ginger) Root Ext",ceramides,,,,,,,,,,,,,open_beauty_facts,false
0688098772469,brightening-texture,Toleriane Hydrating Gentle Face Cleanser,La Roche-Posay,,"Aqua / Water / Eau (La Roche-Posay Prebiotic Thermal Water), Glycerin, Pentaerythrityl Tetraethylhexanoate, Propylene Glycol, Ammonium Polyacryloyldimethyl Taurate, Polysorbate 60, Ceramide Np, Niacinamide, Sodium Chloride, Coco-Betaine, Disodium Edta, Caprylyl Glycol, Panthenol, T-Butyl Alcohol, Tocopherol.",niacinamide;ceramides,,,,,,,,,,,,,open_beauty_facts,false
