product_ndc,rx_group,search_term,brand_name,generic_name,labeler,active_ingredients_structured,strength_text,ingredients_json,dosage_form,route,marketing_category,application_number,product_type,pharm_class,package_ndcs,package_descriptions,spl_set_id,marketing_start_date,marketing_end_date,listing_expiration_date,informational_only
16110-869,acne,azelaic acid,AZELEX,azelaic acid,"Almirall, LLC",AZELAIC ACID .2 g/g,azelaic acid 20%,"[{""name"":""AZELAIC ACID"",""strength"":"".2 g/g"",""pct"":20.0,""display"":""20%""}]",CREAM,CUTANEOUS,NDA,NDA020428,HUMAN PRESCRIPTION DRUG,Decreased Protein Synthesis [PE];Decreased Sebaceous Gland Activity [PE],16110-869-30;16110-869-50,1 TUBE in 1 CARTON (16110-869-30) / 30 g in 1 TUBE | 1 TUBE in 1 CARTON (16110-869-50) / 50 g in 1 TUBE,ebdfcaf7-b5d6-47e1-be87-ccaba4b97e75,20180924,,20261231,0
51672-1389,acne,azelaic acid,Azelaic Acid,azelaic acid,"Sun Pharmaceutical Industries, Inc.",AZELAIC ACID .15 g/g,azelaic acid 15%,"[{""name"":""AZELAIC ACID"",""strength"":"".15 g/g"",""pct"":15.0,""display"":""15%""}]",GEL,TOPICAL,ANDA,ANDA210549,HUMAN PRESCRIPTION DRUG,Decreased Protein Synthesis [PE];Decreased Sebaceous Gland Activity [PE],51672-1389-3,1 TUBE in 1 CARTON (51672-1389-3) / 50 g in 1 TUBE,d4e9e95d-1ebd-44df-a91e-59819715659c,20190823,,20261231,0
0781-7172,acne,azelaic acid,Azelaic Acid Gel,azelaic acid,Sandoz Inc.,AZELAIC ACID .15 g/g,azelaic acid 15%,"[{""name"":""AZELAIC ACID"",""strength"":"".15 g/g"",""pct"":15.0,""display"":""15%""}]",GEL,TOPICAL,NDA AUTHORIZED GENERIC,NDA021470,HUMAN PRESCRIPTION DRUG,Decreased Protein Synthesis [PE];Decreased Sebaceous Gland Activity [PE],0781-7172-50,1 TUBE in 1 CARTON (0781-7172-50) / 50 g in 1 TUBE,66178511-5c1a-4ecd-bc98-2ceb54e710ac,20181001,,20261231,0
21922-038,acne,azelaic acid,Azelaic Acid Gel,azelaic acid,"Encube Ethicals, Inc.",AZELAIC ACID .15 g/g,azelaic acid 15%,"[{""name"":""AZELAIC ACID"",""strength"":"".15 g/g"",""pct"":15.0,""display"":""15%""}]",GEL,TOPICAL,ANDA,ANDA208724,HUMAN PRESCRIPTION DRUG,Decreased Protein Synthesis [PE];Decreased Sebaceous Gland Activity [PE],21922-038-14,1 TUBE in 1 CARTON (21922-038-14) / 50 g in 1 TUBE,ab3f174c-a3c4-4ae9-b0bc-954efaadf8de,20231130,,20261231,0
50222-303,acne,azelaic acid,FINACEA FOAM,azelaic acid,LEO Pharma Inc.,AZELAIC ACID .15 g/g,azelaic acid 15%,"[{""name"":""AZELAIC ACID"",""strength"":"".15 g/g"",""pct"":15.0,""display"":""15%""}]","AEROSOL, FOAM",TOPICAL,NDA,NDA207071,HUMAN PRESCRIPTION DRUG,Decreased Protein Synthesis [PE];Decreased Sebaceous Gland Activity [PE],50222-303-50;50222-303-91,1 CAN in 1 CARTON (50222-303-50) / 50 g in 1 CAN | 1 CAN in 1 CARTON (50222-303-91) / 15 g in 1 CAN,9fabd24e-4c3b-49a0-aa5f-c8d75ae67572,20181001,,20261231,0
0591-2131,acne,azelaic acid,azelaic acid,azelaic acid,"Actavis Pharma, Inc.",AZELAIC ACID .15 g/g,azelaic acid 15%,"[{""name"":""AZELAIC ACID"",""strength"":"".15 g/g"",""pct"":15.0,""display"":""15%""}]",GEL,TOPICAL,ANDA,ANDA208011,HUMAN PRESCRIPTION DRUG,Decreased Protein Synthesis [PE];Decreased Sebaceous Gland Activity [PE],0591-2131-55,1 TUBE in 1 CARTON (0591-2131-55) / 50 g in 1 TUBE,66298d50-d4e2-4852-bbab-581389c488cb,20181119,,20261231,0
68462-626,acne,azelaic acid,azelaic acid,azelaic acid,"Glenmark Pharmaceuticals Inc., USA",AZELAIC ACID .15 g/g,azelaic acid 15%,"[{""name"":""AZELAIC ACID"",""strength"":"".15 g/g"",""pct"":15.0,""display"":""15%""}]",GEL,TOPICAL,ANDA,ANDA204637,HUMAN PRESCRIPTION DRUG,Decreased Protein Synthesis [PE];Decreased Sebaceous Gland Activity [PE],68462-626-52,1 TUBE in 1 CARTON (68462-626-52) / 50 g in 1 TUBE,0b5ab22e-c78a-4429-9a76-a4ba2d11fcde,20181119,,20261231,0
47335-994,acne,clascoterone,Winlevi,clascoterone,"Sun Pharmaceutical Industries, Inc.",CLASCOTERONE 1 g/100g,clascoterone 1%,"[{""name"":""CLASCOTERONE"",""strength"":""1 g/100g"",""pct"":1.0,""display"":""1%""}]",CREAM,TOPICAL,NDA,NDA213433,HUMAN PRESCRIPTION DRUG,Androgen Receptor Antagonists [MoA];Androgen Receptor Inhibitor [EPC],47335-994-36;47335-994-94,1 TUBE in 1 CARTON (47335-994-36) / 60 g in 1 TUBE | 12 CARTON in 1 CASE (47335-994-94) / 1 TUBE in 1 CARTON (47335-994-40) / 2 g in 1 TUBE,1673a84b-7f5c-47ab-a99c-1e3db21a6a09,20211004,,20261231,0
16781-462,acne,clindamycin,Clindagel,clindamycin,"Bausch Health US, LLC",CLINDAMYCIN PHOSPHATE 10 mg/mL,clindamycin phosphate 1%,"[{""name"":""CLINDAMYCIN PHOSPHATE"",""strength"":""10 mg/mL"",""pct"":1.0,""display"":""1%""}]",GEL,TOPICAL,NDA,NDA050782,HUMAN PRESCRIPTION DRUG,Decreased Sebaceous Gland Activity [PE];Lincosamide Antibacterial [EPC];Lincosamides [CS];Neuromuscular Blockade [PE],16781-462-06;16781-462-75,6 BOTTLE in 1 CARTON (16781-462-06) / 7.3 mL in 1 BOTTLE | 1 BOTTLE in 1 CARTON (16781-462-75) / 75 mL in 1 BOTTLE,f7b4e985-719a-4547-b624-94612d520991,20131125,,20261231,0
16714-984,acne,clindamycin,clindamycin and benzoyl peroxide,clindamycin and benzoyl peroxide,NorthStar RxLLC,CLINDAMYCIN PHOSPHATE 10 mg/g; BENZOYL PEROXIDE 50 mg/g,clindamycin phosphate 1%; benzoyl peroxide 5%,"[{""name"":""CLINDAMYCIN PHOSPHATE"",""strength"":""10 mg/g"",""pct"":1.0,""display"":""1%""},{""name"":""BENZOYL PEROXIDE"",""strength"":""50 mg/g"",""pct"":5.0,""display"":""5%""}]",GEL,TOPICAL,ANDA,ANDA209252,HUMAN PRESCRIPTION DRUG,Decreased Sebaceous Gland Activity [PE];Lincosamide Antibacterial [EPC];Lincosamides [CS];Neuromuscular Blockade [PE],16714-984-25;16714-984-50,1 JAR in 1 CARTON (16714-984-25) / 25 g in 1 JAR | 1 JAR in 1 CARTON (16714-984-50) / 50 g in 1 JAR,e19de12c-f29b-42ab-9e81-1af8e4a66643,20190701,,20271231,0
68462-486,acne,clindamycin,clindamycin and benzoyl peroxide,clindamycin and benzoyl peroxide,"Glenmark Pharmaceuticals Inc., USA",CLINDAMYCIN PHOSPHATE 10 mg/g; BENZOYL PEROXIDE 50 mg/g,clindamycin phosphate 1%; benzoyl peroxide 5%,"[{""name"":""CLINDAMYCIN PHOSPHATE"",""strength"":""10 mg/g"",""pct"":1.0,""display"":""1%""},{""name"":""BENZOYL PEROXIDE"",""strength"":""50 mg/g"",""pct"":5.0,""display"":""5%""}]",GEL,TOPICAL,ANDA,ANDA209252,HUMAN PRESCRIPTION DRUG,Decreased Sebaceous Gland Activity [PE];Lincosamide Antibacterial [EPC];Lincosamides [CS];Neuromuscular Blockade [PE],68462-486-19;68462-486-24;68462-486-27,1 JAR in 1 CARTON (68462-486-19) / 25 g in 1 JAR | 1 JAR in 1 CARTON (68462-486-24) / 35 g in 1 JAR | 1 JAR in 1 CARTON (68462-486-27) / 50 g in 1 JAR,76795d1b-e1f2-4d1d-b42a-f1d4448c63c0,20190314,,20271231,0
68462-859,acne,clindamycin,clindamycin and benzoyl peroxide,clindamycin and benzoyl peroxide,"Glenmark Pharmaceuticals Inc., USA",CLINDAMYCIN PHOSPHATE 10 mg/g; BENZOYL PEROXIDE 50 mg/g,clindamycin phosphate 1%; benzoyl peroxide 5%,"[{""name"":""CLINDAMYCIN PHOSPHATE"",""strength"":""10 mg/g"",""pct"":1.0,""display"":""1%""},{""name"":""BENZOYL PEROXIDE"",""strength"":""50 mg/g"",""pct"":5.0,""display"":""5%""}]",GEL,TOPICAL,ANDA,ANDA209252,HUMAN PRESCRIPTION DRUG,Decreased Sebaceous Gland Activity [PE];Lincosamide Antibacterial [EPC];Lincosamides [CS];Neuromuscular Blockade [PE],68462-859-24;68462-859-27,"1 BOTTLE, PUMP in 1 CARTON (68462-859-24) / 35 g in 1 BOTTLE, PUMP | 1 BOTTLE, PUMP in 1 CARTON (68462-859-27) / 50 g in 1 BOTTLE, PUMP",76795d1b-e1f2-4d1d-b42a-f1d4448c63c0,20210924,,20271231,0
45802-900,acne,clindamycin,CLINDAMYCIN PHOSPHATE,clindamycin phosphate,Padagis Israel Pharmaceuticals Ltd,CLINDAMYCIN PHOSPHATE 10 mg/g,clindamycin phosphate 1%,"[{""name"":""CLINDAMYCIN PHOSPHATE"",""strength"":""10 mg/g"",""pct"":1.0,""display"":""1%""}]",GEL,TOPICAL,ANDA,ANDA212104,HUMAN PRESCRIPTION DRUG,Decreased Sebaceous Gland Activity [PE];Lincosamide Antibacterial [EPC];Lincosamides [CS];Neuromuscular Blockade [PE],45802-900-94;45802-900-96,1 TUBE in 1 CARTON (45802-900-94) / 30 g in 1 TUBE | 1 TUBE in 1 CARTON (45802-900-96) / 60 g in 1 TUBE,6f72b852-e741-48e5-b8e1-f8a1afcfb4d4,20210120,,20261231,0
46708-623,acne,clindamycin,CLINDAMYCIN PHOSPHATE,clindamycin phosphate,Alembic Pharmaceuticals Limited,CLINDAMYCIN PHOSPHATE 10 mg/g,clindamycin phosphate 1%,"[{""name"":""CLINDAMYCIN PHOSPHATE"",""strength"":""10 mg/g"",""pct"":1.0,""display"":""1%""}]",GEL,TOPICAL,ANDA,ANDA212466,HUMAN PRESCRIPTION DRUG,Decreased Sebaceous Gland Activity [PE];Lincosamide Antibacterial [EPC];Lincosamides [CS];Neuromuscular Blockade [PE],46708-623-30;46708-623-60,1 TUBE in 1 CARTON (46708-623-30) / 30 g in 1 TUBE | 1 TUBE in 1 CARTON (46708-623-60) / 60 g in 1 TUBE,41ab7061-7c3a-4a4c-9c44-16851c97ad00,20240404,,20261231,0
59651-806,acne,clindamycin,CLINDAMYCIN PHOSPHATE,clindamycin phosphate,Aurobindo Pharma Limited,CLINDAMYCIN PHOSPHATE 10 mg/g,clindamycin phosphate 1%,"[{""name"":""CLINDAMYCIN PHOSPHATE"",""strength"":""10 mg/g"",""pct"":1.0,""display"":""1%""}]",GEL,TOPICAL,ANDA,ANDA218942,HUMAN PRESCRIPTION DRUG,Decreased Sebaceous Gland Activity [PE];Lincosamide Antibacterial [EPC];Lincosamides [CS];Neuromuscular Blockade [PE],59651-806-30;59651-806-60,1 TUBE in 1 CARTON (59651-806-30) / 30 g in 1 TUBE | 1 TUBE in 1 CARTON (59651-806-60) / 60 g in 1 TUBE,d4b88e7b-acac-409a-8442-010ef84f66b9,20260318,,20271231,0
62332-623,acne,clindamycin,CLINDAMYCIN PHOSPHATE,clindamycin phosphate,Alembic Pharmaceuticals Inc.,CLINDAMYCIN PHOSPHATE 10 mg/g,clindamycin phosphate 1%,"[{""name"":""CLINDAMYCIN PHOSPHATE"",""strength"":""10 mg/g"",""pct"":1.0,""display"":""1%""}]",GEL,TOPICAL,ANDA,ANDA212466,HUMAN PRESCRIPTION DRUG,Decreased Sebaceous Gland Activity [PE];Lincosamide Antibacterial [EPC];Lincosamides [CS];Neuromuscular Blockade [PE],62332-623-30;62332-623-60,1 TUBE in 1 CARTON (62332-623-30) / 30 g in 1 TUBE | 1 TUBE in 1 CARTON (62332-623-60) / 60 g in 1 TUBE,96434354-a646-4869-92a2-4052d3f7a4aa,20240404,,20271231,0
0009-3329,acne,clindamycin,Cleocin T,clindamycin phosphate,Pharmacia & Upjohn Company LLC,CLINDAMYCIN PHOSPHATE 10 mg/mL,clindamycin phosphate 1%,"[{""name"":""CLINDAMYCIN PHOSPHATE"",""strength"":""10 mg/mL"",""pct"":1.0,""display"":""1%""}]",LOTION,TOPICAL,NDA,NDA050600,HUMAN PRESCRIPTION DRUG,Decreased Sebaceous Gland Activity [PE];Lincosamide Antibacterial [EPC];Lincosamides [CS];Neuromuscular Blockade [PE],0009-3329-01,1 BOTTLE in 1 CARTON (0009-3329-01) / 60 mL in 1 BOTTLE,4a3901a4-194f-4a15-9c85-3d0982afcf31,19890531,,20261231,0
43538-179,acne,clindamycin,Clindacin,clindamycin phosphate,"Medimetriks Pharmaceuticals, Inc.",CLINDAMYCIN PHOSPHATE 10 mg/g,clindamycin phosphate 1%,"[{""name"":""CLINDAMYCIN PHOSPHATE"",""strength"":""10 mg/g"",""pct"":1.0,""display"":""1%""}]","AEROSOL, FOAM",TOPICAL,ANDA,ANDA090785,HUMAN PRESCRIPTION DRUG,Decreased Sebaceous Gland Activity [PE];Lincosamide Antibacterial [EPC];Lincosamides [CS];Neuromuscular Blockade [PE],43538-179-10,1 CAN in 1 CARTON (43538-179-10) / 100 g in 1 CAN,d01ffda3-1913-400d-a899-58b8face8936,20100321,,20261231,0
43538-172,acne,clindamycin,Clindacin ETZ,clindamycin phosphate,"Eurofarma, Inc.",CLINDAMYCIN PHOSPHATE 10 mg/1,clindamycin phosphate 10 mg,"[{""name"":""CLINDAMYCIN PHOSPHATE"",""strength"":""10 mg/1"",""pct"":null,""display"":""10 mg""}]",SWAB,TOPICAL,ANDA,ANDA065049,HUMAN PRESCRIPTION DRUG,Decreased Sebaceous Gland Activity [PE];Lincosamide Antibacterial [EPC];Lincosamides [CS];Neuromuscular Blockade [PE],43538-172-60;43538-172-99,60 PACKET in 1 CARTON (43538-172-60) / 1 SWAB in 1 PACKET | 12 PACKET in 1 CARTON (43538-172-99) / 1 SWAB in 1 PACKET,89fed26e-1cad-4c0b-8695-d6f3562ba8d5,20130615,,20271231,0
43538-170,acne,clindamycin,Clindacin P,clindamycin phosphate,"Eurofarma, Inc.",CLINDAMYCIN PHOSPHATE 10 mg/mL,clindamycin phosphate 1%,"[{""name"":""CLINDAMYCIN PHOSPHATE"",""strength"":""10 mg/mL"",""pct"":1.0,""display"":""1%""}]",SOLUTION,TOPICAL,ANDA,ANDA065049,HUMAN PRESCRIPTION DRUG,Decreased Sebaceous Gland Activity [PE];Lincosamide Antibacterial [EPC];Lincosamides [CS];Neuromuscular Blockade [PE],43538-170-69;43538-170-99,69 APPLICATOR in 1 JAR (43538-170-69) / 1 mL in 1 APPLICATOR | 12 PACKET in 1 CARTON (43538-170-99) / 1 mL in 1 PACKET,288371ef-96b6-4ce3-9be1-1d9d309b400c,20110220,,20271231,0
16571-256,acne,clindamycin,Clindamycin Phosphate,clindamycin phosphate,"Rising Pharma Holdings, Inc.",CLINDAMYCIN PHOSPHATE 10 mg/mL,clindamycin phosphate 1%,"[{""name"":""CLINDAMYCIN PHOSPHATE"",""strength"":""10 mg/mL"",""pct"":1.0,""display"":""1%""}]",SOLUTION,TOPICAL,ANDA,ANDA218300,HUMAN PRESCRIPTION DRUG,Decreased Sebaceous Gland Activity [PE];Lincosamide Antibacterial [EPC];Lincosamides [CS];Neuromuscular Blockade [PE],16571-256-60;16571-256-69,60 APPLICATOR in 1 JAR (16571-256-60) / 1 mL in 1 APPLICATOR | 69 APPLICATOR in 1 JAR (16571-256-69) / 1 mL in 1 APPLICATOR,cc8262fe-8e41-49b2-97ae-7985e9a894e9,20260323,,20271231,0
16714-161,acne,clindamycin,Clindamycin Phosphate,clindamycin phosphate,NORTHSTAR RX LLC,CLINDAMYCIN PHOSPHATE 10 mg/g,clindamycin phosphate 1%,"[{""name"":""CLINDAMYCIN PHOSPHATE"",""strength"":""10 mg/g"",""pct"":1.0,""display"":""1%""}]",GEL,TOPICAL,ANDA,ANDA214251,HUMAN PRESCRIPTION DRUG,Decreased Sebaceous Gland Activity [PE];Lincosamide Antibacterial [EPC];Lincosamides [CS];Neuromuscular Blockade [PE],16714-161-01;16714-161-02,1 TUBE in 1 CARTON (16714-161-01) / 30 g in 1 TUBE | 1 TUBE in 1 CARTON (16714-161-02) / 60 g in 1 TUBE,62e1661f-1eab-4693-8cce-c22f572baa7f,20210310,,20271231,0
16714-246,acne,clindamycin,Clindamycin Phosphate,clindamycin phosphate,NORTHSTAR RX LLC,CLINDAMYCIN PHOSPHATE 10 ug/mL,clindamycin phosphate 0.001%,"[{""name"":""CLINDAMYCIN PHOSPHATE"",""strength"":""10 ug/mL"",""pct"":0.001,""display"":""0.001%""}]",LOTION,TOPICAL,ANDA,ANDA214526,HUMAN PRESCRIPTION DRUG,Decreased Sebaceous Gland Activity [PE];Lincosamide Antibacterial [EPC];Lincosamides [CS];Neuromuscular Blockade [PE],16714-246-01,1 BOTTLE in 1 CARTON (16714-246-01) / 60 mL in 1 BOTTLE,f8c7339a-5180-4c6a-99bf-8a7e4d94f2d2,20210628,,20261231,0
21922-036,acne,clindamycin,Clindamycin Phosphate,clindamycin phosphate,"Encube Ethicals, Inc.",CLINDAMYCIN PHOSPHATE 10 ug/mL,clindamycin phosphate 0.001%,"[{""name"":""CLINDAMYCIN PHOSPHATE"",""strength"":""10 ug/mL"",""pct"":0.001,""display"":""0.001%""}]",LOTION,TOPICAL,ANDA,ANDA215607,HUMAN PRESCRIPTION DRUG,Decreased Sebaceous Gland Activity [PE];Lincosamide Antibacterial [EPC];Lincosamides [CS];Neuromuscular Blockade [PE],21922-036-01,1 BOTTLE in 1 CARTON (21922-036-01) / 60 mL in 1 BOTTLE,ba6ae5da-affa-422b-9a53-28f3fc001523,20220119,,20271231,0
45802-128,acne,clindamycin,Clindamycin Phosphate,clindamycin phosphate,Padagis Israel Pharmaceuticals Ltd,CLINDAMYCIN PHOSPHATE 10 mg/mL,clindamycin phosphate 1%,"[{""name"":""CLINDAMYCIN PHOSPHATE"",""strength"":""10 mg/mL"",""pct"":1.0,""display"":""1%""}]",LOTION,TOPICAL,ANDA,ANDA214604,HUMAN PRESCRIPTION DRUG,Decreased Sebaceous Gland Activity [PE];Lincosamide Antibacterial [EPC];Lincosamides [CS];Neuromuscular Blockade [PE],45802-128-01,60 mL in 1 BOTTLE (45802-128-01),a10dda0c-28fa-4678-8cea-a6ce2fce4b52,20210331,,20261231,0
45802-263,acne,clindamycin,Clindamycin Phosphate,clindamycin phosphate,Padagis Israel Pharmaceuticals Ltd,CLINDAMYCIN PHOSPHATE 10 mg/mL,clindamycin phosphate 1%,"[{""name"":""CLINDAMYCIN PHOSPHATE"",""strength"":""10 mg/mL"",""pct"":1.0,""display"":""1%""}]",SOLUTION,TOPICAL,ANDA,ANDA065049,HUMAN PRESCRIPTION DRUG,Decreased Sebaceous Gland Activity [PE];Lincosamide Antibacterial [EPC];Lincosamides [CS];Neuromuscular Blockade [PE],45802-263-37,60 APPLICATOR in 1 JAR (45802-263-37) / 1 mL in 1 APPLICATOR,e492d645-7d2e-4f8a-a43a-9999456e9f72,20060531,,20271231,0
45802-562,acne,clindamycin,Clindamycin Phosphate,clindamycin phosphate,Padagis Israel Pharmaceuticals Ltd,CLINDAMYCIN PHOSPHATE 10 mg/mL,clindamycin phosphate 1%,"[{""name"":""CLINDAMYCIN PHOSPHATE"",""strength"":""10 mg/mL"",""pct"":1.0,""display"":""1%""}]",SOLUTION,TOPICAL,ANDA,ANDA064050,HUMAN PRESCRIPTION DRUG,Decreased Sebaceous Gland Activity [PE];Lincosamide Antibacterial [EPC];Lincosamides [CS];Neuromuscular Blockade [PE],45802-562-01;45802-562-02;45802-562-30;45802-562-60,"1 BOTTLE, WITH APPLICATOR in 1 CARTON (45802-562-01) / 30 mL in 1 BOTTLE, WITH APPLICATOR | 1 BOTTLE, WITH APPLICATOR in 1 CARTON (45802-562-02) / 60 mL in 1 BOTTLE, WITH APPLICATOR | 30 mL in 1 BOTTLE, WITH APPLICATOR (45802-562-30) | 60 mL in 1 BOTTLE, WITH APPLICATOR (45802-562-60)",461ab478-3cf6-4e9b-ba7d-0331b379cacf,20130917,,20271231,0
45802-660,acne,clindamycin,Clindamycin Phosphate,clindamycin phosphate,Padagis Israel Pharmaceuticals Ltd,CLINDAMYCIN PHOSPHATE 10 mg/g,clindamycin phosphate 1%,"[{""name"":""CLINDAMYCIN PHOSPHATE"",""strength"":""10 mg/g"",""pct"":1.0,""display"":""1%""}]","AEROSOL, FOAM",TOPICAL,ANDA,ANDA090785,HUMAN PRESCRIPTION DRUG,Decreased Sebaceous Gland Activity [PE];Lincosamide Antibacterial [EPC];Lincosamides [CS];Neuromuscular Blockade [PE],45802-660-32;45802-660-33,1 CAN in 1 CARTON (45802-660-32) / 50 g in 1 CAN | 1 CAN in 1 CARTON (45802-660-33) / 100 g in 1 CAN,2e6f96d0-d928-4775-a7db-3e998fce675b,20100331,,20261231,0
51672-1399,acne,clindamycin,Clindamycin Phosphate,clindamycin phosphate,"Sun Pharmaceutical Industries, Inc.",CLINDAMYCIN PHOSPHATE 10 mg/g,clindamycin phosphate 1%,"[{""name"":""CLINDAMYCIN PHOSPHATE"",""strength"":""10 mg/g"",""pct"":1.0,""display"":""1%""}]",GEL,TOPICAL,ANDA,ANDA214052,HUMAN PRESCRIPTION DRUG,Decreased Sebaceous Gland Activity [PE];Lincosamide Antibacterial [EPC];Lincosamides [CS];Neuromuscular Blockade [PE],51672-1399-2;51672-1399-3;51672-1399-7,1 TUBE in 1 CARTON (51672-1399-2) / 30 g in 1 TUBE | 1 TUBE in 1 CARTON (51672-1399-3) / 60 g in 1 TUBE | 1 TUBE in 1 CARTON (51672-1399-7) / 75 g in 1 TUBE,80c40d1a-2541-4164-8ccb-1b512a851734,20201110,,20271231,0
51672-1400,acne,clindamycin,Clindamycin Phosphate,clindamycin phosphate,"Sun Pharmaceutical Industries, Inc.",CLINDAMYCIN PHOSPHATE 10 mg/mL,clindamycin phosphate 1%,"[{""name"":""CLINDAMYCIN PHOSPHATE"",""strength"":""10 mg/mL"",""pct"":1.0,""display"":""1%""}]",LOTION,TOPICAL,ANDA,ANDA214526,HUMAN PRESCRIPTION DRUG,Decreased Sebaceous Gland Activity [PE];Lincosamide Antibacterial [EPC];Lincosamides [CS];Neuromuscular Blockade [PE],51672-1400-4,1 BOTTLE in 1 CARTON (51672-1400-4) / 60 mL in 1 BOTTLE,20333796-e2b9-4e11-860b-1dc5ff038b03,20210628,,20261231,0
51672-4081,acne,clindamycin,Clindamycin Phosphate,clindamycin phosphate,"Sun Pharmaceutical Industries, Inc.",CLINDAMYCIN PHOSPHATE 10 mg/mL,clindamycin phosphate 1%,"[{""name"":""CLINDAMYCIN PHOSPHATE"",""strength"":""10 mg/mL"",""pct"":1.0,""display"":""1%""}]",SOLUTION,TOPICAL,ANDA,ANDA065184,HUMAN PRESCRIPTION DRUG,Decreased Sebaceous Gland Activity [PE];Lincosamide Antibacterial [EPC];Lincosamides [CS];Neuromuscular Blockade [PE],51672-4081-3;51672-4081-4,"1 BOTTLE, WITH APPLICATOR in 1 CARTON (51672-4081-3) / 30 mL in 1 BOTTLE, WITH APPLICATOR | 1 BOTTLE, WITH APPLICATOR in 1 CARTON (51672-4081-4) / 60 mL in 1 BOTTLE, WITH APPLICATOR",5b8a6767-2d46-401c-9f85-d427dda9eff7,20040331,,20271231,0
51672-4194,acne,clindamycin,Clindamycin Phosphate,clindamycin phosphate,"Sun Pharmaceutical Industries, Inc.",CLINDAMYCIN PHOSPHATE 10 mg/g,clindamycin phosphate 1%,"[{""name"":""CLINDAMYCIN PHOSPHATE"",""strength"":""10 mg/g"",""pct"":1.0,""display"":""1%""}]","AEROSOL, FOAM",TOPICAL,ANDA,ANDA210004,HUMAN PRESCRIPTION DRUG,Decreased Sebaceous Gland Activity [PE];Lincosamide Antibacterial [EPC];Lincosamides [CS];Neuromuscular Blockade [PE],51672-4194-3;51672-4194-7,1 CAN in 1 CARTON (51672-4194-3) / 50 g in 1 CAN | 1 CAN in 1 CARTON (51672-4194-7) / 100 g in 1 CAN,9dd8b4f9-9db8-4a16-abcd-bf32219e0301,20221001,,20271231,0
62135-478,acne,clindamycin,Clindamycin Phosphate,clindamycin phosphate,"Chartwell RX, LLC",CLINDAMYCIN PHOSPHATE 10 mg/mL,clindamycin phosphate 1%,"[{""name"":""CLINDAMYCIN PHOSPHATE"",""strength"":""10 mg/mL"",""pct"":1.0,""display"":""1%""}]",SOLUTION,TOPICAL,ANDA,ANDA209846,HUMAN PRESCRIPTION DRUG,Decreased Sebaceous Gland Activity [PE];Lincosamide Antibacterial [EPC];Lincosamides [CS];Neuromuscular Blockade [PE],62135-478-30;62135-478-60,"30 mL in 1 BOTTLE, WITH APPLICATOR (62135-478-30) | 60 mL in 1 BOTTLE, WITH APPLICATOR (62135-478-60)",7740ed35-ff93-4c5e-8983-934ff7b86da7,20180208,,20261231,0
68462-605,acne,clindamycin,Clindamycin Phosphate,clindamycin phosphate,"GLENMARK PHARMACEUTICALS INC., USA",CLINDAMYCIN PHOSPHATE 10 mg/g,clindamycin phosphate 1%,"[{""name"":""CLINDAMYCIN PHOSPHATE"",""strength"":""10 mg/g"",""pct"":1.0,""display"":""1%""}]","AEROSOL, FOAM",TOPICAL,ANDA,ANDA210778,HUMAN PRESCRIPTION DRUG,Decreased Sebaceous Gland Activity [PE];Lincosamide Antibacterial [EPC];Lincosamides [CS];Neuromuscular Blockade [PE],68462-605-27;68462-605-94,1 CAN in 1 CARTON (68462-605-27) / 50 g in 1 CAN | 1 CAN in 1 CARTON (68462-605-94) / 100 g in 1 CAN,d0ec3e88-40d9-4919-afc3-cf2e7e863376,20240123,,20271231,0
68462-866,acne,clindamycin,Clindamycin Phosphate,clindamycin phosphate,"GLENMARK PHARMACEUTICALS INC., USA",CLINDAMYCIN PHOSPHATE 10 mg/g,clindamycin phosphate 1%,"[{""name"":""CLINDAMYCIN PHOSPHATE"",""strength"":""10 mg/g"",""pct"":1.0,""display"":""1%""}]",GEL,TOPICAL,ANDA,ANDA214251,HUMAN PRESCRIPTION DRUG,Decreased Sebaceous Gland Activity [PE];Lincosamide Antibacterial [EPC];Lincosamides [CS];Neuromuscular Blockade [PE],68462-866-35;68462-866-65,1 TUBE in 1 CARTON (68462-866-35) / 30 g in 1 TUBE | 1 TUBE in 1 CARTON (68462-866-65) / 60 g in 1 TUBE,d36bad26-f337-4a71-a6e5-d97b60f4e385,20210210,,20271231,0
68682-462,acne,clindamycin,Clindamycin Phosphate,clindamycin phosphate,Oceanside Pharmaceuticals,CLINDAMYCIN PHOSPHATE 10 mg/mL,clindamycin phosphate 1%,"[{""name"":""CLINDAMYCIN PHOSPHATE"",""strength"":""10 mg/mL"",""pct"":1.0,""display"":""1%""}]",GEL,TOPICAL,NDA AUTHORIZED GENERIC,NDA050782,HUMAN PRESCRIPTION DRUG,Decreased Sebaceous Gland Activity [PE];Lincosamide Antibacterial [EPC];Lincosamides [CS];Neuromuscular Blockade [PE],68682-462-75,1 BOTTLE in 1 CARTON (68682-462-75) / 75 mL in 1 BOTTLE,7fd5e0a2-159b-4147-947e-944eeebc1783,20180608,,20261231,0
69238-2031,acne,clindamycin,Clindamycin Phosphate,clindamycin phosphate,Amneal Pharmaceuticals NY LLC,CLINDAMYCIN PHOSPHATE 1 g/100mL,clindamycin phosphate 1%,"[{""name"":""CLINDAMYCIN PHOSPHATE"",""strength"":""1 g/100mL"",""pct"":1.0,""display"":""1%""}]",GEL,TOPICAL,ANDA,ANDA214668,HUMAN PRESCRIPTION DRUG,Decreased Sebaceous Gland Activity [PE];Lincosamide Antibacterial [EPC];Lincosamides [CS];Neuromuscular Blockade [PE],69238-2031-7,1 BOTTLE in 1 CARTON (69238-2031-7) / 75 mL in 1 BOTTLE,ea1d4a37-7da2-4228-8451-6367e1a62554,20220808,,20261231,0
70771-1855,acne,clindamycin,Clindamycin Phosphate,clindamycin phosphate,Zydus Lifesciences Limited,CLINDAMYCIN PHOSPHATE 10 mg/g,clindamycin phosphate 1%,"[{""name"":""CLINDAMYCIN PHOSPHATE"",""strength"":""10 mg/g"",""pct"":1.0,""display"":""1%""}]",GEL,TOPICAL,ANDA,ANDA216587,HUMAN PRESCRIPTION DRUG,Decreased Sebaceous Gland Activity [PE];Lincosamide Antibacterial [EPC];Lincosamides [CS];Neuromuscular Blockade [PE],70771-1855-2;70771-1855-3,1 TUBE in 1 CARTON (70771-1855-2) / 30 g in 1 TUBE | 1 TUBE in 1 CARTON (70771-1855-3) / 60 g in 1 TUBE,ca60af4c-3296-4ef9-839f-9ddb34a266da,20230920,,20261231,0
72578-084,acne,clindamycin,Clindamycin Phosphate,clindamycin phosphate,Viona Pharmaceuticals Inc,CLINDAMYCIN PHOSPHATE 10 mg/mL,clindamycin phosphate 1%,"[{""name"":""CLINDAMYCIN PHOSPHATE"",""strength"":""10 mg/mL"",""pct"":1.0,""display"":""1%""}]",SOLUTION,TOPICAL,ANDA,ANDA208767,HUMAN PRESCRIPTION DRUG,Decreased Sebaceous Gland Activity [PE];Lincosamide Antibacterial [EPC];Lincosamides [CS];Neuromuscular Blockade [PE],72578-084-02;72578-084-03,"1 BOTTLE, WITH APPLICATOR in 1 CARTON (72578-084-02) / 30 mL in 1 BOTTLE, WITH APPLICATOR | 1 BOTTLE, WITH APPLICATOR in 1 CARTON (72578-084-03) / 60 mL in 1 BOTTLE, WITH APPLICATOR",585e8b72-b350-451f-a232-199b1a01e8ce,20200615,,20271231,0
72578-118,acne,clindamycin,Clindamycin Phosphate,clindamycin phosphate,Viona Pharmaceuticals Inc,CLINDAMYCIN PHOSPHATE 10 mg/g,clindamycin phosphate 1%,"[{""name"":""CLINDAMYCIN PHOSPHATE"",""strength"":""10 mg/g"",""pct"":1.0,""display"":""1%""}]",GEL,TOPICAL,ANDA,ANDA216587,HUMAN PRESCRIPTION DRUG,Decreased Sebaceous Gland Activity [PE];Lincosamide Antibacterial [EPC];Lincosamides [CS];Neuromuscular Blockade [PE],72578-118-01;72578-118-02,1 TUBE in 1 CARTON (72578-118-01) / 30 g in 1 TUBE | 1 TUBE in 1 CARTON (72578-118-02) / 60 g in 1 TUBE,3f7a3eaa-0f10-4cbe-b035-0796413308d5,20230920,,20271231,0
73473-300,acne,clindamycin,Clindamycin Phosphate,clindamycin phosphate,Solaris Pharma Corporation,CLINDAMYCIN PHOSPHATE 10 mg/g,clindamycin phosphate 1%,"[{""name"":""CLINDAMYCIN PHOSPHATE"",""strength"":""10 mg/g"",""pct"":1.0,""display"":""1%""}]",GEL,TOPICAL,ANDA,ANDA211872,HUMAN PRESCRIPTION DRUG,Decreased Sebaceous Gland Activity [PE];Lincosamide Antibacterial [EPC];Lincosamides [CS];Neuromuscular Blockade [PE],73473-300-30;73473-300-60,1 TUBE in 1 CARTON (73473-300-30) / 30 g in 1 TUBE | 1 TUBE in 1 CARTON (73473-300-60) / 60 g in 1 TUBE,b46941a9-e75f-48f7-b426-03f307499713,20250103,,20261231,0
73473-302,acne,clindamycin,Clindamycin Phosphate,clindamycin phosphate,Solaris Pharma Corporation,CLINDAMYCIN PHOSPHATE 1 g/10mL,clindamycin phosphate 10%,"[{""name"":""CLINDAMYCIN PHOSPHATE"",""strength"":""1 g/10mL"",""pct"":10.0,""display"":""10%""}]",GEL,TOPICAL,ANDA,ANDA212842,HUMAN PRESCRIPTION DRUG,Decreased Sebaceous Gland Activity [PE];Lincosamide Antibacterial [EPC];Lincosamides [CS];Neuromuscular Blockade [PE],73473-302-75,1 BOTTLE in 1 CARTON (73473-302-75) / 75 mL in 1 BOTTLE,fde07866-b012-47ad-932e-b76f141f86ee,20240915,,20261231,0
70771-1414,acne,clindamycin,Clindamycin phosphate,clindamycin phosphate,Zydus Lifesciences Limited,CLINDAMYCIN PHOSPHATE 10 mg/mL,clindamycin phosphate 1%,"[{""name"":""CLINDAMYCIN PHOSPHATE"",""strength"":""10 mg/mL"",""pct"":1.0,""display"":""1%""}]",SOLUTION,TOPICAL,ANDA,ANDA208767,HUMAN PRESCRIPTION DRUG,Decreased Sebaceous Gland Activity [PE];Lincosamide Antibacterial [EPC];Lincosamides [CS];Neuromuscular Blockade [PE],70771-1414-2;70771-1414-3,1 BOTTLE in 1 CARTON (70771-1414-2) / 30 mL in 1 BOTTLE | 1 BOTTLE in 1 CARTON (70771-1414-3) / 60 mL in 1 BOTTLE,f1f7fb55-1676-4b9e-9f2f-9eaaf33a7633,20190103,,20261231,0
0168-0201,acne,clindamycin,clindamycin phosphate,clindamycin phosphate,"E. Fougera & Co. a division of Fougera Pharmaceuticals, LLC",CLINDAMYCIN PHOSPHATE 10 mg/mL,clindamycin phosphate 1%,"[{""name"":""CLINDAMYCIN PHOSPHATE"",""strength"":""10 mg/mL"",""pct"":1.0,""display"":""1%""}]",SOLUTION,TOPICAL,ANDA,ANDA064159,HUMAN PRESCRIPTION DRUG,Decreased Sebaceous Gland Activity [PE];Lincosamide Antibacterial [EPC];Lincosamides [CS];Neuromuscular Blockade [PE],0168-0201-30;0168-0201-60,1 BOTTLE in 1 CARTON (0168-0201-30) / 30 mL in 1 BOTTLE | 1 BOTTLE in 1 CARTON (0168-0201-60) / 60 mL in 1 BOTTLE,62a2019f-7410-4251-95ed-181925ade6e4,19970605,,20271231,0
0168-0202,acne,clindamycin,clindamycin phosphate,clindamycin phosphate,"E. Fougera & Co. a division of Fougera Pharmaceuticals, LLC",CLINDAMYCIN PHOSPHATE 10 mg/g,clindamycin phosphate 1%,"[{""name"":""CLINDAMYCIN PHOSPHATE"",""strength"":""10 mg/g"",""pct"":1.0,""display"":""1%""}]",GEL,TOPICAL,ANDA,ANDA064160,HUMAN PRESCRIPTION DRUG,Decreased Sebaceous Gland Activity [PE];Lincosamide Antibacterial [EPC];Lincosamides [CS];Neuromuscular Blockade [PE],0168-0202-30;0168-0202-60,1 TUBE in 1 CARTON (0168-0202-30) / 30 g in 1 TUBE | 1 TUBE in 1 CARTON (0168-0202-60) / 60 g in 1 TUBE,62a2019f-7410-4251-95ed-181925ade6e4,20000128,,20271231,0
0168-0203,acne,clindamycin,clindamycin phosphate,clindamycin phosphate,"E. Fougera & Co. a division of Fougera Pharmaceuticals, LLC",CLINDAMYCIN PHOSPHATE 10 mg/mL,clindamycin phosphate 1%,"[{""name"":""CLINDAMYCIN PHOSPHATE"",""strength"":""10 mg/mL"",""pct"":1.0,""display"":""1%""}]",LOTION,TOPICAL,ANDA,ANDA065067,HUMAN PRESCRIPTION DRUG,Decreased Sebaceous Gland Activity [PE];Lincosamide Antibacterial [EPC];Lincosamides [CS];Neuromuscular Blockade [PE],0168-0203-60,1 BOTTLE in 1 CARTON (0168-0203-60) / 60 mL in 1 BOTTLE,62a2019f-7410-4251-95ed-181925ade6e4,20020131,,20271231,0
59762-3743,acne,clindamycin,clindamycin phosphate,clindamycin phosphate,Mylan Pharmaceuticals Inc.,CLINDAMYCIN PHOSPHATE 10 mg/g,clindamycin phosphate 1%,"[{""name"":""CLINDAMYCIN PHOSPHATE"",""strength"":""10 mg/g"",""pct"":1.0,""display"":""1%""}]",GEL,TOPICAL,NDA AUTHORIZED GENERIC,NDA050615,HUMAN PRESCRIPTION DRUG,Decreased Sebaceous Gland Activity [PE];Lincosamide Antibacterial [EPC];Lincosamides [CS];Neuromuscular Blockade [PE],59762-3743-1;59762-3743-2,1 TUBE in 1 CARTON (59762-3743-1) / 30 g in 1 TUBE | 1 TUBE in 1 CARTON (59762-3743-2) / 60 g in 1 TUBE,f7480256-8b32-419a-8983-e2c413040dba,19870107,,20261231,0
59762-3744,acne,clindamycin,clindamycin phosphate,clindamycin phosphate,Mylan Pharmaceuticals Inc.,CLINDAMYCIN PHOSPHATE 10 mg/mL,clindamycin phosphate 1%,"[{""name"":""CLINDAMYCIN PHOSPHATE"",""strength"":""10 mg/mL"",""pct"":1.0,""display"":""1%""}]",LOTION,TOPICAL,NDA AUTHORIZED GENERIC,NDA050600,HUMAN PRESCRIPTION DRUG,Decreased Sebaceous Gland Activity [PE];Lincosamide Antibacterial [EPC];Lincosamides [CS];Neuromuscular Blockade [PE],59762-3744-1,1 BOTTLE in 1 CARTON (59762-3744-1) / 60 mL in 1 BOTTLE,f7480256-8b32-419a-8983-e2c413040dba,19890531,,20261231,0
13548-132,acne,clindamycin,Acanya,clindamycin phosphate and benzoyl peroxide,"Bausch Health US, LLC",CLINDAMYCIN PHOSPHATE 10 mg/g; BENZOYL PEROXIDE 25 mg/g,clindamycin phosphate 1%; benzoyl peroxide 2.5%,"[{""name"":""CLINDAMYCIN PHOSPHATE"",""strength"":""10 mg/g"",""pct"":1.0,""display"":""1%""},{""name"":""BENZOYL PEROXIDE"",""strength"":""25 mg/g"",""pct"":2.5,""display"":""2.5%""}]",GEL,TOPICAL,NDA,NDA050819,HUMAN PRESCRIPTION DRUG,Decreased Sebaceous Gland Activity [PE];Lincosamide Antibacterial [EPC];Lincosamides [CS],13548-132-50,"1 BOTTLE, PUMP in 1 CARTON (13548-132-50) / 50 g in 1 BOTTLE, PUMP",3dcd2c96-72b1-4a9f-b65c-08198d63b7df,20100726,,20261231,0
21922-074,acne,clindamycin,CLINDAMYCIN PHOSPHATE AND BENZOYL PEROXIDE,clindamycin phosphate and benzoyl peroxide,"Encube Ethicals, Inc.",CLINDAMYCIN PHOSPHATE 10 mg/g; BENZOYL PEROXIDE 25 mg/g,clindamycin phosphate 1%; benzoyl peroxide 2.5%,"[{""name"":""CLINDAMYCIN PHOSPHATE"",""strength"":""10 mg/g"",""pct"":1.0,""display"":""1%""},{""name"":""BENZOYL PEROXIDE"",""strength"":""25 mg/g"",""pct"":2.5,""display"":""2.5%""}]",GEL,TOPICAL,ANDA,ANDA207194,HUMAN PRESCRIPTION DRUG,Decreased Sebaceous Gland Activity [PE];Lincosamide Antibacterial [EPC];Lincosamides [CS];Neuromuscular Blockade [PE],21922-074-40,"1 BOTTLE, PUMP in 1 CARTON (21922-074-40) / 50 g in 1 BOTTLE, PUMP",977b2395-14ff-4c64-9a1e-77ef75805a83,20241201,,20271231,0
21922-022,acne,clindamycin,CLINDAMYCIN PHOSPHATE AND BENZOYL PEROXIDE CLINDAMYCIN PHOSPHATE AND BENZOYL PEROXIDE,clindamycin phosphate and benzoyl peroxide,"Encube Ethicals, Inc.",CLINDAMYCIN PHOSPHATE 10 mg/g; BENZOYL PEROXIDE 50 mg/g,clindamycin phosphate 1%; benzoyl peroxide 5%,"[{""name"":""CLINDAMYCIN PHOSPHATE"",""strength"":""10 mg/g"",""pct"":1.0,""display"":""1%""},{""name"":""BENZOYL PEROXIDE"",""strength"":""50 mg/g"",""pct"":5.0,""display"":""5%""}]",GEL,TOPICAL,ANDA,ANDA212433,HUMAN PRESCRIPTION DRUG,Decreased Sebaceous Gland Activity [PE];Lincosamide Antibacterial [EPC];Lincosamides [CS];Neuromuscular Blockade [PE],21922-022-06,1 TUBE in 1 CARTON (21922-022-06) / 45 g in 1 TUBE,8ca01174-431e-449a-a85e-8c68d506776c,20210520,,20261231,0
72603-322,acne,clindamycin,CLINDAMYCIN PHOSPHATE AND BENZOYL PEROXIDE CLINDAMYCIN PHOSPHATE AND BENZOYL PEROXIDE,clindamycin phosphate and benzoyl peroxide,Northstar Rx LLC,CLINDAMYCIN PHOSPHATE 10 mg/g; BENZOYL PEROXIDE 50 mg/g,clindamycin phosphate 1%; benzoyl peroxide 5%,"[{""name"":""CLINDAMYCIN PHOSPHATE"",""strength"":""10 mg/g"",""pct"":1.0,""display"":""1%""},{""name"":""BENZOYL PEROXIDE"",""strength"":""50 mg/g"",""pct"":5.0,""display"":""5%""}]",GEL,TOPICAL,ANDA,ANDA212433,HUMAN PRESCRIPTION DRUG,Decreased Sebaceous Gland Activity [PE];Lincosamide Antibacterial [EPC];Lincosamides [CS];Neuromuscular Blockade [PE],72603-322-01,1 TUBE in 1 CARTON (72603-322-01) / 45 g in 1 TUBE,2fcf4e8d-dd05-49c2-948b-10abbb52e4bc,20241114,,20261231,0
45802-383,acne,clindamycin,Clindamycin Phosphate and Benzoyl Peroxide,clindamycin phosphate and benzoyl peroxide,Padagis Israel Pharmaceuticals Ltd,CLINDAMYCIN PHOSPHATE 10 mg/g; BENZOYL PEROXIDE 37.5 mg/g,clindamycin phosphate 1%; benzoyl peroxide 3.75%,"[{""name"":""CLINDAMYCIN PHOSPHATE"",""strength"":""10 mg/g"",""pct"":1.0,""display"":""1%""},{""name"":""BENZOYL PEROXIDE"",""strength"":""37.5 mg/g"",""pct"":3.75,""display"":""3.75%""}]",GEL,TOPICAL,ANDA,ANDA209610,HUMAN PRESCRIPTION DRUG,Decreased Sebaceous Gland Activity [PE];Lincosamide Antibacterial [EPC];Lincosamides [CS];Neuromuscular Blockade [PE],45802-383-01,"50 g in 1 BOTTLE, PUMP (45802-383-01)",,20240920,,20271231,0
51672-1366,acne,clindamycin,Clindamycin Phosphate and Benzoyl Peroxide,clindamycin phosphate and benzoyl peroxide,"Sun Pharmaceutical Industries, Inc.",CLINDAMYCIN PHOSPHATE 10 mg/g; BENZOYL PEROXIDE 50 mg/g,clindamycin phosphate 1%; benzoyl peroxide 5%,"[{""name"":""CLINDAMYCIN PHOSPHATE"",""strength"":""10 mg/g"",""pct"":1.0,""display"":""1%""},{""name"":""BENZOYL PEROXIDE"",""strength"":""50 mg/g"",""pct"":5.0,""display"":""5%""}]",GEL,TOPICAL,ANDA,ANDA206218,HUMAN PRESCRIPTION DRUG,Decreased Sebaceous Gland Activity [PE];Lincosamide Antibacterial [EPC];Lincosamides [CS];Neuromuscular Blockade [PE],51672-1366-6,1 TUBE in 1 CARTON (51672-1366-6) / 45 g in 1 TUBE,b39aaacb-f429-4cb4-b88b-341b8b8b217c,20171215,,20261231,0
51672-1367,acne,clindamycin,Clindamycin Phosphate and Benzoyl Peroxide,clindamycin phosphate and benzoyl peroxide,"Sun Pharmaceutical Industries, Inc.",CLINDAMYCIN PHOSPHATE 10 mg/g; BENZOYL PEROXIDE 25 mg/g,clindamycin phosphate 1%; benzoyl peroxide 2.5%,"[{""name"":""CLINDAMYCIN PHOSPHATE"",""strength"":""10 mg/g"",""pct"":1.0,""display"":""1%""},{""name"":""BENZOYL PEROXIDE"",""strength"":""25 mg/g"",""pct"":2.5,""display"":""2.5%""}]",GEL,TOPICAL,ANDA,ANDA206575,HUMAN PRESCRIPTION DRUG,Decreased Sebaceous Gland Activity [PE];Lincosamide Antibacterial [EPC];Lincosamides [CS];Neuromuscular Blockade [PE],51672-1367-3,"1 BOTTLE, PUMP in 1 CARTON (51672-1367-3) / 50 g in 1 BOTTLE, PUMP",0a98fc1e-be75-4c22-a7a7-2e4f033b3701,20190819,,20261231,0
51672-1403,acne,clindamycin,Clindamycin Phosphate and Benzoyl Peroxide,clindamycin phosphate and benzoyl peroxide,"Sun Pharmaceutical Industries, Inc.",CLINDAMYCIN PHOSPHATE 10 mg/g; BENZOYL PEROXIDE 50 mg/g,clindamycin phosphate 1%; benzoyl peroxide 5%,"[{""name"":""CLINDAMYCIN PHOSPHATE"",""strength"":""10 mg/g"",""pct"":1.0,""display"":""1%""},{""name"":""BENZOYL PEROXIDE"",""strength"":""50 mg/g"",""pct"":5.0,""display"":""5%""}]",GEL,TOPICAL,ANDA,ANDA208683,HUMAN PRESCRIPTION DRUG,Decreased Sebaceous Gland Activity [PE];Lincosamide Antibacterial [EPC];Lincosamides [CS];Neuromuscular Blockade [PE],51672-1403-4,"50 g in 1 BOTTLE, PUMP (51672-1403-4)",449884c1-cf3b-4e2c-b8a0-82442ea8523a,20180605,,20261231,0
68308-127,acne,clindamycin,Clindamycin Phosphate and Benzoyl Peroxide,clindamycin phosphate and benzoyl peroxide,Mayne Pharma,CLINDAMYCIN PHOSPHATE 10 mg/g; BENZOYL PEROXIDE 37.5 mg/g,clindamycin phosphate 1%; benzoyl peroxide 3.75%,"[{""name"":""CLINDAMYCIN PHOSPHATE"",""strength"":""10 mg/g"",""pct"":1.0,""display"":""1%""},{""name"":""BENZOYL PEROXIDE"",""strength"":""37.5 mg/g"",""pct"":3.75,""display"":""3.75%""}]",GEL,TOPICAL,ANDA,ANDA209610,HUMAN PRESCRIPTION DRUG,Decreased Sebaceous Gland Activity [PE];Lincosamide Antibacterial [EPC];Lincosamides [CS];Neuromuscular Blockade [PE],68308-127-50,"50 g in 1 BOTTLE, PUMP (68308-127-50)",c7381600-2e4c-4e7b-aa67-fe7d5fae7b40,20251001,,20261231,0
68682-132,acne,clindamycin,Clindamycin Phosphate and Benzoyl Peroxide,clindamycin phosphate and benzoyl peroxide,Oceanside Pharmaceuticals,CLINDAMYCIN PHOSPHATE 10 mg/g; BENZOYL PEROXIDE 25 mg/g,clindamycin phosphate 1%; benzoyl peroxide 2.5%,"[{""name"":""CLINDAMYCIN PHOSPHATE"",""strength"":""10 mg/g"",""pct"":1.0,""display"":""1%""},{""name"":""BENZOYL PEROXIDE"",""strength"":""25 mg/g"",""pct"":2.5,""display"":""2.5%""}]",GEL,TOPICAL,NDA AUTHORIZED GENERIC,NDA050819,HUMAN PRESCRIPTION DRUG,Decreased Sebaceous Gland Activity [PE];Lincosamide Antibacterial [EPC];Lincosamides [CS],68682-132-50,"1 BOTTLE, PUMP in 1 CARTON (68682-132-50) / 50 g in 1 BOTTLE, PUMP",edae294f-cc8b-4f94-8d90-4c764fda307b,20180702,,20261231,0
68682-133,acne,clindamycin,Clindamycin Phosphate and Benzoyl Peroxide,clindamycin phosphate and benzoyl peroxide,Oceanside Pharmaceuticals,CLINDAMYCIN PHOSPHATE 10 mg/g; BENZOYL PEROXIDE 37.5 mg/g,clindamycin phosphate 1%; benzoyl peroxide 3.75%,"[{""name"":""CLINDAMYCIN PHOSPHATE"",""strength"":""10 mg/g"",""pct"":1.0,""display"":""1%""},{""name"":""BENZOYL PEROXIDE"",""strength"":""37.5 mg/g"",""pct"":3.75,""display"":""3.75%""}]",GEL,TOPICAL,NDA AUTHORIZED GENERIC,NDA050819,HUMAN PRESCRIPTION DRUG,Decreased Sebaceous Gland Activity [PE];Lincosamide Antibacterial [EPC];Lincosamides [CS];Neuromuscular Blockade [PE],68682-133-50,"1 BOTTLE, PUMP in 1 CARTON (68682-133-50) / 50 g in 1 BOTTLE, PUMP",1d53ec2b-d33d-4245-99f1-e41b30303660,20231002,,20261231,0
70710-1445,acne,clindamycin,Clindamycin Phosphate and Benzoyl Peroxide,clindamycin phosphate and benzoyl peroxide,Zydus Pharmaceuticals USA Inc.,CLINDAMYCIN PHOSPHATE 10 mg/g; BENZOYL PEROXIDE 50 mg/g,clindamycin phosphate 1%; benzoyl peroxide 5%,"[{""name"":""CLINDAMYCIN PHOSPHATE"",""strength"":""10 mg/g"",""pct"":1.0,""display"":""1%""},{""name"":""BENZOYL PEROXIDE"",""strength"":""50 mg/g"",""pct"":5.0,""display"":""5%""}]",GEL,TOPICAL,ANDA,ANDA210794,HUMAN PRESCRIPTION DRUG,Decreased Sebaceous Gland Activity [PE];Lincosamide Antibacterial [EPC];Lincosamides [CS];Neuromuscular Blockade [PE],70710-1445-4,1 TUBE in 1 CARTON (70710-1445-4) / 45 g in 1 TUBE,83d52507-99a1-4461-b067-5ec01dc6c5d3,20190307,,20261231,0
70771-1450,acne,clindamycin,Clindamycin Phosphate and Benzoyl Peroxide,clindamycin phosphate and benzoyl peroxide,Zydus Lifesciences Limited,CLINDAMYCIN PHOSPHATE 10 mg/g; BENZOYL PEROXIDE 50 mg/g,clindamycin phosphate 1%; benzoyl peroxide 5%,"[{""name"":""CLINDAMYCIN PHOSPHATE"",""strength"":""10 mg/g"",""pct"":1.0,""display"":""1%""},{""name"":""BENZOYL PEROXIDE"",""strength"":""50 mg/g"",""pct"":5.0,""display"":""5%""}]",GEL,TOPICAL,ANDA,ANDA210794,HUMAN PRESCRIPTION DRUG,Decreased Sebaceous Gland Activity [PE];Lincosamide Antibacterial [EPC];Lincosamides [CS];Neuromuscular Blockade [PE],70771-1450-4,1 TUBE in 1 CARTON (70771-1450-4) / 45 g in 1 TUBE,cc45f9bc-4639-4d95-b12d-01f6504592bb,20190307,,20261231,0
43538-176,acne,clindamycin,Neuac,clindamycin phosphate and benzoyl peroxide,Medimetriks Pharmaceuticals,CLINDAMYCIN PHOSPHATE 10 mg/g; BENZOYL PEROXIDE 50 mg/g,clindamycin phosphate 1%; benzoyl peroxide 5%,"[{""name"":""CLINDAMYCIN PHOSPHATE"",""strength"":""10 mg/g"",""pct"":1.0,""display"":""1%""},{""name"":""BENZOYL PEROXIDE"",""strength"":""50 mg/g"",""pct"":5.0,""display"":""5%""}]",GEL,TOPICAL,ANDA,ANDA090979,HUMAN PRESCRIPTION DRUG,Decreased Sebaceous Gland Activity [PE];Lincosamide Antibacterial [EPC];Lincosamides [CS];Neuromuscular Blockade [PE],43538-176-45,1 TUBE in 1 CARTON (43538-176-45) / 45 g in 1 TUBE,e2cd1c2a-00ee-465e-a4f4-9c0a0bc6266f,20140615,,20261231,0
0187-3050,acne,clindamycin,ONEXTON,clindamycin phosphate and benzoyl peroxide,"Bausch Health US, LLC",CLINDAMYCIN PHOSPHATE 10 mg/g; BENZOYL PEROXIDE 37.5 mg/g,clindamycin phosphate 1%; benzoyl peroxide 3.75%,"[{""name"":""CLINDAMYCIN PHOSPHATE"",""strength"":""10 mg/g"",""pct"":1.0,""display"":""1%""},{""name"":""BENZOYL PEROXIDE"",""strength"":""37.5 mg/g"",""pct"":3.75,""display"":""3.75%""}]",GEL,TOPICAL,NDA,NDA050819,HUMAN PRESCRIPTION DRUG,Decreased Sebaceous Gland Activity [PE];Lincosamide Antibacterial [EPC];Lincosamides [CS];Neuromuscular Blockade [PE],0187-3050-35;0187-3050-50,"3.5 g in 1 TUBE (0187-3050-35) | 1 BOTTLE, PUMP in 1 CARTON (0187-3050-50) / 50 g in 1 BOTTLE, PUMP",697e760a-c206-4565-8f4e-a8085e215827,20141124,,20261231,0
21922-027,acne,clindamycin,Clindamycin Phosphate,"clindamycin phosphate gel usp, 1%","Encube Ethicals, Inc.",CLINDAMYCIN PHOSPHATE 10 mg/g,clindamycin phosphate 1%,"[{""name"":""CLINDAMYCIN PHOSPHATE"",""strength"":""10 mg/g"",""pct"":1.0,""display"":""1%""}]",GEL,TOPICAL,ANDA,ANDA212438,HUMAN PRESCRIPTION DRUG,Decreased Sebaceous Gland Activity [PE];Lincosamide Antibacterial [EPC];Lincosamides [CS];Neuromuscular Blockade [PE],21922-027-05;21922-027-07,1 TUBE in 1 CARTON (21922-027-05) / 30 g in 1 TUBE | 1 TUBE in 1 CARTON (21922-027-07) / 60 g in 1 TUBE,ac21d7ad-f94e-4d57-95e3-1648add7ad0b,20210315,,20271231,0
80005-131,acne,clindamycin,Clindamycin Phosphate,clindamycin phosphate topical,"Carnegie Pharmaceuticals, LLC",CLINDAMYCIN PHOSPHATE 10 mg/mL,clindamycin phosphate 1%,"[{""name"":""CLINDAMYCIN PHOSPHATE"",""strength"":""10 mg/mL"",""pct"":1.0,""display"":""1%""}]",SOLUTION,TOPICAL,ANDA,ANDA219612,HUMAN PRESCRIPTION DRUG,Decreased Sebaceous Gland Activity [PE];Lincosamide Antibacterial [EPC];Lincosamides [CS];Neuromuscular Blockade [PE],80005-131-09;80005-131-38,60 APPLICATOR in 1 JAR (80005-131-09) / 1 mL in 1 APPLICATOR | 69 APPLICATOR in 1 JAR (80005-131-38) / 1 mL in 1 APPLICATOR,c8fe61f1-f3c5-4452-9980-a727461b9844,20250616,,20271231,0
72319-696,acne,clindamycin,Clindamycin phosphate,clindamycin phosphate topical,"i3 Pharmaceuticals, LLC",CLINDAMYCIN PHOSPHATE 10 mg/mL,clindamycin phosphate 1%,"[{""name"":""CLINDAMYCIN PHOSPHATE"",""strength"":""10 mg/mL"",""pct"":1.0,""display"":""1%""}]",SOLUTION,TOPICAL,ANDA,ANDA065513,HUMAN PRESCRIPTION DRUG,Decreased Sebaceous Gland Activity [PE];Lincosamide Antibacterial [EPC];Lincosamides [CS];Neuromuscular Blockade [PE],72319-696-60,60 APPLICATOR in 1 JAR (72319-696-60) / 1 mL in 1 APPLICATOR,8233eca5-d8bb-448d-9696-cb680da7a24f,20250616,,20271231,0
21922-002,acne,clindamycin,"Clindamycin Phoaphate Topical Solution USP, 1%","clindamycin phosphate topical solution usp, 1%","Encube Ethicals, Inc.",CLINDAMYCIN PHOSPHATE 10 mg/mL,clindamycin phosphate 1%,"[{""name"":""CLINDAMYCIN PHOSPHATE"",""strength"":""10 mg/mL"",""pct"":1.0,""display"":""1%""}]",SOLUTION,TOPICAL,ANDA,ANDA209914,HUMAN PRESCRIPTION DRUG,Decreased Sebaceous Gland Activity [PE];Lincosamide Antibacterial [EPC];Lincosamides [CS];Neuromuscular Blockade [PE],21922-002-01;21922-002-21,1 BOTTLE in 1 CARTON (21922-002-01) / 60 mL in 1 BOTTLE | 1 BOTTLE in 1 CARTON (21922-002-21) / 30 mL in 1 BOTTLE,b2dfb76b-db09-43e7-8366-6791449a4918,20190304,,20261231,0
72603-321,acne,clindamycin,"Clindamycin Phoaphate Topical Solution USP, 1%","clindamycin phosphate topical solution usp, 1%",Northstar Rx LLC,CLINDAMYCIN PHOSPHATE 10 mg/mL,clindamycin phosphate 1%,"[{""name"":""CLINDAMYCIN PHOSPHATE"",""strength"":""10 mg/mL"",""pct"":1.0,""display"":""1%""}]",SOLUTION,TOPICAL,ANDA,ANDA209914,HUMAN PRESCRIPTION DRUG,Decreased Sebaceous Gland Activity [PE];Lincosamide Antibacterial [EPC];Lincosamides [CS];Neuromuscular Blockade [PE],72603-321-01;72603-321-02,1 BOTTLE in 1 CARTON (72603-321-01) / 30 mL in 1 BOTTLE | 1 BOTTLE in 1 CARTON (72603-321-02) / 60 mL in 1 BOTTLE,407f6d80-7de0-45d9-8ad2-5b95d233b96d,20241114,,20261231,0
45802-597,acne,clindamycin,Clindamycin Phosphate and Benzoyl Peroxide,"clindamycin phosphate, benzoyl peroxide",Padagis Israel Pharmaceuticals Ltd,BENZOYL PEROXIDE 25 mg/g; CLINDAMYCIN PHOSPHATE 10 mg/g,benzoyl peroxide 2.5%; clindamycin phosphate 1%,"[{""name"":""BENZOYL PEROXIDE"",""strength"":""25 mg/g"",""pct"":2.5,""display"":""2.5%""},{""name"":""CLINDAMYCIN PHOSPHATE"",""strength"":""10 mg/g"",""pct"":1.0,""display"":""1%""}]",GEL,TOPICAL,ANDA,ANDA205397,HUMAN PRESCRIPTION DRUG,Decreased Sebaceous Gland Activity [PE];Lincosamide Antibacterial [EPC];Lincosamides [CS];Neuromuscular Blockade [PE],45802-597-01,"1 BOTTLE, PUMP in 1 CARTON (45802-597-01) / 50 g in 1 BOTTLE, PUMP",221de6a3-c1d7-4dcf-a47b-51edaa682c2a,20190912,,20261231,0
45802-736,acne,clindamycin,clindamycin phosphate and benzoyl peroxide,"clindamycin, benzoyl peroxide",Padagis Israel Pharmaceuticals Ltd,CLINDAMYCIN PHOSPHATE 10 mg/g; BENZOYL PEROXIDE 50 mg/g,clindamycin phosphate 1%; benzoyl peroxide 5%,"[{""name"":""CLINDAMYCIN PHOSPHATE"",""strength"":""10 mg/g"",""pct"":1.0,""display"":""1%""},{""name"":""BENZOYL PEROXIDE"",""strength"":""50 mg/g"",""pct"":5.0,""display"":""5%""}]",GEL,TOPICAL,ANDA,ANDA090979,HUMAN PRESCRIPTION DRUG,Decreased Sebaceous Gland Activity [PE];Lincosamide Antibacterial [EPC];Lincosamides [CS];Neuromuscular Blockade [PE],45802-736-84,1 TUBE in 1 CARTON (45802-736-84) / 45 g in 1 TUBE,1c7040f2-e503-408a-b07e-72c7972ce78d,20120626,,20261231,0
16110-526,acne,dapsone,Aczone,dapsone,"Almirall, LLC",DAPSONE 75 mg/g,dapsone 7.5%,"[{""name"":""DAPSONE"",""strength"":""75 mg/g"",""pct"":7.5,""display"":""7.5%""}]",GEL,TOPICAL,NDA,NDA207154,HUMAN PRESCRIPTION DRUG,Sulfone [EPC];Sulfones [CS],16110-526-60;16110-526-90,"1 BOTTLE, PUMP in 1 CARTON (16110-526-60) / 60 g in 1 BOTTLE, PUMP | 1 BOTTLE, PUMP in 1 CARTON (16110-526-90) / 90 g in 1 BOTTLE, PUMP",22058b7d-a578-4eaa-a476-ac982337f02a,20190910,,20261231,0
0713-0886,acne,dapsone,DAPSONE,dapsone,"Cosette Pharmaceuticals, Inc.",DAPSONE 50 mg/g,dapsone 5%,"[{""name"":""DAPSONE"",""strength"":""50 mg/g"",""pct"":5.0,""display"":""5%""}]",GEL,TOPICAL,ANDA,ANDA210178,HUMAN PRESCRIPTION DRUG,Sulfone [EPC];Sulfones [CS],0713-0886-18;0713-0886-60,1 TUBE in 1 CARTON (0713-0886-18) / 90 g in 1 TUBE | 1 TUBE in 1 CARTON (0713-0886-60) / 60 g in 1 TUBE,bc035edf-50d0-47ba-9b60-fe394ab3c32f,20230508,,20261231,0
46708-551,acne,dapsone,DAPSONE,dapsone,Alembic Pharmaceuticals Limited,DAPSONE 50 mg/g,dapsone 5%,"[{""name"":""DAPSONE"",""strength"":""50 mg/g"",""pct"":5.0,""display"":""5%""}]",GEL,TOPICAL,ANDA,ANDA213414,HUMAN PRESCRIPTION DRUG,Sulfone [EPC];Sulfones [CS],46708-551-30;46708-551-60;46708-551-90,1 TUBE in 1 CARTON (46708-551-30) / 30 g in 1 TUBE | 1 TUBE in 1 CARTON (46708-551-60) / 60 g in 1 TUBE | 1 TUBE in 1 CARTON (46708-551-90) / 90 g in 1 TUBE,0f1301f6-884d-4fc7-a5b2-421b2375b985,20260701,,20271231,0
59651-666,acne,dapsone,DAPSONE,dapsone,Aurobindo Pharma Limited,DAPSONE 50 mg/g,dapsone 5%,"[{""name"":""DAPSONE"",""strength"":""50 mg/g"",""pct"":5.0,""display"":""5%""}]",GEL,TOPICAL,ANDA,ANDA218457,HUMAN PRESCRIPTION DRUG,Sulfone [EPC];Sulfones [CS],59651-666-60;59651-666-90,1 TUBE in 1 CARTON (59651-666-60) / 60 g in 1 TUBE | 1 TUBE in 1 CARTON (59651-666-90) / 90 g in 1 TUBE,acd33f0b-8563-467a-93db-a11902331528,20250404,,20271231,0
60758-670,acne,dapsone,DAPSONE,dapsone,"Pacific Pharma, Inc.",DAPSONE 50 mg/g,dapsone 5%,"[{""name"":""DAPSONE"",""strength"":""50 mg/g"",""pct"":5.0,""display"":""5%""}]",GEL,TOPICAL,NDA AUTHORIZED GENERIC,NDA021794,HUMAN PRESCRIPTION DRUG,Sulfone [EPC];Sulfones [CS],60758-670-30;60758-670-60;60758-670-90,1 TUBE in 1 CARTON (60758-670-30) / 30 g in 1 TUBE | 1 TUBE in 1 CARTON (60758-670-60) / 60 g in 1 TUBE | 1 TUBE in 1 CARTON (60758-670-90) / 90 g in 1 TUBE,8dbe1a41-6d9d-414f-aa9c-09bd95857e2a,20171018,,20261231,0
62332-551,acne,dapsone,DAPSONE,dapsone,Alembic Pharmaceuticals Inc.,DAPSONE 50 mg/g,dapsone 5%,"[{""name"":""DAPSONE"",""strength"":""50 mg/g"",""pct"":5.0,""display"":""5%""}]",GEL,TOPICAL,ANDA,ANDA213414,HUMAN PRESCRIPTION DRUG,Sulfone [EPC];Sulfones [CS],62332-551-30;62332-551-60;62332-551-90,1 TUBE in 1 CARTON (62332-551-30) / 30 g in 1 TUBE | 1 TUBE in 1 CARTON (62332-551-60) / 60 g in 1 TUBE | 1 TUBE in 1 CARTON (62332-551-90) / 90 g in 1 TUBE,7249f655-1d8e-482a-889a-1e7e1a19500c,20260701,,20271231,0
0378-4830,acne,dapsone,Dapsone,dapsone,Mylan Pharmaceuticals Inc.,DAPSONE 75 mg/g,dapsone 7.5%,"[{""name"":""DAPSONE"",""strength"":""75 mg/g"",""pct"":7.5,""display"":""7.5%""}]",GEL,TOPICAL,ANDA,ANDA213847,HUMAN PRESCRIPTION DRUG,Sulfone [EPC];Sulfones [CS],0378-4830-60;0378-4830-90,"1 BOTTLE, PUMP in 1 CARTON (0378-4830-60) / 60 g in 1 BOTTLE, PUMP | 1 BOTTLE, PUMP in 1 CARTON (0378-4830-90) / 90 g in 1 BOTTLE, PUMP",e04da0a1-d02a-487d-a931-a31034738fdd,20220520,,20261231,0
16714-956,acne,dapsone,Dapsone,dapsone,NORTHSTAR RX LLC,DAPSONE 50 mg/g,dapsone 5%,"[{""name"":""DAPSONE"",""strength"":""50 mg/g"",""pct"":5.0,""display"":""5%""}]",GEL,TOPICAL,ANDA,ANDA209506,HUMAN PRESCRIPTION DRUG,Sulfone [EPC];Sulfones [CS],16714-956-01;16714-956-02,1 TUBE in 1 CARTON (16714-956-01) / 60 g in 1 TUBE | 1 TUBE in 1 CARTON (16714-956-02) / 90 g in 1 TUBE,91d027f1-cbc6-4066-870b-01b1ddb1f48f,20171016,,20261231,0
16714-975,acne,dapsone,Dapsone,dapsone,NORTHSTAR RX LLC,DAPSONE 75 mg/g,dapsone 7.5%,"[{""name"":""DAPSONE"",""strength"":""75 mg/g"",""pct"":7.5,""display"":""7.5%""}]",GEL,TOPICAL,ANDA,ANDA210191,HUMAN PRESCRIPTION DRUG,Sulfone [EPC];Sulfones [CS],16714-975-01;16714-975-02,"1 BOTTLE, PUMP in 1 CARTON (16714-975-01) / 60 g in 1 BOTTLE, PUMP | 1 BOTTLE, PUMP in 1 CARTON (16714-975-02) / 90 g in 1 BOTTLE, PUMP",51ebcb4d-4368-4748-a6f3-1ec2100fed63,20231006,,20261231,0
46708-663,acne,dapsone,Dapsone,dapsone,Alembic Pharmaceuticals Limited,DAPSONE 75 mg/g,dapsone 7.5%,"[{""name"":""DAPSONE"",""strength"":""75 mg/g"",""pct"":7.5,""display"":""7.5%""}]",GEL,TOPICAL,ANDA,ANDA215718,HUMAN PRESCRIPTION DRUG,Sulfone [EPC];Sulfones [CS],46708-663-30;46708-663-60;46708-663-90,"1 BOTTLE, PUMP in 1 CARTON (46708-663-30) / 30 g in 1 BOTTLE, PUMP | 1 BOTTLE, PUMP in 1 CARTON (46708-663-60) / 60 g in 1 BOTTLE, PUMP | 1 BOTTLE, PUMP in 1 CARTON (46708-663-90) / 90 g in 1 BOTTLE, PUMP",d71eba65-3d78-4252-acb8-90eea60921d1,20231030,,20261231,0
51672-1387,acne,dapsone,Dapsone,dapsone,"Sun Pharmaceutical Industries, Inc.",DAPSONE 50 mg/g,dapsone 5%,"[{""name"":""DAPSONE"",""strength"":""50 mg/g"",""pct"":5.0,""display"":""5%""}]",GEL,TOPICAL,ANDA,ANDA209506,HUMAN PRESCRIPTION DRUG,Sulfone [EPC];Sulfones [CS],51672-1387-2;51672-1387-3;51672-1387-8,1 TUBE in 1 CARTON (51672-1387-2) / 30 g in 1 TUBE | 1 TUBE in 1 CARTON (51672-1387-3) / 60 g in 1 TUBE | 1 TUBE in 1 CARTON (51672-1387-8) / 90 g in 1 TUBE,97e6444c-1496-4508-9434-8a2a93225e17,20171016,,20261231,0
51672-1388,acne,dapsone,Dapsone,dapsone,"Sun Pharmaceutical Industries, Inc.",DAPSONE 75 mg/g,dapsone 7.5%,"[{""name"":""DAPSONE"",""strength"":""75 mg/g"",""pct"":7.5,""display"":""7.5%""}]",GEL,TOPICAL,ANDA,ANDA210191,HUMAN PRESCRIPTION DRUG,Sulfone [EPC];Sulfones [CS],51672-1388-2;51672-1388-3;51672-1388-8,"1 BOTTLE, PUMP in 1 CARTON (51672-1388-2) / 30 g in 1 BOTTLE, PUMP | 1 BOTTLE, PUMP in 1 CARTON (51672-1388-3) / 60 g in 1 BOTTLE, PUMP | 1 BOTTLE, PUMP in 1 CARTON (51672-1388-8) / 90 g in 1 BOTTLE, PUMP",32fcb7e0-5a6d-4d95-b81c-148012a54112,20190626,,20261231,0
51862-123,acne,dapsone,Dapsone,dapsone,Mayne Pharma,DAPSONE 50 mg/g,dapsone 5%,"[{""name"":""DAPSONE"",""strength"":""50 mg/g"",""pct"":5.0,""display"":""5%""}]",GEL,TOPICAL,ANDA,ANDA212383,HUMAN PRESCRIPTION DRUG,Sulfone [EPC];Sulfones [CS],51862-123-60,1 TUBE in 1 CARTON (51862-123-60) / 60 g in 1 TUBE,dc495e54-8917-42de-a9fa-1f961bd99d61,20240214,,20261231,0
52817-832,acne,dapsone,Dapsone,dapsone,"Trupharma, LLC",DAPSONE 75 mg/g,dapsone 7.5%,"[{""name"":""DAPSONE"",""strength"":""75 mg/g"",""pct"":7.5,""display"":""7.5%""}]",GEL,TOPICAL,ANDA,ANDA213636,HUMAN PRESCRIPTION DRUG,Sulfone [EPC];Sulfones [CS],52817-832-60;52817-832-90,1 TUBE in 1 CARTON (52817-832-60) / 60 g in 1 TUBE | 1 TUBE in 1 CARTON (52817-832-90) / 90 g in 1 TUBE,2763bcbb-e249-be2b-e063-6394a90a5015,20241120,,20261231,0
62332-663,acne,dapsone,Dapsone,dapsone,Alembic Pharmaceuticals Inc.,DAPSONE 75 mg/g,dapsone 7.5%,"[{""name"":""DAPSONE"",""strength"":""75 mg/g"",""pct"":7.5,""display"":""7.5%""}]",GEL,TOPICAL,ANDA,ANDA215718,HUMAN PRESCRIPTION DRUG,Sulfone [EPC];Sulfones [CS],62332-663-30;62332-663-60;62332-663-90,"1 BOTTLE, PUMP in 1 CARTON (62332-663-30) / 30 g in 1 BOTTLE, PUMP | 1 BOTTLE, PUMP in 1 CARTON (62332-663-60) / 60 g in 1 BOTTLE, PUMP | 1 BOTTLE, PUMP in 1 CARTON (62332-663-90) / 90 g in 1 BOTTLE, PUMP",2811f7de-13bf-45cd-8413-5b04d11f40ff,20231030,,20261231,0
65162-339,acne,dapsone,Dapsone,dapsone,Amneal Pharmaceuticals LLC,DAPSONE 50 mg/g,dapsone 5%,"[{""name"":""DAPSONE"",""strength"":""50 mg/g"",""pct"":5.0,""display"":""5%""}]",GEL,TOPICAL,ANDA,ANDA209890,HUMAN PRESCRIPTION DRUG,Sulfone [EPC];Sulfones [CS],65162-339-63;65162-339-85;65162-339-91,1 TUBE in 1 CARTON (65162-339-63) / 30 g in 1 TUBE | 1 TUBE in 1 CARTON (65162-339-85) / 60 g in 1 TUBE | 1 TUBE in 1 CARTON (65162-339-91) / 90 g in 1 TUBE,f3e33970-ac11-4bb6-9f39-6f58d86fdefb,20231024,,20261231,0
68308-342,acne,dapsone,Dapsone,dapsone,Mayne Pharma Commercial LLC,DAPSONE 75 mg/g,dapsone 7.5%,"[{""name"":""DAPSONE"",""strength"":""75 mg/g"",""pct"":7.5,""display"":""7.5%""}]",GEL,TOPICAL,ANDA,ANDA214722,HUMAN PRESCRIPTION DRUG,Sulfone [EPC];Sulfones [CS],68308-342-60;68308-342-90,"1 BOTTLE, PUMP in 1 CARTON (68308-342-60) / 60 g in 1 BOTTLE, PUMP | 1 BOTTLE, PUMP in 1 CARTON (68308-342-90) / 90 g in 1 BOTTLE, PUMP",cbf9e81e-00ef-4218-975e-6a1610b7f1dd,20220211,,20261231,0
70771-1538,acne,dapsone,Dapsone,dapsone,Zydus Lifesciences Limited,DAPSONE 75 mg/g,dapsone 7.5%,"[{""name"":""DAPSONE"",""strength"":""75 mg/g"",""pct"":7.5,""display"":""7.5%""}]",GEL,TOPICAL,ANDA,ANDA214019,HUMAN PRESCRIPTION DRUG,Sulfone [EPC];Sulfones [CS],70771-1538-2;70771-1538-3;70771-1538-8,"1 BOTTLE, PUMP in 1 CARTON (70771-1538-2) / 30 g in 1 BOTTLE, PUMP | 1 BOTTLE, PUMP in 1 CARTON (70771-1538-3) / 60 g in 1 BOTTLE, PUMP | 1 BOTTLE, PUMP in 1 CARTON (70771-1538-8) / 90 g in 1 BOTTLE, PUMP",8b63b653-0507-4f95-9bfa-70fd071e15a6,20240510,,20261231,0
72578-094,acne,dapsone,Dapsone,dapsone,Viona Pharmaceuticals Inc,DAPSONE 75 mg/g,dapsone 7.5%,"[{""name"":""DAPSONE"",""strength"":""75 mg/g"",""pct"":7.5,""display"":""7.5%""}]",GEL,TOPICAL,ANDA,ANDA214019,HUMAN PRESCRIPTION DRUG,Sulfone [EPC];Sulfones [CS],72578-094-01;72578-094-02;72578-094-03,"1 BOTTLE, PUMP in 1 CARTON (72578-094-01) / 30 g in 1 BOTTLE, PUMP | 1 BOTTLE, PUMP in 1 CARTON (72578-094-02) / 60 g in 1 BOTTLE, PUMP | 1 BOTTLE, PUMP in 1 CARTON (72578-094-03) / 90 g in 1 BOTTLE, PUMP",30867c69-cf3c-4360-8e56-db96e0b0c3ab,20240510,,20261231,0
13668-605,acne,dapsone,dapsone,dapsone,Torrent Pharmaceuticals Limited,DAPSONE 75 mg/g,dapsone 7.5%,"[{""name"":""DAPSONE"",""strength"":""75 mg/g"",""pct"":7.5,""display"":""7.5%""}]",GEL,TOPICAL,ANDA,ANDA214722,HUMAN PRESCRIPTION DRUG,Sulfone [EPC];Sulfones [CS],13668-605-05;13668-605-08,"1 BOTTLE, PUMP in 1 CARTON (13668-605-05) / 60 g in 1 BOTTLE, PUMP | 1 BOTTLE, PUMP in 1 CARTON (13668-605-08) / 90 g in 1 BOTTLE, PUMP",f8cffc24-8310-4f21-ae77-7f6ad6095551,20220210,,20261231,0
21922-018,acne,dapsone,Dapsone,"dapsone gel, 5%","Encube Ethicals, Inc.",DAPSONE 50 mg/g,dapsone 5%,"[{""name"":""DAPSONE"",""strength"":""50 mg/g"",""pct"":5.0,""display"":""5%""}]",GEL,TOPICAL,ANDA,ANDA212383,HUMAN PRESCRIPTION DRUG,Sulfone [EPC];Sulfones [CS],21922-018-07;21922-018-08,1 TUBE in 1 CARTON (21922-018-07) / 60 g in 1 TUBE | 1 TUBE in 1 CARTON (21922-018-08) / 90 g in 1 TUBE,4205a1a9-c459-47bb-9538-1dd559ca71f1,20231016,,20261231,0
52817-831,acne,dapsone,Dapsone,"dapsone gel, 5%","Trupharma, LLC",DAPSONE 50 mg/g,dapsone 5%,"[{""name"":""DAPSONE"",""strength"":""50 mg/g"",""pct"":5.0,""display"":""5%""}]",GEL,TOPICAL,ANDA,ANDA213907,HUMAN PRESCRIPTION DRUG,Sulfone [EPC];Sulfones [CS],52817-831-60;52817-831-90,1 TUBE in 1 CARTON (52817-831-60) / 60 g in 1 TUBE | 1 TUBE in 1 CARTON (52817-831-90) / 90 g in 1 TUBE,699b6157-3245-43b6-91ee-c86ea262bc83,20240301,,20261231,0
45802-962,acne,erythromycin,Ery,erythromycin,Padagis Israel Pharmaceuticals Ltd,ERYTHROMYCIN 20 mg/mL,erythromycin 2%,"[{""name"":""ERYTHROMYCIN"",""strength"":""20 mg/mL"",""pct"":2.0,""display"":""2%""}]",SWAB,TOPICAL,ANDA,ANDA064126,HUMAN PRESCRIPTION DRUG,Decreased Sebaceous Gland Activity [PE];Macrolide Antimicrobial [EPC];Macrolide [EPC];Macrolides [CS],45802-962-72,60 APPLICATOR in 1 JAR (45802-962-72) / .8 mL in 1 APPLICATOR,9a63da11-01be-4c63-a260-e6bdbb4a7a69,20080707,,20271231,0
45802-966,acne,erythromycin,Erythromycin,erythromycin,Padagis Israel Pharmaceuticals Ltd,ERYTHROMYCIN 20 mg/g,erythromycin 2%,"[{""name"":""ERYTHROMYCIN"",""strength"":""20 mg/g"",""pct"":2.0,""display"":""2%""}]",GEL,TOPICAL,ANDA,ANDA063211,HUMAN PRESCRIPTION DRUG,Decreased Sebaceous Gland Activity [PE];Macrolide Antimicrobial [EPC];Macrolide [EPC];Macrolides [CS],45802-966-94;45802-966-96,1 TUBE in 1 CARTON (45802-966-94) / 30 g in 1 TUBE | 1 TUBE in 1 CARTON (45802-966-96) / 60 g in 1 TUBE,dd64459e-c88f-4ca8-b63b-fb96377a3921,20080612,,20261231,0
45802-038,acne,erythromycin,erythromycin,erythromycin,Padagis Israel Pharmaceuticals Ltd,ERYTHROMYCIN 20 mg/mL,erythromycin 2%,"[{""name"":""ERYTHROMYCIN"",""strength"":""20 mg/mL"",""pct"":2.0,""display"":""2%""}]",SOLUTION,TOPICAL,ANDA,ANDA063038,HUMAN PRESCRIPTION DRUG,Decreased Sebaceous Gland Activity [PE];Macrolide Antimicrobial [EPC];Macrolide [EPC];Macrolides [CS],45802-038-46,1 BOTTLE in 1 CARTON (45802-038-46) / 60 mL in 1 BOTTLE,40edf1bd-42bb-4662-aff6-01fcc133c05d,20111219,,20261231,0
64980-328,acne,erythromycin,Erythromycin and Benzoyl Peroxide,erythromycin and benzoyl peroxide,"Rising Pharma Holdings, Inc.",ERYTHROMYCIN 30 mg/g; BENZOYL PEROXIDE 50 mg/g,erythromycin 3%; benzoyl peroxide 5%,"[{""name"":""ERYTHROMYCIN"",""strength"":""30 mg/g"",""pct"":3.0,""display"":""3%""},{""name"":""BENZOYL PEROXIDE"",""strength"":""50 mg/g"",""pct"":5.0,""display"":""5%""}]",GEL,TOPICAL,ANDA,ANDA065385,HUMAN PRESCRIPTION DRUG,Decreased Sebaceous Gland Activity [PE];Macrolide Antimicrobial [EPC];Macrolide [EPC];Macrolides [CS],64980-328-01;64980-328-02,23.3 g in 1 JAR (64980-328-01) | 46.6 g in 1 JAR (64980-328-02),d449d7e2-5c25-406d-87ab-30809d292476,20161018,,20261231,0
71656-030,acne,erythromycin,erythromycin topical solution 2%,erythromycin topical solution 2%,"Saptalis Pharmaceuticals, LLC LLC",ERYTHROMYCIN 20 mg/mL,erythromycin 2%,"[{""name"":""ERYTHROMYCIN"",""strength"":""20 mg/mL"",""pct"":2.0,""display"":""2%""}]",SOLUTION,TOPICAL,ANDA,ANDA062687,HUMAN PRESCRIPTION DRUG,Decreased Sebaceous Gland Activity [PE];Macrolide Antimicrobial [EPC];Macrolide [EPC];Macrolides [CS],71656-030-60,1 BOTTLE in 1 CARTON (71656-030-60) / 60 mL in 1 BOTTLE,21b64a3f-2c95-1c1a-e063-6294a90a0ea0,20240814,,20261231,0
69489-201,acne,minocycline,AMZEEQ,minocycline,Journey Medical Corporation,MINOCYCLINE HYDROCHLORIDE 40 mg/g,minocycline hydrochloride 4%,"[{""name"":""MINOCYCLINE HYDROCHLORIDE"",""strength"":""40 mg/g"",""pct"":4.0,""display"":""4%""}]","AEROSOL, FOAM",TOPICAL,NDA,NDA212379,HUMAN PRESCRIPTION DRUG,Decreased Prothrombin Activity [PE];Tetracycline-class Drug [EPC];Tetracyclines [CS],69489-201-03;69489-201-30,1 CAN in 1 CARTON (69489-201-03) / 3 g in 1 CAN | 1 CAN in 1 CARTON (69489-201-30) / 30 g in 1 CAN,cc251492-977b-4eb1-a088-a90831324bad,20220325,,20261231,0
69489-212,acne,minocycline,ZILXI,minocycline,Journey Medical Corporation,MINOCYCLINE HYDROCHLORIDE 15 mg/g,minocycline hydrochloride 1.5%,"[{""name"":""MINOCYCLINE HYDROCHLORIDE"",""strength"":""15 mg/g"",""pct"":1.5,""display"":""1.5%""}]","AEROSOL, FOAM",TOPICAL,NDA,NDA213690,HUMAN PRESCRIPTION DRUG,Decreased Prothrombin Activity [PE];Tetracycline-class Drug [EPC];Tetracyclines [CS],69489-212-03;69489-212-30,1 CAN in 1 CARTON (69489-212-03) / 3 g in 1 CAN | 1 CAN in 1 CARTON (69489-212-30) / 30 g in 1 CAN,cbffa96e-2446-43cf-ba5e-38c645302afd,20221001,,20261231,0
0178-0630,acne,sulfacetamide,OVACE PLUS,sodium sulfacetamide,Mission Pharmacal Company,SULFACETAMIDE SODIUM 100 mg/mL,sulfacetamide sodium 10%,"[{""name"":""SULFACETAMIDE SODIUM"",""strength"":""100 mg/mL"",""pct"":10.0,""display"":""10%""}]",LIQUID,TOPICAL,UNAPPROVED DRUG OTHER,,HUMAN PRESCRIPTION DRUG,Sulfonamide Antibacterial [EPC];Sulfonamides [CS],0178-0630-16,"473 mL in 1 BOTTLE, PLASTIC (0178-0630-16)",48018b8f-b5bd-4cb8-9577-905211c7d53b,20110907,,20271231,0
42192-129,acne,sulfacetamide,SODIUM SULFACETAMIDE,sodium sulfacetamide,"Acella Pharmaceuticals, LLC",SULFACETAMIDE SODIUM 100 mg/mL,sulfacetamide sodium 10%,"[{""name"":""SULFACETAMIDE SODIUM"",""strength"":""100 mg/mL"",""pct"":10.0,""display"":""10%""}]",LIQUID,TOPICAL,UNAPPROVED DRUG OTHER,,HUMAN PRESCRIPTION DRUG,Sulfonamide Antibacterial [EPC];Sulfonamides [CS],42192-129-16,480 mL in 1 BOTTLE (42192-129-16),77671f48-b574-490f-a1c2-b321af8dac52,20110104,,20271231,0
44523-606,acne,sulfacetamide,SODIUM SULFACETAMIDE,sodium sulfacetamide,"BioComp Pharma, Inc.",SULFACETAMIDE SODIUM 100 mg/mL,sulfacetamide sodium 10%,"[{""name"":""SULFACETAMIDE SODIUM"",""strength"":""100 mg/mL"",""pct"":10.0,""display"":""10%""}]",LIQUID,TOPICAL,UNAPPROVED DRUG OTHER,,HUMAN PRESCRIPTION DRUG,Sulfonamide Antibacterial [EPC];Sulfonamides [CS],44523-606-12;44523-606-16,"355 mL in 1 BOTTLE, PLASTIC (44523-606-12) | 473 mL in 1 BOTTLE, PLASTIC (44523-606-16)",d8954bfa-2acf-445a-9810-62cfd5d469b3,20130107,,20261231,0
44523-613,acne,sulfacetamide,SODIUM SULFACETAMIDE,sodium sulfacetamide,"BioComp Pharma, Inc.",SULFACETAMIDE SODIUM 100 mg/mL,sulfacetamide sodium 10%,"[{""name"":""SULFACETAMIDE SODIUM"",""strength"":""100 mg/mL"",""pct"":10.0,""display"":""10%""}]",LIQUID,TOPICAL,UNAPPROVED DRUG OTHER,,HUMAN PRESCRIPTION DRUG,Sulfonamide Antibacterial [EPC];Sulfonamides [CS],44523-613-06,"177 mL in 1 BOTTLE, PLASTIC (44523-613-06)",efde52a6-216d-4ccc-8574-5e3e41ec7e06,20110907,,20271231,0
71399-0480,acne,sulfacetamide,SODIUM SULFACETAMIDE,sodium sulfacetamide,Akron Pharma Inc,SULFACETAMIDE SODIUM 100 mg/mL,sulfacetamide sodium 10%,"[{""name"":""SULFACETAMIDE SODIUM"",""strength"":""100 mg/mL"",""pct"":10.0,""display"":""10%""}]",LIQUID,TOPICAL,UNAPPROVED DRUG OTHER,,HUMAN PRESCRIPTION DRUG,Sulfonamide Antibacterial [EPC];Sulfonamides [CS],71399-0480-2;71399-0480-6;71399-0480-8,360 mL in 1 BOTTLE (71399-0480-2) | 480 mL in 1 BOTTLE (71399-0480-6) | 240 mL in 1 BOTTLE (71399-0480-8),ba08bf7c-5fdc-447a-b8de-3f319cee7e4e,20240913,,20261231,0
71399-1599,acne,sulfacetamide,SODIUM SULFACETAMIDE,sodium sulfacetamide,Akron Pharma Inc,SULFACETAMIDE SODIUM 100 mg/mL,sulfacetamide sodium 10%,"[{""name"":""SULFACETAMIDE SODIUM"",""strength"":""100 mg/mL"",""pct"":10.0,""display"":""10%""}]",SHAMPOO,TOPICAL,UNAPPROVED DRUG OTHER,,HUMAN PRESCRIPTION DRUG,Sulfonamide Antibacterial [EPC];Sulfonamides [CS],71399-1599-8,237 mL in 1 BOTTLE (71399-1599-8),732dc306-069f-4cbf-9398-8a057829b83e,20240913,,20261231,0
16477-410,acne,sulfacetamide,Sodium Sulfacetamide,sodium sulfacetamide,"Laser Pharmaceuticals, LLC",SULFACETAMIDE SODIUM 100 mg/mL,sulfacetamide sodium 10%,"[{""name"":""SULFACETAMIDE SODIUM"",""strength"":""100 mg/mL"",""pct"":10.0,""display"":""10%""}]",LIQUID,TOPICAL,UNAPPROVED DRUG OTHER,,HUMAN PRESCRIPTION DRUG,Sulfonamide Antibacterial [EPC];Sulfonamides [CS],16477-410-06;16477-410-12,177 mL in 1 BOTTLE (16477-410-06) | 354.8 mL in 1 BOTTLE (16477-410-12),bdc2211e-6d20-1500-e053-2a95a90ab145,20210317,,20261231,0
16477-411,acne,sulfacetamide,Sodium Sulfacetamide,sodium sulfacetamide,"Laser Pharmaceuticals, LLC",SULFACETAMIDE SODIUM 100 mg/mL,sulfacetamide sodium 10%,"[{""name"":""SULFACETAMIDE SODIUM"",""strength"":""100 mg/mL"",""pct"":10.0,""display"":""10%""}]",SHAMPOO,TOPICAL,UNAPPROVED DRUG OTHER,,HUMAN PRESCRIPTION DRUG,Sulfonamide Antibacterial [EPC];Sulfonamides [CS],16477-411-08,1 BOTTLE in 1 CARTON (16477-411-08) / 237 mL in 1 BOTTLE,055a586a-a840-0205-e063-6394a90a44cb,20230913,,20261231,0
44523-510,acne,sulfacetamide,Sodium Sulfacetamide,sodium sulfacetamide,"BioComp Pharma, Inc.",SULFACETAMIDE SODIUM 100 mg/mL,sulfacetamide sodium 10%,"[{""name"":""SULFACETAMIDE SODIUM"",""strength"":""100 mg/mL"",""pct"":10.0,""display"":""10%""}]",SHAMPOO,TOPICAL,UNAPPROVED DRUG OTHER,,HUMAN PRESCRIPTION DRUG,Sulfonamide Antibacterial [EPC];Sulfonamides [CS],44523-510-08,"237 mL in 1 BOTTLE, PLASTIC (44523-510-08)",ac7863c6-387c-4c90-bfaa-5f1544e1e887,20110915,,20261231,0
58657-477,acne,sulfacetamide,Sodium Sulfacetamide,sodium sulfacetamide,"Method Pharmaceuticals, LLC",SULFACETAMIDE SODIUM 100 mg/g,sulfacetamide sodium 10%,"[{""name"":""SULFACETAMIDE SODIUM"",""strength"":""100 mg/g"",""pct"":10.0,""display"":""10%""}]",LIQUID,TOPICAL,UNAPPROVED DRUG OTHER,,HUMAN PRESCRIPTION DRUG,Sulfonamide Antibacterial [EPC];Sulfonamides [CS],58657-477-06;58657-477-12;58657-477-16,177 g in 1 BOTTLE (58657-477-06) | 355 g in 1 BOTTLE (58657-477-12) | 480 g in 1 BOTTLE (58657-477-16),d65e777b-682b-732d-e053-2a95a90a41ad,20220115,,20271231,0
83720-543,acne,sulfacetamide,Sodium Sulfacetamide 10% wash,sodium sulfacetamide,Oncor Pharmaceuticals,SULFACETAMIDE SODIUM 100 mg/mL,sulfacetamide sodium 10%,"[{""name"":""SULFACETAMIDE SODIUM"",""strength"":""100 mg/mL"",""pct"":10.0,""display"":""10%""}]",LIQUID,TOPICAL,UNAPPROVED DRUG OTHER,,HUMAN PRESCRIPTION DRUG,Sulfonamide Antibacterial [EPC];Sulfonamides [CS],83720-543-16,473 mL in 1 BOTTLE (83720-543-16),448e383a-2dbe-411f-a8a7-c83156e8a503,20251114,,20271231,0
68682-010,acne,sulfacetamide,Sodium sulfacetamide,sodium sulfacetamide,Oceanside Pharmaceuticals,SULFACETAMIDE SODIUM 100 mg/mL,sulfacetamide sodium 10%,"[{""name"":""SULFACETAMIDE SODIUM"",""strength"":""100 mg/mL"",""pct"":10.0,""display"":""10%""}]",LOTION,TOPICAL,NDA AUTHORIZED GENERIC,NDA019931,HUMAN PRESCRIPTION DRUG,Sulfonamide Antibacterial [EPC];Sulfonamides [CS],68682-010-04,"1 BOTTLE, PLASTIC in 1 CARTON (68682-010-04) / 118 mL in 1 BOTTLE, PLASTIC",6fa7399b-4ced-492d-b6f6-cf155764087a,20151218,,20261231,0
83720-547,acne,sulfacetamide,Sodium Sulfacetamide 10% and Sulfur 5% Cleanser,sodium sulfacetamide 10% and sulfur 5%,Oncor Pharmaceuticals,SULFACETAMIDE SODIUM 100 mg/g; SULFUR 50 mg/g,sulfacetamide sodium 10%; sulfur 5%,"[{""name"":""SULFACETAMIDE SODIUM"",""strength"":""100 mg/g"",""pct"":10.0,""display"":""10%""},{""name"":""SULFUR"",""strength"":""50 mg/g"",""pct"":5.0,""display"":""5%""}]",RINSE,TOPICAL,UNAPPROVED DRUG OTHER,,HUMAN PRESCRIPTION DRUG,Sulfonamide Antibacterial [EPC];Sulfonamides [CS],83720-547-06;83720-547-12,"170 g in 1 BOTTLE, PLASTIC (83720-547-06) | 340 g in 1 BOTTLE, PLASTIC (83720-547-12)",f5fecb2b-52d7-4373-b432-ad23aa93085e,20251114,,20271231,0
58657-468,acne,sulfacetamide,SODIUM SULFACETAMIDE 10% AND SULFUR 5% Emollient Cream,sodium sulfacetamide 10% and sulfur 5% emollient cream,"Method Pharmaceuticals, LLC",SULFACETAMIDE SODIUM 100 mg/g; SULFUR 50 mg/g,sulfacetamide sodium 10%; sulfur 5%,"[{""name"":""SULFACETAMIDE SODIUM"",""strength"":""100 mg/g"",""pct"":10.0,""display"":""10%""},{""name"":""SULFUR"",""strength"":""50 mg/g"",""pct"":5.0,""display"":""5%""}]",CREAM,TOPICAL,UNAPPROVED DRUG OTHER,,HUMAN PRESCRIPTION DRUG,Sulfonamide Antibacterial [EPC];Sulfonamides [CS],58657-468-01;58657-468-02,"28 g in 1 BOTTLE, PLASTIC (58657-468-01) | 57 g in 1 BOTTLE, PLASTIC (58657-468-02)",dfc5bab2-2170-606e-e053-2a95a90a3961,20220515,,20271231,0
87026-202,acne,sulfacetamide,"SODIUM SULFACETAMIDE, SULFUR","sodium sulfacetamide 10%, sulfur 5%",Aspen Medical LLC,SULFACETAMIDE SODIUM 100 mg/g; SULFUR 50 mg/g,sulfacetamide sodium 10%; sulfur 5%,"[{""name"":""SULFACETAMIDE SODIUM"",""strength"":""100 mg/g"",""pct"":10.0,""display"":""10%""},{""name"":""SULFUR"",""strength"":""50 mg/g"",""pct"":5.0,""display"":""5%""}]",LIQUID,TOPICAL,UNAPPROVED DRUG OTHER,,HUMAN PRESCRIPTION DRUG,Sulfonamide Antibacterial [EPC];Sulfonamides [CS],87026-202-06;87026-202-12,170 g in 1 BOTTLE (87026-202-06) | 340 g in 1 BOTTLE (87026-202-12),46064e69-cc19-8cee-e063-6394a90a8d32,20260101,,20271231,0
87026-203,acne,sulfacetamide,"SODIUM SULFACETAMIDE, SULFUR",sodium sulfacetamide 8% sulfur 4%,Aspen Medical LLC,SULFACETAMIDE SODIUM 80 mg/g; SULFUR 40 mg/g,sulfacetamide sodium 8%; sulfur 4%,"[{""name"":""SULFACETAMIDE SODIUM"",""strength"":""80 mg/g"",""pct"":8.0,""display"":""8%""},{""name"":""SULFUR"",""strength"":""40 mg/g"",""pct"":4.0,""display"":""4%""}]",LIQUID,TOPICAL,UNAPPROVED DRUG OTHER,,HUMAN PRESCRIPTION DRUG,Sulfonamide Antibacterial [EPC];Sulfonamides [CS],87026-203-16,473 g in 1 BOTTLE (87026-203-16),4ba94e96-b107-77fe-e063-6394a90aa980,20260201,,20271231,0
44523-748,acne,sulfacetamide,SODIUM SULFACETAMIDE AND SULFUR,sodium sulfacetamide 9.8% and sulfur 4.8%,"BioComp Pharma, Inc.",SULFACETAMIDE SODIUM 98 mg/g; SULFUR 48 mg/g,sulfacetamide sodium 9.8%; sulfur 4.8%,"[{""name"":""SULFACETAMIDE SODIUM"",""strength"":""98 mg/g"",""pct"":9.8,""display"":""9.8%""},{""name"":""SULFUR"",""strength"":""48 mg/g"",""pct"":4.8,""display"":""4.8%""}]",EMULSION,TOPICAL,UNAPPROVED DRUG OTHER,,HUMAN PRESCRIPTION DRUG,Sulfonamide Antibacterial [EPC];Sulfonamides [CS],44523-748-10,"285 g in 1 BOTTLE, PLASTIC (44523-748-10)",1ba8bb47-6f7a-28ec-e063-6394a90a8eb3,20241217,,20261231,0
87026-205,acne,sulfacetamide,"SODIUM SULFACETAMIDE, SULFUR",sodium sulfacetamide 9.8% sulfur 4.8%,Aspen Medical LLC,SULFACETAMIDE SODIUM 98 mg/g; SULFUR 48 mg/g,sulfacetamide sodium 9.8%; sulfur 4.8%,"[{""name"":""SULFACETAMIDE SODIUM"",""strength"":""98 mg/g"",""pct"":9.8,""display"":""9.8%""},{""name"":""SULFUR"",""strength"":""48 mg/g"",""pct"":4.8,""display"":""4.8%""}]",LIQUID,TOPICAL,UNAPPROVED DRUG OTHER,,HUMAN PRESCRIPTION DRUG,Sulfonamide Antibacterial [EPC];Sulfonamides [CS],87026-205-10,285 g in 1 BOTTLE (87026-205-10),4915e4eb-5307-d2db-e063-6394a90a67b3,20260201,,20271231,0
83720-546,acne,sulfacetamide,Sodium Sulfacetamide 9.8% Sulfur 4.8% Cleanser,sodium sulfacetamide 9.8% sulfur 4.8%,Oncor Pharmaceuticals,SULFACETAMIDE SODIUM 98 mg/g; SULFUR 48 mg/g,sulfacetamide sodium 9.8%; sulfur 4.8%,"[{""name"":""SULFACETAMIDE SODIUM"",""strength"":""98 mg/g"",""pct"":9.8,""display"":""9.8%""},{""name"":""SULFUR"",""strength"":""48 mg/g"",""pct"":4.8,""display"":""4.8%""}]",LIQUID,TOPICAL,UNAPPROVED DRUG OTHER,,HUMAN PRESCRIPTION DRUG,Sulfonamide Antibacterial [EPC];Sulfonamides [CS],83720-546-10,"285 g in 1 BOTTLE, PLASTIC (83720-546-10)",400646ae-94d1-4825-a737-161c4128e9d8,20251114,,20271231,0
73352-750,acne,sulfacetamide,Sodium Sulfacetamide and Sulfer Emulsion,sodium sulfacetamide and sulfer,Trifluent Pharma,SULFACETAMIDE SODIUM 100 mg/mL; SULFUR 10 mg/mL,sulfacetamide sodium 10%; sulfur 1%,"[{""name"":""SULFACETAMIDE SODIUM"",""strength"":""100 mg/mL"",""pct"":10.0,""display"":""10%""},{""name"":""SULFUR"",""strength"":""10 mg/mL"",""pct"":1.0,""display"":""1%""}]",EMULSION,TOPICAL,UNAPPROVED DRUG OTHER,,HUMAN PRESCRIPTION DRUG,Sulfonamide Antibacterial [EPC];Sulfonamides [CS],73352-750-01,177 mL in 1 BOTTLE (73352-750-01),40601d03-aea0-b0a6-e063-6394a90a1698,20251004,,20261231,0
42192-104,acne,sulfacetamide,SODIUM SULFACETAMIDE and SULFUR Wash,sodium sulfacetamide and sulfur,"Acella Pharmaceuticals, LLC",SULFACETAMIDE SODIUM 100 mg/g; SULFUR 10 mg/g,sulfacetamide sodium 10%; sulfur 1%,"[{""name"":""SULFACETAMIDE SODIUM"",""strength"":""100 mg/g"",""pct"":10.0,""display"":""10%""},{""name"":""SULFUR"",""strength"":""10 mg/g"",""pct"":1.0,""display"":""1%""}]",LIQUID,TOPICAL,UNAPPROVED DRUG OTHER,,HUMAN PRESCRIPTION DRUG,Sulfonamide Antibacterial [EPC];Sulfonamides [CS],42192-104-06,1 TUBE in 1 CARTON (42192-104-06) / 170.1 g in 1 TUBE,8da300bc-834c-4814-a799-b9ebc9056d8d,20080604,,20261231,0
42192-139,acne,sulfacetamide,"SODIUM SULFACETAMIDE, SULFUR",sodium sulfacetamide and sulfur,"Acella Pharmaceuticals, LLC",SULFACETAMIDE SODIUM 100 mg/g; SULFUR 50 mg/g,sulfacetamide sodium 10%; sulfur 5%,"[{""name"":""SULFACETAMIDE SODIUM"",""strength"":""100 mg/g"",""pct"":10.0,""display"":""10%""},{""name"":""SULFUR"",""strength"":""50 mg/g"",""pct"":5.0,""display"":""5%""}]",CREAM,TOPICAL,UNAPPROVED DRUG OTHER,,HUMAN PRESCRIPTION DRUG,Sulfonamide Antibacterial [EPC];Sulfonamides [CS],42192-139-01,28 g in 1 TUBE (42192-139-01),99705c54-b7af-423d-8f20-881e8fea236f,20140611,,20271231,0
42192-149,acne,sulfacetamide,"SODIUM SULFACETAMIDE, SULFUR",sodium sulfacetamide and sulfur,"Acella Pharmaceuticals, LLC",SULFACETAMIDE SODIUM 100 mg/g; SULFUR 50 mg/g,sulfacetamide sodium 10%; sulfur 5%,"[{""name"":""SULFACETAMIDE SODIUM"",""strength"":""100 mg/g"",""pct"":10.0,""display"":""10%""},{""name"":""SULFUR"",""strength"":""50 mg/g"",""pct"":5.0,""display"":""5%""}]",CREAM,TOPICAL,UNAPPROVED DRUG OTHER,,HUMAN PRESCRIPTION DRUG,Sulfonamide Antibacterial [EPC];Sulfonamides [CS],42192-149-02,57 g in 1 TUBE (42192-149-02),99705c54-b7af-423d-8f20-881e8fea236f,20140814,,20271231,0
50405-851,acne,sulfacetamide,Sodium Sulfacetamide 10 % and Sulfur 2 % Cleanser,sodium sulfacetamide and sulfur,"SOHM, Inc",SULFACETAMIDE SODIUM 100 mg/g; SULFUR 20 mg/g,sulfacetamide sodium 10%; sulfur 2%,"[{""name"":""SULFACETAMIDE SODIUM"",""strength"":""100 mg/g"",""pct"":10.0,""display"":""10%""},{""name"":""SULFUR"",""strength"":""20 mg/g"",""pct"":2.0,""display"":""2%""}]",LOTION,TOPICAL,UNAPPROVED DRUG OTHER,,HUMAN PRESCRIPTION DRUG,Sulfonamide Antibacterial [EPC];Sulfonamides [CS],50405-851-01,227 g in 1 BOTTLE (50405-851-01),480b4c92-45a1-4ac8-83ee-791abf1b8759,20230503,,20261231,0
50405-850,acne,sulfacetamide,Sodium Sulfacetamide 10 % and Sulfur 5 % Cleanser,sodium sulfacetamide and sulfur,"SOHM, Inc",SULFACETAMIDE SODIUM 100 mg/g; SULFUR 50 mg/g,sulfacetamide sodium 10%; sulfur 5%,"[{""name"":""SULFACETAMIDE SODIUM"",""strength"":""100 mg/g"",""pct"":10.0,""display"":""10%""},{""name"":""SULFUR"",""strength"":""50 mg/g"",""pct"":5.0,""display"":""5%""}]",LIQUID,TOPICAL,UNAPPROVED DRUG OTHER,,HUMAN PRESCRIPTION DRUG,Sulfonamide Antibacterial [EPC];Sulfonamides [CS],50405-850-01;50405-850-02,170 g in 1 BOTTLE (50405-850-01) | 340 g in 1 BOTTLE (50405-850-02),dc4f3e25-a39d-4965-80e8-4fe2361a67d0,20230430,,20261231,0
83720-542,acne,sulfacetamide,Sodium Sulfacetamide 8% Sulfur 4% CLEANSER,sodium sulfacetamide and sulfur,Oncor Pharmaceuticals,SULFACETAMIDE SODIUM 80 mg/mL; SULFUR 40 mg/mL,sulfacetamide sodium 8%; sulfur 4%,"[{""name"":""SULFACETAMIDE SODIUM"",""strength"":""80 mg/mL"",""pct"":8.0,""display"":""8%""},{""name"":""SULFUR"",""strength"":""40 mg/mL"",""pct"":4.0,""display"":""4%""}]",LIQUID,TOPICAL,UNAPPROVED DRUG OTHER,,HUMAN PRESCRIPTION DRUG,Sulfonamide Antibacterial [EPC];Sulfonamides [CS],83720-542-16,"473 mL in 1 BOTTLE, PLASTIC (83720-542-16)",d44a7a26-ea6b-469f-931a-812a031868ea,20251114,,20271231,0
50405-852,acne,sulfacetamide,Sodium Sulfacetamide 9.8 % and Sulfur 4.8 % Cleanser,sodium sulfacetamide and sulfur,"SOHM, Inc",SULFACETAMIDE SODIUM 98 mg/g; SULFUR 48 mg/g,sulfacetamide sodium 9.8%; sulfur 4.8%,"[{""name"":""SULFACETAMIDE SODIUM"",""strength"":""98 mg/g"",""pct"":9.8,""display"":""9.8%""},{""name"":""SULFUR"",""strength"":""48 mg/g"",""pct"":4.8,""display"":""4.8%""}]",LOTION,TOPICAL,UNAPPROVED DRUG OTHER,,HUMAN PRESCRIPTION DRUG,Sulfonamide Antibacterial [EPC];Sulfonamides [CS],50405-852-01,285 g in 1 BOTTLE (50405-852-01),67d67324-ff2d-4d5b-8bc5-308c6f4522f5,20230503,,20261231,0
42192-133,acne,sulfacetamide,Sodium Sulfacetamide and Sulfur,sodium sulfacetamide and sulfur,"Acella Pharmaceuticals, LLC",SULFACETAMIDE SODIUM 80 mg/mL; SULFUR 40 mg/mL,sulfacetamide sodium 8%; sulfur 4%,"[{""name"":""SULFACETAMIDE SODIUM"",""strength"":""80 mg/mL"",""pct"":8.0,""display"":""8%""},{""name"":""SULFUR"",""strength"":""40 mg/mL"",""pct"":4.0,""display"":""4%""}]",SOLUTION,TOPICAL,UNAPPROVED DRUG OTHER,,HUMAN PRESCRIPTION DRUG,Sulfonamide Antibacterial [EPC];Sulfonamides [CS],42192-133-16,473 mL in 1 BOTTLE (42192-133-16),c3ff4716-6009-4e29-9da9-ea740726cc3c,20110513,,20271231,0
69367-245,acne,sulfacetamide,Sodium Sulfacetamide and Sulfur,sodium sulfacetamide and sulfur,"Westminster Pharmaceuticals, LLC",SULFACETAMIDE SODIUM 80 mg/mL; SULFUR 40 mg/mL,sulfacetamide sodium 8%; sulfur 4%,"[{""name"":""SULFACETAMIDE SODIUM"",""strength"":""80 mg/mL"",""pct"":8.0,""display"":""8%""},{""name"":""SULFUR"",""strength"":""40 mg/mL"",""pct"":4.0,""display"":""4%""}]",SUSPENSION,TOPICAL,UNAPPROVED DRUG OTHER,,HUMAN PRESCRIPTION DRUG,Sulfonamide Antibacterial [EPC];Sulfonamides [CS],69367-245-16,473 mL in 1 BOTTLE (69367-245-16),e9b60d3f-3f3f-477d-92d7-fe0ba07e21de,20210618,,20261231,0
42192-121,acne,sulfacetamide,SODIUM SULFACETAMIDE - SULFUR WASH,"sodium sulfacetamide, sulfur",ACELLA PHARMACEUTICALS,SULFACETAMIDE 90 mg/473.2mL; SULFUR 40 mg/473.2mL,sulfacetamide 0.019%; sulfur 0.0085%,"[{""name"":""SULFACETAMIDE"",""strength"":""90 mg/473.2mL"",""pct"":0.019,""display"":""0.019%""},{""name"":""SULFUR"",""strength"":""40 mg/473.2mL"",""pct"":0.0085,""display"":""0.0085%""}]",LIQUID,TOPICAL,UNAPPROVED DRUG OTHER,,HUMAN PRESCRIPTION DRUG,Sulfonamide Antibacterial [EPC];Sulfonamides [CS],42192-121-16,473.2 mL in 1 BOTTLE (42192-121-16),d9c5e993-e82a-436f-bd95-8984935c6551,20100916,,20271231,0
44523-605,acne,sulfacetamide,SODIUM SULFACETAMIDE AND SULFUR,"sodium sulfacetamide, sulfur","BioComp Pharma, Inc.",SULFUR 45 mg/g; SULFACETAMIDE SODIUM 90 mg/g,sulfur 4.5%; sulfacetamide sodium 9%,"[{""name"":""SULFUR"",""strength"":""45 mg/g"",""pct"":4.5,""display"":""4.5%""},{""name"":""SULFACETAMIDE SODIUM"",""strength"":""90 mg/g"",""pct"":9.0,""display"":""9%""}]",LOTION,TOPICAL,UNAPPROVED DRUG OTHER,,HUMAN PRESCRIPTION DRUG,Sulfonamide Antibacterial [EPC];Sulfonamides [CS],44523-605-16,"454 g in 1 BOTTLE, PLASTIC (44523-605-16)",61e1497d-40ff-0c87-e053-2991aa0a2943,20110415,,20271231,0
24470-950,acne,sulfacetamide,"SODIUM SULFACETAMIDE, SULFUR","sodium sulfacetamide, sulfur","Cintex Services, LLC",SULFACETAMIDE SODIUM 90 mg/mL; SULFUR 40 mg/mL,sulfacetamide sodium 9%; sulfur 4%,"[{""name"":""SULFACETAMIDE SODIUM"",""strength"":""90 mg/mL"",""pct"":9.0,""display"":""9%""},{""name"":""SULFUR"",""strength"":""40 mg/mL"",""pct"":4.0,""display"":""4%""}]",LIQUID,TOPICAL,UNAPPROVED DRUG OTHER,,HUMAN PRESCRIPTION DRUG,Sulfonamide Antibacterial [EPC];Sulfonamides [CS],24470-950-16,"473 mL in 1 BOTTLE, PLASTIC (24470-950-16)",413746d8-5469-3f62-e063-6294a90af82c,20251020,,20261231,0
24470-951,acne,sulfacetamide,"SODIUM SULFACETAMIDE, SULFUR","sodium sulfacetamide, sulfur","Cintex Services, LLC",SULFUR 40 mg/mL; SULFACETAMIDE SODIUM 80 mg/mL,sulfur 4%; sulfacetamide sodium 8%,"[{""name"":""SULFUR"",""strength"":""40 mg/mL"",""pct"":4.0,""display"":""4%""},{""name"":""SULFACETAMIDE SODIUM"",""strength"":""80 mg/mL"",""pct"":8.0,""display"":""8%""}]",SUSPENSION,TOPICAL,UNAPPROVED DRUG OTHER,,HUMAN PRESCRIPTION DRUG,Sulfonamide Antibacterial [EPC];Sulfonamides [CS],24470-951-16,473 mL in 1 BOTTLE (24470-951-16),4137736e-7c9e-94e0-e063-6294a90ac97c,20251020,,20261231,0
24470-953,acne,sulfacetamide,"SODIUM SULFACETAMIDE, SULFUR","sodium sulfacetamide, sulfur","Cintex Services, LLC",SULFACETAMIDE SODIUM 100 mg/g; SULFUR 50 mg/g,sulfacetamide sodium 10%; sulfur 5%,"[{""name"":""SULFACETAMIDE SODIUM"",""strength"":""100 mg/g"",""pct"":10.0,""display"":""10%""},{""name"":""SULFUR"",""strength"":""50 mg/g"",""pct"":5.0,""display"":""5%""}]",LIQUID,TOPICAL,UNAPPROVED DRUG OTHER,,HUMAN PRESCRIPTION DRUG,Sulfonamide Antibacterial [EPC];Sulfonamides [CS],24470-953-06;24470-953-12,170.3 g in 1 BOTTLE (24470-953-06) | 340.2 g in 1 BOTTLE (24470-953-12),50257047-1dc4-854d-e063-6394a90a5020,20260423,,20271231,0
52187-530,acne,sulfacetamide,"SODIUM SULFACETAMIDE, SULFUR","sodium sulfacetamide, sulfur","KMM Pharmaceuticals, LLC",SULFACETAMIDE SODIUM 90 mg/mL; SULFUR 40 mg/mL,sulfacetamide sodium 9%; sulfur 4%,"[{""name"":""SULFACETAMIDE SODIUM"",""strength"":""90 mg/mL"",""pct"":9.0,""display"":""9%""},{""name"":""SULFUR"",""strength"":""40 mg/mL"",""pct"":4.0,""display"":""4%""}]",LIQUID,TOPICAL,UNAPPROVED DRUG OTHER,,HUMAN PRESCRIPTION DRUG,Sulfonamide Antibacterial [EPC];Sulfonamides [CS],52187-530-16,"473 mL in 1 BOTTLE, PLASTIC (52187-530-16)",809f15db-a06a-649f-e053-2a91aa0ae9b0,20190130,,20261231,0
52187-531,acne,sulfacetamide,"SODIUM SULFACETAMIDE, SULFUR","sodium sulfacetamide, sulfur","KMM Pharmaceuticals, LLC",SULFUR 40 mg/mL; SULFACETAMIDE SODIUM 80 mg/mL,sulfur 4%; sulfacetamide sodium 8%,"[{""name"":""SULFUR"",""strength"":""40 mg/mL"",""pct"":4.0,""display"":""4%""},{""name"":""SULFACETAMIDE SODIUM"",""strength"":""80 mg/mL"",""pct"":8.0,""display"":""8%""}]",SUSPENSION,TOPICAL,UNAPPROVED DRUG OTHER,,HUMAN PRESCRIPTION DRUG,Sulfonamide Antibacterial [EPC];Sulfonamides [CS],52187-531-16,473 mL in 1 BOTTLE (52187-531-16),a6185774-2621-4f52-e053-2995a90a42c0,20200520,,20261231,0
52187-536,acne,sulfacetamide,"SODIUM SULFACETAMIDE, SULFUR","sodium sulfacetamide, sulfur","KMM Pharmaceuticals, LLC",SULFACETAMIDE SODIUM 100 mg/g; SULFUR 50 mg/g,sulfacetamide sodium 10%; sulfur 5%,"[{""name"":""SULFACETAMIDE SODIUM"",""strength"":""100 mg/g"",""pct"":10.0,""display"":""10%""},{""name"":""SULFUR"",""strength"":""50 mg/g"",""pct"":5.0,""display"":""5%""}]",RINSE,TOPICAL,UNAPPROVED DRUG OTHER,,HUMAN PRESCRIPTION DRUG,Sulfonamide Antibacterial [EPC];Sulfonamides [CS],52187-536-06;52187-536-12,170.3 g in 1 BOTTLE (52187-536-06) | 340.2 g in 1 BOTTLE (52187-536-12),ba0fc821-1fc2-20f9-e053-2a95a90ad977,20210129,,20261231,0
0187-5198,acne,sulfacetamide,Klaron,sulfacetamide sodium,"Bausch Health US, LLC",SULFACETAMIDE SODIUM 100 mg/mL,sulfacetamide sodium 10%,"[{""name"":""SULFACETAMIDE SODIUM"",""strength"":""100 mg/mL"",""pct"":10.0,""display"":""10%""}]",LOTION,TOPICAL,NDA,NDA019931,HUMAN PRESCRIPTION DRUG,Sulfonamide Antibacterial [EPC];Sulfonamides [CS],0187-5198-04,"1 BOTTLE, PLASTIC in 1 CARTON (0187-5198-04) / 118 mL in 1 BOTTLE, PLASTIC",66ab38ea-5cea-47be-97f2-486517999fb0,19961223,,20261231,0
0178-0499,acne,sulfacetamide,OVACE,sulfacetamide sodium,Mission Pharmacal Company,SULFACETAMIDE SODIUM 100 mg/mL,sulfacetamide sodium 10%,"[{""name"":""SULFACETAMIDE SODIUM"",""strength"":""100 mg/mL"",""pct"":10.0,""display"":""10%""}]",LIQUID,TOPICAL,UNAPPROVED DRUG OTHER,,HUMAN PRESCRIPTION DRUG,Sulfonamide Antibacterial [EPC];Sulfonamides [CS],0178-0499-06,"180 mL in 1 BOTTLE, PLASTIC (0178-0499-06)",a77aed6c-355f-44ed-ae95-78b4d1549c2b,20110915,,20271231,0
0178-0485,acne,sulfacetamide,OVACE Plus,sulfacetamide sodium,Mission Pharmacal Company,SULFACETAMIDE SODIUM 100 mg/mL,sulfacetamide sodium 10%,"[{""name"":""SULFACETAMIDE SODIUM"",""strength"":""100 mg/mL"",""pct"":10.0,""display"":""10%""}]",SHAMPOO,TOPICAL,UNAPPROVED DRUG OTHER,,HUMAN PRESCRIPTION DRUG,Sulfonamide Antibacterial [EPC];Sulfonamides [CS],0178-0485-04;0178-0485-08,"10 TUBE in 1 CARTON (0178-0485-04) / 4 mL in 1 TUBE | 237 mL in 1 BOTTLE, PLASTIC (0178-0485-08)",6a034465-e600-49cb-91bd-7b9ceee6ffc6,20110915,,20261231,0
0178-0490,acne,sulfacetamide,OVACE Plus,sulfacetamide sodium,Mission Pharmacal Company,SULFACETAMIDE SODIUM 100 mg/mL,sulfacetamide sodium 10%,"[{""name"":""SULFACETAMIDE SODIUM"",""strength"":""100 mg/mL"",""pct"":10.0,""display"":""10%""}]",LIQUID,TOPICAL,UNAPPROVED DRUG OTHER,,HUMAN PRESCRIPTION DRUG,Sulfonamide Antibacterial [EPC];Sulfonamides [CS],0178-0490-04;0178-0490-12,"10 TUBE in 1 CARTON (0178-0490-04) / 4 mL in 1 TUBE | 355 mL in 1 BOTTLE, PLASTIC (0178-0490-12)",eca5fc5d-35d0-4803-990d-1f38f860c52a,20110915,,20261231,0
0178-0620,acne,sulfacetamide,Ovace Plus,sulfacetamide sodium,Mission Pharmacal Company,SULFACETAMIDE SODIUM 98 mg/g,sulfacetamide sodium 9.8%,"[{""name"":""SULFACETAMIDE SODIUM"",""strength"":""98 mg/g"",""pct"":9.8,""display"":""9.8%""}]",LOTION,TOPICAL,UNAPPROVED DRUG OTHER,,HUMAN PRESCRIPTION DRUG,Sulfonamide Antibacterial [EPC];Sulfonamides [CS],0178-0620-04,10 TUBE in 1 CARTON (0178-0620-04) / 4 g in 1 TUBE,073a44cd-f679-48bd-b90d-cf06f32ff07d,20110915,,20261231,0
0178-0495,acne,sulfacetamide,OvacePlus Plus,sulfacetamide sodium,Mission Pharmacal Company,SULFACETAMIDE SODIUM 100 mg/g,sulfacetamide sodium 10%,"[{""name"":""SULFACETAMIDE SODIUM"",""strength"":""100 mg/g"",""pct"":10.0,""display"":""10%""}]",CREAM,TOPICAL,UNAPPROVED DRUG OTHER,,HUMAN PRESCRIPTION DRUG,Sulfonamide Antibacterial [EPC];Sulfonamides [CS],0178-0495-04,10 TUBE in 1 CARTON (0178-0495-04) / 4 g in 1 TUBE,06876575-edf2-4844-8f20-3eb6e74ccc8e,20110915,,20261231,0
44118-712,acne,sulfacetamide,PLEXION NS,sulfacetamide sodium,"Eckson Labs, LLC",SULFACETAMIDE SODIUM 98 mg/mL,sulfacetamide sodium 9.8%,"[{""name"":""SULFACETAMIDE SODIUM"",""strength"":""98 mg/mL"",""pct"":9.8,""display"":""9.8%""}]",SHAMPOO,TOPICAL,UNAPPROVED DRUG OTHER,,HUMAN PRESCRIPTION DRUG,Sulfonamide Antibacterial [EPC];Sulfonamides [CS],44118-712-08,237 mL in 1 BOTTLE (44118-712-08),cdb4c921-e671-6f06-e053-2995a90abd1e,20211006,,20261231,0
24470-935,acne,sulfacetamide,SULFACETAMIDE SODIUM,sulfacetamide sodium,"Cintex Services, LLC",SULFACETAMIDE SODIUM 100 mg/mL,sulfacetamide sodium 10%,"[{""name"":""SULFACETAMIDE SODIUM"",""strength"":""100 mg/mL"",""pct"":10.0,""display"":""10%""}]",GEL,TOPICAL,UNAPPROVED DRUG OTHER,,HUMAN PRESCRIPTION DRUG,Sulfonamide Antibacterial [EPC];Sulfonamides [CS],24470-935-12,"355 mL in 1 BOTTLE, PLASTIC (24470-935-12)",0fa3302e-b2b4-6b9b-e063-6394a90abc2c,20240123,,20261231,0
24470-937,acne,sulfacetamide,SULFACETAMIDE SODIUM,sulfacetamide sodium,"Cintex Services, LLC",SULFACETAMIDE SODIUM 100 mg/mL,sulfacetamide sodium 10%,"[{""name"":""SULFACETAMIDE SODIUM"",""strength"":""100 mg/mL"",""pct"":10.0,""display"":""10%""}]",LIQUID,TOPICAL,UNAPPROVED DRUG OTHER,,HUMAN PRESCRIPTION DRUG,Sulfonamide Antibacterial [EPC];Sulfonamides [CS],24470-937-06,"177 mL in 1 BOTTLE, PLASTIC (24470-937-06)",214ff8a6-179f-b907-e063-6394a90adcb1,20240904,,20261231,0
44523-568,acne,sulfacetamide,SULFACETAMIDE SODIUM,sulfacetamide sodium,"BioComp Pharma, Inc.",SULFACETAMIDE SODIUM 100 mg/mL,sulfacetamide sodium 10%,"[{""name"":""SULFACETAMIDE SODIUM"",""strength"":""100 mg/mL"",""pct"":10.0,""display"":""10%""}]",LIQUID,TOPICAL,UNAPPROVED DRUG OTHER,,HUMAN PRESCRIPTION DRUG,Sulfonamide Antibacterial [EPC];Sulfonamides [CS],44523-568-12,"355 mL in 1 BOTTLE, PLASTIC (44523-568-12)",f79c8287-a832-4f39-ad4d-3a12d64618ab,20110915,,20261231,0
52187-553,acne,sulfacetamide,SULFACETAMIDE SODIUM,sulfacetamide sodium,"KMM Pharmaceuticals, LLC",SULFACETAMIDE SODIUM 98 mg/mL,sulfacetamide sodium 9.8%,"[{""name"":""SULFACETAMIDE SODIUM"",""strength"":""98 mg/mL"",""pct"":9.8,""display"":""9.8%""}]",SHAMPOO,TOPICAL,UNAPPROVED DRUG OTHER,,HUMAN PRESCRIPTION DRUG,Sulfonamide Antibacterial [EPC];Sulfonamides [CS],52187-553-08,237 mL in 1 BOTTLE (52187-553-08),cdb5b3dc-9f75-85b7-e053-2a95a90a380c,20211006,,20261231,0
44523-542,acne,sulfacetamide,"Sodium Sulfacetamide, Sulfur",sulfacetamide sodium,"BioComp Pharma, Inc.",SULFACETAMIDE SODIUM 100 mg/g; SULFUR 50 mg/g,sulfacetamide sodium 10%; sulfur 5%,"[{""name"":""SULFACETAMIDE SODIUM"",""strength"":""100 mg/g"",""pct"":10.0,""display"":""10%""},{""name"":""SULFUR"",""strength"":""50 mg/g"",""pct"":5.0,""display"":""5%""}]",CREAM,TOPICAL,UNAPPROVED DRUG OTHER,,HUMAN PRESCRIPTION DRUG,Sulfonamide Antibacterial [EPC];Sulfonamides [CS],44523-542-02,"57 g in 1 BOTTLE, PLASTIC (44523-542-02)",ed616ece-09b5-41d5-ae58-8e016da2c6b3,20110915,,20261231,0
45802-896,acne,sulfacetamide,Sulfacetamide Sodium,sulfacetamide sodium,Padagis Israel Pharmaceuticals Ltd,SULFACETAMIDE SODIUM 100 mg/mL,sulfacetamide sodium 10%,"[{""name"":""SULFACETAMIDE SODIUM"",""strength"":""100 mg/mL"",""pct"":10.0,""display"":""10%""}]",LOTION,TOPICAL,ANDA,ANDA078649,HUMAN PRESCRIPTION DRUG,Sulfonamide Antibacterial [EPC];Sulfonamides [CS],45802-896-26,"118 mL in 1 BOTTLE, PLASTIC (45802-896-26)",4fb4d39a-330e-4c84-abbc-3b33b36b206f,20121017,,20261231,0
69367-244,acne,sulfacetamide,"SODIUM SULFACETAMIDE, SULFUR",sulfacetamide sodium and sulfur,"Westminster Pharmaceuticals, LLC",SULFACETAMIDE SODIUM 98 mg/g; SULFUR 48 mg/g,sulfacetamide sodium 9.8%; sulfur 4.8%,"[{""name"":""SULFACETAMIDE SODIUM"",""strength"":""98 mg/g"",""pct"":9.8,""display"":""9.8%""},{""name"":""SULFUR"",""strength"":""48 mg/g"",""pct"":4.8,""display"":""4.8%""}]",LIQUID,TOPICAL,UNAPPROVED DRUG OTHER,,HUMAN PRESCRIPTION DRUG,Sulfonamide Antibacterial [EPC];Sulfonamides [CS],69367-244-10,285 g in 1 BOTTLE (69367-244-10),4478ac49-8984-42db-9b9e-bea6346a6955,20200505,,20261231,0
69367-247,acne,sulfacetamide,"SODIUM SULFACETAMIDE, SULFUR",sulfacetamide sodium and sulfur,"Westminster Pharmaceuticals, LLC",SULFACETAMIDE SODIUM 100 mg/g; SULFUR 50 mg/g,sulfacetamide sodium 10%; sulfur 5%,"[{""name"":""SULFACETAMIDE SODIUM"",""strength"":""100 mg/g"",""pct"":10.0,""display"":""10%""},{""name"":""SULFUR"",""strength"":""50 mg/g"",""pct"":5.0,""display"":""5%""}]",LIQUID,TOPICAL,UNAPPROVED DRUG OTHER,,HUMAN PRESCRIPTION DRUG,Sulfonamide Antibacterial [EPC];Sulfonamides [CS],69367-247-06;69367-247-08;69367-247-12,170.3 g in 1 BOTTLE (69367-247-06) | 227 g in 1 BOTTLE (69367-247-08) | 340.2 g in 1 BOTTLE (69367-247-12),6b7e2859-d149-4116-bd98-d6d096266b04,20200505,,20261231,0
42192-147,acne,sulfacetamide,Sodium Sulfacetamide 10 Sulfur 2 Cleanser,sulfacetamide sodium and sulfur,"Acella Pharmaceuticals, LLC",SULFACETAMIDE SODIUM 100 mg/g; SULFUR 20 mg/g,sulfacetamide sodium 10%; sulfur 2%,"[{""name"":""SULFACETAMIDE SODIUM"",""strength"":""100 mg/g"",""pct"":10.0,""display"":""10%""},{""name"":""SULFUR"",""strength"":""20 mg/g"",""pct"":2.0,""display"":""2%""}]",SOLUTION,TOPICAL,UNAPPROVED DRUG OTHER,,HUMAN PRESCRIPTION DRUG,Sulfonamide Antibacterial [EPC];Sulfonamides [CS],42192-147-08,227 g in 1 BOTTLE (42192-147-08),210774a9-aaab-4bd4-ac5a-481ed72e0c0c,20140814,,20271231,0
42192-150,acne,sulfacetamide,Sodium Sulfacetamide 10 Sulfur 2 cream,sulfacetamide sodium and sulfur,"Acella Pharmaceuticals, LLC",SULFACETAMIDE SODIUM 100 mg/g; SULFUR 20 mg/g,sulfacetamide sodium 10%; sulfur 2%,"[{""name"":""SULFACETAMIDE SODIUM"",""strength"":""100 mg/g"",""pct"":10.0,""display"":""10%""},{""name"":""SULFUR"",""strength"":""20 mg/g"",""pct"":2.0,""display"":""2%""}]",CREAM,TOPICAL,UNAPPROVED DRUG OTHER,,HUMAN PRESCRIPTION DRUG,Sulfonamide Antibacterial [EPC];Sulfonamides [CS],42192-150-02,57 g in 1 BOTTLE (42192-150-02),a57b734d-5d6d-4cd7-8003-9174cc785e41,20140821,,20271231,0
42192-136,acne,sulfacetamide,Sodium Sulfacetamide 10 Sulfur 5 Cleanser,sulfacetamide sodium and sulfur,"Acella Pharmaceuticals, LLC",SULFACETAMIDE SODIUM 10 mg/g; SULFUR 5 mg/g,sulfacetamide sodium 1%; sulfur 0.5%,"[{""name"":""SULFACETAMIDE SODIUM"",""strength"":""10 mg/g"",""pct"":1.0,""display"":""1%""},{""name"":""SULFUR"",""strength"":""5 mg/g"",""pct"":0.5,""display"":""0.5%""}]",RINSE,TOPICAL,UNAPPROVED DRUG OTHER,,HUMAN PRESCRIPTION DRUG,Sulfonamide Antibacterial [EPC];Sulfonamides [CS],42192-136-06;42192-136-08;42192-136-12,170.3 g in 1 BOTTLE (42192-136-06) | 227 g in 1 BOTTLE (42192-136-08) | 340.2 g in 1 BOTTLE (42192-136-12),1926eadd-d11f-44fa-971f-0041060f7589,20120420,,20271231,0
42192-144,acne,sulfacetamide,Sodium Sulfacetamide 9 Sulfur 4.5 Wash,sulfacetamide sodium and sulfur,"Acella Pharmaceuticals, LLC",SULFACETAMIDE SODIUM 9 mg/g; SULFUR 4.5 mg/g,sulfacetamide sodium 0.9%; sulfur 0.45%,"[{""name"":""SULFACETAMIDE SODIUM"",""strength"":""9 mg/g"",""pct"":0.9,""display"":""0.9%""},{""name"":""SULFUR"",""strength"":""4.5 mg/g"",""pct"":0.45,""display"":""0.45%""}]",RINSE,TOPICAL,UNAPPROVED DRUG OTHER,,HUMAN PRESCRIPTION DRUG,Sulfonamide Antibacterial [EPC];Sulfonamides [CS],42192-144-16,1 BOTTLE in 1 CARTON (42192-144-16) / 454 g in 1 BOTTLE,a761feea-86b6-44f0-8f9a-50d29ebb60e9,20130320,,20271231,0
43538-100,acne,sulfacetamide,Sumaxin Cleansing Pads,sulfacetamide sodium and sulfur,"Medimetriks Pharmaceuticals, Inc.",SULFACETAMIDE SODIUM 100 mg/g; SULFUR 40 mg/g,sulfacetamide sodium 10%; sulfur 4%,"[{""name"":""SULFACETAMIDE SODIUM"",""strength"":""100 mg/g"",""pct"":10.0,""display"":""10%""},{""name"":""SULFUR"",""strength"":""40 mg/g"",""pct"":4.0,""display"":""4%""}]",CLOTH,TOPICAL,UNAPPROVED DRUG OTHER,,HUMAN PRESCRIPTION DRUG,Sulfonamide Antibacterial [EPC];Sulfonamides [CS],43538-100-60,60 PACKET in 1 CARTON (43538-100-60) / 3.7 g in 1 PACKET,5d9ddc1a-fbae-4595-86ce-3bbca7d03482,20090101,,20261231,0
28595-501,acne,sulfacetamide,sulfacetamide sodium and sulfur Sodium Sulfacetamide - Sulfur,sulfacetamide sodium and sulfur,"Allegis Pharmaceuticals, LLC",SULFACETAMIDE SODIUM 90 mg/mL; SULFUR 42.5 mg/mL,sulfacetamide sodium 9%; sulfur 4.25%,"[{""name"":""SULFACETAMIDE SODIUM"",""strength"":""90 mg/mL"",""pct"":9.0,""display"":""9%""},{""name"":""SULFUR"",""strength"":""42.5 mg/mL"",""pct"":4.25,""display"":""4.25%""}]",SUSPENSION,TOPICAL,UNAPPROVED DRUG OTHER,,HUMAN PRESCRIPTION DRUG,Sulfonamide Antibacterial [EPC];Sulfonamides [CS],28595-501-08,237 mL in 1 BOTTLE (28595-501-08),1aa1025f-c568-34d3-e063-6394a90a37b8,20240618,,20271231,0
0178-0480,acne,sulfacetamide,AVAR,"sulfacetamide sodium, sulfur",Mission Pharmacal Company,SULFACETAMIDE SODIUM 100 mg/g; SULFUR 50 mg/g,sulfacetamide sodium 10%; sulfur 5%,"[{""name"":""SULFACETAMIDE SODIUM"",""strength"":""100 mg/g"",""pct"":10.0,""display"":""10%""},{""name"":""SULFUR"",""strength"":""50 mg/g"",""pct"":5.0,""display"":""5%""}]",EMULSION,TOPICAL,UNAPPROVED DRUG OTHER,,HUMAN PRESCRIPTION DRUG,Sulfonamide Antibacterial [EPC];Sulfonamides [CS],0178-0480-08,"227 g in 1 BOTTLE, PLASTIC (0178-0480-08)",88e4070f-0538-463d-b9a7-98a4e8979cd1,20110915,,20271231,0
0178-0475,acne,sulfacetamide,AVAR LS,"sulfacetamide sodium, sulfur",Mission Pharmacal Company,SULFACETAMIDE SODIUM 100 mg/g; SULFUR 20 mg/g,sulfacetamide sodium 10%; sulfur 2%,"[{""name"":""SULFACETAMIDE SODIUM"",""strength"":""100 mg/g"",""pct"":10.0,""display"":""10%""},{""name"":""SULFUR"",""strength"":""20 mg/g"",""pct"":2.0,""display"":""2%""}]",EMULSION,TOPICAL,UNAPPROVED DRUG OTHER,,HUMAN PRESCRIPTION DRUG,Sulfonamide Antibacterial [EPC];Sulfonamides [CS],0178-0475-04;0178-0475-08,"10 TUBE in 1 CARTON (0178-0475-04) / 4 g in 1 TUBE | 227 g in 1 BOTTLE, PLASTIC (0178-0475-08)",41b62ca7-f6de-4714-ae5b-a0e59d2ef452,20110915,,20271231,0
0178-0470,acne,sulfacetamide,Avar-e,"sulfacetamide sodium, sulfur",Mission Pharmacal Company,SULFACETAMIDE SODIUM 100 mg/g; SULFUR 50 mg/g,sulfacetamide sodium 10%; sulfur 5%,"[{""name"":""SULFACETAMIDE SODIUM"",""strength"":""100 mg/g"",""pct"":10.0,""display"":""10%""},{""name"":""SULFUR"",""strength"":""50 mg/g"",""pct"":5.0,""display"":""5%""}]",CREAM,TOPICAL,UNAPPROVED DRUG OTHER,,HUMAN PRESCRIPTION DRUG,Sulfonamide Antibacterial [EPC];Sulfonamides [CS],0178-0470-02,"1 BOTTLE, PLASTIC in 1 CARTON (0178-0470-02) / 57 g in 1 BOTTLE, PLASTIC",ca31ab21-8db5-4a65-ab81-b141d350a1ce,20110915,,20271231,0
0178-0460,acne,sulfacetamide,Avar-e Green,"sulfacetamide sodium, sulfur",Mission Pharmacal Company,SULFACETAMIDE SODIUM 100 mg/g; SULFUR 50 mg/g,sulfacetamide sodium 10%; sulfur 5%,"[{""name"":""SULFACETAMIDE SODIUM"",""strength"":""100 mg/g"",""pct"":10.0,""display"":""10%""},{""name"":""SULFUR"",""strength"":""50 mg/g"",""pct"":5.0,""display"":""5%""}]",CREAM,TOPICAL,UNAPPROVED DRUG OTHER,,HUMAN PRESCRIPTION DRUG,Sulfonamide Antibacterial [EPC];Sulfonamides [CS],0178-0460-04,10 TUBE in 1 CARTON (0178-0460-04) / 4 g in 1 TUBE,9b2242b7-9672-450a-a257-9d45aab4a706,20110915,,20261231,0
0178-0465,acne,sulfacetamide,Avar-e LS,"sulfacetamide sodium, sulfur",Mission Pharmacal Company,SULFACETAMIDE SODIUM 100 mg/g; SULFUR 20 mg/g,sulfacetamide sodium 10%; sulfur 2%,"[{""name"":""SULFACETAMIDE SODIUM"",""strength"":""100 mg/g"",""pct"":10.0,""display"":""10%""},{""name"":""SULFUR"",""strength"":""20 mg/g"",""pct"":2.0,""display"":""2%""}]",CREAM,TOPICAL,UNAPPROVED DRUG OTHER,,HUMAN PRESCRIPTION DRUG,Sulfonamide Antibacterial [EPC];Sulfonamides [CS],0178-0465-04,10 TUBE in 1 CARTON (0178-0465-04) / 4 g in 1 TUBE,a92edd1d-a7ad-407c-a22c-592ab68f0a74,20110915,,20261231,0
24470-941,acne,sulfacetamide,Plexion,"sulfacetamide sodium, sulfur","Cintex Services, LLC",SULFACETAMIDE SODIUM 98 mg/g; SULFUR 48 mg/g,sulfacetamide sodium 9.8%; sulfur 4.8%,"[{""name"":""SULFACETAMIDE SODIUM"",""strength"":""98 mg/g"",""pct"":9.8,""display"":""9.8%""},{""name"":""SULFUR"",""strength"":""48 mg/g"",""pct"":4.8,""display"":""4.8%""}]",LIQUID,TOPICAL,UNAPPROVED DRUG OTHER,,HUMAN PRESCRIPTION DRUG,Sulfonamide Antibacterial [EPC];Sulfonamides [CS],24470-941-10,"285 g in 1 BOTTLE, PLASTIC (24470-941-10)",41365fd6-0865-fa55-e063-6294a90a8353,20251020,,20261231,0
24470-942,acne,sulfacetamide,Plexion,"sulfacetamide sodium, sulfur","Cintex Services, LLC",SULFUR 48 mg/g; SULFACETAMIDE SODIUM 98 mg/g,sulfur 4.8%; sulfacetamide sodium 9.8%,"[{""name"":""SULFUR"",""strength"":""48 mg/g"",""pct"":4.8,""display"":""4.8%""},{""name"":""SULFACETAMIDE SODIUM"",""strength"":""98 mg/g"",""pct"":9.8,""display"":""9.8%""}]",CREAM,TOPICAL,UNAPPROVED DRUG OTHER,,HUMAN PRESCRIPTION DRUG,Sulfonamide Antibacterial [EPC];Sulfonamides [CS],24470-942-02,"57 g in 1 BOTTLE, PLASTIC (24470-942-02)",399a01bb-e454-3e20-e063-6294a90ab17c,20250710,,20261231,0
24470-944,acne,sulfacetamide,Plexion,"sulfacetamide sodium, sulfur","Cintex Services, LLC",SULFUR 48 mg/g; SULFACETAMIDE SODIUM 98 mg/g,sulfur 4.8%; sulfacetamide sodium 9.8%,"[{""name"":""SULFUR"",""strength"":""48 mg/g"",""pct"":4.8,""display"":""4.8%""},{""name"":""SULFACETAMIDE SODIUM"",""strength"":""98 mg/g"",""pct"":9.8,""display"":""9.8%""}]",LOTION,TOPICAL,UNAPPROVED DRUG OTHER,,HUMAN PRESCRIPTION DRUG,Sulfonamide Antibacterial [EPC];Sulfonamides [CS],24470-944-02,"57 g in 1 BOTTLE, PLASTIC (24470-944-02)",2f11178a-fe6e-e45a-e063-6294a90aa373,20250226,,20261231,0
44118-700,acne,sulfacetamide,Plexion,"sulfacetamide sodium, sulfur","Eckson Labs, LLC",SULFACETAMIDE SODIUM 98 mg/g; SULFUR 48 mg/g,sulfacetamide sodium 9.8%; sulfur 4.8%,"[{""name"":""SULFACETAMIDE SODIUM"",""strength"":""98 mg/g"",""pct"":9.8,""display"":""9.8%""},{""name"":""SULFUR"",""strength"":""48 mg/g"",""pct"":4.8,""display"":""4.8%""}]",LIQUID,TOPICAL,UNAPPROVED DRUG OTHER,,HUMAN PRESCRIPTION DRUG,Sulfonamide Antibacterial [EPC];Sulfonamides [CS],44118-700-10,"285 g in 1 BOTTLE, PLASTIC (44118-700-10)",d91769aa-ca46-567f-e053-2a95a90a664b,20220228,,20261231,0
44118-701,acne,sulfacetamide,Plexion,"sulfacetamide sodium, sulfur",Eckson Labs LLC,SULFUR 48 mg/g; SULFACETAMIDE SODIUM 98 mg/g,sulfur 4.8%; sulfacetamide sodium 9.8%,"[{""name"":""SULFUR"",""strength"":""48 mg/g"",""pct"":4.8,""display"":""4.8%""},{""name"":""SULFACETAMIDE SODIUM"",""strength"":""98 mg/g"",""pct"":9.8,""display"":""9.8%""}]",CREAM,TOPICAL,UNAPPROVED DRUG OTHER,,HUMAN PRESCRIPTION DRUG,Sulfonamide Antibacterial [EPC];Sulfonamides [CS],44118-701-02,"57 g in 1 BOTTLE, PLASTIC (44118-701-02)",db71ee55-bbdd-0996-e053-2a95a90a5687,20220330,,20261231,0
44118-703,acne,sulfacetamide,Plexion,"sulfacetamide sodium, sulfur",Eckson Labs LLC,SULFUR 48 mg/g; SULFACETAMIDE SODIUM 98 mg/g,sulfur 4.8%; sulfacetamide sodium 9.8%,"[{""name"":""SULFUR"",""strength"":""48 mg/g"",""pct"":4.8,""display"":""4.8%""},{""name"":""SULFACETAMIDE SODIUM"",""strength"":""98 mg/g"",""pct"":9.8,""display"":""9.8%""}]",LOTION,TOPICAL,UNAPPROVED DRUG OTHER,,HUMAN PRESCRIPTION DRUG,Sulfonamide Antibacterial [EPC];Sulfonamides [CS],44118-703-02,"57 g in 1 BOTTLE, PLASTIC (44118-703-02)",db747368-d45d-64e3-e053-2995a90a1fb8,20220330,,20261231,0
57883-404,acne,sulfacetamide,Plexion,"sulfacetamide sodium, sulfur","Brava Pharmaceuticals, LLC",SULFACETAMIDE SODIUM 98 mg/g; SULFUR 48 mg/g,sulfacetamide sodium 9.8%; sulfur 4.8%,"[{""name"":""SULFACETAMIDE SODIUM"",""strength"":""98 mg/g"",""pct"":9.8,""display"":""9.8%""},{""name"":""SULFUR"",""strength"":""48 mg/g"",""pct"":4.8,""display"":""4.8%""}]",CLOTH,TOPICAL,UNAPPROVED DRUG OTHER,,HUMAN PRESCRIPTION DRUG,Sulfonamide Antibacterial [EPC];Sulfonamides [CS],57883-404-10;57883-404-60,10 PACKET in 1 CARTON (57883-404-10) / 4 g in 1 PACKET (57883-404-01) | 60 PACKET in 1 CARTON (57883-404-60) / 4 g in 1 PACKET (57883-404-01),8211c8ec-b501-4ac6-8185-b4b9758cdc1a,20050901,20270731,,0
44523-600,acne,sulfacetamide,SODIUM SULFACETAMIDE AND SULFUR,"sulfacetamide sodium, sulfur","BioComp Pharma, Inc.",SULFACETAMIDE SODIUM 98 mg/g; SULFUR 48 mg/g,sulfacetamide sodium 9.8%; sulfur 4.8%,"[{""name"":""SULFACETAMIDE SODIUM"",""strength"":""98 mg/g"",""pct"":9.8,""display"":""9.8%""},{""name"":""SULFUR"",""strength"":""48 mg/g"",""pct"":4.8,""display"":""4.8%""}]",LOTION,TOPICAL,UNAPPROVED DRUG OTHER,,HUMAN PRESCRIPTION DRUG,Sulfonamide Antibacterial [EPC];Sulfonamides [CS],44523-600-02,"1 BOTTLE, PLASTIC in 1 CARTON (44523-600-02) / 57 g in 1 BOTTLE, PLASTIC",2c631307-b8a3-2978-e063-6394a90a79c3,20250123,,20261231,0
44523-602,acne,sulfacetamide,SODIUM SULFACETAMIDE AND SULFUR,"sulfacetamide sodium, sulfur","BioComp Pharma, Inc.",SULFACETAMIDE SODIUM 100 mg/g; SULFUR 50 mg/g,sulfacetamide sodium 10%; sulfur 5%,"[{""name"":""SULFACETAMIDE SODIUM"",""strength"":""100 mg/g"",""pct"":10.0,""display"":""10%""},{""name"":""SULFUR"",""strength"":""50 mg/g"",""pct"":5.0,""display"":""5%""}]",LOTION,TOPICAL,UNAPPROVED DRUG OTHER,,HUMAN PRESCRIPTION DRUG,Sulfonamide Antibacterial [EPC];Sulfonamides [CS],44523-602-01,"1 BOTTLE, PLASTIC in 1 CARTON (44523-602-01) / 25 g in 1 BOTTLE, PLASTIC",1352eff6-8b9e-473d-9acf-c0086e1d0917,20110430,,20271231,0
44523-603,acne,sulfacetamide,SODIUM SULFACETAMIDE AND SULFUR,"sulfacetamide sodium, sulfur","BioComp Pharma, Inc.",SULFACETAMIDE SODIUM 100 mg/g; SULFUR 50 mg/g,sulfacetamide sodium 10%; sulfur 5%,"[{""name"":""SULFACETAMIDE SODIUM"",""strength"":""100 mg/g"",""pct"":10.0,""display"":""10%""},{""name"":""SULFUR"",""strength"":""50 mg/g"",""pct"":5.0,""display"":""5%""}]",CREAM,TOPICAL,UNAPPROVED DRUG OTHER,,HUMAN PRESCRIPTION DRUG,Sulfonamide Antibacterial [EPC];Sulfonamides [CS],44523-603-01,"1 BOTTLE, PLASTIC in 1 CARTON (44523-603-01) / 28 g in 1 BOTTLE, PLASTIC",ebd8d6a4-ecd8-402e-b0b7-ceb9047c83d4,20110430,,20271231,0
44523-607,acne,sulfacetamide,SODIUM SULFACETAMIDE AND SULFUR,"sulfacetamide sodium, sulfur","BioComp Pharma, Inc.",SULFACETAMIDE SODIUM 100 mg/g; SULFUR 50 mg/g,sulfacetamide sodium 10%; sulfur 5%,"[{""name"":""SULFACETAMIDE SODIUM"",""strength"":""100 mg/g"",""pct"":10.0,""display"":""10%""},{""name"":""SULFUR"",""strength"":""50 mg/g"",""pct"":5.0,""display"":""5%""}]",LOTION,TOPICAL,UNAPPROVED DRUG OTHER,,HUMAN PRESCRIPTION DRUG,Sulfonamide Antibacterial [EPC];Sulfonamides [CS],44523-607-01;44523-607-02,"30 g in 1 BOTTLE, PLASTIC (44523-607-01) | 60 g in 1 BOTTLE, PLASTIC (44523-607-02)",02acb079-f3b3-49f2-b1d9-4fc1553f72a9,20110604,,20271231,0
44523-624,acne,sulfacetamide,SODIUM SULFACETAMIDE AND SULFUR,"sulfacetamide sodium, sulfur","BioComp Pharma, Inc.",SULFACETAMIDE SODIUM 80 mg/mL; SULFUR 40 mg/mL,sulfacetamide sodium 8%; sulfur 4%,"[{""name"":""SULFACETAMIDE SODIUM"",""strength"":""80 mg/mL"",""pct"":8.0,""display"":""8%""},{""name"":""SULFUR"",""strength"":""40 mg/mL"",""pct"":4.0,""display"":""4%""}]",SUSPENSION,TOPICAL,UNAPPROVED DRUG OTHER,,HUMAN PRESCRIPTION DRUG,Sulfonamide Antibacterial [EPC];Sulfonamides [CS],44523-624-16,473 mL in 1 BOTTLE (44523-624-16),1ba8e7a0-d700-c96b-e063-6394a90a0463,20250127,,20261231,0
44523-604,acne,sulfacetamide,"SODIUM SULFACETAMIDE, SULFUR","sulfacetamide sodium, sulfur","BioComp Pharma, Inc.",SULFACETAMIDE SODIUM 100 mg/g; SULFUR 50 mg/g,sulfacetamide sodium 10%; sulfur 5%,"[{""name"":""SULFACETAMIDE SODIUM"",""strength"":""100 mg/g"",""pct"":10.0,""display"":""10%""},{""name"":""SULFUR"",""strength"":""50 mg/g"",""pct"":5.0,""display"":""5%""}]",SUSPENSION,TOPICAL,UNAPPROVED DRUG OTHER,,HUMAN PRESCRIPTION DRUG,Sulfonamide Antibacterial [EPC];Sulfonamides [CS],44523-604-01,"30 g in 1 BOTTLE, PLASTIC (44523-604-01)",56ee0bc8-c58e-4365-86e6-cb7211fe3413,20110604,,20271231,0
24470-925,acne,sulfacetamide,"SULFACETAMIDE SODIUM, SULFUR","sulfacetamide sodium, sulfur","Cintex Services, LLC",SULFUR 50 mg/g; SULFACETAMIDE SODIUM 100 mg/g,sulfur 5%; sulfacetamide sodium 10%,"[{""name"":""SULFUR"",""strength"":""50 mg/g"",""pct"":5.0,""display"":""5%""},{""name"":""SULFACETAMIDE SODIUM"",""strength"":""100 mg/g"",""pct"":10.0,""display"":""10%""}]",EMULSION,TOPICAL,UNAPPROVED DRUG OTHER,,HUMAN PRESCRIPTION DRUG,Sulfonamide Antibacterial [EPC];Sulfonamides [CS],24470-925-08,"227 g in 1 BOTTLE, PLASTIC (24470-925-08)",0d1efaac-d62b-41b9-e063-6394a90a94ad,20240123,,20261231,0
24470-932,acne,sulfacetamide,"SULFACETAMIDE SODIUM, SULFUR","sulfacetamide sodium, sulfur","Cintex Services, LLC",SULFUR 50 mg/g; SULFACETAMIDE SODIUM 100 mg/g,sulfur 5%; sulfacetamide sodium 10%,"[{""name"":""SULFUR"",""strength"":""50 mg/g"",""pct"":5.0,""display"":""5%""},{""name"":""SULFACETAMIDE SODIUM"",""strength"":""100 mg/g"",""pct"":10.0,""display"":""10%""}]",LOTION,TOPICAL,UNAPPROVED DRUG OTHER,,HUMAN PRESCRIPTION DRUG,Sulfonamide Antibacterial [EPC];Sulfonamides [CS],24470-932-01,"1 BOTTLE, PLASTIC in 1 CARTON (24470-932-01) / 25 g in 1 BOTTLE, PLASTIC",0d1f8666-95ff-7844-e063-6394a90af412,20240123,,20261231,0
24470-933,acne,sulfacetamide,"SULFACETAMIDE SODIUM, SULFUR","sulfacetamide sodium, sulfur","Cintex Services, LLC",SULFACETAMIDE SODIUM 100 mg/g; SULFUR 50 mg/g,sulfacetamide sodium 10%; sulfur 5%,"[{""name"":""SULFACETAMIDE SODIUM"",""strength"":""100 mg/g"",""pct"":10.0,""display"":""10%""},{""name"":""SULFUR"",""strength"":""50 mg/g"",""pct"":5.0,""display"":""5%""}]",SUSPENSION,TOPICAL,UNAPPROVED DRUG OTHER,,HUMAN PRESCRIPTION DRUG,Sulfonamide Antibacterial [EPC];Sulfonamides [CS],24470-933-01,"1 BOTTLE, PLASTIC in 1 CARTON (24470-933-01) / 30 g in 1 BOTTLE, PLASTIC",0e128306-1357-daad-e063-6294a90a760a,20240123,,20261231,0
24470-934,acne,sulfacetamide,"SULFACETAMIDE SODIUM, SULFUR","sulfacetamide sodium, sulfur","Cintex Services, LLC",SULFACETAMIDE SODIUM 100 mg/g; SULFUR 50 mg/g,sulfacetamide sodium 10%; sulfur 5%,"[{""name"":""SULFACETAMIDE SODIUM"",""strength"":""100 mg/g"",""pct"":10.0,""display"":""10%""},{""name"":""SULFUR"",""strength"":""50 mg/g"",""pct"":5.0,""display"":""5%""}]",LOTION,TOPICAL,UNAPPROVED DRUG OTHER,,HUMAN PRESCRIPTION DRUG,Sulfonamide Antibacterial [EPC];Sulfonamides [CS],24470-934-01;24470-934-02,"1 BOTTLE, PLASTIC in 1 CARTON (24470-934-01) / 30 g in 1 BOTTLE, PLASTIC | 1 BOTTLE, PLASTIC in 1 CARTON (24470-934-02) / 60 g in 1 BOTTLE, PLASTIC",0fa2c52d-5d4a-4b83-e063-6394a90a5406,20240123,,20261231,0
24470-956,acne,sulfacetamide,"SULFACETAMIDE SODIUM, SULFUR","sulfacetamide sodium, sulfur","Cintex Services, LLC",SULFACETAMIDE SODIUM 98 mg/g; SULFUR 48 mg/g,sulfacetamide sodium 9.8%; sulfur 4.8%,"[{""name"":""SULFACETAMIDE SODIUM"",""strength"":""98 mg/g"",""pct"":9.8,""display"":""9.8%""},{""name"":""SULFUR"",""strength"":""48 mg/g"",""pct"":4.8,""display"":""4.8%""}]",CREAM,TOPICAL,UNAPPROVED DRUG OTHER,,HUMAN PRESCRIPTION DRUG,Sulfonamide Antibacterial [EPC];Sulfonamides [CS],24470-956-02,"57 g in 1 BOTTLE, PLASTIC (24470-956-02)",2f1164ed-11c0-5646-e063-6394a90aace8,20250226,,20261231,0
24470-957,acne,sulfacetamide,"SULFACETAMIDE SODIUM, SULFUR","sulfacetamide sodium, sulfur","Cintex Services, LLC",SULFACETAMIDE SODIUM 98 mg/g; SULFUR 48 mg/g,sulfacetamide sodium 9.8%; sulfur 4.8%,"[{""name"":""SULFACETAMIDE SODIUM"",""strength"":""98 mg/g"",""pct"":9.8,""display"":""9.8%""},{""name"":""SULFUR"",""strength"":""48 mg/g"",""pct"":4.8,""display"":""4.8%""}]",LOTION,TOPICAL,UNAPPROVED DRUG OTHER,,HUMAN PRESCRIPTION DRUG,Sulfonamide Antibacterial [EPC];Sulfonamides [CS],24470-957-02,"57 g in 1 BOTTLE, PLASTIC (24470-957-02)",2f118cd1-f477-25e6-e063-6294a90a1662,20250226,,20261231,0
44523-560,acne,sulfacetamide,"SULFACETAMIDE SODIUM, SULFUR","sulfacetamide sodium, sulfur","BioComp Pharma, Inc.",SULFACETAMIDE SODIUM 100 mg/g; SULFUR 50 mg/g,sulfacetamide sodium 10%; sulfur 5%,"[{""name"":""SULFACETAMIDE SODIUM"",""strength"":""100 mg/g"",""pct"":10.0,""display"":""10%""},{""name"":""SULFUR"",""strength"":""50 mg/g"",""pct"":5.0,""display"":""5%""}]",EMULSION,TOPICAL,UNAPPROVED DRUG OTHER,,HUMAN PRESCRIPTION DRUG,Sulfonamide Antibacterial [EPC];Sulfonamides [CS],44523-560-06;44523-560-08;44523-560-12,"170 g in 1 BOTTLE, PLASTIC (44523-560-06) | 227 g in 1 BOTTLE, PLASTIC (44523-560-08) | 340 g in 1 BOTTLE, PLASTIC (44523-560-12)",0ea3cd84-de0f-4981-a420-1d01d1ecd620,20110915,,20261231,0
52187-547,acne,sulfacetamide,"SULFACETAMIDE SODIUM, SULFUR","sulfacetamide sodium, sulfur","KMM Pharmaceuticals, LLC",SULFACETAMIDE SODIUM 98 mg/g; SULFUR 48 mg/g,sulfacetamide sodium 9.8%; sulfur 4.8%,"[{""name"":""SULFACETAMIDE SODIUM"",""strength"":""98 mg/g"",""pct"":9.8,""display"":""9.8%""},{""name"":""SULFUR"",""strength"":""48 mg/g"",""pct"":4.8,""display"":""4.8%""}]",CREAM,TOPICAL,UNAPPROVED DRUG OTHER,,HUMAN PRESCRIPTION DRUG,Sulfonamide Antibacterial [EPC];Sulfonamides [CS],52187-547-02,"57 g in 1 BOTTLE, PLASTIC (52187-547-02)",d915dae4-450a-6282-e053-2995a90ab50b,20220228,,20261231,0
52187-548,acne,sulfacetamide,"SULFACETAMIDE SODIUM, SULFUR","sulfacetamide sodium, sulfur","KMM Pharmaceuticals, LLC",SULFACETAMIDE SODIUM 98 mg/g; SULFUR 48 mg/g,sulfacetamide sodium 9.8%; sulfur 4.8%,"[{""name"":""SULFACETAMIDE SODIUM"",""strength"":""98 mg/g"",""pct"":9.8,""display"":""9.8%""},{""name"":""SULFUR"",""strength"":""48 mg/g"",""pct"":4.8,""display"":""4.8%""}]",LOTION,TOPICAL,UNAPPROVED DRUG OTHER,,HUMAN PRESCRIPTION DRUG,Sulfonamide Antibacterial [EPC];Sulfonamides [CS],52187-548-02,"57 g in 1 BOTTLE, PLASTIC (52187-548-02)",db841a96-42cb-6ff6-e053-2995a90a7cca,20220331,,20261231,0
81542-202,acne,sulfacetamide,"SULFACETAMIDE SODIUM, SULFUR","sulfacetamide sodium, sulfur","Bantry Pharma, LLC",SULFUR 50 mg/mL; SULFACETAMIDE SODIUM 100 mg/mL,sulfur 5%; sulfacetamide sodium 10%,"[{""name"":""SULFUR"",""strength"":""50 mg/mL"",""pct"":5.0,""display"":""5%""},{""name"":""SULFACETAMIDE SODIUM"",""strength"":""100 mg/mL"",""pct"":10.0,""display"":""10%""}]",SOLUTION,TOPICAL,UNAPPROVED DRUG OTHER,,HUMAN PRESCRIPTION DRUG,Sulfonamide Antibacterial [EPC];Sulfonamides [CS],81542-202-12,355 mL in 1 BOTTLE (81542-202-12),f433db67-d8a6-320e-e053-2995a90aab52,20230208,,20261231,0
58657-471,acne,sulfacetamide,Sodium Sulfacetamide 10% and Sulfur 2% Cleanser,"sulfacetamide sodium, sulfur",Method Pharmaceuticals,SULFACETAMIDE SODIUM 100 mg/g; SULFUR 20 mg/g,sulfacetamide sodium 10%; sulfur 2%,"[{""name"":""SULFACETAMIDE SODIUM"",""strength"":""100 mg/g"",""pct"":10.0,""display"":""10%""},{""name"":""SULFUR"",""strength"":""20 mg/g"",""pct"":2.0,""display"":""2%""}]",LIQUID,TOPICAL,UNAPPROVED DRUG OTHER,,HUMAN PRESCRIPTION DRUG,Sulfonamide Antibacterial [EPC];Sulfonamides [CS],58657-471-08,"227 g in 1 BOTTLE, PLASTIC (58657-471-08)",d736fbd6-4cff-bc33-e053-2a95a90a26fd,20220201,,20271231,0
71399-0485,acne,sulfacetamide,Sodium Sulfacetamide 10% and Sulfur 2% Cleanser,"sulfacetamide sodium, sulfur",Akron Pharma Inc.,SULFACETAMIDE SODIUM 100 mg/g; SULFUR 20 mg/g,sulfacetamide sodium 10%; sulfur 2%,"[{""name"":""SULFACETAMIDE SODIUM"",""strength"":""100 mg/g"",""pct"":10.0,""display"":""10%""},{""name"":""SULFUR"",""strength"":""20 mg/g"",""pct"":2.0,""display"":""2%""}]",LIQUID,TOPICAL,UNAPPROVED DRUG OTHER,,HUMAN PRESCRIPTION DRUG,Sulfonamide Antibacterial [EPC];Sulfonamides [CS],71399-0485-8,"227 g in 1 BOTTLE, PLASTIC (71399-0485-8)",2e58df3f-b59d-4333-b9f6-86598e848e9f,20240913,,20261231,0
71399-0488,acne,sulfacetamide,Sodium Sulfacetamide 10% and Sulfur 5% Cleanser,"sulfacetamide sodium, sulfur",Akron Pharma Inc.,SULFACETAMIDE SODIUM 100 mg/g; SULFUR 50 mg/g,sulfacetamide sodium 10%; sulfur 5%,"[{""name"":""SULFACETAMIDE SODIUM"",""strength"":""100 mg/g"",""pct"":10.0,""display"":""10%""},{""name"":""SULFUR"",""strength"":""50 mg/g"",""pct"":5.0,""display"":""5%""}]",LIQUID,TOPICAL,UNAPPROVED DRUG OTHER,,HUMAN PRESCRIPTION DRUG,Sulfonamide Antibacterial [EPC];Sulfonamides [CS],71399-0488-6,"170.3 g in 1 BOTTLE, PLASTIC (71399-0488-6)",7746061b-94e6-4e33-8a40-cf1ef16a198b,20240913,,20261231,0
71399-0487,acne,sulfacetamide,Sodium Sulfacetamide 8% and Sulfur 4%,"sulfacetamide sodium, sulfur",Akron Pharma Inc.,SULFACETAMIDE SODIUM 80 mg/mL; SULFUR 40 mg/mL,sulfacetamide sodium 8%; sulfur 4%,"[{""name"":""SULFACETAMIDE SODIUM"",""strength"":""80 mg/mL"",""pct"":8.0,""display"":""8%""},{""name"":""SULFUR"",""strength"":""40 mg/mL"",""pct"":4.0,""display"":""4%""}]",SUSPENSION,TOPICAL,UNAPPROVED DRUG OTHER,,HUMAN PRESCRIPTION DRUG,Sulfonamide Antibacterial [EPC];Sulfonamides [CS],71399-0487-6,"473 mL in 1 BOTTLE, PLASTIC (71399-0487-6)",bfbe625c-5679-4363-913a-2ab03198f4f0,20240913,,20261231,0
58657-469,acne,sulfacetamide,Sodium Sulfacetamide 8% and Sulfur 4% Cleanser,"sulfacetamide sodium, sulfur",Method Pharmaceuticals,SULFACETAMIDE SODIUM 80 mg/mL; SULFUR 40 mg/mL,sulfacetamide sodium 8%; sulfur 4%,"[{""name"":""SULFACETAMIDE SODIUM"",""strength"":""80 mg/mL"",""pct"":8.0,""display"":""8%""},{""name"":""SULFUR"",""strength"":""40 mg/mL"",""pct"":4.0,""display"":""4%""}]",LIQUID,TOPICAL,UNAPPROVED DRUG OTHER,,HUMAN PRESCRIPTION DRUG,Sulfonamide Antibacterial [EPC];Sulfonamides [CS],58657-469-16,"473 mL in 1 BOTTLE, PLASTIC (58657-469-16)",d8dcbf63-58f0-0a25-e053-2a95a90a7633,20220201,,20271231,0
71399-0482,acne,sulfacetamide,Sodium Sulfacetamide 9% - Sulfur 4%,"sulfacetamide sodium, sulfur",Akron Pharma Inc.,SULFACETAMIDE SODIUM 90 mg/mL; SULFUR 40 mg/mL,sulfacetamide sodium 9%; sulfur 4%,"[{""name"":""SULFACETAMIDE SODIUM"",""strength"":""90 mg/mL"",""pct"":9.0,""display"":""9%""},{""name"":""SULFUR"",""strength"":""40 mg/mL"",""pct"":4.0,""display"":""4%""}]",SUSPENSION,TOPICAL,UNAPPROVED DRUG OTHER,,HUMAN PRESCRIPTION DRUG,Sulfonamide Antibacterial [EPC];Sulfonamides [CS],71399-0482-6,"473 mL in 1 BOTTLE, PLASTIC (71399-0482-6)",173fd4d6-1efb-46e3-bf8e-565a265b6d6e,20240913,,20261231,0
71399-0484,acne,sulfacetamide,Sodium Sulfacetamide 9% - Sulfur 4.5% Wash,"sulfacetamide sodium, sulfur",Akron Pharma Inc.,SULFACETAMIDE SODIUM 90 mg/g; SULFUR 45 mg/g,sulfacetamide sodium 9%; sulfur 4.5%,"[{""name"":""SULFACETAMIDE SODIUM"",""strength"":""90 mg/g"",""pct"":9.0,""display"":""9%""},{""name"":""SULFUR"",""strength"":""45 mg/g"",""pct"":4.5,""display"":""4.5%""}]",LIQUID,TOPICAL,UNAPPROVED DRUG OTHER,,HUMAN PRESCRIPTION DRUG,Sulfonamide Antibacterial [EPC];Sulfonamides [CS],71399-0484-6,"454 g in 1 BOTTLE, PLASTIC (71399-0484-6)",29c84706-b96b-45e8-b84a-b130a2d1e9b5,20240913,,20261231,0
58657-473,acne,sulfacetamide,Sodium Sulfacetamide 9% and Sulfur 4% Cleanser,"sulfacetamide sodium, sulfur",Method Pharmaceuticals,SULFACETAMIDE SODIUM 90 mg/mL; SULFUR 40 mg/mL,sulfacetamide sodium 9%; sulfur 4%,"[{""name"":""SULFACETAMIDE SODIUM"",""strength"":""90 mg/mL"",""pct"":9.0,""display"":""9%""},{""name"":""SULFUR"",""strength"":""40 mg/mL"",""pct"":4.0,""display"":""4%""}]",LIQUID,TOPICAL,UNAPPROVED DRUG OTHER,,HUMAN PRESCRIPTION DRUG,Sulfonamide Antibacterial [EPC];Sulfonamides [CS],58657-473-16,"473 mL in 1 BOTTLE, PLASTIC (58657-473-16)",d770b9e2-dbbe-c246-e053-2995a90a398d,20220201,,20271231,0
58657-474,acne,sulfacetamide,Sodium Sulfacetamide 9% and Sulfur 4.5% Cleanser,"sulfacetamide sodium, sulfur",Method Pharmaceuticals,SULFACETAMIDE SODIUM 90 mg/g; SULFUR 45 mg/g,sulfacetamide sodium 9%; sulfur 4.5%,"[{""name"":""SULFACETAMIDE SODIUM"",""strength"":""90 mg/g"",""pct"":9.0,""display"":""9%""},{""name"":""SULFUR"",""strength"":""45 mg/g"",""pct"":4.5,""display"":""4.5%""}]",LIQUID,TOPICAL,UNAPPROVED DRUG OTHER,,HUMAN PRESCRIPTION DRUG,Sulfonamide Antibacterial [EPC];Sulfonamides [CS],58657-474-16,"454 g in 1 BOTTLE, PLASTIC (58657-474-16)",d770860b-ecbd-ba22-e053-2a95a90af691,20220201,,20271231,0
24470-955,acne,sulfacetamide,Sodium Sulfacetamide 9.8% and Sulfur 4.8% Cleanser,"sulfacetamide sodium, sulfur","Cintex Services, LLC",SULFUR 48 mg/g; SULFACETAMIDE SODIUM 98 mg/g,sulfur 4.8%; sulfacetamide sodium 9.8%,"[{""name"":""SULFUR"",""strength"":""48 mg/g"",""pct"":4.8,""display"":""4.8%""},{""name"":""SULFACETAMIDE SODIUM"",""strength"":""98 mg/g"",""pct"":9.8,""display"":""9.8%""}]",LIQUID,TOPICAL,UNAPPROVED DRUG OTHER,,HUMAN PRESCRIPTION DRUG,Sulfonamide Antibacterial [EPC];Sulfonamides [CS],24470-955-10,"285 g in 1 BOTTLE, PLASTIC (24470-955-10)",4137a6a5-35f4-ad2a-e063-6394a90aac19,20251020,,20261231,0
42192-156,acne,sulfacetamide,Sodium Sulfacetamide 9.8% and Sulfur 4.8% Cleanser,"sulfacetamide sodium, sulfur","Acella Pharmaceuticals, LLC",SULFACETAMIDE SODIUM 98 mg/g; SULFUR 48 mg/g,sulfacetamide sodium 9.8%; sulfur 4.8%,"[{""name"":""SULFACETAMIDE SODIUM"",""strength"":""98 mg/g"",""pct"":9.8,""display"":""9.8%""},{""name"":""SULFUR"",""strength"":""48 mg/g"",""pct"":4.8,""display"":""4.8%""}]",LIQUID,TOPICAL,UNAPPROVED DRUG OTHER,,HUMAN PRESCRIPTION DRUG,Sulfonamide Antibacterial [EPC];Sulfonamides [CS],42192-156-10,"285 g in 1 BOTTLE, PLASTIC (42192-156-10)",b21b36da-5475-4b01-8afd-1598f29c9b5d,20161212,,20271231,0
52187-546,acne,sulfacetamide,Sodium Sulfacetamide 9.8% and Sulfur 4.8% Cleanser,"sulfacetamide sodium, sulfur","KMM Pharmaceuticals, LLC",SULFUR 48 mg/g; SULFACETAMIDE SODIUM 98 mg/g,sulfur 4.8%; sulfacetamide sodium 9.8%,"[{""name"":""SULFUR"",""strength"":""48 mg/g"",""pct"":4.8,""display"":""4.8%""},{""name"":""SULFACETAMIDE SODIUM"",""strength"":""98 mg/g"",""pct"":9.8,""display"":""9.8%""}]",LIQUID,TOPICAL,UNAPPROVED DRUG OTHER,,HUMAN PRESCRIPTION DRUG,Sulfonamide Antibacterial [EPC];Sulfonamides [CS],52187-546-10,"285 g in 1 BOTTLE, PLASTIC (52187-546-10)",db857027-0175-e452-e053-2995a90a4df5,20220331,,20261231,0
71399-0486,acne,sulfacetamide,Sodium Sulfacetamide 9.8% and Sulfur 4.8% Cleanser,"sulfacetamide sodium, sulfur",Akron Pharma Inc.,SULFACETAMIDE SODIUM 9.8 mg/g; SULFUR 4.8 mg/g,sulfacetamide sodium 0.98%; sulfur 0.48%,"[{""name"":""SULFACETAMIDE SODIUM"",""strength"":""9.8 mg/g"",""pct"":0.98,""display"":""0.98%""},{""name"":""SULFUR"",""strength"":""4.8 mg/g"",""pct"":0.48,""display"":""0.48%""}]",LIQUID,TOPICAL,UNAPPROVED DRUG OTHER,,HUMAN PRESCRIPTION DRUG,Sulfonamide Antibacterial [EPC];Sulfonamides [CS],71399-0486-1,"285 g in 1 BOTTLE, PLASTIC (71399-0486-1)",8f6809f0-10f9-4d1b-a8f6-6a6745b04dba,20240913,,20261231,0
58657-472,acne,sulfacetamide,Sodium Sulfacetamide and Sulfur,"sulfacetamide sodium, sulfur","Method Pharmaceuticals, LLC",SULFACETAMIDE SODIUM 100 mg/g; SULFUR 50 mg/g,sulfacetamide sodium 10%; sulfur 5%,"[{""name"":""SULFACETAMIDE SODIUM"",""strength"":""100 mg/g"",""pct"":10.0,""display"":""10%""},{""name"":""SULFUR"",""strength"":""50 mg/g"",""pct"":5.0,""display"":""5%""}]",LIQUID,TOPICAL,UNAPPROVED DRUG OTHER,,HUMAN PRESCRIPTION DRUG,Sulfonamide Antibacterial [EPC];Sulfonamides [CS],58657-472-06;58657-472-07;58657-472-08;58657-472-12;58657-472-13,"170 g in 1 BOTTLE, PLASTIC (58657-472-06) | 170.3 g in 1 BOTTLE, PLASTIC (58657-472-07) | 227 g in 1 BOTTLE, PLASTIC (58657-472-08) | 340 g in 1 BOTTLE, PLASTIC (58657-472-12) | 340.2 g in 1 BOTTLE, PLASTIC (58657-472-13)",d35a7764-f3c6-fd1b-e053-2a95a90a8036,20211115,,20271231,0
44523-520,acne,sulfacetamide,"Sodium Sulfacetamide, Sulfur","sulfacetamide sodium, sulfur","BioComp Pharma, Inc.",SULFACETAMIDE SODIUM 100 mg/g; SULFUR 50 mg/g,sulfacetamide sodium 10%; sulfur 5%,"[{""name"":""SULFACETAMIDE SODIUM"",""strength"":""100 mg/g"",""pct"":10.0,""display"":""10%""},{""name"":""SULFUR"",""strength"":""50 mg/g"",""pct"":5.0,""display"":""5%""}]",CREAM,TOPICAL,UNAPPROVED DRUG OTHER,,HUMAN PRESCRIPTION DRUG,Sulfonamide Antibacterial [EPC];Sulfonamides [CS],,,c735ff03-c97c-430d-a37b-5b40cf29046a,20110915,,20261231,0
44523-550,acne,sulfacetamide,"Sodium Sulfacetamide, Sulfur","sulfacetamide sodium, sulfur","BioComp Pharma, Inc.",SULFACETAMIDE SODIUM 100 mg/g; SULFUR 20 mg/g,sulfacetamide sodium 10%; sulfur 2%,"[{""name"":""SULFACETAMIDE SODIUM"",""strength"":""100 mg/g"",""pct"":10.0,""display"":""10%""},{""name"":""SULFUR"",""strength"":""20 mg/g"",""pct"":2.0,""display"":""2%""}]",EMULSION,TOPICAL,UNAPPROVED DRUG OTHER,,HUMAN PRESCRIPTION DRUG,Sulfonamide Antibacterial [EPC];Sulfonamides [CS],44523-550-08,"227 g in 1 BOTTLE, PLASTIC (44523-550-08)",99e52390-478e-49ed-87de-aa794379bfeb,20110915,,20261231,0
0574-2061,antifungal,ciclopirox,CICLOPIROX,ciclopirox,Padagis US LLC,CICLOPIROX 7.7 mg/g,ciclopirox 0.77%,"[{""name"":""CICLOPIROX"",""strength"":""7.7 mg/g"",""pct"":0.77,""display"":""0.77%""}]",GEL,TOPICAL,ANDA,ANDA078266,HUMAN PRESCRIPTION DRUG,Decreased DNA Replication [PE];Decreased Protein Synthesis [PE];Decreased RNA Replication [PE];Protein Synthesis Inhibitors [MoA],0574-2061-01;0574-2061-30;0574-2061-45,1 TUBE in 1 CARTON (0574-2061-01) / 100 g in 1 TUBE | 1 TUBE in 1 CARTON (0574-2061-30) / 30 g in 1 TUBE | 1 TUBE in 1 CARTON (0574-2061-45) / 45 g in 1 TUBE,b6a02568-867b-4c7b-890f-5d28bf0b363d,20090107,,20261231,0
21922-053,antifungal,ciclopirox,CICLOPIROX,ciclopirox,"Encube Ethicals, Inc.",CICLOPIROX 80 mg/mL,ciclopirox 8%,"[{""name"":""CICLOPIROX"",""strength"":""80 mg/mL"",""pct"":8.0,""display"":""8%""}]",SOLUTION,TOPICAL,ANDA,ANDA077687,HUMAN PRESCRIPTION DRUG,Decreased DNA Replication [PE];Decreased Protein Synthesis [PE];Decreased RNA Replication [PE];Protein Synthesis Inhibitors [MoA],21922-053-51,"1 BOTTLE, WITH APPLICATOR in 1 CARTON (21922-053-51) / 6.6 mL in 1 BOTTLE, WITH APPLICATOR",79084b47-7481-4926-9837-e08f633b1ddf,20231109,,20261231,0
21922-105,antifungal,ciclopirox,CICLOPIROX,ciclopirox,"Encube Ethicals, Inc.",CICLOPIROX 1 g/100mL,ciclopirox 1%,"[{""name"":""CICLOPIROX"",""strength"":""1 g/100mL"",""pct"":1.0,""display"":""1%""}]",SHAMPOO,TOPICAL,ANDA,ANDA209975,HUMAN PRESCRIPTION DRUG,Decreased DNA Replication [PE];Decreased Protein Synthesis [PE];Decreased RNA Replication [PE];Protein Synthesis Inhibitors [MoA],21922-105-52,1 BOTTLE in 1 CARTON (21922-105-52) / 120 mL in 1 BOTTLE,cb456f2e-6645-4cc4-8e71-299c47ccb6b7,20251203,,20271231,0
0591-2159,antifungal,ciclopirox,Ciclopirox,ciclopirox,"Actavis Pharma, Inc.",CICLOPIROX 10 mg/.96mL,ciclopirox 1.0417%,"[{""name"":""CICLOPIROX"",""strength"":""10 mg/.96mL"",""pct"":1.0417,""display"":""1.0417%""}]",SHAMPOO,TOPICAL,ANDA,ANDA090490,HUMAN PRESCRIPTION DRUG,Decreased DNA Replication [PE];Decreased Protein Synthesis [PE];Decreased RNA Replication [PE];Protein Synthesis Inhibitors [MoA],0591-2159-90,"120 mL in 1 BOTTLE, PLASTIC (0591-2159-90)",eef13684-751f-47e1-b75e-3401a0e6e20f,20121212,,20271231,0
42192-715,antifungal,ciclopirox,Ciclopirox,ciclopirox,"Acella Pharmaceuticals, LLC",CICLOPIROX 80 mg/mL,ciclopirox 8%,"[{""name"":""CICLOPIROX"",""strength"":""80 mg/mL"",""pct"":8.0,""display"":""8%""}]",SOLUTION,TOPICAL,ANDA,ANDA078172,HUMAN PRESCRIPTION DRUG,Decreased DNA Replication [PE];Decreased Protein Synthesis [PE];Decreased RNA Replication [PE];Protein Synthesis Inhibitors [MoA],42192-715-06,1 BOTTLE in 1 CARTON (42192-715-06) / 6.6 mL in 1 BOTTLE,a08137a9-331f-4615-9752-e2cb52b3d8fc,20191104,,20271231,0
45802-141,antifungal,ciclopirox,Ciclopirox,ciclopirox,Padagis Israel Pharmaceuticals Ltd,CICLOPIROX 80 mg/mL,ciclopirox 8%,"[{""name"":""CICLOPIROX"",""strength"":""80 mg/mL"",""pct"":8.0,""display"":""8%""}]",SOLUTION,TOPICAL,ANDA,ANDA077623,HUMAN PRESCRIPTION DRUG,Decreased DNA Replication [PE];Decreased Protein Synthesis [PE];Decreased RNA Replication [PE];Protein Synthesis Inhibitors [MoA],45802-141-67,"1 BOTTLE, WITH APPLICATOR in 1 CARTON (45802-141-67) / 6.6 mL in 1 BOTTLE, WITH APPLICATOR",02f46b6e-b424-4210-83bf-e79618df4344,20070919,,20261231,0
45802-401,antifungal,ciclopirox,Ciclopirox,ciclopirox,Padagis Israel Pharmaceuticals Ltd,CICLOPIROX 1 g/100mL,ciclopirox 1%,"[{""name"":""CICLOPIROX"",""strength"":""1 g/100mL"",""pct"":1.0,""display"":""1%""}]",SHAMPOO,TOPICAL,ANDA,ANDA078594,HUMAN PRESCRIPTION DRUG,Decreased DNA Replication [PE];Decreased Protein Synthesis [PE];Decreased RNA Replication [PE];Protein Synthesis Inhibitors [MoA],45802-401-09,120 mL in 1 BOTTLE (45802-401-09),c3722d52-407c-499b-a08b-b299609f203c,20100217,,20261231,0
51672-1351,antifungal,ciclopirox,Ciclopirox,ciclopirox,"Sun Pharmaceutical Industries, Inc.",CICLOPIROX 10 mg/.96mL,ciclopirox 1.0417%,"[{""name"":""CICLOPIROX"",""strength"":""10 mg/.96mL"",""pct"":1.0417,""display"":""1.0417%""}]",SHAMPOO,TOPICAL,ANDA,ANDA090269,HUMAN PRESCRIPTION DRUG,Decreased DNA Replication [PE];Decreased Protein Synthesis [PE];Decreased RNA Replication [PE];Protein Synthesis Inhibitors [MoA],51672-1351-8,"1 BOTTLE, PLASTIC in 1 CARTON (51672-1351-8) / 120 mL in 1 BOTTLE, PLASTIC",b44b190b-8e2a-4937-a6c5-92f37911e7f8,20110223,,20261231,0
62135-814,antifungal,ciclopirox,Ciclopirox,ciclopirox,"Chartwell RX, LLC",CICLOPIROX 71.3 mg/mL,ciclopirox 7.13%,"[{""name"":""CICLOPIROX"",""strength"":""71.3 mg/mL"",""pct"":7.13,""display"":""7.13%""}]",SOLUTION,TOPICAL,ANDA,ANDA078046,HUMAN PRESCRIPTION DRUG,Decreased DNA Replication [PE];Decreased Protein Synthesis [PE];Decreased RNA Replication [PE];Protein Synthesis Inhibitors [MoA],62135-814-45,6.6 mL in 1 BOTTLE (62135-814-45),8ce98020-5615-4332-bf57-72777e2ce038,20070918,,20261231,0
68462-455,antifungal,ciclopirox,ciclopirox,ciclopirox,"Glenmark Pharmaceuticals Inc., USA",CICLOPIROX 7.7 mg/g,ciclopirox 0.77%,"[{""name"":""CICLOPIROX"",""strength"":""7.7 mg/g"",""pct"":0.77,""display"":""0.77%""}]",GEL,TOPICAL,ANDA,ANDA091595,HUMAN PRESCRIPTION DRUG,Decreased DNA Replication [PE];Decreased Protein Synthesis [PE];Decreased RNA Replication [PE];Protein Synthesis Inhibitors [MoA],68462-455-35;68462-455-47;68462-455-94,30 g in 1 TUBE (68462-455-35) | 45 g in 1 TUBE (68462-455-47) | 100 g in 1 TUBE (68462-455-94),3c22416e-4293-4ba5-a983-137cbc6022db,20120229,,20271231,0
0713-0638,antifungal,ciclopirox,Ciclopirox Olamine,ciclopirox olamine,"Cosette Pharmaceuticals, Inc.",CICLOPIROX OLAMINE 7.7 mg/g,ciclopirox olamine 0.77%,"[{""name"":""CICLOPIROX OLAMINE"",""strength"":""7.7 mg/g"",""pct"":0.77,""display"":""0.77%""}]",CREAM,TOPICAL,ANDA,ANDA078463,HUMAN PRESCRIPTION DRUG,Decreased DNA Replication [PE];Decreased Protein Synthesis [PE];Decreased RNA Replication [PE];Protein Synthesis Inhibitors [MoA],0713-0638-15;0713-0638-18;0713-0638-31,1 TUBE in 1 BOX (0713-0638-15) / 15 g in 1 TUBE | 1 TUBE in 1 BOX (0713-0638-18) / 90 g in 1 TUBE | 1 TUBE in 1 BOX (0713-0638-31) / 30 g in 1 TUBE,5c585aa5-7d2d-e798-c0bd-d602574d643c,20070522,,20261231,0
45802-400,antifungal,ciclopirox,Ciclopirox Olamine,ciclopirox olamine,Padagis Israel Pharmaceuticals Ltd,CICLOPIROX OLAMINE 7.7 mg/mL,ciclopirox olamine 0.77%,"[{""name"":""CICLOPIROX OLAMINE"",""strength"":""7.7 mg/mL"",""pct"":0.77,""display"":""0.77%""}]",SUSPENSION,TOPICAL,ANDA,ANDA077676,HUMAN PRESCRIPTION DRUG,Decreased DNA Replication [PE];Decreased Protein Synthesis [PE];Decreased RNA Replication [PE];Protein Synthesis Inhibitors [MoA],45802-400-46;45802-400-49,1 BOTTLE in 1 CARTON (45802-400-46) / 60 mL in 1 BOTTLE | 1 BOTTLE in 1 CARTON (45802-400-49) / 30 mL in 1 BOTTLE,eadbd29d-5990-4987-833f-40cd0b2d2868,20061229,,20271231,0
51672-1318,antifungal,ciclopirox,Ciclopirox Olamine,ciclopirox olamine,"Sun Pharmaceutical Industries, Inc.",CICLOPIROX OLAMINE 7.7 mg/g,ciclopirox olamine 0.77%,"[{""name"":""CICLOPIROX OLAMINE"",""strength"":""7.7 mg/g"",""pct"":0.77,""display"":""0.77%""}]",CREAM,TOPICAL,ANDA,ANDA076790,HUMAN PRESCRIPTION DRUG,Decreased DNA Replication [PE];Decreased Protein Synthesis [PE];Decreased RNA Replication [PE];Protein Synthesis Inhibitors [MoA],51672-1318-1;51672-1318-2;51672-1318-8,1 TUBE in 1 CARTON (51672-1318-1) / 15 g in 1 TUBE | 1 TUBE in 1 CARTON (51672-1318-2) / 30 g in 1 TUBE | 1 TUBE in 1 CARTON (51672-1318-8) / 90 g in 1 TUBE,7fa4032e-a819-4574-b484-c57aaf1c5b01,20050412,,20271231,0
68462-297,antifungal,ciclopirox,Ciclopirox Olamine,ciclopirox olamine,"Glenmark Pharmaceuticals Inc., USA",CICLOPIROX OLAMINE 7.7 mg/g,ciclopirox olamine 0.77%,"[{""name"":""CICLOPIROX OLAMINE"",""strength"":""7.7 mg/g"",""pct"":0.77,""display"":""0.77%""}]",CREAM,TOPICAL,ANDA,ANDA090273,HUMAN PRESCRIPTION DRUG,Decreased DNA Replication [PE];Decreased Protein Synthesis [PE];Decreased RNA Replication [PE];Protein Synthesis Inhibitors [MoA],68462-297-17;68462-297-35;68462-297-92,15 g in 1 CARTON (68462-297-17) | 30 g in 1 CARTON (68462-297-35) | 90 g in 1 CARTON (68462-297-92),7385cf42-9f80-4542-8e0f-a0228aa9b43a,20091113,,20271231,0
45802-138,antifungal,ciclopirox,Ciclopirox olamine,ciclopirox olamine,Padagis Israel Pharmaceuticals Ltd,CICLOPIROX OLAMINE 7.7 mg/g,ciclopirox olamine 0.77%,"[{""name"":""CICLOPIROX OLAMINE"",""strength"":""7.7 mg/g"",""pct"":0.77,""display"":""0.77%""}]",CREAM,TOPICAL,ANDA,ANDA077364,HUMAN PRESCRIPTION DRUG,Decreased DNA Replication [PE];Decreased Protein Synthesis [PE];Decreased RNA Replication [PE];Protein Synthesis Inhibitors [MoA],45802-138-11;45802-138-18;45802-138-35,1 TUBE in 1 CARTON (45802-138-11) / 30 g in 1 TUBE | 1 TUBE in 1 CARTON (45802-138-18) / 90 g in 1 TUBE | 1 TUBE in 1 CARTON (45802-138-35) / 15 g in 1 TUBE,1a74ed86-997a-4b86-b54a-b2b2c94e8abb,20060719,,20271231,0
59651-945,antifungal,econazole,ECONAZOLE NITRATE,econazole nitrate,Aurobindo Pharma Limited,ECONAZOLE NITRATE 10 mg/g,econazole nitrate 1%,"[{""name"":""ECONAZOLE NITRATE"",""strength"":""10 mg/g"",""pct"":1.0,""display"":""1%""}]",CREAM,TOPICAL,ANDA,ANDA210364,HUMAN PRESCRIPTION DRUG,Azole Antifungal [EPC];Azoles [CS],59651-945-14;59651-945-30;59651-945-85,1 TUBE in 1 CARTON (59651-945-14) / 15 g in 1 TUBE | 1 TUBE in 1 CARTON (59651-945-30) / 30 g in 1 TUBE | 1 TUBE in 1 CARTON (59651-945-85) / 85 g in 1 TUBE,74e5bbc9-eaea-405e-b64b-b3527c5ea084,20260313,,20271231,0
21922-111,antifungal,econazole,Econazole Nitrate,econazole nitrate,"Encube Ethicals, Inc.",ECONAZOLE NITRATE 10 mg/g,econazole nitrate 1%,"[{""name"":""ECONAZOLE NITRATE"",""strength"":""10 mg/g"",""pct"":1.0,""display"":""1%""}]",CREAM,TOPICAL,ANDA,ANDA076574,HUMAN PRESCRIPTION DRUG,Azole Antifungal [EPC];Azoles [CS],21922-111-04;21922-111-05;21922-111-15,1 TUBE in 1 CARTON (21922-111-04) / 15 g in 1 TUBE | 1 TUBE in 1 CARTON (21922-111-05) / 30 g in 1 TUBE | 1 TUBE in 1 CARTON (21922-111-15) / 85 g in 1 TUBE,64d82b8b-d749-4bfe-ba3e-25836d54e115,20260701,,20271231,0
45802-466,antifungal,econazole,Econazole Nitrate,econazole nitrate,Padagis Israel Pharmaceuticals Ltd,ECONAZOLE NITRATE 10 mg/g,econazole nitrate 1%,"[{""name"":""ECONAZOLE NITRATE"",""strength"":""10 mg/g"",""pct"":1.0,""display"":""1%""}]",CREAM,TOPICAL,ANDA,ANDA076479,HUMAN PRESCRIPTION DRUG,Azole Antifungal [EPC];Azoles [CS],45802-466-11;45802-466-35;45802-466-53,1 TUBE in 1 CARTON (45802-466-11) / 30 g in 1 TUBE | 1 TUBE in 1 CARTON (45802-466-35) / 15 g in 1 TUBE | 1 TUBE in 1 CARTON (45802-466-53) / 85 g in 1 TUBE,3acc5e03-0339-4b23-945d-641746e81923,20060808,,20261231,0
51672-1303,antifungal,econazole,Econazole Nitrate,econazole nitrate,"Sun Pharmaceutical Industries, Inc.",ECONAZOLE NITRATE 10 mg/g,econazole nitrate 1%,"[{""name"":""ECONAZOLE NITRATE"",""strength"":""10 mg/g"",""pct"":1.0,""display"":""1%""}]",CREAM,TOPICAL,ANDA,ANDA076005,HUMAN PRESCRIPTION DRUG,Azole Antifungal [EPC];Azoles [CS],51672-1303-1;51672-1303-2;51672-1303-8,1 TUBE in 1 CARTON (51672-1303-1) / 15 g in 1 TUBE | 1 TUBE in 1 CARTON (51672-1303-2) / 30 g in 1 TUBE | 1 TUBE in 1 CARTON (51672-1303-8) / 85 g in 1 TUBE,90c40d7f-94fa-440c-9815-30378f76ae79,20021126,,20261231,0
73352-100,antifungal,econazole,Econazole Nitrate,econazole nitrate,"Trifluent Pharma, LLC",ECONAZOLE NITRATE 10 mg/g,econazole nitrate 1%,"[{""name"":""ECONAZOLE NITRATE"",""strength"":""10 mg/g"",""pct"":1.0,""display"":""1%""}]","AEROSOL, FOAM",TOPICAL,NDA AUTHORIZED GENERIC,NDA205175,HUMAN PRESCRIPTION DRUG,Azole Antifungal [EPC];Azoles [CS],73352-100-70,1 CANISTER in 1 CARTON (73352-100-70) / 70 g in 1 CANISTER,3eb40c94-f369-ce4b-e063-6294a90abed4,20250913,,20261231,0
81811-100,antifungal,econazole,Ecoza,econazole nitrate,"Resilia Pharmaceuticals, Inc.",ECONAZOLE NITRATE 10 mg/g,econazole nitrate 1%,"[{""name"":""ECONAZOLE NITRATE"",""strength"":""10 mg/g"",""pct"":1.0,""display"":""1%""}]","AEROSOL, FOAM",TOPICAL,NDA,NDA205175,HUMAN PRESCRIPTION DRUG,Azole Antifungal [EPC];Azoles [CS],81811-100-70,1 CANISTER in 1 CARTON (81811-100-70) / 70 g in 1 CANISTER,0bb5fa27-32ed-ed13-e063-6394a90a1577,20231204,,20261231,0
0187-5400,antifungal,efinaconazole,JUBLIA,efinaconazole,Bausch Health US LLC,EFINACONAZOLE 100 mg/mL,efinaconazole 10%,"[{""name"":""EFINACONAZOLE"",""strength"":""100 mg/mL"",""pct"":10.0,""display"":""10%""}]",SOLUTION,TOPICAL,NDA,NDA203567,HUMAN PRESCRIPTION DRUG,Azole Antifungal [EPC];Azoles [CS],0187-5400-02;0187-5400-04;0187-5400-08,"1 BOTTLE, WITH APPLICATOR in 1 CARTON (0187-5400-02) / 2 mL in 1 BOTTLE, WITH APPLICATOR | 1 BOTTLE, WITH APPLICATOR in 1 CARTON (0187-5400-04) / 4 mL in 1 BOTTLE, WITH APPLICATOR | 1 BOTTLE, WITH APPLICATOR in 1 CARTON (0187-5400-08) / 8 mL in 1 BOTTLE, WITH APPLICATOR",922d4d25-c530-11e1-9b21-0800200c9a66,20140606,,20261231,0
0049-3450,antifungal,fluconazole,Diflucan,fluconazole,Roerig,FLUCONAZOLE 1400 mg/35mL,fluconazole 4%,"[{""name"":""FLUCONAZOLE"",""strength"":""1400 mg/35mL"",""pct"":4.0,""display"":""4%""}]","POWDER, FOR SUSPENSION",ORAL,NDA,NDA020090,HUMAN PRESCRIPTION DRUG,Azole Antifungal [EPC];Azoles [CS];Cytochrome P450 2C19 Inhibitors [MoA];Cytochrome P450 2C9 Inhibitors [MoA];Cytochrome P450 3A4 Inhibitors [MoA],0049-3450-19,1 BOTTLE in 1 CARTON (0049-3450-19) / 35 mL in 1 BOTTLE,f694c617-3383-416c-91b6-b94fda371204,19931223,,20271231,0
62135-130,antifungal,fluconazole,FLUCONAZOLE,fluconazole,"Chartwell RX, LLC",FLUCONAZOLE 50 mg/1,fluconazole 50 mg,"[{""name"":""FLUCONAZOLE"",""strength"":""50 mg/1"",""pct"":null,""display"":""50 mg""}]",TABLET,ORAL,ANDA,ANDA076665,HUMAN PRESCRIPTION DRUG,Azole Antifungal [EPC];Azoles [CS];Cytochrome P450 2C19 Inhibitors [MoA];Cytochrome P450 2C9 Inhibitors [MoA];Cytochrome P450 3A4 Inhibitors [MoA],62135-130-30,30 TABLET in 1 BOTTLE (62135-130-30),f86ea347-78f5-43b8-9574-a52569a4237b,20040729,,20261231,0
62135-131,antifungal,fluconazole,FLUCONAZOLE,fluconazole,"Chartwell RX, LLC",FLUCONAZOLE 100 mg/1,fluconazole 100 mg,"[{""name"":""FLUCONAZOLE"",""strength"":""100 mg/1"",""pct"":null,""display"":""100 mg""}]",TABLET,ORAL,ANDA,ANDA076665,HUMAN PRESCRIPTION DRUG,Azole Antifungal [EPC];Azoles [CS];Cytochrome P450 2C19 Inhibitors [MoA];Cytochrome P450 2C9 Inhibitors [MoA];Cytochrome P450 3A4 Inhibitors [MoA],62135-131-30,30 TABLET in 1 BOTTLE (62135-131-30),f86ea347-78f5-43b8-9574-a52569a4237b,20040729,,20261231,0
62135-132,antifungal,fluconazole,FLUCONAZOLE,fluconazole,"Chartwell RX, LLC",FLUCONAZOLE 150 mg/1,fluconazole 150 mg,"[{""name"":""FLUCONAZOLE"",""strength"":""150 mg/1"",""pct"":null,""display"":""150 mg""}]",TABLET,ORAL,ANDA,ANDA076665,HUMAN PRESCRIPTION DRUG,Azole Antifungal [EPC];Azoles [CS];Cytochrome P450 2C19 Inhibitors [MoA];Cytochrome P450 2C9 Inhibitors [MoA];Cytochrome P450 3A4 Inhibitors [MoA],62135-132-77,1 TABLET in 1 BOTTLE (62135-132-77),f86ea347-78f5-43b8-9574-a52569a4237b,20040729,,20261231,0
62135-133,antifungal,fluconazole,FLUCONAZOLE,fluconazole,"Chartwell RX, LLC",FLUCONAZOLE 200 mg/1,fluconazole 200 mg,"[{""name"":""FLUCONAZOLE"",""strength"":""200 mg/1"",""pct"":null,""display"":""200 mg""}]",TABLET,ORAL,ANDA,ANDA076665,HUMAN PRESCRIPTION DRUG,Azole Antifungal [EPC];Azoles [CS];Cytochrome P450 2C19 Inhibitors [MoA];Cytochrome P450 2C9 Inhibitors [MoA];Cytochrome P450 3A4 Inhibitors [MoA],62135-133-30,30 TABLET in 1 BOTTLE (62135-133-30),f86ea347-78f5-43b8-9574-a52569a4237b,20040729,,20261231,0
16714-691,antifungal,fluconazole,Fluconazole,fluconazole,NorthStar Rx LLC,FLUCONAZOLE 100 mg/1,fluconazole 100 mg,"[{""name"":""FLUCONAZOLE"",""strength"":""100 mg/1"",""pct"":null,""display"":""100 mg""}]",TABLET,ORAL,ANDA,ANDA077731,HUMAN PRESCRIPTION DRUG,Azole Antifungal [EPC];Azoles [CS];Cytochrome P450 2C19 Inhibitors [MoA];Cytochrome P450 2C9 Inhibitors [MoA];Cytochrome P450 3A4 Inhibitors [MoA],16714-691-01;16714-691-02,30 TABLET in 1 BOTTLE (16714-691-01) | 100 TABLET in 1 BOTTLE (16714-691-02),d2acccda-8068-46c1-8562-950d7f70ee06,20081007,,20261231,0
16714-692,antifungal,fluconazole,Fluconazole,fluconazole,NorthStar Rx LLC,FLUCONAZOLE 150 mg/1,fluconazole 150 mg,"[{""name"":""FLUCONAZOLE"",""strength"":""150 mg/1"",""pct"":null,""display"":""150 mg""}]",TABLET,ORAL,ANDA,ANDA077731,HUMAN PRESCRIPTION DRUG,Azole Antifungal [EPC];Azoles [CS];Cytochrome P450 2C19 Inhibitors [MoA];Cytochrome P450 2C9 Inhibitors [MoA];Cytochrome P450 3A4 Inhibitors [MoA],16714-692-11,12 BLISTER PACK in 1 CARTON (16714-692-11) / 1 TABLET in 1 BLISTER PACK (16714-692-10),d2acccda-8068-46c1-8562-950d7f70ee06,20081007,,20261231,0
16714-693,antifungal,fluconazole,Fluconazole,fluconazole,NorthStar Rx LLC,FLUCONAZOLE 200 mg/1,fluconazole 200 mg,"[{""name"":""FLUCONAZOLE"",""strength"":""200 mg/1"",""pct"":null,""display"":""200 mg""}]",TABLET,ORAL,ANDA,ANDA077731,HUMAN PRESCRIPTION DRUG,Azole Antifungal [EPC];Azoles [CS];Cytochrome P450 2C19 Inhibitors [MoA];Cytochrome P450 2C9 Inhibitors [MoA];Cytochrome P450 3A4 Inhibitors [MoA],16714-693-01;16714-693-02,30 TABLET in 1 BOTTLE (16714-693-01) | 100 TABLET in 1 BOTTLE (16714-693-02),d2acccda-8068-46c1-8562-950d7f70ee06,20081007,,20261231,0
16714-694,antifungal,fluconazole,Fluconazole,fluconazole,NorthStar Rx LLC,FLUCONAZOLE 50 mg/1,fluconazole 50 mg,"[{""name"":""FLUCONAZOLE"",""strength"":""50 mg/1"",""pct"":null,""display"":""50 mg""}]",TABLET,ORAL,ANDA,ANDA077731,HUMAN PRESCRIPTION DRUG,Azole Antifungal [EPC];Azoles [CS];Cytochrome P450 2C19 Inhibitors [MoA];Cytochrome P450 2C9 Inhibitors [MoA];Cytochrome P450 3A4 Inhibitors [MoA],16714-694-01,30 TABLET in 1 BOTTLE (16714-694-01),d2acccda-8068-46c1-8562-950d7f70ee06,20081007,,20261231,0
16714-695,antifungal,fluconazole,Fluconazole,fluconazole,NorthStar Rx LLC,FLUCONAZOLE 10 mg/mL,fluconazole 1%,"[{""name"":""FLUCONAZOLE"",""strength"":""10 mg/mL"",""pct"":1.0,""display"":""1%""}]","POWDER, FOR SUSPENSION",ORAL,ANDA,ANDA079150,HUMAN PRESCRIPTION DRUG,Azole Antifungal [EPC];Azoles [CS];Cytochrome P450 2C19 Inhibitors [MoA];Cytochrome P450 2C9 Inhibitors [MoA];Cytochrome P450 3A4 Inhibitors [MoA],16714-695-01,1 BOTTLE in 1 CARTON (16714-695-01) / 35 mL in 1 BOTTLE,afde17e7-b95b-4cd5-97eb-e361724014bd,20090918,,20261231,0
16714-696,antifungal,fluconazole,Fluconazole,fluconazole,NorthStar Rx LLC,FLUCONAZOLE 40 mg/mL,fluconazole 4%,"[{""name"":""FLUCONAZOLE"",""strength"":""40 mg/mL"",""pct"":4.0,""display"":""4%""}]","POWDER, FOR SUSPENSION",ORAL,ANDA,ANDA079150,HUMAN PRESCRIPTION DRUG,Azole Antifungal [EPC];Azoles [CS];Cytochrome P450 2C19 Inhibitors [MoA];Cytochrome P450 2C9 Inhibitors [MoA];Cytochrome P450 3A4 Inhibitors [MoA],16714-696-01,1 BOTTLE in 1 CARTON (16714-696-01) / 35 mL in 1 BOTTLE,afde17e7-b95b-4cd5-97eb-e361724014bd,20090918,,20261231,0
55111-143,antifungal,fluconazole,Fluconazole,fluconazole,Dr. Reddy's Laboratories Limited,FLUCONAZOLE 50 mg/1,fluconazole 50 mg,"[{""name"":""FLUCONAZOLE"",""strength"":""50 mg/1"",""pct"":null,""display"":""50 mg""}]",TABLET,ORAL,ANDA,ANDA076658,HUMAN PRESCRIPTION DRUG,Azole Antifungal [EPC];Azoles [CS];Cytochrome P450 2C19 Inhibitors [MoA];Cytochrome P450 2C9 Inhibitors [MoA];Cytochrome P450 3A4 Inhibitors [MoA],55111-143-01;55111-143-05;55111-143-30;55111-143-78,100 TABLET in 1 BOTTLE (55111-143-01) | 500 TABLET in 1 BOTTLE (55111-143-05) | 30 TABLET in 1 BOTTLE (55111-143-30) | 10 DOSE PACK in 1 CARTON (55111-143-78) / 10 TABLET in 1 DOSE PACK (55111-143-79),d7fa1d79-4cd3-4a55-b74b-b31e82e616a3,20140620,,20261231,0
55111-144,antifungal,fluconazole,Fluconazole,fluconazole,Dr. Reddy's Laboratories Limited,FLUCONAZOLE 100 mg/1,fluconazole 100 mg,"[{""name"":""FLUCONAZOLE"",""strength"":""100 mg/1"",""pct"":null,""display"":""100 mg""}]",TABLET,ORAL,ANDA,ANDA076658,HUMAN PRESCRIPTION DRUG,Azole Antifungal [EPC];Azoles [CS];Cytochrome P450 2C19 Inhibitors [MoA];Cytochrome P450 2C9 Inhibitors [MoA];Cytochrome P450 3A4 Inhibitors [MoA],55111-144-01;55111-144-05;55111-144-30;55111-144-78,100 TABLET in 1 BOTTLE (55111-144-01) | 500 TABLET in 1 BOTTLE (55111-144-05) | 30 TABLET in 1 BOTTLE (55111-144-30) | 10 DOSE PACK in 1 CARTON (55111-144-78) / 10 TABLET in 1 DOSE PACK (55111-144-79),d7fa1d79-4cd3-4a55-b74b-b31e82e616a3,20140620,,20261231,0
55111-145,antifungal,fluconazole,Fluconazole,fluconazole,Dr. Reddy's Laboratories Limited,FLUCONAZOLE 150 mg/1,fluconazole 150 mg,"[{""name"":""FLUCONAZOLE"",""strength"":""150 mg/1"",""pct"":null,""display"":""150 mg""}]",TABLET,ORAL,ANDA,ANDA076658,HUMAN PRESCRIPTION DRUG,Azole Antifungal [EPC];Azoles [CS];Cytochrome P450 2C19 Inhibitors [MoA];Cytochrome P450 2C9 Inhibitors [MoA];Cytochrome P450 3A4 Inhibitors [MoA],55111-145-12,12 DOSE PACK in 1 CARTON (55111-145-12) / 1 TABLET in 1 DOSE PACK (55111-145-71),d7fa1d79-4cd3-4a55-b74b-b31e82e616a3,20140620,,20261231,0
55111-146,antifungal,fluconazole,Fluconazole,fluconazole,Dr. Reddy's Laboratories Limited,FLUCONAZOLE 200 mg/1,fluconazole 200 mg,"[{""name"":""FLUCONAZOLE"",""strength"":""200 mg/1"",""pct"":null,""display"":""200 mg""}]",TABLET,ORAL,ANDA,ANDA076658,HUMAN PRESCRIPTION DRUG,Azole Antifungal [EPC];Azoles [CS];Cytochrome P450 2C19 Inhibitors [MoA];Cytochrome P450 2C9 Inhibitors [MoA];Cytochrome P450 3A4 Inhibitors [MoA],55111-146-01;55111-146-05;55111-146-30;55111-146-78,100 TABLET in 1 BOTTLE (55111-146-01) | 500 TABLET in 1 BOTTLE (55111-146-05) | 30 TABLET in 1 BOTTLE (55111-146-30) | 10 DOSE PACK in 1 CARTON (55111-146-78) / 10 TABLET in 1 DOSE PACK (55111-146-79),d7fa1d79-4cd3-4a55-b74b-b31e82e616a3,20140620,,20261231,0
57237-003,antifungal,fluconazole,Fluconazole,fluconazole,"Rising Pharma Holdings, Inc.",FLUCONAZOLE 50 mg/1,fluconazole 50 mg,"[{""name"":""FLUCONAZOLE"",""strength"":""50 mg/1"",""pct"":null,""display"":""50 mg""}]",TABLET,ORAL,ANDA,ANDA077731,HUMAN PRESCRIPTION DRUG,Azole Antifungal [EPC];Azoles [CS];Cytochrome P450 2C19 Inhibitors [MoA];Cytochrome P450 2C9 Inhibitors [MoA];Cytochrome P450 3A4 Inhibitors [MoA],57237-003-30,30 TABLET in 1 BOTTLE (57237-003-30),2ca7efcd-4a8d-4139-a3eb-930afd18b13f,20081007,,20261231,0
57237-004,antifungal,fluconazole,Fluconazole,fluconazole,"Rising Pharma Holdings, Inc.",FLUCONAZOLE 100 mg/1,fluconazole 100 mg,"[{""name"":""FLUCONAZOLE"",""strength"":""100 mg/1"",""pct"":null,""display"":""100 mg""}]",TABLET,ORAL,ANDA,ANDA077731,HUMAN PRESCRIPTION DRUG,Azole Antifungal [EPC];Azoles [CS];Cytochrome P450 2C19 Inhibitors [MoA];Cytochrome P450 2C9 Inhibitors [MoA];Cytochrome P450 3A4 Inhibitors [MoA],57237-004-30,30 TABLET in 1 BOTTLE (57237-004-30),2ca7efcd-4a8d-4139-a3eb-930afd18b13f,20081007,,20261231,0
57237-005,antifungal,fluconazole,Fluconazole,fluconazole,"Rising Pharma Holdings, Inc.",FLUCONAZOLE 150 mg/1,fluconazole 150 mg,"[{""name"":""FLUCONAZOLE"",""strength"":""150 mg/1"",""pct"":null,""display"":""150 mg""}]",TABLET,ORAL,ANDA,ANDA077731,HUMAN PRESCRIPTION DRUG,Azole Antifungal [EPC];Azoles [CS];Cytochrome P450 2C19 Inhibitors [MoA];Cytochrome P450 2C9 Inhibitors [MoA];Cytochrome P450 3A4 Inhibitors [MoA],57237-005-11,12 BLISTER PACK in 1 CARTON (57237-005-11) / 1 TABLET in 1 BLISTER PACK,2ca7efcd-4a8d-4139-a3eb-930afd18b13f,20081007,,20261231,0
57237-006,antifungal,fluconazole,Fluconazole,fluconazole,"Rising Pharma Holdings, Inc.",FLUCONAZOLE 200 mg/1,fluconazole 200 mg,"[{""name"":""FLUCONAZOLE"",""strength"":""200 mg/1"",""pct"":null,""display"":""200 mg""}]",TABLET,ORAL,ANDA,ANDA077731,HUMAN PRESCRIPTION DRUG,Azole Antifungal [EPC];Azoles [CS];Cytochrome P450 2C19 Inhibitors [MoA];Cytochrome P450 2C9 Inhibitors [MoA];Cytochrome P450 3A4 Inhibitors [MoA],57237-006-01;57237-006-30,100 TABLET in 1 BOTTLE (57237-006-01) | 30 TABLET in 1 BOTTLE (57237-006-30),2ca7efcd-4a8d-4139-a3eb-930afd18b13f,20081007,,20261231,0
57237-149,antifungal,fluconazole,Fluconazole,fluconazole,"Rising Pharma Holdings, Inc.",FLUCONAZOLE 10 mg/mL,fluconazole 1%,"[{""name"":""FLUCONAZOLE"",""strength"":""10 mg/mL"",""pct"":1.0,""display"":""1%""}]","POWDER, FOR SUSPENSION",ORAL,ANDA,ANDA079150,HUMAN PRESCRIPTION DRUG,Azole Antifungal [EPC];Azoles [CS];Cytochrome P450 2C19 Inhibitors [MoA];Cytochrome P450 2C9 Inhibitors [MoA];Cytochrome P450 3A4 Inhibitors [MoA],57237-149-35,1 BOTTLE in 1 CARTON (57237-149-35) / 35 mL in 1 BOTTLE,ccbe0991-27a1-4ddb-bfc7-1b3422e53390,20090918,,20261231,0
57237-150,antifungal,fluconazole,Fluconazole,fluconazole,"Rising Pharma Holdings, Inc.",FLUCONAZOLE 40 mg/mL,fluconazole 4%,"[{""name"":""FLUCONAZOLE"",""strength"":""40 mg/mL"",""pct"":4.0,""display"":""4%""}]","POWDER, FOR SUSPENSION",ORAL,ANDA,ANDA079150,HUMAN PRESCRIPTION DRUG,Azole Antifungal [EPC];Azoles [CS];Cytochrome P450 2C19 Inhibitors [MoA];Cytochrome P450 2C9 Inhibitors [MoA];Cytochrome P450 3A4 Inhibitors [MoA],57237-150-35,1 BOTTLE in 1 CARTON (57237-150-35) / 35 mL in 1 BOTTLE,ccbe0991-27a1-4ddb-bfc7-1b3422e53390,20090918,,20261231,0
59762-5029,antifungal,fluconazole,Fluconazole,fluconazole,Mylan Pharmaceuticals Inc.,FLUCONAZOLE 10 mg/mL,fluconazole 1%,"[{""name"":""FLUCONAZOLE"",""strength"":""10 mg/mL"",""pct"":1.0,""display"":""1%""}]","POWDER, FOR SUSPENSION",ORAL,NDA AUTHORIZED GENERIC,NDA020090,HUMAN PRESCRIPTION DRUG,Azole Antifungal [EPC];Azoles [CS];Cytochrome P450 2C19 Inhibitors [MoA];Cytochrome P450 2C9 Inhibitors [MoA];Cytochrome P450 3A4 Inhibitors [MoA],59762-5029-1,1 BOTTLE in 1 CARTON (59762-5029-1) / 35 mL in 1 BOTTLE,737e0fac-a2d2-4053-a0d7-edbfb6248f69,19931223,,20271231,0
59762-5030,antifungal,fluconazole,Fluconazole,fluconazole,Mylan Pharmaceuticals Inc.,FLUCONAZOLE 40 mg/mL,fluconazole 4%,"[{""name"":""FLUCONAZOLE"",""strength"":""40 mg/mL"",""pct"":4.0,""display"":""4%""}]","POWDER, FOR SUSPENSION",ORAL,NDA AUTHORIZED GENERIC,NDA020090,HUMAN PRESCRIPTION DRUG,Azole Antifungal [EPC];Azoles [CS];Cytochrome P450 2C19 Inhibitors [MoA];Cytochrome P450 2C9 Inhibitors [MoA];Cytochrome P450 3A4 Inhibitors [MoA],59762-5030-1,1 BOTTLE in 1 CARTON (59762-5030-1) / 35 mL in 1 BOTTLE,737e0fac-a2d2-4053-a0d7-edbfb6248f69,19931223,,20271231,0
62559-990,antifungal,fluconazole,Fluconazole,fluconazole,"ANI Pharmaceuticals, Inc.",FLUCONAZOLE 50 mg/1,fluconazole 50 mg,"[{""name"":""FLUCONAZOLE"",""strength"":""50 mg/1"",""pct"":null,""display"":""50 mg""}]",TABLET,ORAL,ANDA,ANDA078423,HUMAN PRESCRIPTION DRUG,Azole Antifungal [EPC];Azoles [CS];Cytochrome P450 2C19 Inhibitors [MoA];Cytochrome P450 2C9 Inhibitors [MoA];Cytochrome P450 3A4 Inhibitors [MoA],62559-990-30,30 TABLET in 1 BOTTLE (62559-990-30),8f90f169-6a72-4c33-a2af-0bc943602bc2,20210422,,20261231,0
62559-991,antifungal,fluconazole,Fluconazole,fluconazole,"ANI Pharmaceuticals, Inc.",FLUCONAZOLE 100 mg/1,fluconazole 100 mg,"[{""name"":""FLUCONAZOLE"",""strength"":""100 mg/1"",""pct"":null,""display"":""100 mg""}]",TABLET,ORAL,ANDA,ANDA078423,HUMAN PRESCRIPTION DRUG,Azole Antifungal [EPC];Azoles [CS];Cytochrome P450 2C19 Inhibitors [MoA];Cytochrome P450 2C9 Inhibitors [MoA];Cytochrome P450 3A4 Inhibitors [MoA],62559-991-30,30 TABLET in 1 BOTTLE (62559-991-30),8f90f169-6a72-4c33-a2af-0bc943602bc2,20210422,,20261231,0
62559-992,antifungal,fluconazole,Fluconazole,fluconazole,"ANI Pharmaceuticals, Inc.",FLUCONAZOLE 150 mg/1,fluconazole 150 mg,"[{""name"":""FLUCONAZOLE"",""strength"":""150 mg/1"",""pct"":null,""display"":""150 mg""}]",TABLET,ORAL,ANDA,ANDA078423,HUMAN PRESCRIPTION DRUG,Azole Antifungal [EPC];Azoles [CS];Cytochrome P450 2C19 Inhibitors [MoA];Cytochrome P450 2C9 Inhibitors [MoA];Cytochrome P450 3A4 Inhibitors [MoA],62559-992-12,12 BLISTER PACK in 1 CARTON (62559-992-12) / 1 TABLET in 1 BLISTER PACK,8f90f169-6a72-4c33-a2af-0bc943602bc2,20210422,,20261231,0
62559-993,antifungal,fluconazole,Fluconazole,fluconazole,"ANI Pharmaceuticals, Inc.",FLUCONAZOLE 200 mg/1,fluconazole 200 mg,"[{""name"":""FLUCONAZOLE"",""strength"":""200 mg/1"",""pct"":null,""display"":""200 mg""}]",TABLET,ORAL,ANDA,ANDA078423,HUMAN PRESCRIPTION DRUG,Azole Antifungal [EPC];Azoles [CS];Cytochrome P450 2C19 Inhibitors [MoA];Cytochrome P450 2C9 Inhibitors [MoA];Cytochrome P450 3A4 Inhibitors [MoA],62559-993-30,30 TABLET in 1 BOTTLE (62559-993-30),8f90f169-6a72-4c33-a2af-0bc943602bc2,20210422,,20261231,0
65862-058,antifungal,fluconazole,Fluconazole,fluconazole,Aurobindo Pharma Limited,FLUCONAZOLE 50 mg/1,fluconazole 50 mg,"[{""name"":""FLUCONAZOLE"",""strength"":""50 mg/1"",""pct"":null,""display"":""50 mg""}]",TABLET,ORAL,ANDA,ANDA077731,HUMAN PRESCRIPTION DRUG,Azole Antifungal [EPC];Azoles [CS];Cytochrome P450 2C19 Inhibitors [MoA];Cytochrome P450 2C9 Inhibitors [MoA];Cytochrome P450 3A4 Inhibitors [MoA],65862-058-30,30 TABLET in 1 BOTTLE (65862-058-30),6ebf24fd-41cd-4b3c-8176-a1436253ba2d,20081007,,20261231,0
65862-059,antifungal,fluconazole,Fluconazole,fluconazole,Aurobindo Pharma Limited,FLUCONAZOLE 100 mg/1,fluconazole 100 mg,"[{""name"":""FLUCONAZOLE"",""strength"":""100 mg/1"",""pct"":null,""display"":""100 mg""}]",TABLET,ORAL,ANDA,ANDA077731,HUMAN PRESCRIPTION DRUG,Azole Antifungal [EPC];Azoles [CS];Cytochrome P450 2C19 Inhibitors [MoA];Cytochrome P450 2C9 Inhibitors [MoA];Cytochrome P450 3A4 Inhibitors [MoA],65862-059-01;65862-059-05;65862-059-30,100 TABLET in 1 BOTTLE (65862-059-01) | 500 TABLET in 1 BOTTLE (65862-059-05) | 30 TABLET in 1 BOTTLE (65862-059-30),6ebf24fd-41cd-4b3c-8176-a1436253ba2d,20081007,,20261231,0
65862-060,antifungal,fluconazole,Fluconazole,fluconazole,Aurobindo Pharma Limited,FLUCONAZOLE 150 mg/1,fluconazole 150 mg,"[{""name"":""FLUCONAZOLE"",""strength"":""150 mg/1"",""pct"":null,""display"":""150 mg""}]",TABLET,ORAL,ANDA,ANDA077731,HUMAN PRESCRIPTION DRUG,Azole Antifungal [EPC];Azoles [CS];Cytochrome P450 2C19 Inhibitors [MoA];Cytochrome P450 2C9 Inhibitors [MoA];Cytochrome P450 3A4 Inhibitors [MoA],65862-060-11,12 BLISTER PACK in 1 CARTON (65862-060-11) / 1 TABLET in 1 BLISTER PACK,6ebf24fd-41cd-4b3c-8176-a1436253ba2d,20081007,,20261231,0
65862-061,antifungal,fluconazole,Fluconazole,fluconazole,Aurobindo Pharma Limited,FLUCONAZOLE 200 mg/1,fluconazole 200 mg,"[{""name"":""FLUCONAZOLE"",""strength"":""200 mg/1"",""pct"":null,""display"":""200 mg""}]",TABLET,ORAL,ANDA,ANDA077731,HUMAN PRESCRIPTION DRUG,Azole Antifungal [EPC];Azoles [CS];Cytochrome P450 2C19 Inhibitors [MoA];Cytochrome P450 2C9 Inhibitors [MoA];Cytochrome P450 3A4 Inhibitors [MoA],65862-061-01;65862-061-05;65862-061-30,100 TABLET in 1 BOTTLE (65862-061-01) | 500 TABLET in 1 BOTTLE (65862-061-05) | 30 TABLET in 1 BOTTLE (65862-061-30),6ebf24fd-41cd-4b3c-8176-a1436253ba2d,20081007,,20261231,0
65862-299,antifungal,fluconazole,Fluconazole,fluconazole,Aurobindo Pharma Limited,FLUCONAZOLE 10 mg/mL,fluconazole 1%,"[{""name"":""FLUCONAZOLE"",""strength"":""10 mg/mL"",""pct"":1.0,""display"":""1%""}]","POWDER, FOR SUSPENSION",ORAL,ANDA,ANDA079150,HUMAN PRESCRIPTION DRUG,Azole Antifungal [EPC];Azoles [CS];Cytochrome P450 2C19 Inhibitors [MoA];Cytochrome P450 2C9 Inhibitors [MoA];Cytochrome P450 3A4 Inhibitors [MoA],65862-299-35,1 BOTTLE in 1 CARTON (65862-299-35) / 35 mL in 1 BOTTLE,bf588f7e-89de-4b4e-8d33-c1ff2be1b34e,20090918,,20261231,0
65862-300,antifungal,fluconazole,Fluconazole,fluconazole,Aurobindo Pharma Limited,FLUCONAZOLE 40 mg/mL,fluconazole 4%,"[{""name"":""FLUCONAZOLE"",""strength"":""40 mg/mL"",""pct"":4.0,""display"":""4%""}]","POWDER, FOR SUSPENSION",ORAL,ANDA,ANDA079150,HUMAN PRESCRIPTION DRUG,Azole Antifungal [EPC];Azoles [CS];Cytochrome P450 2C19 Inhibitors [MoA];Cytochrome P450 2C9 Inhibitors [MoA];Cytochrome P450 3A4 Inhibitors [MoA],65862-300-35,1 BOTTLE in 1 CARTON (65862-300-35) / 35 mL in 1 BOTTLE,bf588f7e-89de-4b4e-8d33-c1ff2be1b34e,20090918,,20261231,0
68001-251,antifungal,fluconazole,Fluconazole,fluconazole,BluePoint Laboratories,FLUCONAZOLE 50 mg/1,fluconazole 50 mg,"[{""name"":""FLUCONAZOLE"",""strength"":""50 mg/1"",""pct"":null,""display"":""50 mg""}]",TABLET,ORAL,ANDA,ANDA077253,HUMAN PRESCRIPTION DRUG,Azole Antifungal [EPC];Azoles [CS];Cytochrome P450 2C19 Inhibitors [MoA];Cytochrome P450 2C9 Inhibitors [MoA];Cytochrome P450 3A4 Inhibitors [MoA],68001-251-04,30 TABLET in 1 BOTTLE (68001-251-04),83bcb8fc-53f1-4d7b-b083-0905b52c6c7e,20140313,,20261231,0
68001-252,antifungal,fluconazole,Fluconazole,fluconazole,BluePoint Laboratories,FLUCONAZOLE 100 mg/1,fluconazole 100 mg,"[{""name"":""FLUCONAZOLE"",""strength"":""100 mg/1"",""pct"":null,""display"":""100 mg""}]",TABLET,ORAL,ANDA,ANDA077253,HUMAN PRESCRIPTION DRUG,Azole Antifungal [EPC];Azoles [CS];Cytochrome P450 2C19 Inhibitors [MoA];Cytochrome P450 2C9 Inhibitors [MoA];Cytochrome P450 3A4 Inhibitors [MoA],68001-252-04,30 TABLET in 1 BOTTLE (68001-252-04),83bcb8fc-53f1-4d7b-b083-0905b52c6c7e,20140313,,20261231,0
68001-253,antifungal,fluconazole,Fluconazole,fluconazole,BluePoint Laboratories,FLUCONAZOLE 150 mg/1,fluconazole 150 mg,"[{""name"":""FLUCONAZOLE"",""strength"":""150 mg/1"",""pct"":null,""display"":""150 mg""}]",TABLET,ORAL,ANDA,ANDA077253,HUMAN PRESCRIPTION DRUG,Azole Antifungal [EPC];Azoles [CS];Cytochrome P450 2C19 Inhibitors [MoA];Cytochrome P450 2C9 Inhibitors [MoA];Cytochrome P450 3A4 Inhibitors [MoA],68001-253-17,12 BLISTER PACK in 1 CARTON (68001-253-17) / 1 TABLET in 1 BLISTER PACK (68001-253-44),83bcb8fc-53f1-4d7b-b083-0905b52c6c7e,20140313,,20261231,0
68001-254,antifungal,fluconazole,Fluconazole,fluconazole,BluePoint Laboratories,FLUCONAZOLE 200 mg/1,fluconazole 200 mg,"[{""name"":""FLUCONAZOLE"",""strength"":""200 mg/1"",""pct"":null,""display"":""200 mg""}]",TABLET,ORAL,ANDA,ANDA077253,HUMAN PRESCRIPTION DRUG,Azole Antifungal [EPC];Azoles [CS];Cytochrome P450 2C19 Inhibitors [MoA];Cytochrome P450 2C9 Inhibitors [MoA];Cytochrome P450 3A4 Inhibitors [MoA],68001-254-04,30 TABLET in 1 BOTTLE (68001-254-04),83bcb8fc-53f1-4d7b-b083-0905b52c6c7e,20140313,,20261231,0
68462-101,antifungal,fluconazole,Fluconazole,fluconazole,"Glenmark Pharmaceuticals Inc., USA",FLUCONAZOLE 50 mg/1,fluconazole 50 mg,"[{""name"":""FLUCONAZOLE"",""strength"":""50 mg/1"",""pct"":null,""display"":""50 mg""}]",TABLET,ORAL,ANDA,ANDA077253,HUMAN PRESCRIPTION DRUG,Azole Antifungal [EPC];Azoles [CS];Cytochrome P450 2C19 Inhibitors [MoA];Cytochrome P450 2C9 Inhibitors [MoA];Cytochrome P450 3A4 Inhibitors [MoA],68462-101-10;68462-101-30,1000 TABLET in 1 BOTTLE (68462-101-10) | 30 TABLET in 1 BOTTLE (68462-101-30),3da5f41d-5200-45ac-b89d-00881237ec85,20060125,,20271231,0
68462-102,antifungal,fluconazole,Fluconazole,fluconazole,"Glenmark Pharmaceuticals Inc., USA",FLUCONAZOLE 100 mg/1,fluconazole 100 mg,"[{""name"":""FLUCONAZOLE"",""strength"":""100 mg/1"",""pct"":null,""display"":""100 mg""}]",TABLET,ORAL,ANDA,ANDA077253,HUMAN PRESCRIPTION DRUG,Azole Antifungal [EPC];Azoles [CS];Cytochrome P450 2C19 Inhibitors [MoA];Cytochrome P450 2C9 Inhibitors [MoA];Cytochrome P450 3A4 Inhibitors [MoA],68462-102-10;68462-102-30,1000 TABLET in 1 BOTTLE (68462-102-10) | 30 TABLET in 1 BOTTLE (68462-102-30),3da5f41d-5200-45ac-b89d-00881237ec85,20060125,,20271231,0
68462-104,antifungal,fluconazole,Fluconazole,fluconazole,"Glenmark Pharmaceuticals Inc., USA",FLUCONAZOLE 200 mg/1,fluconazole 200 mg,"[{""name"":""FLUCONAZOLE"",""strength"":""200 mg/1"",""pct"":null,""display"":""200 mg""}]",TABLET,ORAL,ANDA,ANDA077253,HUMAN PRESCRIPTION DRUG,Azole Antifungal [EPC];Azoles [CS];Cytochrome P450 2C19 Inhibitors [MoA];Cytochrome P450 2C9 Inhibitors [MoA];Cytochrome P450 3A4 Inhibitors [MoA],68462-104-10;68462-104-30,1000 TABLET in 1 BOTTLE (68462-104-10) | 30 TABLET in 1 BOTTLE (68462-104-30),3da5f41d-5200-45ac-b89d-00881237ec85,20060125,,20271231,0
68462-119,antifungal,fluconazole,Fluconazole,fluconazole,"Glenmark Pharmaceuticals Inc., USA",FLUCONAZOLE 150 mg/1,fluconazole 150 mg,"[{""name"":""FLUCONAZOLE"",""strength"":""150 mg/1"",""pct"":null,""display"":""150 mg""}]",TABLET,ORAL,ANDA,ANDA077253,HUMAN PRESCRIPTION DRUG,Azole Antifungal [EPC];Azoles [CS];Cytochrome P450 2C19 Inhibitors [MoA];Cytochrome P450 2C9 Inhibitors [MoA];Cytochrome P450 3A4 Inhibitors [MoA],68462-119-40;68462-119-44,1 BLISTER PACK in 1 CARTON (68462-119-40) / 1 TABLET in 1 BLISTER PACK | 12 BLISTER PACK in 1 CARTON (68462-119-44) / 1 TABLET in 1 BLISTER PACK,3da5f41d-5200-45ac-b89d-00881237ec85,20201120,,20271231,0
70436-227,antifungal,fluconazole,Fluconazole,fluconazole,Slate Run Pharmaceuticals,FLUCONAZOLE 40 mg/mL,fluconazole 4%,"[{""name"":""FLUCONAZOLE"",""strength"":""40 mg/mL"",""pct"":4.0,""display"":""4%""}]","POWDER, FOR SUSPENSION",ORAL,ANDA,ANDA215738,HUMAN PRESCRIPTION DRUG,Azole Antifungal [EPC];Azoles [CS];Cytochrome P450 2C19 Inhibitors [MoA];Cytochrome P450 2C9 Inhibitors [MoA];Cytochrome P450 3A4 Inhibitors [MoA],70436-227-48,1 BOTTLE in 1 CARTON (70436-227-48) / 35 mL in 1 BOTTLE,13804efd-7cb3-431f-a6a7-bd6d1da5889e,20240101,,20261231,0
72673-091,antifungal,fluconazole,Fluconazole,fluconazole,"Zhejiang Poly Pharm. Co., Ltd.",FLUCONAZOLE 40 mg/mL,fluconazole 4%,"[{""name"":""FLUCONAZOLE"",""strength"":""40 mg/mL"",""pct"":4.0,""display"":""4%""}]","POWDER, FOR SUSPENSION",ORAL,ANDA,ANDA215738,HUMAN PRESCRIPTION DRUG,Azole Antifungal [EPC];Azoles [CS];Cytochrome P450 2C19 Inhibitors [MoA];Cytochrome P450 2C9 Inhibitors [MoA];Cytochrome P450 3A4 Inhibitors [MoA],72673-091-14,1 BOTTLE in 1 CARTON (72673-091-14) / 35 mL in 1 BOTTLE,2a3ba181-5baa-5942-e063-6294a90a82b2,20250401,,20271231,0
77771-396,antifungal,fluconazole,Fluconazole,fluconazole,Radha Pharmaceuticals Inc,FLUCONAZOLE 50 mg/1,fluconazole 50 mg,"[{""name"":""FLUCONAZOLE"",""strength"":""50 mg/1"",""pct"":null,""display"":""50 mg""}]",TABLET,ORAL,ANDA,ANDA077253,HUMAN PRESCRIPTION DRUG,Azole Antifungal [EPC];Azoles [CS];Cytochrome P450 2C19 Inhibitors [MoA];Cytochrome P450 2C9 Inhibitors [MoA];Cytochrome P450 3A4 Inhibitors [MoA],77771-396-30,30 TABLET in 1 BOTTLE (77771-396-30),4616c7ad-be61-7ac0-e063-6394a90ab9ed,20251210,,20261231,0
77771-397,antifungal,fluconazole,Fluconazole,fluconazole,Radha Pharmaceuticals Inc,FLUCONAZOLE 100 mg/1,fluconazole 100 mg,"[{""name"":""FLUCONAZOLE"",""strength"":""100 mg/1"",""pct"":null,""display"":""100 mg""}]",TABLET,ORAL,ANDA,ANDA077253,HUMAN PRESCRIPTION DRUG,Azole Antifungal [EPC];Azoles [CS];Cytochrome P450 2C19 Inhibitors [MoA];Cytochrome P450 2C9 Inhibitors [MoA];Cytochrome P450 3A4 Inhibitors [MoA],77771-397-01;77771-397-30,100 TABLET in 1 BOTTLE (77771-397-01) | 30 TABLET in 1 BOTTLE (77771-397-30),4616c7ad-be61-7ac0-e063-6394a90ab9ed,20251210,,20261231,0
77771-398,antifungal,fluconazole,Fluconazole,fluconazole,Radha Pharmaceuticals Inc,FLUCONAZOLE 150 mg/1,fluconazole 150 mg,"[{""name"":""FLUCONAZOLE"",""strength"":""150 mg/1"",""pct"":null,""display"":""150 mg""}]",TABLET,ORAL,ANDA,ANDA077253,HUMAN PRESCRIPTION DRUG,Azole Antifungal [EPC];Azoles [CS];Cytochrome P450 2C19 Inhibitors [MoA];Cytochrome P450 2C9 Inhibitors [MoA];Cytochrome P450 3A4 Inhibitors [MoA],77771-398-11;77771-398-13,1 BLISTER PACK in 1 CARTON (77771-398-11) / 1 TABLET in 1 BLISTER PACK | 12 BLISTER PACK in 1 CARTON (77771-398-13) / 1 TABLET in 1 BLISTER PACK,4616c7ad-be61-7ac0-e063-6394a90ab9ed,20251210,,20261231,0
77771-399,antifungal,fluconazole,Fluconazole,fluconazole,Radha Pharmaceuticals Inc,FLUCONAZOLE 200 mg/1,fluconazole 200 mg,"[{""name"":""FLUCONAZOLE"",""strength"":""200 mg/1"",""pct"":null,""display"":""200 mg""}]",TABLET,ORAL,ANDA,ANDA077253,HUMAN PRESCRIPTION DRUG,Azole Antifungal [EPC];Azoles [CS];Cytochrome P450 2C19 Inhibitors [MoA];Cytochrome P450 2C9 Inhibitors [MoA];Cytochrome P450 3A4 Inhibitors [MoA],77771-399-01;77771-399-30,100 TABLET in 1 BOTTLE (77771-399-01) | 30 TABLET in 1 BOTTLE (77771-399-30),4616c7ad-be61-7ac0-e063-6394a90ab9ed,20251210,,20261231,0
70518-2415,antifungal,fluconazole,fluconazole,fluconazole,REMEDYREPACK INC.,FLUCONAZOLE 100 mg/1,fluconazole 100 mg,"[{""name"":""FLUCONAZOLE"",""strength"":""100 mg/1"",""pct"":null,""display"":""100 mg""}]",TABLET,ORAL,ANDA,ANDA208963,HUMAN PRESCRIPTION DRUG,Azole Antifungal [EPC];Azoles [CS];Cytochrome P450 2C19 Inhibitors [MoA];Cytochrome P450 2C9 Inhibitors [MoA];Cytochrome P450 3A4 Inhibitors [MoA],70518-2415-0;70518-2415-1;70518-2415-2;70518-2415-5,"30 TABLET in 1 BLISTER PACK (70518-2415-0) | 16 TABLET in 1 BOTTLE, PLASTIC (70518-2415-1) | 8 TABLET in 1 BOTTLE, PLASTIC (70518-2415-2) | 30 TABLET in 1 BLISTER PACK (70518-2415-5)",,20191111,,20271231,0
70710-1137,antifungal,fluconazole,fluconazole,fluconazole,Zydus Pharmaceuticals (USA) Inc.,FLUCONAZOLE 50 mg/1,fluconazole 50 mg,"[{""name"":""FLUCONAZOLE"",""strength"":""50 mg/1"",""pct"":null,""display"":""50 mg""}]",TABLET,ORAL,ANDA,ANDA208963,HUMAN PRESCRIPTION DRUG,Azole Antifungal [EPC];Azoles [CS];Cytochrome P450 2C19 Inhibitors [MoA];Cytochrome P450 2C9 Inhibitors [MoA];Cytochrome P450 3A4 Inhibitors [MoA],70710-1137-1;70710-1137-3;70710-1137-4;70710-1137-5,100 TABLET in 1 BOTTLE (70710-1137-1) | 30 TABLET in 1 BOTTLE (70710-1137-3) | 10 BLISTER PACK in 1 CARTON (70710-1137-4) / 10 TABLET in 1 BLISTER PACK | 500 TABLET in 1 BOTTLE (70710-1137-5),d1364455-1537-46d4-b093-38cca3be778f,20170406,,20271231,0
70710-1138,antifungal,fluconazole,fluconazole,fluconazole,Zydus Pharmaceuticals (USA) Inc.,FLUCONAZOLE 100 mg/1,fluconazole 100 mg,"[{""name"":""FLUCONAZOLE"",""strength"":""100 mg/1"",""pct"":null,""display"":""100 mg""}]",TABLET,ORAL,ANDA,ANDA208963,HUMAN PRESCRIPTION DRUG,Azole Antifungal [EPC];Azoles [CS];Cytochrome P450 2C19 Inhibitors [MoA];Cytochrome P450 2C9 Inhibitors [MoA];Cytochrome P450 3A4 Inhibitors [MoA],70710-1138-1;70710-1138-3;70710-1138-4;70710-1138-5,100 TABLET in 1 BOTTLE (70710-1138-1) | 30 TABLET in 1 BOTTLE (70710-1138-3) | 10 BLISTER PACK in 1 CARTON (70710-1138-4) / 10 TABLET in 1 BLISTER PACK | 500 TABLET in 1 BOTTLE (70710-1138-5),d1364455-1537-46d4-b093-38cca3be778f,20170406,,20271231,0
70710-1139,antifungal,fluconazole,fluconazole,fluconazole,Zydus Pharmaceuticals (USA) Inc.,FLUCONAZOLE 150 mg/1,fluconazole 150 mg,"[{""name"":""FLUCONAZOLE"",""strength"":""150 mg/1"",""pct"":null,""display"":""150 mg""}]",TABLET,ORAL,ANDA,ANDA208963,HUMAN PRESCRIPTION DRUG,Azole Antifungal [EPC];Azoles [CS];Cytochrome P450 2C19 Inhibitors [MoA];Cytochrome P450 2C9 Inhibitors [MoA];Cytochrome P450 3A4 Inhibitors [MoA],70710-1139-1;70710-1139-3;70710-1139-5;70710-1139-7;70710-1139-8,100 TABLET in 1 BOTTLE (70710-1139-1) | 30 TABLET in 1 BOTTLE (70710-1139-3) | 500 TABLET in 1 BOTTLE (70710-1139-5) | 1 BLISTER PACK in 1 CARTON (70710-1139-7) / 1 TABLET in 1 BLISTER PACK | 12 BLISTER PACK in 1 CARTON (70710-1139-8) / 1 TABLET in 1 BLISTER PACK,d1364455-1537-46d4-b093-38cca3be778f,20170406,,20271231,0
70710-1140,antifungal,fluconazole,fluconazole,fluconazole,Zydus Pharmaceuticals (USA) Inc.,FLUCONAZOLE 200 mg/1,fluconazole 200 mg,"[{""name"":""FLUCONAZOLE"",""strength"":""200 mg/1"",""pct"":null,""display"":""200 mg""}]",TABLET,ORAL,ANDA,ANDA208963,HUMAN PRESCRIPTION DRUG,Azole Antifungal [EPC];Azoles [CS];Cytochrome P450 2C19 Inhibitors [MoA];Cytochrome P450 2C9 Inhibitors [MoA];Cytochrome P450 3A4 Inhibitors [MoA],70710-1140-1;70710-1140-3;70710-1140-4;70710-1140-5,100 TABLET in 1 BOTTLE (70710-1140-1) | 30 TABLET in 1 BOTTLE (70710-1140-3) | 10 BLISTER PACK in 1 CARTON (70710-1140-4) / 10 TABLET in 1 BLISTER PACK | 500 TABLET in 1 BOTTLE (70710-1140-5),d1364455-1537-46d4-b093-38cca3be778f,20170406,,20271231,0
70771-1063,antifungal,fluconazole,fluconazole,fluconazole,Zydus Lifesciences Limited,FLUCONAZOLE 50 mg/1,fluconazole 50 mg,"[{""name"":""FLUCONAZOLE"",""strength"":""50 mg/1"",""pct"":null,""display"":""50 mg""}]",TABLET,ORAL,ANDA,ANDA208963,HUMAN PRESCRIPTION DRUG,Azole Antifungal [EPC];Azoles [CS];Cytochrome P450 2C19 Inhibitors [MoA];Cytochrome P450 2C9 Inhibitors [MoA];Cytochrome P450 3A4 Inhibitors [MoA],70771-1063-1;70771-1063-3;70771-1063-4;70771-1063-5,100 TABLET in 1 BOTTLE (70771-1063-1) | 30 TABLET in 1 BOTTLE (70771-1063-3) | 10 BLISTER PACK in 1 CARTON (70771-1063-4) / 10 TABLET in 1 BLISTER PACK | 500 TABLET in 1 BOTTLE (70771-1063-5),0adb2f88-8a6f-4f33-9e2d-73f537e05313,20170406,,20261231,0
70771-1064,antifungal,fluconazole,fluconazole,fluconazole,Zydus Lifesciences Limited,FLUCONAZOLE 100 mg/1,fluconazole 100 mg,"[{""name"":""FLUCONAZOLE"",""strength"":""100 mg/1"",""pct"":null,""display"":""100 mg""}]",TABLET,ORAL,ANDA,ANDA208963,HUMAN PRESCRIPTION DRUG,Azole Antifungal [EPC];Azoles [CS];Cytochrome P450 2C19 Inhibitors [MoA];Cytochrome P450 2C9 Inhibitors [MoA];Cytochrome P450 3A4 Inhibitors [MoA],70771-1064-1;70771-1064-3;70771-1064-4;70771-1064-5,100 TABLET in 1 BOTTLE (70771-1064-1) | 30 TABLET in 1 BOTTLE (70771-1064-3) | 10 BLISTER PACK in 1 CARTON (70771-1064-4) / 10 TABLET in 1 BLISTER PACK | 500 TABLET in 1 BOTTLE (70771-1064-5),0adb2f88-8a6f-4f33-9e2d-73f537e05313,20170406,,20261231,0
70771-1065,antifungal,fluconazole,fluconazole,fluconazole,Zydus Lifesciences Limited,FLUCONAZOLE 150 mg/1,fluconazole 150 mg,"[{""name"":""FLUCONAZOLE"",""strength"":""150 mg/1"",""pct"":null,""display"":""150 mg""}]",TABLET,ORAL,ANDA,ANDA208963,HUMAN PRESCRIPTION DRUG,Azole Antifungal [EPC];Azoles [CS];Cytochrome P450 2C19 Inhibitors [MoA];Cytochrome P450 2C9 Inhibitors [MoA];Cytochrome P450 3A4 Inhibitors [MoA],70771-1065-1;70771-1065-3;70771-1065-5;70771-1065-7;70771-1065-8,100 TABLET in 1 BOTTLE (70771-1065-1) | 30 TABLET in 1 BOTTLE (70771-1065-3) | 500 TABLET in 1 BOTTLE (70771-1065-5) | 1 BLISTER PACK in 1 CARTON (70771-1065-7) / 1 TABLET in 1 BLISTER PACK | 12 BLISTER PACK in 1 CARTON (70771-1065-8) / 1 TABLET in 1 BLISTER PACK,0adb2f88-8a6f-4f33-9e2d-73f537e05313,20170406,,20261231,0
70771-1066,antifungal,fluconazole,fluconazole,fluconazole,Zydus Lifesciences Limited,FLUCONAZOLE 200 mg/1,fluconazole 200 mg,"[{""name"":""FLUCONAZOLE"",""strength"":""200 mg/1"",""pct"":null,""display"":""200 mg""}]",TABLET,ORAL,ANDA,ANDA208963,HUMAN PRESCRIPTION DRUG,Azole Antifungal [EPC];Azoles [CS];Cytochrome P450 2C19 Inhibitors [MoA];Cytochrome P450 2C9 Inhibitors [MoA];Cytochrome P450 3A4 Inhibitors [MoA],70771-1066-1;70771-1066-3;70771-1066-4;70771-1066-5,100 TABLET in 1 BOTTLE (70771-1066-1) | 30 TABLET in 1 BOTTLE (70771-1066-3) | 10 BLISTER PACK in 1 CARTON (70771-1066-4) / 10 TABLET in 1 BLISTER PACK | 500 TABLET in 1 BOTTLE (70771-1066-5),0adb2f88-8a6f-4f33-9e2d-73f537e05313,20170406,,20261231,0
0093-3219,antifungal,ketoconazole,Ketoconazole,ketoconazole,"Teva Pharmaceuticals USA, Inc.",KETOCONAZOLE 20 mg/g,ketoconazole 2%,"[{""name"":""KETOCONAZOLE"",""strength"":""20 mg/g"",""pct"":2.0,""display"":""2%""}]",CREAM,TOPICAL,ANDA,ANDA075581,HUMAN PRESCRIPTION DRUG,Azole Antifungal [EPC];Azoles [CS];Cytochrome P450 3A4 Inhibitors [MoA];Cytochrome P450 3A5 Inhibitors [MoA];P-Glycoprotein Inhibitors [MoA],0093-3219-15;0093-3219-30;0093-3219-92,1 TUBE in 1 CARTON (0093-3219-15) / 15 g in 1 TUBE | 1 TUBE in 1 CARTON (0093-3219-30) / 30 g in 1 TUBE | 1 TUBE in 1 CARTON (0093-3219-92) / 60 g in 1 TUBE,7fc47a6a-3714-4598-ae3b-d5a229262c21,20190208,,20261231,0
0713-0592,antifungal,ketoconazole,Ketoconazole,ketoconazole,"Cosette Pharmaceuticals, Inc.",KETOCONAZOLE 20 mg/mL,ketoconazole 2%,"[{""name"":""KETOCONAZOLE"",""strength"":""20 mg/mL"",""pct"":2.0,""display"":""2%""}]","SHAMPOO, SUSPENSION",TOPICAL,ANDA,ANDA076942,HUMAN PRESCRIPTION DRUG,Azole Antifungal [EPC];Azoles [CS];Cytochrome P450 3A4 Inhibitors [MoA];Cytochrome P450 3A5 Inhibitors [MoA];P-Glycoprotein Inhibitors [MoA],0713-0592-04,"120 mL in 1 BOTTLE, PLASTIC (0713-0592-04)",2d7c8dd1-59b5-2645-e063-6394a90a5bda,20250207,,20261231,0
16714-955,antifungal,ketoconazole,Ketoconazole,ketoconazole,NORTHSTAR RX LLC,KETOCONAZOLE 20 mg/g,ketoconazole 2%,"[{""name"":""KETOCONAZOLE"",""strength"":""20 mg/g"",""pct"":2.0,""display"":""2%""}]",CREAM,TOPICAL,ANDA,ANDA075638,HUMAN PRESCRIPTION DRUG,Azole Antifungal [EPC];Azoles [CS];Cytochrome P450 3A4 Inhibitors [MoA];Cytochrome P450 3A5 Inhibitors [MoA];P-Glycoprotein Inhibitors [MoA],16714-955-01;16714-955-02;16714-955-03,1 TUBE in 1 CARTON (16714-955-01) / 15 g in 1 TUBE | 1 TUBE in 1 CARTON (16714-955-02) / 30 g in 1 TUBE | 1 TUBE in 1 CARTON (16714-955-03) / 60 g in 1 TUBE,bf3e48fd-e063-42e6-acd1-580ddc6e93be,20021218,,20271231,0
45802-465,antifungal,ketoconazole,Ketoconazole,ketoconazole,Padagis Israel Pharmaceuticals Ltd,KETOCONAZOLE 20 mg/mL,ketoconazole 2%,"[{""name"":""KETOCONAZOLE"",""strength"":""20 mg/mL"",""pct"":2.0,""display"":""2%""}]","SHAMPOO, SUSPENSION",TOPICAL,ANDA,ANDA076419,HUMAN PRESCRIPTION DRUG,Azole Antifungal [EPC];Azoles [CS];Cytochrome P450 3A4 Inhibitors [MoA];Cytochrome P450 3A5 Inhibitors [MoA];P-Glycoprotein Inhibitors [MoA],45802-465-64,120 mL in 1 BOTTLE (45802-465-64),99da5233-2760-46f6-8fb3-d9df5da70bfb,20100119,,20271231,0
51407-279,antifungal,ketoconazole,Ketoconazole,ketoconazole,"Golden State Medical Supply, Inc.",KETOCONAZOLE 20 mg/g,ketoconazole 2%,"[{""name"":""KETOCONAZOLE"",""strength"":""20 mg/g"",""pct"":2.0,""display"":""2%""}]",CREAM,TOPICAL,ANDA,ANDA075638,HUMAN PRESCRIPTION DRUG,Azole Antifungal [EPC];Azoles [CS];Cytochrome P450 3A4 Inhibitors [MoA];Cytochrome P450 3A5 Inhibitors [MoA];P-Glycoprotein Inhibitors [MoA],51407-279-15;51407-279-30;51407-279-60,1 TUBE in 1 CARTON (51407-279-15) / 15 g in 1 TUBE | 1 TUBE in 1 CARTON (51407-279-30) / 30 g in 1 TUBE | 1 TUBE in 1 CARTON (51407-279-60) / 60 g in 1 TUBE,3e3cde4b-939f-4837-9920-bb6bb8416bd6,20021218,,20261231,0
51672-1298,antifungal,ketoconazole,Ketoconazole,ketoconazole,"Sun Pharmaceutical Industries, Inc.",KETOCONAZOLE 20 mg/g,ketoconazole 2%,"[{""name"":""KETOCONAZOLE"",""strength"":""20 mg/g"",""pct"":2.0,""display"":""2%""}]",CREAM,TOPICAL,ANDA,ANDA075638,HUMAN PRESCRIPTION DRUG,Azole Antifungal [EPC];Azoles [CS];Cytochrome P450 3A4 Inhibitors [MoA];Cytochrome P450 3A5 Inhibitors [MoA];P-Glycoprotein Inhibitors [MoA],51672-1298-1;51672-1298-2;51672-1298-3,1 TUBE in 1 CARTON (51672-1298-1) / 15 g in 1 TUBE | 1 TUBE in 1 CARTON (51672-1298-2) / 30 g in 1 TUBE | 1 TUBE in 1 CARTON (51672-1298-3) / 60 g in 1 TUBE,39b85d6a-9133-42e6-b7f8-58f045e9b9f0,20021218,,20261231,0
70771-1874,antifungal,ketoconazole,Ketoconazole,ketoconazole,Zydus Lifesciences Limited,KETOCONAZOLE 20 mg/mL,ketoconazole 2%,"[{""name"":""KETOCONAZOLE"",""strength"":""20 mg/mL"",""pct"":2.0,""display"":""2%""}]",SHAMPOO,TOPICAL,ANDA,ANDA218559,HUMAN PRESCRIPTION DRUG,Azole Antifungal [EPC];Azoles [CS];Cytochrome P450 3A4 Inhibitors [MoA];Cytochrome P450 3A5 Inhibitors [MoA];P-Glycoprotein Inhibitors [MoA],70771-1874-7,120 mL in 1 BOTTLE (70771-1874-7),c004ee91-558a-450b-9e4e-d11ab9d28054,20250308,,20261231,0
70954-662,antifungal,ketoconazole,Ketoconazole,ketoconazole,"ANI Pharmaceuticals, Inc.",KETOCONAZOLE 20 mg/mL,ketoconazole 2%,"[{""name"":""KETOCONAZOLE"",""strength"":""20 mg/mL"",""pct"":2.0,""display"":""2%""}]",SHAMPOO,TOPICAL,ANDA,ANDA218498,HUMAN PRESCRIPTION DRUG,Azole Antifungal [EPC];Azoles [CS];Cytochrome P450 3A4 Inhibitors [MoA];Cytochrome P450 3A5 Inhibitors [MoA];P-Glycoprotein Inhibitors [MoA],70954-662-10,"120 mL in 1 BOTTLE, PLASTIC (70954-662-10)",00c1cac8-a865-4583-aaba-3a0f21fb31e6,20240916,,20271231,0
71085-008,antifungal,ketoconazole,Ketoconazole,ketoconazole,"IPG PHARMACEUTICALS, INC.",KETOCONAZOLE 20 mg/g,ketoconazole 2%,"[{""name"":""KETOCONAZOLE"",""strength"":""20 mg/g"",""pct"":2.0,""display"":""2%""}]",CREAM,TOPICAL,ANDA,ANDA075638,HUMAN PRESCRIPTION DRUG,Azole Antifungal [EPC];Azoles [CS];Cytochrome P450 3A4 Inhibitors [MoA];Cytochrome P450 3A5 Inhibitors [MoA];P-Glycoprotein Inhibitors [MoA],71085-008-45,1 TUBE in 1 CARTON (71085-008-45) / 45 g in 1 TUBE,,20260910,,20271231,0
71713-097,antifungal,ketoconazole,Ketoconazole,ketoconazole,THIRTY MADISON INC,KETOCONAZOLE 20 mg/mL,ketoconazole 2%,"[{""name"":""KETOCONAZOLE"",""strength"":""20 mg/mL"",""pct"":2.0,""display"":""2%""}]","SHAMPOO, SUSPENSION",TOPICAL,ANDA,ANDA076942,HUMAN PRESCRIPTION DRUG,Azole Antifungal [EPC];Azoles [CS];Cytochrome P450 3A4 Inhibitors [MoA];Cytochrome P450 3A5 Inhibitors [MoA];P-Glycoprotein Inhibitors [MoA],71713-097-04,"120 mL in 1 BOTTLE, PLASTIC (71713-097-04)",1f5cd9f4-0db4-4062-b5ec-c33611265e02,20050411,,20261231,0
72578-156,antifungal,ketoconazole,Ketoconazole,ketoconazole,Viona Pharmaceuticals Inc,KETOCONAZOLE 20 mg/mL,ketoconazole 2%,"[{""name"":""KETOCONAZOLE"",""strength"":""20 mg/mL"",""pct"":2.0,""display"":""2%""}]",SHAMPOO,TOPICAL,ANDA,ANDA218559,HUMAN PRESCRIPTION DRUG,Azole Antifungal [EPC];Azoles [CS];Cytochrome P450 3A4 Inhibitors [MoA];Cytochrome P450 3A5 Inhibitors [MoA];P-Glycoprotein Inhibitors [MoA],72578-156-12,120 mL in 1 BOTTLE (72578-156-12),a4bb3f4c-ad93-4d85-b8d0-54eaa62228fd,20250308,,20261231,0
72603-878,antifungal,ketoconazole,Ketoconazole,ketoconazole,Northstar Rx LLC,KETOCONAZOLE 20 mg/mL,ketoconazole 2%,"[{""name"":""KETOCONAZOLE"",""strength"":""20 mg/mL"",""pct"":2.0,""display"":""2%""}]","SHAMPOO, SUSPENSION",TOPICAL,ANDA,ANDA076419,HUMAN PRESCRIPTION DRUG,Azole Antifungal [EPC];Azoles [CS];Cytochrome P450 3A4 Inhibitors [MoA];Cytochrome P450 3A5 Inhibitors [MoA];P-Glycoprotein Inhibitors [MoA],72603-878-01,120 mL in 1 BOTTLE (72603-878-01),c4f711dc-d0ea-4beb-9a78-b7e3594ee4be,20251201,,20261231,0
43538-530,antifungal,ketoconazole,Ketodan,ketoconazole,"Medimetriks Pharmaceuticals, Inc.",KETOCONAZOLE 20 mg/g,ketoconazole 2%,"[{""name"":""KETOCONAZOLE"",""strength"":""20 mg/g"",""pct"":2.0,""display"":""2%""}]","AEROSOL, FOAM",TOPICAL,ANDA,ANDA091550,HUMAN PRESCRIPTION DRUG,Azole Antifungal [EPC];Azoles [CS];Cytochrome P450 3A4 Inhibitors [MoA];Cytochrome P450 3A5 Inhibitors [MoA];P-Glycoprotein Inhibitors [MoA],43538-530-10,1 CAN in 1 CARTON (43538-530-10) / 100 g in 1 CAN,62f19bd8-926e-4e6b-9097-d81b894b95cc,20120615,,20261231,0
0168-0099,antifungal,ketoconazole,ketoconazole,ketoconazole,"E. Fougera & Co. a division of Fougera Pharmaceuticals, LLC",KETOCONAZOLE 20 mg/g,ketoconazole 2%,"[{""name"":""KETOCONAZOLE"",""strength"":""20 mg/g"",""pct"":2.0,""display"":""2%""}]",CREAM,TOPICAL,ANDA,ANDA076294,HUMAN PRESCRIPTION DRUG,Azole Antifungal [EPC];Azoles [CS];Cytochrome P450 3A4 Inhibitors [MoA];Cytochrome P450 3A5 Inhibitors [MoA];P-Glycoprotein Inhibitors [MoA],0168-0099-15;0168-0099-30;0168-0099-60,1 TUBE in 1 CARTON (0168-0099-15) / 15 g in 1 TUBE | 1 TUBE in 1 CARTON (0168-0099-30) / 30 g in 1 TUBE | 1 TUBE in 1 CARTON (0168-0099-60) / 60 g in 1 TUBE,cad7c647-34a9-4e4e-83b3-8d78e58f588f,20040428,,20271231,0
45802-532,antifungal,ketoconazole,ketoconazole,ketoconazole,Padagis Israel Pharmaceuticals Ltd,KETOCONAZOLE 2 g/100g,ketoconazole 2%,"[{""name"":""KETOCONAZOLE"",""strength"":""2 g/100g"",""pct"":2.0,""display"":""2%""}]","AEROSOL, FOAM",TOPICAL,ANDA,ANDA091550,HUMAN PRESCRIPTION DRUG,Azole Antifungal [EPC];Azoles [CS];Cytochrome P450 3A4 Inhibitors [MoA];Cytochrome P450 3A5 Inhibitors [MoA];P-Glycoprotein Inhibitors [MoA],45802-532-32;45802-532-33,1 CANISTER in 1 CARTON (45802-532-32) / 50 g in 1 CANISTER | 1 CANISTER in 1 CARTON (45802-532-33) / 100 g in 1 CANISTER,9b65f632-a98d-400e-9ec3-84dea581d6a3,20110830,,20261231,0
21922-025,antifungal,ketoconazole,Ketoconazole,"ketoconazole cream, 2%","Encube Ethicals, Inc.",KETOCONAZOLE 20 mg/g,ketoconazole 2%,"[{""name"":""KETOCONAZOLE"",""strength"":""20 mg/g"",""pct"":2.0,""display"":""2%""}]",CREAM,TOPICAL,ANDA,ANDA212443,HUMAN PRESCRIPTION DRUG,Azole Antifungal [EPC];Azoles [CS];Cytochrome P450 3A4 Inhibitors [MoA];Cytochrome P450 3A5 Inhibitors [MoA];P-Glycoprotein Inhibitors [MoA],21922-025-04;21922-025-05;21922-025-07,1 TUBE in 1 CARTON (21922-025-04) / 15 g in 1 TUBE | 1 TUBE in 1 CARTON (21922-025-05) / 30 g in 1 TUBE | 1 TUBE in 1 CARTON (21922-025-07) / 60 g in 1 TUBE,59188ef7-5bc9-4acc-bbff-8712c41e5f77,20210527,,20261231,0
70700-160,antifungal,ketoconazole,Ketoconazole,ketoconazole foam,"Xiromed, LLC",KETOCONAZOLE 20 mg/g,ketoconazole 2%,"[{""name"":""KETOCONAZOLE"",""strength"":""20 mg/g"",""pct"":2.0,""display"":""2%""}]","AEROSOL, FOAM",TOPICAL,ANDA,ANDA213601,HUMAN PRESCRIPTION DRUG,Azole Antifungal [EPC];Azoles [CS];Cytochrome P450 3A4 Inhibitors [MoA];Cytochrome P450 3A5 Inhibitors [MoA];P-Glycoprotein Inhibitors [MoA],70700-160-19;70700-160-20,50 g in 1 CAN (70700-160-19) | 100 g in 1 CAN (70700-160-20),ea319889-5e58-f778-3009-5ba6a5f2690a,20210521,,20261231,0
68682-850,antifungal,luliconazole,LULICONAZOLE,luliconazole,Oceanside Pharmaceuticals,LULICONAZOLE 10 mg/g,luliconazole 1%,"[{""name"":""LULICONAZOLE"",""strength"":""10 mg/g"",""pct"":1.0,""display"":""1%""}]",CREAM,TOPICAL,NDA,NDA204153,HUMAN PRESCRIPTION DRUG,Azole Antifungal [EPC];Azoles [CS];Cytochrome P450 2C19 Inhibitors [MoA],68682-850-60,1 TUBE in 1 CARTON (68682-850-60) / 60 g in 1 TUBE,7ccda3ba-9c98-468d-83c6-7f0cc7c88c33,20180615,,20261231,0
99207-850,antifungal,luliconazole,Luzu,luliconazole,"Bausch Health US, LLC",LULICONAZOLE 10 mg/g,luliconazole 1%,"[{""name"":""LULICONAZOLE"",""strength"":""10 mg/g"",""pct"":1.0,""display"":""1%""}]",CREAM,TOPICAL,NDA,NDA204153,HUMAN PRESCRIPTION DRUG,Azole Antifungal [EPC];Azoles [CS];Cytochrome P450 2C19 Inhibitors [MoA],99207-850-02;99207-850-60,12 TUBE in 1 CARTON (99207-850-02) / 2 g in 1 TUBE | 1 TUBE in 1 CARTON (99207-850-60) / 60 g in 1 TUBE,a7016010-ce43-4c09-8d21-aeb697ffed31,20131114,,20261231,0
51672-1362,antifungal,naftifine,Naftifine Hydrochloride,naftifine hydrochloride,"Sun Pharmaceutical Industries, Inc.",NAFTIFINE HYDROCHLORIDE 10 mg/g,naftifine hydrochloride 1%,"[{""name"":""NAFTIFINE HYDROCHLORIDE"",""strength"":""10 mg/g"",""pct"":1.0,""display"":""1%""}]",CREAM,TOPICAL,ANDA,ANDA205975,HUMAN PRESCRIPTION DRUG,Allylamine Antifungal [EPC];Allylamine [CS],51672-1362-1;51672-1362-2;51672-1362-3;51672-1362-8,1 TUBE in 1 CARTON (51672-1362-1) / 15 g in 1 TUBE | 1 TUBE in 1 CARTON (51672-1362-2) / 30 g in 1 TUBE | 1 TUBE in 1 CARTON (51672-1362-3) / 60 g in 1 TUBE | 1 TUBE in 1 CARTON (51672-1362-8) / 90 g in 1 TUBE,d50961c2-e97f-4583-91d6-7cafd25a8c3d,20160908,,20261231,0
51672-1368,antifungal,naftifine,Naftifine Hydrochloride,naftifine hydrochloride,"Sun Pharmaceutical Industries, Inc.",NAFTIFINE HYDROCHLORIDE 20 mg/g,naftifine hydrochloride 2%,"[{""name"":""NAFTIFINE HYDROCHLORIDE"",""strength"":""20 mg/g"",""pct"":2.0,""display"":""2%""}]",CREAM,TOPICAL,ANDA,ANDA206901,HUMAN PRESCRIPTION DRUG,Allylamine Antifungal [EPC];Allylamine [CS],51672-1368-2;51672-1368-3;51672-1368-6,1 TUBE in 1 CARTON (51672-1368-2) / 30 g in 1 TUBE | 1 TUBE in 1 CARTON (51672-1368-3) / 60 g in 1 TUBE | 1 TUBE in 1 CARTON (51672-1368-6) / 45 g in 1 TUBE,a740fc0d-45b3-411f-9dfd-f3d637b8a95f,20160106,,20261231,0
51672-1376,antifungal,naftifine,Naftifine Hydrochloride,naftifine hydrochloride,"Sun Pharmaceutical Industries, Inc.",NAFTIFINE HYDROCHLORIDE 20 mg/g,naftifine hydrochloride 2%,"[{""name"":""NAFTIFINE HYDROCHLORIDE"",""strength"":""20 mg/g"",""pct"":2.0,""display"":""2%""}]",GEL,TOPICAL,ANDA,ANDA208201,HUMAN PRESCRIPTION DRUG,Allylamine Antifungal [EPC];Allylamine [CS],51672-1376-3;51672-1376-6,1 TUBE in 1 CARTON (51672-1376-3) / 60 g in 1 TUBE | 1 TUBE in 1 CARTON (51672-1376-6) / 45 g in 1 TUBE,92d3ec30-2176-49cd-8a70-668ef65e7663,20230401,,20271231,0
54766-772,antifungal,naftifine,Naftin,naftifine hydrochloride,Sebela Pharmaceuticals Inc.,NAFTIFINE HYDROCHLORIDE 2 g/100g,naftifine hydrochloride 2%,"[{""name"":""NAFTIFINE HYDROCHLORIDE"",""strength"":""2 g/100g"",""pct"":2.0,""display"":""2%""}]",GEL,TOPICAL,NDA,NDA204286,HUMAN PRESCRIPTION DRUG,Allylamine Antifungal [EPC];Allylamine [CS],54766-772-45;54766-772-60,1 TUBE in 1 CARTON (54766-772-45) / 45 g in 1 TUBE | 1 TUBE in 1 CARTON (54766-772-60) / 60 g in 1 TUBE,6645994a-ecb3-277b-e053-2a91aa0a81e5,20180301,20261031,,0
83107-023,antifungal,naftifine,Naftin,naftifine hydrochloride,Legacy Pharma USA Inc.,NAFTIFINE HYDROCHLORIDE 2 g/100g,naftifine hydrochloride 2%,"[{""name"":""NAFTIFINE HYDROCHLORIDE"",""strength"":""2 g/100g"",""pct"":2.0,""display"":""2%""}]",GEL,TOPICAL,NDA,NDA204286,HUMAN PRESCRIPTION DRUG,Allylamine Antifungal [EPC];Allylamine [CS],83107-023-45;83107-023-60,1 TUBE in 1 CARTON (83107-023-45) / 45 g in 1 TUBE | 1 TUBE in 1 CARTON (83107-023-60) / 60 g in 1 TUBE,6c6ee055-4031-45a7-8561-ccd989343580,20250729,,20261231,0
62135-572,antifungal,terbinafine,TERBINAFINE,terbinafine,"Chartwell RX, LLC",TERBINAFINE HYDROCHLORIDE 250 mg/1,terbinafine hydrochloride 250 mg,"[{""name"":""TERBINAFINE HYDROCHLORIDE"",""strength"":""250 mg/1"",""pct"":null,""display"":""250 mg""}]",TABLET,ORAL,ANDA,ANDA078199,HUMAN PRESCRIPTION DRUG,Allylamine Antifungal [EPC];Allylamine [CS],62135-572-30;62135-572-90,30 TABLET in 1 BOTTLE (62135-572-30) | 90 TABLET in 1 BOTTLE (62135-572-90),8ea693ec-e2f2-4661-b144-17651018e9fb,20070702,,20261231,0
69097-859,antifungal,terbinafine,Terbinafine,terbinafine,Cipla USA Inc.,TERBINAFINE HYDROCHLORIDE 250 mg/1,terbinafine hydrochloride 250 mg,"[{""name"":""TERBINAFINE HYDROCHLORIDE"",""strength"":""250 mg/1"",""pct"":null,""display"":""250 mg""}]",TABLET,ORAL,ANDA,ANDA077533,HUMAN PRESCRIPTION DRUG,Allylamine Antifungal [EPC];Allylamine [CS],69097-859-02;69097-859-07;69097-859-12,30 TABLET in 1 BOTTLE (69097-859-02) | 100 TABLET in 1 BOTTLE (69097-859-07) | 500 TABLET in 1 BOTTLE (69097-859-12),18b16aad-1877-4b07-b532-f0ef4843af91,20160627,,20261231,0
70518-4421,antifungal,terbinafine,Terbinafine,terbinafine,REMEDYREPACK INC.,TERBINAFINE HYDROCHLORIDE 250 mg/1,terbinafine hydrochloride 250 mg,"[{""name"":""TERBINAFINE HYDROCHLORIDE"",""strength"":""250 mg/1"",""pct"":null,""display"":""250 mg""}]",TABLET,ORAL,ANDA,ANDA077533,HUMAN PRESCRIPTION DRUG,Allylamine Antifungal [EPC];Allylamine [CS],70518-4421-0;70518-4421-1;70518-4421-2;70518-4421-3,"90 TABLET in 1 BOTTLE, PLASTIC (70518-4421-0) | 45 TABLET in 1 BOTTLE, PLASTIC (70518-4421-1) | 30 TABLET in 1 BLISTER PACK (70518-4421-2) | 30 TABLET in 1 BOTTLE, PLASTIC (70518-4421-3)",,20250804,,20271231,0
76282-209,antifungal,terbinafine,Terbinafine,terbinafine,Exelan Pharmaceuticals Inc.,TERBINAFINE HYDROCHLORIDE 250 mg/1,terbinafine hydrochloride 250 mg,"[{""name"":""TERBINAFINE HYDROCHLORIDE"",""strength"":""250 mg/1"",""pct"":null,""display"":""250 mg""}]",TABLET,ORAL,ANDA,ANDA077533,HUMAN PRESCRIPTION DRUG,Allylamine Antifungal [EPC];Allylamine [CS],76282-209-01;76282-209-05;76282-209-30,100 TABLET in 1 BOTTLE (76282-209-01) | 500 TABLET in 1 BOTTLE (76282-209-05) | 30 TABLET in 1 BOTTLE (76282-209-30),6dc279cc-9861-4fa8-8083-ca3b3c57b513,20120425,,20261231,0
16714-795,antifungal,terbinafine,Terbinafine,terbinafine hydrochloride,NorthStar Rx LLC,TERBINAFINE HYDROCHLORIDE 250 mg/1,terbinafine hydrochloride 250 mg,"[{""name"":""TERBINAFINE HYDROCHLORIDE"",""strength"":""250 mg/1"",""pct"":null,""display"":""250 mg""}]",TABLET,ORAL,ANDA,ANDA078297,HUMAN PRESCRIPTION DRUG,Allylamine Antifungal [EPC];Allylamine [CS],16714-795-01;16714-795-02,30 TABLET in 1 BOTTLE (16714-795-01) | 100 TABLET in 1 BOTTLE (16714-795-02),8f87e3e1-4c9c-497a-af20-8ab52cfeef60,20070702,,20261231,0
65862-079,antifungal,terbinafine,Terbinafine,terbinafine hydrochloride,Aurobindo Pharma Limited,TERBINAFINE HYDROCHLORIDE 250 mg/1,terbinafine hydrochloride 250 mg,"[{""name"":""TERBINAFINE HYDROCHLORIDE"",""strength"":""250 mg/1"",""pct"":null,""display"":""250 mg""}]",TABLET,ORAL,ANDA,ANDA078297,HUMAN PRESCRIPTION DRUG,Allylamine Antifungal [EPC];Allylamine [CS],65862-079-01;65862-079-30;65862-079-99,100 TABLET in 1 BOTTLE (65862-079-01) | 30 TABLET in 1 BOTTLE (65862-079-30) | 1000 TABLET in 1 BOTTLE (65862-079-99),6600e2b3-65df-4fc3-8081-d574537d27e3,20070702,,20261231,0
51991-526,antifungal,terbinafine,Terbinafine Hydrochloride,terbinafine hydrochloride,"Breckenridge Pharmaceutical, Inc.",TERBINAFINE HYDROCHLORIDE 250 mg/1,terbinafine hydrochloride 250 mg,"[{""name"":""TERBINAFINE HYDROCHLORIDE"",""strength"":""250 mg/1"",""pct"":null,""display"":""250 mg""}]",TABLET,ORAL,ANDA,ANDA077714,HUMAN PRESCRIPTION DRUG,Allylamine Antifungal [EPC];Allylamine [CS],51991-526-01,100 TABLET in 1 BOTTLE (51991-526-01),c3832113-f517-4b4e-bf9c-31fce1a638e1,20101227,,20261231,0
55111-250,antifungal,terbinafine,Terbinafine Hydrochloride,terbinafine hydrochloride,Dr.Reddys Laboratories Limited,TERBINAFINE HYDROCHLORIDE 250 mg/1,terbinafine hydrochloride 250 mg,"[{""name"":""TERBINAFINE HYDROCHLORIDE"",""strength"":""250 mg/1"",""pct"":null,""display"":""250 mg""}]",TABLET,ORAL,ANDA,ANDA076390,HUMAN PRESCRIPTION DRUG,Allylamine Antifungal [EPC];Allylamine [CS],55111-250-01;55111-250-05;55111-250-30;55111-250-79;55111-250-90,100 TABLET in 1 BOTTLE (55111-250-01) | 500 TABLET in 1 BOTTLE (55111-250-05) | 30 TABLET in 1 BOTTLE (55111-250-30) | 10 BLISTER PACK in 1 CARTON (55111-250-79) / 10 TABLET in 1 BLISTER PACK (55111-250-78) | 90 TABLET in 1 BOTTLE (55111-250-90),e0b309a5-bebe-c6da-2847-bda21aa488b1,20070702,,20261231,0
69452-351,antifungal,terbinafine,terbinafine hydrochloride,terbinafine hydrochloride,Bionpharma Inc.,TERBINAFINE HYDROCHLORIDE 250 mg/1,terbinafine hydrochloride 250 mg,"[{""name"":""TERBINAFINE HYDROCHLORIDE"",""strength"":""250 mg/1"",""pct"":null,""display"":""250 mg""}]",TABLET,ORAL,ANDA,ANDA078163,HUMAN PRESCRIPTION DRUG,Allylamine Antifungal [EPC];Allylamine [CS],69452-351-13;69452-351-20,"30 TABLET in 1 BOTTLE, PLASTIC (69452-351-13) | 100 TABLET in 1 BOTTLE, PLASTIC (69452-351-20)",34221c17-0d8c-4b56-8af3-c74efab4599e,20220128,,20261231,0
87564-010,antifungal,terbinafine,TERBINAFINE,terbinafine hydrochloride tablet,Amerisyn LLC,TERBINAFINE HYDROCHLORIDE 250 mg/1,terbinafine hydrochloride 250 mg,"[{""name"":""TERBINAFINE HYDROCHLORIDE"",""strength"":""250 mg/1"",""pct"":null,""display"":""250 mg""}]",TABLET,ORAL,ANDA,ANDA076390,HUMAN PRESCRIPTION DRUG,Allylamine Antifungal [EPC];Allylamine [CS],87564-010-10;87564-010-30,100 TABLET in 1 BOTTLE (87564-010-10) | 30 TABLET in 1 BOTTLE (87564-010-30),584d1fae-0120-49a0-e063-6394a90a36fc,20260803,,20271231,0
69097-731,antifungal,terbinafine,TERBINAFINE HYDROCHLORIDE,terbinafine tablets 250 mg,Cipla USA Inc.,TERBINAFINE HYDROCHLORIDE 250 mg/1,terbinafine hydrochloride 250 mg,"[{""name"":""TERBINAFINE HYDROCHLORIDE"",""strength"":""250 mg/1"",""pct"":null,""display"":""250 mg""}]",TABLET,ORAL,ANDA,ANDA077137,HUMAN PRESCRIPTION DRUG,Allylamine Antifungal [EPC];Allylamine [CS],69097-731-02;69097-731-07,30 TABLET in 1 BOTTLE (69097-731-02) | 100 TABLET in 1 BOTTLE (69097-731-07),daf41866-6f2b-4483-b575-456becd6e85f,20210108,,20261231,0
69292-225,antifungal,terbinafine,TERBINAFINE HYDROCHLORIDE,terbinafine tablets 250 mg,"Amici Pharma, Inc.",TERBINAFINE HYDROCHLORIDE 250 mg/1,terbinafine hydrochloride 250 mg,"[{""name"":""TERBINAFINE HYDROCHLORIDE"",""strength"":""250 mg/1"",""pct"":null,""display"":""250 mg""}]",TABLET,ORAL,ANDA,ANDA076390,HUMAN PRESCRIPTION DRUG,Allylamine Antifungal [EPC];Allylamine [CS],69292-225-01;69292-225-30,100 TABLET in 1 BOTTLE (69292-225-01) | 30 TABLET in 1 BOTTLE (69292-225-30),dd8724e9-bef9-4258-b536-9c6d872c3bf8,20260218,,20271231,0
50967-357,corticosteroid,hydrocortisone,PROCORT,1.85% hydrocortisone acetate - 1.15% pramoxine hci cream,Womens Choice Pharmaceuticals LLC,HYDROCORTISONE ACETATE 18.5 mg/g; PRAMOXINE HYDROCHLORIDE 11.5 mg/g,hydrocortisone acetate 1.85%; pramoxine hydrochloride 1.15%,"[{""name"":""HYDROCORTISONE ACETATE"",""strength"":""18.5 mg/g"",""pct"":1.85,""display"":""1.85%""},{""name"":""PRAMOXINE HYDROCHLORIDE"",""strength"":""11.5 mg/g"",""pct"":1.15,""display"":""1.15%""}]",CREAM,TOPICAL,UNAPPROVED DRUG OTHER,,HUMAN PRESCRIPTION DRUG,Corticosteroid Hormone Receptor Agonists [MoA];Corticosteroid [EPC],50967-357-60,"1 TUBE, WITH APPLICATOR in 1 CARTON (50967-357-60) / 1 TUBE, WITH APPLICATOR in 1 TUBE, WITH APPLICATOR / 60 g in 1 TUBE, WITH APPLICATOR",9e899b72-a16e-4b55-93b5-ab5baec37d50,20110630,,20261231,0
0187-5104,corticosteroid,hydrocortisone,Xerese,acyclovir and hydrocortisone,Bausch Health US LLC,ACYCLOVIR 50 mg/g; HYDROCORTISONE 10 mg/g,acyclovir 5%; hydrocortisone 1%,"[{""name"":""ACYCLOVIR"",""strength"":""50 mg/g"",""pct"":5.0,""display"":""5%""},{""name"":""HYDROCORTISONE"",""strength"":""10 mg/g"",""pct"":1.0,""display"":""1%""}]",CREAM,TOPICAL,NDA,NDA022436,HUMAN PRESCRIPTION DRUG,Corticosteroid Hormone Receptor Agonists [MoA];Corticosteroid [EPC];DNA Polymerase Inhibitors [MoA];Herpes Simplex Virus Nucleoside Analog DNA Polymerase Inhibitor [EPC];Herpes Zoster Virus Nucleoside Analog DNA Polymerase Inhibitor [EPC];Herpesvirus Nucleoside Analog DNA Polymerase Inhibitor [EPC];Nucleoside Analog [EXT],0187-5104-01,1 TUBE in 1 CARTON (0187-5104-01) / 5 g in 1 TUBE,3b6ac164-0f1e-4f36-94a1-1fdb07d710f5,20090731,,20261231,0
51672-1316,corticosteroid,alclometasone,Alclometasone Dipropionate,alclometasone dipropionate,"Sun Pharmaceutical Industries, Inc.",ALCLOMETASONE DIPROPIONATE .5 mg/g,alclometasone dipropionate 0.05%,"[{""name"":""ALCLOMETASONE DIPROPIONATE"",""strength"":"".5 mg/g"",""pct"":0.05,""display"":""0.05%""}]",OINTMENT,TOPICAL,ANDA,ANDA076730,HUMAN PRESCRIPTION DRUG,Corticosteroid Hormone Receptor Agonists [MoA];Corticosteroid [EPC],51672-1316-1;51672-1316-3;51672-1316-5;51672-1316-6,1 TUBE in 1 CARTON (51672-1316-1) / 15 g in 1 TUBE | 1 TUBE in 1 CARTON (51672-1316-3) / 60 g in 1 TUBE | 5 g in 1 TUBE (51672-1316-5) | 1 TUBE in 1 CARTON (51672-1316-6) / 45 g in 1 TUBE,3b0dccd6-dee1-49dd-8c6d-82df5c7ee36c,20040729,,20261231,0
68462-299,corticosteroid,alclometasone,Alclometasone Dipropionate,alclometasone dipropionate,"Glenmark Pharmaceuticals Inc., USA",ALCLOMETASONE DIPROPIONATE .5 mg/g,alclometasone dipropionate 0.05%,"[{""name"":""ALCLOMETASONE DIPROPIONATE"",""strength"":"".5 mg/g"",""pct"":0.05,""display"":""0.05%""}]",OINTMENT,TOPICAL,ANDA,ANDA079227,HUMAN PRESCRIPTION DRUG,Corticosteroid Hormone Receptor Agonists [MoA];Corticosteroid [EPC],68462-299-17;68462-299-47;68462-299-65,15 g in 1 TUBE (68462-299-17) | 45 g in 1 TUBE (68462-299-47) | 60 g in 1 TUBE (68462-299-65),63e635e0-65d8-4b30-9f2a-ab16deba90bd,20090730,,20261231,0
51672-1306,corticosteroid,alclometasone,Alclometasone dipropionate,alclometasone dipropionate,"Sun Pharmaceutical Industries, Inc.",ALCLOMETASONE DIPROPIONATE .5 mg/g,alclometasone dipropionate 0.05%,"[{""name"":""ALCLOMETASONE DIPROPIONATE"",""strength"":"".5 mg/g"",""pct"":0.05,""display"":""0.05%""}]",CREAM,TOPICAL,ANDA,ANDA076587,HUMAN PRESCRIPTION DRUG,Corticosteroid Hormone Receptor Agonists [MoA];Corticosteroid [EPC],51672-1306-1;51672-1306-3;51672-1306-6,1 TUBE in 1 CARTON (51672-1306-1) / 15 g in 1 TUBE | 1 TUBE in 1 CARTON (51672-1306-3) / 60 g in 1 TUBE | 1 TUBE in 1 CARTON (51672-1306-6) / 45 g in 1 TUBE,3e688309-880a-4890-bf00-90afd19084f6,20050915,,20261231,0
0168-0278,corticosteroid,amcinonide,Amcinonide,amcinonide,Fougera Pharmaceuticals Inc.,AMCINONIDE 1 mg/g,amcinonide 0.1%,"[{""name"":""AMCINONIDE"",""strength"":""1 mg/g"",""pct"":0.1,""display"":""0.1%""}]",CREAM,TOPICAL,ANDA,ANDA076065,HUMAN PRESCRIPTION DRUG,Corticosteroid Hormone Receptor Agonists [MoA];Corticosteroid [EPC],0168-0278-15;0168-0278-30;0168-0278-60,1 TUBE in 1 CARTON (0168-0278-15) / 15 g in 1 TUBE | 1 TUBE in 1 CARTON (0168-0278-30) / 30 g in 1 TUBE | 1 TUBE in 1 CARTON (0168-0278-60) / 60 g in 1 TUBE,8aefa477-ac2c-41c8-a807-d24522aed8f0,20030515,,20261231,0
51672-4060,corticosteroid,amcinonide,Amcinonide,amcinonide,"Sun Pharmaceutical Industries, Inc.",AMCINONIDE 1 mg/g,amcinonide 0.1%,"[{""name"":""AMCINONIDE"",""strength"":""1 mg/g"",""pct"":0.1,""display"":""0.1%""}]",OINTMENT,TOPICAL,ANDA,ANDA076367,HUMAN PRESCRIPTION DRUG,Corticosteroid Hormone Receptor Agonists [MoA];Corticosteroid [EPC],51672-4060-1;51672-4060-2;51672-4060-3,1 TUBE in 1 CARTON (51672-4060-1) / 15 g in 1 TUBE | 1 TUBE in 1 CARTON (51672-4060-2) / 30 g in 1 TUBE | 1 TUBE in 1 CARTON (51672-4060-3) / 60 g in 1 TUBE,ac5c3e79-52f7-434e-92ae-24bd32b45edc,20030319,,20261231,0
73308-407,corticosteroid,amcinonide,Amcinonide,amcinonide,"Ayurax, LLC",AMCINONIDE 1 mg/g,amcinonide 0.1%,"[{""name"":""AMCINONIDE"",""strength"":""1 mg/g"",""pct"":0.1,""display"":""0.1%""}]",OINTMENT,TOPICAL,ANDA,ANDA076096,HUMAN PRESCRIPTION DRUG,Corticosteroid Hormone Receptor Agonists [MoA];Corticosteroid [EPC],73308-407-60,1 TUBE in 1 CARTON (73308-407-60) / 60 g in 1 TUBE,83da75e7-e182-4a6c-ac0f-50d99971ebde,20230501,,20261231,0
74157-006,corticosteroid,amcinonide,Amcinonide,amcinonide,INA PHARMACEUTICS INC.,AMCINONIDE 1 mg/g,amcinonide 0.1%,"[{""name"":""AMCINONIDE"",""strength"":""1 mg/g"",""pct"":0.1,""display"":""0.1%""}]",CREAM,TOPICAL,ANDA,ANDA076229,HUMAN PRESCRIPTION DRUG,Corticosteroid Hormone Receptor Agonists [MoA];Corticosteroid [EPC],74157-006-60,1 TUBE in 1 CARTON (74157-006-60) / 60 g in 1 TUBE,e7dc754e-eeff-4c30-a52a-629c72ad2415,20240509,,20261231,0
35573-107,corticosteroid,betamethasone,BETAMETHASONE DIPROPIONATE,betamethasone dipropionate,"Burel Pharmaceuticals, LLC",BETAMETHASONE DIPROPIONATE .5 mg/g,betamethasone dipropionate 0.05%,"[{""name"":""BETAMETHASONE DIPROPIONATE"",""strength"":"".5 mg/g"",""pct"":0.05,""display"":""0.05%""}]","OINTMENT, AUGMENTED",TOPICAL,ANDA,ANDA218289,HUMAN PRESCRIPTION DRUG,Corticosteroid Hormone Receptor Agonists [MoA];Corticosteroid [EPC],35573-107-15;35573-107-49,1 TUBE in 1 CARTON (35573-107-15) / 15 g in 1 TUBE | 1 TUBE in 1 CARTON (35573-107-49) / 50 g in 1 TUBE,c8bda9a8-4dec-4084-84e5-4b4623390bd8,20250115,,20261231,0
45802-505,corticosteroid,betamethasone,BETAMETHASONE DIPROPIONATE,betamethasone dipropionate,Padagis Israel Pharmaceuticals Ltd,BETAMETHASONE DIPROPIONATE .5 mg/g,betamethasone dipropionate 0.05%,"[{""name"":""BETAMETHASONE DIPROPIONATE"",""strength"":"".5 mg/g"",""pct"":0.05,""display"":""0.05%""}]",OINTMENT,TOPICAL,ANDA,ANDA215847,HUMAN PRESCRIPTION DRUG,Corticosteroid Hormone Receptor Agonists [MoA];Corticosteroid [EPC],45802-505-14;45802-505-84,1 TUBE in 1 CARTON (45802-505-14) / 15 g in 1 TUBE | 1 TUBE in 1 CARTON (45802-505-84) / 45 g in 1 TUBE,0e56e8bc-b79e-43c6-945e-c333a599bfc8,20220520,,20261231,0
59651-699,corticosteroid,betamethasone,BETAMETHASONE DIPROPIONATE,betamethasone dipropionate,Aurobindo Pharma Limited,BETAMETHASONE DIPROPIONATE .5 mg/g,betamethasone dipropionate 0.05%,"[{""name"":""BETAMETHASONE DIPROPIONATE"",""strength"":"".5 mg/g"",""pct"":0.05,""display"":""0.05%""}]","OINTMENT, AUGMENTED",TOPICAL,ANDA,ANDA218289,HUMAN PRESCRIPTION DRUG,Corticosteroid Hormone Receptor Agonists [MoA];Corticosteroid [EPC],59651-699-14;59651-699-46;59651-699-50,1 TUBE in 1 CARTON (59651-699-14) / 15 g in 1 TUBE | 1 TUBE in 1 CARTON (59651-699-46) / 45 g in 1 TUBE | 1 TUBE in 1 CARTON (59651-699-50) / 50 g in 1 TUBE,e0e0baea-1744-4708-bda7-4ab7783a3fb4,20240410,,20261231,0
59651-891,corticosteroid,betamethasone,BETAMETHASONE DIPROPIONATE,betamethasone dipropionate,Aurobindo Pharma Limited,BETAMETHASONE DIPROPIONATE .5 mg/g,betamethasone dipropionate 0.05%,"[{""name"":""BETAMETHASONE DIPROPIONATE"",""strength"":"".5 mg/g"",""pct"":0.05,""display"":""0.05%""}]",CREAM,TOPICAL,ANDA,ANDA219348,HUMAN PRESCRIPTION DRUG,Corticosteroid Hormone Receptor Agonists [MoA];Corticosteroid [EPC],59651-891-14;59651-891-46,1 TUBE in 1 CARTON (59651-891-14) / 15 g in 1 TUBE | 1 TUBE in 1 CARTON (59651-891-46) / 45 g in 1 TUBE,a4f8db3a-0aed-451c-98ba-c4ce37656792,20260126,,20271231,0
0168-0055,corticosteroid,betamethasone,Betamethasone Dipropionate,betamethasone dipropionate,"E. Fougera & Co. a division of Fougera Pharmaceuticals, LLC",BETAMETHASONE DIPROPIONATE .5 mg/g,betamethasone dipropionate 0.05%,"[{""name"":""BETAMETHASONE DIPROPIONATE"",""strength"":"".5 mg/g"",""pct"":0.05,""display"":""0.05%""}]",CREAM,TOPICAL,NDA,NDA019137,HUMAN PRESCRIPTION DRUG,Corticosteroid Hormone Receptor Agonists [MoA];Corticosteroid [EPC],0168-0055-15;0168-0055-46,1 TUBE in 1 CARTON (0168-0055-15) / 15 g in 1 TUBE | 1 TUBE in 1 CARTON (0168-0055-46) / 45 g in 1 TUBE,97dde5f5-a865-4af2-b562-8da72c8475f3,19840626,,20271231,0
0168-0056,corticosteroid,betamethasone,Betamethasone Dipropionate,betamethasone dipropionate,"E. Fougera & Co. a division of Fougera Pharmaceuticals, LLC",BETAMETHASONE DIPROPIONATE .5 mg/g,betamethasone dipropionate 0.05%,"[{""name"":""BETAMETHASONE DIPROPIONATE"",""strength"":"".5 mg/g"",""pct"":0.05,""display"":""0.05%""}]",OINTMENT,TOPICAL,NDA,NDA019141,HUMAN PRESCRIPTION DRUG,Corticosteroid Hormone Receptor Agonists [MoA];Corticosteroid [EPC],0168-0056-15;0168-0056-46,1 TUBE in 1 CARTON (0168-0056-15) / 15 g in 1 TUBE | 1 TUBE in 1 CARTON (0168-0056-46) / 45 g in 1 TUBE,0173ed23-9f7c-466e-9eba-f6859d05f987,19840904,,20271231,0
0168-0057,corticosteroid,betamethasone,Betamethasone Dipropionate,betamethasone dipropionate,"E. Fougera & Co. a division of Fougera Pharmaceuticals, LLC",BETAMETHASONE DIPROPIONATE .5 mg/mL,betamethasone dipropionate 0.05%,"[{""name"":""BETAMETHASONE DIPROPIONATE"",""strength"":"".5 mg/mL"",""pct"":0.05,""display"":""0.05%""}]",LOTION,TOPICAL,ANDA,ANDA070275,HUMAN PRESCRIPTION DRUG,Corticosteroid Hormone Receptor Agonists [MoA];Corticosteroid [EPC],0168-0057-60,1 BOTTLE in 1 CARTON (0168-0057-60) / 60 mL in 1 BOTTLE,97dde5f5-a865-4af2-b562-8da72c8475f3,19850812,,20271231,0
0168-0267,corticosteroid,betamethasone,Betamethasone Dipropionate,betamethasone dipropionate,"E. Fougera & Co. a division of Fougera Pharmaceuticals, LLC",BETAMETHASONE DIPROPIONATE .5 mg/mL,betamethasone dipropionate 0.05%,"[{""name"":""BETAMETHASONE DIPROPIONATE"",""strength"":"".5 mg/mL"",""pct"":0.05,""display"":""0.05%""}]","LOTION, AUGMENTED",TOPICAL,ANDA,ANDA077111,HUMAN PRESCRIPTION DRUG,Corticosteroid Hormone Receptor Agonists [MoA];Corticosteroid [EPC],0168-0267-30;0168-0267-60,30 mL in 1 BOTTLE (0168-0267-30) | 60 mL in 1 BOTTLE (0168-0267-60),4f411e41-00dc-47cf-8517-3ff5876e1bf5,20070521,,20271231,0
0168-0268,corticosteroid,betamethasone,Betamethasone Dipropionate,betamethasone dipropionate,"E. Fougera & Co. a division of Fougera Pharmaceuticals, LLC",BETAMETHASONE DIPROPIONATE .5 mg/g,betamethasone dipropionate 0.05%,"[{""name"":""BETAMETHASONE DIPROPIONATE"",""strength"":"".5 mg/g"",""pct"":0.05,""display"":""0.05%""}]","OINTMENT, AUGMENTED",TOPICAL,ANDA,ANDA075373,HUMAN PRESCRIPTION DRUG,Corticosteroid Hormone Receptor Agonists [MoA];Corticosteroid [EPC],0168-0268-15;0168-0268-50,15 g in 1 TUBE (0168-0268-15) | 50 g in 1 TUBE (0168-0268-50),853399f8-95a7-41f3-80e7-7ed8e3ff1a5e,19990622,,20271231,0
0472-0380,corticosteroid,betamethasone,Betamethasone Dipropionate,betamethasone dipropionate,"Actavis Pharma, Inc.",BETAMETHASONE DIPROPIONATE .5 mg/g,betamethasone dipropionate 0.05%,"[{""name"":""BETAMETHASONE DIPROPIONATE"",""strength"":"".5 mg/g"",""pct"":0.05,""display"":""0.05%""}]",CREAM,TOPICAL,ANDA,ANDA070885,HUMAN PRESCRIPTION DRUG,Corticosteroid Hormone Receptor Agonists [MoA];Corticosteroid [EPC],0472-0380-15;0472-0380-45,1 TUBE in 1 CARTON (0472-0380-15) / 15 g in 1 TUBE | 1 TUBE in 1 CARTON (0472-0380-45) / 45 g in 1 TUBE,ab332791-461b-4396-9b46-7f00bc04c087,20020903,,20271231,0
0472-0381,corticosteroid,betamethasone,Betamethasone Dipropionate,betamethasone dipropionate,"Actavis Pharma, Inc.",BETAMETHASONE DIPROPIONATE .5 mg/g,betamethasone dipropionate 0.05%,"[{""name"":""BETAMETHASONE DIPROPIONATE"",""strength"":"".5 mg/g"",""pct"":0.05,""display"":""0.05%""}]",OINTMENT,TOPICAL,ANDA,ANDA071012,HUMAN PRESCRIPTION DRUG,Corticosteroid Hormone Receptor Agonists [MoA];Corticosteroid [EPC],0472-0381-15;0472-0381-45,1 TUBE in 1 CARTON (0472-0381-15) / 15 g in 1 TUBE | 1 TUBE in 1 CARTON (0472-0381-45) / 45 g in 1 TUBE,aa3f4012-7597-422d-8bcc-00102780a152,19970201,,20271231,0
0472-0382,corticosteroid,betamethasone,Betamethasone Dipropionate,betamethasone dipropionate,"Actavis Pharma, Inc.",BETAMETHASONE DIPROPIONATE .5 mg/g,betamethasone dipropionate 0.05%,"[{""name"":""BETAMETHASONE DIPROPIONATE"",""strength"":"".5 mg/g"",""pct"":0.05,""display"":""0.05%""}]","OINTMENT, AUGMENTED",TOPICAL,ANDA,ANDA074304,HUMAN PRESCRIPTION DRUG,Corticosteroid Hormone Receptor Agonists [MoA];Corticosteroid [EPC],0472-0382-15;0472-0382-45,1 TUBE in 1 CARTON (0472-0382-15) / 15 g in 1 TUBE | 1 TUBE in 1 CARTON (0472-0382-45) / 45 g in 1 TUBE,af8317d7-b280-4f40-ad88-802f99d33d78,19950901,,20261231,0
0713-0659,corticosteroid,betamethasone,Betamethasone Dipropionate,betamethasone dipropionate,"Cosette Pharmaceuticals, Inc.",BETAMETHASONE DIPROPIONATE .5 mg/g,betamethasone dipropionate 0.05%,"[{""name"":""BETAMETHASONE DIPROPIONATE"",""strength"":"".5 mg/g"",""pct"":0.05,""display"":""0.05%""}]",CREAM,TOPICAL,ANDA,ANDA210217,HUMAN PRESCRIPTION DRUG,Corticosteroid Hormone Receptor Agonists [MoA];Corticosteroid [EPC],0713-0659-15;0713-0659-37,1 TUBE in 1 CARTON (0713-0659-15) / 15 g in 1 TUBE | 1 TUBE in 1 CARTON (0713-0659-37) / 45 g in 1 TUBE,4cc3b34f-9120-3362-0932-42d7024c8f89,20181012,,20261231,0
0713-0807,corticosteroid,betamethasone,Betamethasone Dipropionate,betamethasone dipropionate,"Cosette Pharmaceuticals, Inc.",BETAMETHASONE DIPROPIONATE .5 mg/mL,betamethasone dipropionate 0.05%,"[{""name"":""BETAMETHASONE DIPROPIONATE"",""strength"":"".5 mg/mL"",""pct"":0.05,""display"":""0.05%""}]",LOTION,TOPICAL,ANDA,ANDA071467,HUMAN PRESCRIPTION DRUG,Corticosteroid Hormone Receptor Agonists [MoA];Corticosteroid [EPC],0713-0807-53,1 BOTTLE in 1 CARTON (0713-0807-53) / 60 mL in 1 BOTTLE,c9839c0a-bee5-0ef7-8933-e6231c440407,20160905,,20261231,0
21922-104,corticosteroid,betamethasone,Betamethasone Dipropionate,betamethasone dipropionate,"Encube Ethicals, Inc.",BETAMETHASONE DIPROPIONATE .5 mg/mL,betamethasone dipropionate 0.05%,"[{""name"":""BETAMETHASONE DIPROPIONATE"",""strength"":"".5 mg/mL"",""pct"":0.05,""display"":""0.05%""}]","LOTION, AUGMENTED",TOPICAL,ANDA,ANDA206389,HUMAN PRESCRIPTION DRUG,Corticosteroid Hormone Receptor Agonists [MoA];Corticosteroid [EPC],21922-104-01;21922-104-21,"1 BOTTLE, PLASTIC in 1 CARTON (21922-104-01) / 60 mL in 1 BOTTLE, PLASTIC | 1 BOTTLE, PLASTIC in 1 CARTON (21922-104-21) / 30 mL in 1 BOTTLE, PLASTIC",7e946599-2fb4-4426-bb59-fbb71d89dac8,20251125,,20261231,0
45802-021,corticosteroid,betamethasone,Betamethasone Dipropionate,betamethasone dipropionate,Padagis Israel Pharmaceuticals Ltd,BETAMETHASONE DIPROPIONATE .5 mg/g,betamethasone dipropionate 0.05%,"[{""name"":""BETAMETHASONE DIPROPIONATE"",""strength"":"".5 mg/g"",""pct"":0.05,""display"":""0.05%""}]",LOTION,TOPICAL,ANDA,ANDA072538,HUMAN PRESCRIPTION DRUG,Corticosteroid Hormone Receptor Agonists [MoA];Corticosteroid [EPC],45802-021-46,"56.2 g in 1 BOTTLE, PLASTIC (45802-021-46)",e6018480-7788-472d-a2d1-ccccffcd258e,20060630,,20261231,0
45802-376,corticosteroid,betamethasone,Betamethasone Dipropionate,betamethasone dipropionate,Padagis Israel Pharmaceuticals Ltd,BETAMETHASONE DIPROPIONATE .5 mg/g,betamethasone dipropionate 0.05%,"[{""name"":""BETAMETHASONE DIPROPIONATE"",""strength"":"".5 mg/g"",""pct"":0.05,""display"":""0.05%""}]",CREAM,TOPICAL,ANDA,ANDA076592,HUMAN PRESCRIPTION DRUG,Corticosteroid Hormone Receptor Agonists [MoA];Corticosteroid [EPC],45802-376-32;45802-376-35,1 TUBE in 1 CARTON (45802-376-32) / 50 g in 1 TUBE | 1 TUBE in 1 CARTON (45802-376-35) / 15 g in 1 TUBE,7bd2646c-f34a-4824-8f66-c41e77db19d2,20060928,,20261231,0
51407-273,corticosteroid,betamethasone,Betamethasone Dipropionate,betamethasone dipropionate,"Golden State Medical Supply, Inc.",BETAMETHASONE DIPROPIONATE .5 mg/g,betamethasone dipropionate 0.05%,"[{""name"":""BETAMETHASONE DIPROPIONATE"",""strength"":"".5 mg/g"",""pct"":0.05,""display"":""0.05%""}]",CREAM,TOPICAL,ANDA,ANDA073552,HUMAN PRESCRIPTION DRUG,Corticosteroid Hormone Receptor Agonists [MoA];Corticosteroid [EPC],51407-273-15;51407-273-45,1 TUBE in 1 CARTON (51407-273-15) / 15 g in 1 TUBE | 1 TUBE in 1 CARTON (51407-273-45) / 45 g in 1 TUBE,9571a031-179d-7dfb-e053-2995a90aa016,19920430,,20261231,0
51672-1274,corticosteroid,betamethasone,Betamethasone Dipropionate,betamethasone dipropionate,"Sun Pharmaceutical Industries, Inc.",BETAMETHASONE DIPROPIONATE .5 mg/g,betamethasone dipropionate 0.05%,"[{""name"":""BETAMETHASONE DIPROPIONATE"",""strength"":"".5 mg/g"",""pct"":0.05,""display"":""0.05%""}]",CREAM,TOPICAL,ANDA,ANDA073552,HUMAN PRESCRIPTION DRUG,Corticosteroid Hormone Receptor Agonists [MoA];Corticosteroid [EPC],51672-1274-1;51672-1274-6,1 TUBE in 1 CARTON (51672-1274-1) / 15 g in 1 TUBE | 1 TUBE in 1 CARTON (51672-1274-6) / 45 g in 1 TUBE,bc12c828-54ba-411d-b752-9b735f7adf63,19920430,,20261231,0
51672-1309,corticosteroid,betamethasone,Betamethasone Dipropionate,betamethasone dipropionate,"Sun Pharmaceutical Industries, Inc.",BETAMETHASONE DIPROPIONATE .5 mg/g,betamethasone dipropionate 0.05%,"[{""name"":""BETAMETHASONE DIPROPIONATE"",""strength"":"".5 mg/g"",""pct"":0.05,""display"":""0.05%""}]",GEL,TOPICAL,ANDA,ANDA076508,HUMAN PRESCRIPTION DRUG,Corticosteroid Hormone Receptor Agonists [MoA];Corticosteroid [EPC],51672-1309-1;51672-1309-3,1 TUBE in 1 CARTON (51672-1309-1) / 15 g in 1 TUBE | 1 TUBE in 1 CARTON (51672-1309-3) / 50 g in 1 TUBE,e041ceb2-8bda-4703-b663-804e7b462e32,20031202,,20261231,0
51672-1310,corticosteroid,betamethasone,Betamethasone Dipropionate,betamethasone dipropionate,"Sun Pharmaceutical Industries, Inc.",BETAMETHASONE DIPROPIONATE .5 mg/g,betamethasone dipropionate 0.05%,"[{""name"":""BETAMETHASONE DIPROPIONATE"",""strength"":"".5 mg/g"",""pct"":0.05,""display"":""0.05%""}]","CREAM, AUGMENTED",TOPICAL,ANDA,ANDA076543,HUMAN PRESCRIPTION DRUG,Corticosteroid Hormone Receptor Agonists [MoA];Corticosteroid [EPC],51672-1310-1;51672-1310-2;51672-1310-3,1 TUBE in 1 CARTON (51672-1310-1) / 15 g in 1 TUBE | 1 TUBE in 1 CARTON (51672-1310-2) / 30 g in 1 TUBE | 1 TUBE in 1 CARTON (51672-1310-3) / 50 g in 1 TUBE,000ae256-a337-4903-845b-003777a4efa8,20031209,,20261231,0
51672-1340,corticosteroid,betamethasone,Betamethasone Dipropionate,betamethasone dipropionate,"Sun Pharmaceutical Industries, Inc.",BETAMETHASONE DIPROPIONATE .5 mg/mL,betamethasone dipropionate 0.05%,"[{""name"":""BETAMETHASONE DIPROPIONATE"",""strength"":"".5 mg/mL"",""pct"":0.05,""display"":""0.05%""}]","LOTION, AUGMENTED",TOPICAL,ANDA,ANDA077477,HUMAN PRESCRIPTION DRUG,Corticosteroid Hormone Receptor Agonists [MoA];Corticosteroid [EPC],51672-1340-3;51672-1340-4,1 BOTTLE in 1 CARTON (51672-1340-3) / 30 mL in 1 BOTTLE | 1 BOTTLE in 1 CARTON (51672-1340-4) / 60 mL in 1 BOTTLE,3b23a3c0-3306-4a2d-932d-25916d16dc68,20070521,,20261231,0
66993-897,corticosteroid,betamethasone,Betamethasone Dipropionate,betamethasone dipropionate,Prasco Laboratories,BETAMETHASONE DIPROPIONATE .5 mg/g,betamethasone dipropionate 0.05%,"[{""name"":""BETAMETHASONE DIPROPIONATE"",""strength"":"".5 mg/g"",""pct"":0.05,""display"":""0.05%""}]",OINTMENT,TOPICAL,NDA AUTHORIZED GENERIC,NDA018741,HUMAN PRESCRIPTION DRUG,Corticosteroid Hormone Receptor Agonists [MoA];Corticosteroid [EPC],66993-897-15;66993-897-49,1 TUBE in 1 BOX (66993-897-15) / 15 g in 1 TUBE | 1 TUBE in 1 BOX (66993-897-49) / 50 g in 1 TUBE,f5b50c00-cc6f-4296-a9ae-b16888cef4dd,20210601,,20261231,0
68462-290,corticosteroid,betamethasone,Betamethasone Dipropionate,betamethasone dipropionate,"Glenmark Pharmaceuticals Inc., USA",BETAMETHASONE DIPROPIONATE .5 mg/g,betamethasone dipropionate 0.05%,"[{""name"":""BETAMETHASONE DIPROPIONATE"",""strength"":"".5 mg/g"",""pct"":0.05,""display"":""0.05%""}]",CREAM,TOPICAL,ANDA,ANDA078930,HUMAN PRESCRIPTION DRUG,Corticosteroid Hormone Receptor Agonists [MoA];Corticosteroid [EPC],68462-290-17;68462-290-52,15 g in 1 TUBE (68462-290-17) | 50 g in 1 TUBE (68462-290-52),78bdb7ca-acb0-491c-bed9-4ebbf2a07918,20080923,,20261231,0
16714-996,corticosteroid,betamethasone,Betamethasone dipropionate,betamethasone dipropionate,Northstar Rx LLC.,BETAMETHASONE DIPROPIONATE .5 mg/g,betamethasone dipropionate 0.05%,"[{""name"":""BETAMETHASONE DIPROPIONATE"",""strength"":"".5 mg/g"",""pct"":0.05,""display"":""0.05%""}]",CREAM,TOPICAL,ANDA,ANDA208885,HUMAN PRESCRIPTION DRUG,Corticosteroid Hormone Receptor Agonists [MoA];Corticosteroid [EPC],16714-996-01;16714-996-02,1 TUBE in 1 CARTON (16714-996-01) / 15 g in 1 TUBE | 1 TUBE in 1 CARTON (16714-996-02) / 45 g in 1 TUBE,395d40c0-22d9-48d1-8d8e-eeaddf33c53e,20191010,,20261231,0
51672-1390,corticosteroid,betamethasone,Betamethasone dipropionate,betamethasone dipropionate,"Sun Pharmaceutical Industries, Inc.",BETAMETHASONE DIPROPIONATE .5 mg/g,betamethasone dipropionate 0.05%,"[{""name"":""BETAMETHASONE DIPROPIONATE"",""strength"":"".5 mg/g"",""pct"":0.05,""display"":""0.05%""}]",SPRAY,TOPICAL,ANDA,ANDA211722,HUMAN PRESCRIPTION DRUG,Corticosteroid Hormone Receptor Agonists [MoA];Corticosteroid [EPC],51672-1390-4;51672-1390-8,1 BOTTLE in 1 CARTON (51672-1390-4) / 60 g in 1 BOTTLE | 1 BOTTLE in 1 CARTON (51672-1390-8) / 120 g in 1 BOTTLE,dc3dd2f7-38ad-4c4c-8602-29b33cc6af90,20200617,,20261231,0
68180-947,corticosteroid,betamethasone,Betamethasone dipropionate,betamethasone dipropionate,"Lupin Pharmaceuticals, Inc.",BETAMETHASONE DIPROPIONATE .5 mg/g,betamethasone dipropionate 0.05%,"[{""name"":""BETAMETHASONE DIPROPIONATE"",""strength"":"".5 mg/g"",""pct"":0.05,""display"":""0.05%""}]","OINTMENT, AUGMENTED",TOPICAL,ANDA,ANDA209106,HUMAN PRESCRIPTION DRUG,Corticosteroid Hormone Receptor Agonists [MoA];Corticosteroid [EPC],68180-947-01;68180-947-02,1 TUBE in 1 CARTON (68180-947-01) / 15 g in 1 TUBE | 1 TUBE in 1 CARTON (68180-947-02) / 50 g in 1 TUBE,216d5b7f-4236-4882-b899-be17cb1a1584,20200319,,20271231,0
70710-1233,corticosteroid,betamethasone,Betamethasone dipropionate,betamethasone dipropionate,Zydus Pharmaceuticals USA Inc.,BETAMETHASONE DIPROPIONATE .5 mg/g,betamethasone dipropionate 0.05%,"[{""name"":""BETAMETHASONE DIPROPIONATE"",""strength"":"".5 mg/g"",""pct"":0.05,""display"":""0.05%""}]",CREAM,TOPICAL,ANDA,ANDA208885,HUMAN PRESCRIPTION DRUG,Corticosteroid Hormone Receptor Agonists [MoA];Corticosteroid [EPC],70710-1233-1;70710-1233-4,1 TUBE in 1 CARTON (70710-1233-1) / 15 g in 1 TUBE | 1 TUBE in 1 CARTON (70710-1233-4) / 45 g in 1 TUBE,18d80661-72ad-4a83-917f-a80ce37a5568,20190226,,20261231,0
70771-1380,corticosteroid,betamethasone,Betamethasone dipropionate,betamethasone dipropionate,Zydus Lifesciences Limited,BETAMETHASONE DIPROPIONATE .5 mg/g,betamethasone dipropionate 0.05%,"[{""name"":""BETAMETHASONE DIPROPIONATE"",""strength"":"".5 mg/g"",""pct"":0.05,""display"":""0.05%""}]",CREAM,TOPICAL,ANDA,ANDA208885,HUMAN PRESCRIPTION DRUG,Corticosteroid Hormone Receptor Agonists [MoA];Corticosteroid [EPC],70771-1380-1;70771-1380-4,1 TUBE in 1 CARTON (70771-1380-1) / 15 g in 1 TUBE | 1 TUBE in 1 CARTON (70771-1380-4) / 45 g in 1 TUBE,bc9ca1f4-8f40-44e1-bb2d-42ecba35d406,20190226,,20261231,0
78206-124,corticosteroid,betamethasone,DIPROLENE,betamethasone dipropionate,Organon LLC,BETAMETHASONE DIPROPIONATE .5 mg/g,betamethasone dipropionate 0.05%,"[{""name"":""BETAMETHASONE DIPROPIONATE"",""strength"":"".5 mg/g"",""pct"":0.05,""display"":""0.05%""}]",OINTMENT,TOPICAL,NDA,NDA018741,HUMAN PRESCRIPTION DRUG,Corticosteroid Hormone Receptor Agonists [MoA];Corticosteroid [EPC],78206-124-01;78206-124-02,1 TUBE in 1 BOX (78206-124-01) / 15 g in 1 TUBE | 1 TUBE in 1 BOX (78206-124-02) / 50 g in 1 TUBE,0b9543ad-2ca7-430d-aef9-81c376dc2e6c,20210601,,20261231,0
68040-714,corticosteroid,betamethasone,Sernivo,betamethasone dipropionate,"Primus Pharmaceuticals, Inc.",BETAMETHASONE DIPROPIONATE .5 mg/g,betamethasone dipropionate 0.05%,"[{""name"":""BETAMETHASONE DIPROPIONATE"",""strength"":"".5 mg/g"",""pct"":0.05,""display"":""0.05%""}]",SPRAY,TOPICAL,NDA,NDA208079,HUMAN PRESCRIPTION DRUG,Corticosteroid Hormone Receptor Agonists [MoA];Corticosteroid [EPC],68040-714-08;68040-714-28,"1 BOTTLE, SPRAY in 1 CARTON (68040-714-08) / 10 g in 1 BOTTLE, SPRAY | 1 BOTTLE, SPRAY in 1 CARTON (68040-714-28) / 120 g in 1 BOTTLE, SPRAY",b1b3d1b0-da9b-11eb-ad76-0800200c9a66,20210628,,20271231,0
70771-1550,corticosteroid,betamethasone,betamethasone dipropionate,betamethasone dipropionate,Zydus Lifesciences Limited,BETAMETHASONE DIPROPIONATE .5 mg/g,betamethasone dipropionate 0.05%,"[{""name"":""BETAMETHASONE DIPROPIONATE"",""strength"":"".5 mg/g"",""pct"":0.05,""display"":""0.05%""}]",OINTMENT,TOPICAL,ANDA,ANDA214048,HUMAN PRESCRIPTION DRUG,Corticosteroid Hormone Receptor Agonists [MoA];Corticosteroid [EPC],70771-1550-1;70771-1550-4,1 TUBE in 1 CARTON (70771-1550-1) / 15 g in 1 TUBE | 1 TUBE in 1 CARTON (70771-1550-4) / 45 g in 1 TUBE,f531da27-2435-49a3-8992-c65240c6a7fe,20200720,,20261231,0
72578-093,corticosteroid,betamethasone,betamethasone dipropionate,betamethasone dipropionate,Viona Pharmaceuticals Inc,BETAMETHASONE DIPROPIONATE .5 mg/g,betamethasone dipropionate 0.05%,"[{""name"":""BETAMETHASONE DIPROPIONATE"",""strength"":"".5 mg/g"",""pct"":0.05,""display"":""0.05%""}]",OINTMENT,TOPICAL,ANDA,ANDA214048,HUMAN PRESCRIPTION DRUG,Corticosteroid Hormone Receptor Agonists [MoA];Corticosteroid [EPC],72578-093-01;72578-093-06,1 TUBE in 1 CARTON (72578-093-01) / 15 g in 1 TUBE | 1 TUBE in 1 CARTON (72578-093-06) / 45 g in 1 TUBE,9adfb030-17c3-46eb-bf85-a90cabafd367,20200720,,20261231,0
52817-824,corticosteroid,betamethasone,"Betamethasone Dipropionate USP, 0.05%","betamethasone dipropionate usp, 0.05%",TruPharma LLC,BETAMETHASONE DIPROPIONATE .5 mg/g,betamethasone dipropionate 0.05%,"[{""name"":""BETAMETHASONE DIPROPIONATE"",""strength"":"".5 mg/g"",""pct"":0.05,""display"":""0.05%""}]",OINTMENT,TOPICAL,ANDA,ANDA215186,HUMAN PRESCRIPTION DRUG,Corticosteroid Hormone Receptor Agonists [MoA];Corticosteroid [EPC],52817-824-15;52817-824-45,1 TUBE in 1 CARTON (52817-824-15) / 15 g in 1 TUBE | 1 TUBE in 1 CARTON (52817-824-45) / 45 g in 1 TUBE,fc34987a-e803-4ac8-8a1e-9bdadd3f8b56,20220218,,20271231,0
51672-1269,corticosteroid,betamethasone,BETAMETHASONE VALERATE,betamethasone valerate,"Sun Pharmaceutical Industries, Inc.",BETAMETHASONE VALERATE 1 mg/g,betamethasone valerate 0.1%,"[{""name"":""BETAMETHASONE VALERATE"",""strength"":""1 mg/g"",""pct"":0.1,""display"":""0.1%""}]",CREAM,TOPICAL,ANDA,ANDA072041,HUMAN PRESCRIPTION DRUG,Corticosteroid Hormone Receptor Agonists [MoA];Corticosteroid [EPC],51672-1269-1;51672-1269-6,1 TUBE in 1 CARTON (51672-1269-1) / 15 g in 1 TUBE | 1 TUBE in 1 CARTON (51672-1269-6) / 45 g in 1 TUBE,3c85be0f-2731-44f1-a18e-d3852d54846f,19880106,,20261231,0
0168-0033,corticosteroid,betamethasone,Betamethasone Valerate,betamethasone valerate,"E. Fougera & Co. a division of Fougera Pharmaceuticals, LLC",BETAMETHASONE VALERATE 1 mg/g,betamethasone valerate 0.1%,"[{""name"":""BETAMETHASONE VALERATE"",""strength"":""1 mg/g"",""pct"":0.1,""display"":""0.1%""}]",OINTMENT,TOPICAL,NDA,NDA018865,HUMAN PRESCRIPTION DRUG,Corticosteroid Hormone Receptor Agonists [MoA];Corticosteroid [EPC],0168-0033-15;0168-0033-46,15 g in 1 TUBE (0168-0033-15) | 45 g in 1 TUBE (0168-0033-46),0b386ccc-a2d4-4d18-a2d7-e46ff894c674,19830831,,20271231,0
0168-0040,corticosteroid,betamethasone,Betamethasone Valerate,betamethasone valerate,"E. Fougera & Co. a division of Fougera Pharmaceuticals, LLC",BETAMETHASONE VALERATE 1 mg/g,betamethasone valerate 0.1%,"[{""name"":""BETAMETHASONE VALERATE"",""strength"":""1 mg/g"",""pct"":0.1,""display"":""0.1%""}]",CREAM,TOPICAL,NDA,NDA018861,HUMAN PRESCRIPTION DRUG,Corticosteroid Hormone Receptor Agonists [MoA];Corticosteroid [EPC],0168-0040-15;0168-0040-46,15 g in 1 TUBE (0168-0040-15) | 45 g in 1 TUBE (0168-0040-46),0b386ccc-a2d4-4d18-a2d7-e46ff894c674,19830831,,20271231,0
0168-0041,corticosteroid,betamethasone,Betamethasone Valerate,betamethasone valerate,"E. Fougera & Co. a division of Fougera Pharmaceuticals, LLC",BETAMETHASONE VALERATE 1 mg/mL,betamethasone valerate 0.1%,"[{""name"":""BETAMETHASONE VALERATE"",""strength"":""1 mg/mL"",""pct"":0.1,""display"":""0.1%""}]",LOTION,TOPICAL,NDA,NDA018866,HUMAN PRESCRIPTION DRUG,Corticosteroid Hormone Receptor Agonists [MoA];Corticosteroid [EPC],0168-0041-60,60 mL in 1 BOTTLE (0168-0041-60),0b386ccc-a2d4-4d18-a2d7-e46ff894c674,19830831,,20271231,0
0713-0326,corticosteroid,betamethasone,Betamethasone Valerate,betamethasone valerate,"Cosette Pharmaceuticals, Inc.",BETAMETHASONE VALERATE 1.2 mg/g,betamethasone valerate 0.12%,"[{""name"":""BETAMETHASONE VALERATE"",""strength"":""1.2 mg/g"",""pct"":0.12,""display"":""0.12%""}]",CREAM,TOPICAL,NDA,NDA018642,HUMAN PRESCRIPTION DRUG,Corticosteroid Hormone Receptor Agonists [MoA];Corticosteroid [EPC],0713-0326-15;0713-0326-37,1 TUBE in 1 CARTON (0713-0326-15) / 15 g in 1 TUBE | 1 TUBE in 1 CARTON (0713-0326-37) / 45 g in 1 TUBE,784476d2-5e5c-fdba-a677-8973a777b5ef,19830324,,20261231,0
0713-0327,corticosteroid,betamethasone,Betamethasone Valerate,betamethasone valerate,"Cosette Pharmaceuticals, Inc.",BETAMETHASONE VALERATE 1.2 mg/g,betamethasone valerate 0.12%,"[{""name"":""BETAMETHASONE VALERATE"",""strength"":""1.2 mg/g"",""pct"":0.12,""display"":""0.12%""}]",OINTMENT,TOPICAL,ANDA,ANDA070069,HUMAN PRESCRIPTION DRUG,Corticosteroid Hormone Receptor Agonists [MoA];Corticosteroid [EPC],0713-0327-15;0713-0327-37,1 TUBE in 1 CARTON (0713-0327-15) / 15 g in 1 TUBE | 1 TUBE in 1 CARTON (0713-0327-37) / 45 g in 1 TUBE,784476d2-5e5c-fdba-a677-8973a777b5ef,19851219,,20261231,0
45802-053,corticosteroid,betamethasone,Betamethasone Valerate,betamethasone valerate,Padagis Israel Pharmaceuticals Ltd,BETAMETHASONE VALERATE 1.2 mg/g,betamethasone valerate 0.12%,"[{""name"":""BETAMETHASONE VALERATE"",""strength"":""1.2 mg/g"",""pct"":0.12,""display"":""0.12%""}]","AEROSOL, FOAM",TOPICAL,ANDA,ANDA078337,HUMAN PRESCRIPTION DRUG,Corticosteroid Hormone Receptor Agonists [MoA];Corticosteroid [EPC],45802-053-01;45802-053-02,1 CAN in 1 CARTON (45802-053-01) / 50 g in 1 CAN | 1 CAN in 1 CARTON (45802-053-02) / 100 g in 1 CAN,dc5dfd3e-7762-40c8-880e-c7db80d87749,20130115,,20261231,0
51672-4188,corticosteroid,betamethasone,Betamethasone Valerate,betamethasone valerate,"Sun Pharmaceutical Industries, Inc.",BETAMETHASONE VALERATE 1.2 mg/g,betamethasone valerate 0.12%,"[{""name"":""BETAMETHASONE VALERATE"",""strength"":""1.2 mg/g"",""pct"":0.12,""display"":""0.12%""}]","AEROSOL, FOAM",TOPICAL,ANDA,ANDA208204,HUMAN PRESCRIPTION DRUG,Corticosteroid Hormone Receptor Agonists [MoA];Corticosteroid [EPC],51672-4188-3;51672-4188-7,1 CAN in 1 CARTON (51672-4188-3) / 50 g in 1 CAN | 1 CAN in 1 CARTON (51672-4188-7) / 100 g in 1 CAN,7c96b978-25ff-44c2-bc9c-30ff5e34cffb,20170524,,20271231,0
46708-708,corticosteroid,betamethasone,Betamethasone valerate,betamethasone valerate,Alembic Pharmaceuticals Limited,BETAMETHASONE VALERATE 1.2 mg/g,betamethasone valerate 0.12%,"[{""name"":""BETAMETHASONE VALERATE"",""strength"":""1.2 mg/g"",""pct"":0.12,""display"":""0.12%""}]","AEROSOL, FOAM",TOPICAL,ANDA,ANDA215832,HUMAN PRESCRIPTION DRUG,Corticosteroid Hormone Receptor Agonists [MoA];Corticosteroid [EPC],46708-708-31;46708-708-50,1 CAN in 1 CARTON (46708-708-31) / 100 g in 1 CAN | 1 CAN in 1 CARTON (46708-708-50) / 50 g in 1 CAN,75d70e76-023c-4a00-954d-79a697bed80f,20240822,,20261231,0
62332-708,corticosteroid,betamethasone,Betamethasone valerate,betamethasone valerate,Alembic Pharmaceuticals Inc.,BETAMETHASONE VALERATE 1.2 mg/g,betamethasone valerate 0.12%,"[{""name"":""BETAMETHASONE VALERATE"",""strength"":""1.2 mg/g"",""pct"":0.12,""display"":""0.12%""}]","AEROSOL, FOAM",TOPICAL,ANDA,ANDA215832,HUMAN PRESCRIPTION DRUG,Corticosteroid Hormone Receptor Agonists [MoA];Corticosteroid [EPC],62332-708-31;62332-708-50,1 CAN in 1 CARTON (62332-708-31) / 100 g in 1 CAN | 1 CAN in 1 CARTON (62332-708-50) / 50 g in 1 CAN,3b6fa573-de04-4626-a39a-dca39def6df2,20240822,,20261231,0
70700-141,corticosteroid,betamethasone,Betamethasone Valerate,betamethasone valerate foam,"Xiromed, LLC.",BETAMETHASONE VALERATE 1.2 mg/g,betamethasone valerate 0.12%,"[{""name"":""BETAMETHASONE VALERATE"",""strength"":""1.2 mg/g"",""pct"":0.12,""display"":""0.12%""}]","AEROSOL, FOAM",TOPICAL,ANDA,ANDA210639,HUMAN PRESCRIPTION DRUG,Corticosteroid Hormone Receptor Agonists [MoA];Corticosteroid [EPC],70700-141-19;70700-141-20,1 CANISTER in 1 CARTON (70700-141-19) / 50 g in 1 CANISTER | 1 CANISTER in 1 CARTON (70700-141-20) / 100 g in 1 CANISTER,dee8f6d1-b0ba-3c56-f08d-eb6283b0b250,20230510,,20261231,0
87143-100,corticosteroid,betamethasone,Attero,calcipotriene and betamethasone dipropionate,"Perfero Pharma, Inc.",CALCIPOTRIENE .05 mg/g; BETAMETHASONE DIPROPIONATE .5 mg/g,calcipotriene 0.005%; betamethasone dipropionate 0.05%,"[{""name"":""CALCIPOTRIENE"",""strength"":"".05 mg/g"",""pct"":0.005,""display"":""0.005%""},{""name"":""BETAMETHASONE DIPROPIONATE"",""strength"":"".5 mg/g"",""pct"":0.05,""display"":""0.05%""}]",SOLUTION,TOPICAL,ANDA,ANDA210765,HUMAN PRESCRIPTION DRUG,Corticosteroid Hormone Receptor Agonists [MoA];Corticosteroid [EPC];Vitamin D Analog [EPC];Vitamin D [CS],87143-100-60,"1 BOTTLE, PLASTIC in 1 CARTON (87143-100-60) / 60 g in 1 BOTTLE, PLASTIC",328148a1-f32e-47a8-99ec-1614c291a450,20260601,,20271231,0
51672-1402,corticosteroid,betamethasone,Calcipotriene and Betamethasone Dipropionate,calcipotriene and betamethasone dipropionate,"Sun Pharmaceutical Industries, Inc.",CALCIPOTRIENE 50 ug/g; BETAMETHASONE DIPROPIONATE 50 mg/g,calcipotriene 0.005%; betamethasone dipropionate 5%,"[{""name"":""CALCIPOTRIENE"",""strength"":""50 ug/g"",""pct"":0.005,""display"":""0.005%""},{""name"":""BETAMETHASONE DIPROPIONATE"",""strength"":""50 mg/g"",""pct"":5.0,""display"":""5%""}]",SUSPENSION,TOPICAL,ANDA,ANDA213269,HUMAN PRESCRIPTION DRUG,Corticosteroid Hormone Receptor Agonists [MoA];Corticosteroid [EPC];Vitamin D Analog [EPC];Vitamin D [CS],51672-1402-4;51672-1402-8,1 BOTTLE in 1 CARTON (51672-1402-4) / 60 g in 1 BOTTLE | 2 BOTTLE in 1 CARTON (51672-1402-8) / 60 g in 1 BOTTLE,1d0ab2e6-1ab1-4d3e-ad55-7fa26446f191,20200902,,20261231,0
66993-938,corticosteroid,betamethasone,Calcipotriene and Betamethasone Dipropionate,calcipotriene and betamethasone dipropionate,Prasco Laboratories,CALCIPOTRIENE MONOHYDRATE 50 ug/g; BETAMETHASONE DIPROPIONATE .5 mg/g,calcipotriene monohydrate 0.005%; betamethasone dipropionate 0.05%,"[{""name"":""CALCIPOTRIENE MONOHYDRATE"",""strength"":""50 ug/g"",""pct"":0.005,""display"":""0.005%""},{""name"":""BETAMETHASONE DIPROPIONATE"",""strength"":"".5 mg/g"",""pct"":0.05,""display"":""0.05%""}]",OINTMENT,TOPICAL,NDA AUTHORIZED GENERIC,NDA021852,HUMAN PRESCRIPTION DRUG,Corticosteroid Hormone Receptor Agonists [MoA];Corticosteroid [EPC];Vitamin D Analog [EPC];Vitamin D [CS],66993-938-61;66993-938-65,1 TUBE in 1 CARTON (66993-938-61) / 60 g in 1 TUBE | 1 TUBE in 1 CARTON (66993-938-65) / 100 g in 1 TUBE,d9493e66-251c-426c-90a8-1bf1e526ab85,20200128,,20261231,0
50222-302,corticosteroid,betamethasone,ENSTILAR,calcipotriene and betamethasone dipropionate,LEO Pharma Inc.,CALCIPOTRIENE MONOHYDRATE 50 ug/g; BETAMETHASONE DIPROPIONATE .5 mg/g,calcipotriene monohydrate 0.005%; betamethasone dipropionate 0.05%,"[{""name"":""CALCIPOTRIENE MONOHYDRATE"",""strength"":""50 ug/g"",""pct"":0.005,""display"":""0.005%""},{""name"":""BETAMETHASONE DIPROPIONATE"",""strength"":"".5 mg/g"",""pct"":0.05,""display"":""0.05%""}]","AEROSOL, FOAM",TOPICAL,NDA,NDA207589,HUMAN PRESCRIPTION DRUG,Corticosteroid Hormone Receptor Agonists [MoA];Corticosteroid [EPC];Vitamin D Analog [EPC];Vitamin D [CS],50222-302-60;50222-302-66;50222-302-91,1 CAN in 1 CARTON (50222-302-60) / 60 g in 1 CAN | 2 CAN in 1 CARTON (50222-302-66) / 60 g in 1 CAN | 1 CAN in 1 CARTON (50222-302-91) / 60 g in 1 CAN,d1193df2-d53f-4342-bd9d-d9cba7c89709,20151016,,20261231,0
50222-501,corticosteroid,betamethasone,TACLONEX,calcipotriene and betamethasone dipropionate,LEO Pharma Inc.,CALCIPOTRIENE HYDRATE 50 ug/g; BETAMETHASONE DIPROPIONATE .5 mg/g,calcipotriene hydrate 0.005%; betamethasone dipropionate 0.05%,"[{""name"":""CALCIPOTRIENE HYDRATE"",""strength"":""50 ug/g"",""pct"":0.005,""display"":""0.005%""},{""name"":""BETAMETHASONE DIPROPIONATE"",""strength"":"".5 mg/g"",""pct"":0.05,""display"":""0.05%""}]",SUSPENSION,TOPICAL,NDA,NDA022185,HUMAN PRESCRIPTION DRUG,Corticosteroid Hormone Receptor Agonists [MoA];Corticosteroid [EPC];Vitamin D Analog [EPC];Vitamin D [CS],50222-501-06;50222-501-66,40 CARTON in 1 CASE (50222-501-06) / 1 BOTTLE in 1 CARTON / 60 g in 1 BOTTLE | 10 PACKAGE in 1 BOX (50222-501-66) / 2 BOTTLE in 1 PACKAGE / 60 g in 1 BOTTLE,757c914f-dd8d-43cc-a973-212d591af4af,20080601,,20261231,0
73499-001,corticosteroid,betamethasone,Wynzora,calcipotriene and betamethasone dipropionate,MC2 Therapeutics Ltd,CALCIPOTRIENE 50 ug/g; BETAMETHASONE DIPROPIONATE 64 mg/g,calcipotriene 0.005%; betamethasone dipropionate 6.4%,"[{""name"":""CALCIPOTRIENE"",""strength"":""50 ug/g"",""pct"":0.005,""display"":""0.005%""},{""name"":""BETAMETHASONE DIPROPIONATE"",""strength"":""64 mg/g"",""pct"":6.4,""display"":""6.4%""}]",CREAM,TOPICAL,NDA,NDA213422,HUMAN PRESCRIPTION DRUG,Corticosteroid Hormone Receptor Agonists [MoA];Corticosteroid [EPC];Vitamin D Analog [EPC];Vitamin D [CS],73499-001-01;73499-001-03,1 TUBE in 1 CARTON (73499-001-01) / 60 g in 1 TUBE | 10 TUBE in 1 CARTON (73499-001-03) / 5 g in 1 TUBE,36c5c818-0d40-445e-a3c0-0f46723a25e2,20210630,,20261231,0
0713-0848,corticosteroid,betamethasone,calcipotriene and betamethasone dipropionate,calcipotriene and betamethasone dipropionate,"Cosette Pharmaceuticals, Inc.",BETAMETHASONE DIPROPIONATE .5 mg/g; CALCIPOTRIENE 50 ug/g,betamethasone dipropionate 0.05%; calcipotriene 0.005%,"[{""name"":""BETAMETHASONE DIPROPIONATE"",""strength"":"".5 mg/g"",""pct"":0.05,""display"":""0.05%""},{""name"":""CALCIPOTRIENE"",""strength"":""50 ug/g"",""pct"":0.005,""display"":""0.005%""}]",SUSPENSION,TOPICAL,ANDA,ANDA210765,HUMAN PRESCRIPTION DRUG,Corticosteroid Hormone Receptor Agonists [MoA];Corticosteroid [EPC];Vitamin D Analog [EPC];Vitamin D [CS],0713-0848-60;0713-0848-92,1 BOTTLE in 1 CARTON (0713-0848-60) / 60 g in 1 BOTTLE | 2 BOTTLE in 1 CARTON (0713-0848-92) / 60 g in 1 BOTTLE,1eba330b-ce18-6b12-e063-6294a90a8763,20240802,,20261231,0
45802-816,corticosteroid,betamethasone,Calcipotriene and Betamethasone Dipropionate,"calcipotriene, betamethasone dipropionate",Padagis Israel Pharmaceuticals Ltd,CALCIPOTRIENE 50 ug/g; BETAMETHASONE DIPROPIONATE .643 mg/g,calcipotriene 0.005%; betamethasone dipropionate 0.0643%,"[{""name"":""CALCIPOTRIENE"",""strength"":""50 ug/g"",""pct"":0.005,""display"":""0.005%""},{""name"":""BETAMETHASONE DIPROPIONATE"",""strength"":"".643 mg/g"",""pct"":0.0643,""display"":""0.0643%""}]",OINTMENT,TOPICAL,ANDA,ANDA200174,HUMAN PRESCRIPTION DRUG,Corticosteroid Hormone Receptor Agonists [MoA];Corticosteroid [EPC];Vitamin D Analog [EPC];Vitamin D [CS],45802-816-01;45802-816-96,1 TUBE in 1 CARTON (45802-816-01) / 100 g in 1 TUBE | 1 TUBE in 1 CARTON (45802-816-96) / 60 g in 1 TUBE,ba55ff2b-9cfe-40dc-9dac-718cf141c171,20200130,,20261231,0
21922-061,corticosteroid,clobetasol,CLOBETASOL PROPIONATE,clobetasol propionate,"Encube Ethicals, Inc.",CLOBETASOL PROPIONATE .5 mg/mL,clobetasol propionate 0.05%,"[{""name"":""CLOBETASOL PROPIONATE"",""strength"":"".5 mg/mL"",""pct"":0.05,""display"":""0.05%""}]",SOLUTION,TOPICAL,ANDA,ANDA076977,HUMAN PRESCRIPTION DRUG,Corticosteroid Hormone Receptor Agonists [MoA];Corticosteroid [EPC],21922-061-22;21922-061-27,1 BOTTLE in 1 CARTON (21922-061-22) / 25 mL in 1 BOTTLE | 1 BOTTLE in 1 CARTON (21922-061-27) / 50 mL in 1 BOTTLE,8ad5f9b0-b50a-4d1f-a0c1-704b5b72bf65,20240610,,20271231,0
42571-362,corticosteroid,clobetasol,CLOBETASOL PROPIONATE,clobetasol propionate,Micro Labs Limited,CLOBETASOL PROPIONATE .5 mg/mL,clobetasol propionate 0.05%,"[{""name"":""CLOBETASOL PROPIONATE"",""strength"":"".5 mg/mL"",""pct"":0.05,""display"":""0.05%""}]",SOLUTION,TOPICAL,ANDA,ANDA211494,HUMAN PRESCRIPTION DRUG,Corticosteroid Hormone Receptor Agonists [MoA];Corticosteroid [EPC],42571-362-81;42571-362-99,1 BOTTLE in 1 CARTON (42571-362-81) / 25 mL in 1 BOTTLE | 1 BOTTLE in 1 CARTON (42571-362-99) / 50 mL in 1 BOTTLE,85aea21d-c4ff-4558-b416-516fa93bea1f,20191002,,20271231,0
46708-425,corticosteroid,clobetasol,CLOBETASOL PROPIONATE,clobetasol propionate,Alembic Pharmaceuticals Limited,CLOBETASOL PROPIONATE .05 g/mL,clobetasol propionate 5%,"[{""name"":""CLOBETASOL PROPIONATE"",""strength"":"".05 g/mL"",""pct"":5.0,""display"":""5%""}]",SPRAY,TOPICAL,ANDA,ANDA211191,HUMAN PRESCRIPTION DRUG,Corticosteroid Hormone Receptor Agonists [MoA];Corticosteroid [EPC],46708-425-12;46708-425-59,1 BOTTLE in 1 CARTON (46708-425-12) / 125 mL in 1 BOTTLE | 1 BOTTLE in 1 CARTON (46708-425-59) / 59 mL in 1 BOTTLE,96f20fcd-aa96-4472-807b-43094befc8a9,20250212,,20261231,0
46708-486,corticosteroid,clobetasol,CLOBETASOL PROPIONATE,clobetasol propionate,Alembic Pharmaceuticals Limited,CLOBETASOL PROPIONATE .5 mg/mL,clobetasol propionate 0.05%,"[{""name"":""CLOBETASOL PROPIONATE"",""strength"":"".5 mg/mL"",""pct"":0.05,""display"":""0.05%""}]",SOLUTION,TOPICAL,ANDA,ANDA212881,HUMAN PRESCRIPTION DRUG,Corticosteroid Hormone Receptor Agonists [MoA];Corticosteroid [EPC],46708-486-25;46708-486-50,1 BOTTLE in 1 CARTON (46708-486-25) / 25 mL in 1 BOTTLE | 1 BOTTLE in 1 CARTON (46708-486-50) / 50 mL in 1 BOTTLE,46bda1db-c2eb-461a-bcd0-dfdb6c7f542d,20250317,,20261231,0
46708-547,corticosteroid,clobetasol,CLOBETASOL PROPIONATE,clobetasol propionate,Alembic Pharmaceuticals Limited,CLOBETASOL PROPIONATE .5 mg/g,clobetasol propionate 0.05%,"[{""name"":""CLOBETASOL PROPIONATE"",""strength"":"".5 mg/g"",""pct"":0.05,""display"":""0.05%""}]",CREAM,TOPICAL,ANDA,ANDA213291,HUMAN PRESCRIPTION DRUG,Corticosteroid Hormone Receptor Agonists [MoA];Corticosteroid [EPC],46708-547-15;46708-547-30;46708-547-45;46708-547-60,1 TUBE in 1 CARTON (46708-547-15) / 15 g in 1 TUBE | 1 TUBE in 1 CARTON (46708-547-30) / 30 g in 1 TUBE | 1 TUBE in 1 CARTON (46708-547-45) / 45 g in 1 TUBE | 1 TUBE in 1 CARTON (46708-547-60) / 60 g in 1 TUBE,a4f74fc7-d2f6-4cf2-9cc5-60078bde55a7,20250326,,20261231,0
46708-548,corticosteroid,clobetasol,CLOBETASOL PROPIONATE,clobetasol propionate,Alembic Pharmaceuticals Limited,CLOBETASOL PROPIONATE .05 g/100mL,clobetasol propionate 0.05%,"[{""name"":""CLOBETASOL PROPIONATE"",""strength"":"".05 g/100mL"",""pct"":0.05,""display"":""0.05%""}]",SHAMPOO,TOPICAL,ANDA,ANDA213290,HUMAN PRESCRIPTION DRUG,Corticosteroid Hormone Receptor Agonists [MoA];Corticosteroid [EPC],46708-548-04,1 BOTTLE in 1 CARTON (46708-548-04) / 118 mL in 1 BOTTLE,2b7f0643-679c-4586-a3a0-31eae4a36f19,20250318,,20261231,0
46708-707,corticosteroid,clobetasol,CLOBETASOL PROPIONATE,clobetasol propionate,Alembic Pharmaceuticals Limited,CLOBETASOL PROPIONATE .5 mg/g,clobetasol propionate 0.05%,"[{""name"":""CLOBETASOL PROPIONATE"",""strength"":"".5 mg/g"",""pct"":0.05,""display"":""0.05%""}]","AEROSOL, FOAM",TOPICAL,ANDA,ANDA215838,HUMAN PRESCRIPTION DRUG,Corticosteroid Hormone Receptor Agonists [MoA];Corticosteroid [EPC],46708-707-31;46708-707-50,1 CAN in 1 CARTON (46708-707-31) / 100 g in 1 CAN | 1 CAN in 1 CARTON (46708-707-50) / 50 g in 1 CAN,6fc0d1ac-f357-4038-8004-263bfaed4eaf,20250425,,20261231,0
51407-737,corticosteroid,clobetasol,CLOBETASOL PROPIONATE,clobetasol propionate,"Golden State Medical Supply, Inc.",CLOBETASOL PROPIONATE .5 mg/mL,clobetasol propionate 0.05%,"[{""name"":""CLOBETASOL PROPIONATE"",""strength"":"".5 mg/mL"",""pct"":0.05,""display"":""0.05%""}]",SOLUTION,TOPICAL,ANDA,ANDA211494,HUMAN PRESCRIPTION DRUG,Corticosteroid Hormone Receptor Agonists [MoA];Corticosteroid [EPC],51407-737-25;51407-737-50,1 BOTTLE in 1 CARTON (51407-737-25) / 25 mL in 1 BOTTLE | 1 BOTTLE in 1 CARTON (51407-737-50) / 50 mL in 1 BOTTLE,04180cdf-c63a-d524-e063-6394a90a2d06,20191002,,20271231,0
59651-732,corticosteroid,clobetasol,CLOBETASOL PROPIONATE,clobetasol propionate,Aurobindo Pharma Limited,CLOBETASOL PROPIONATE .5 mg/g,clobetasol propionate 0.05%,"[{""name"":""CLOBETASOL PROPIONATE"",""strength"":"".5 mg/g"",""pct"":0.05,""display"":""0.05%""}]",OINTMENT,TOPICAL,ANDA,ANDA075057,HUMAN PRESCRIPTION DRUG,Corticosteroid Hormone Receptor Agonists [MoA];Corticosteroid [EPC],59651-732-14;59651-732-30;59651-732-46;59651-732-60,1 TUBE in 1 CARTON (59651-732-14) / 15 g in 1 TUBE | 1 TUBE in 1 CARTON (59651-732-30) / 30 g in 1 TUBE | 1 TUBE in 1 CARTON (59651-732-46) / 45 g in 1 TUBE | 1 TUBE in 1 CARTON (59651-732-60) / 60 g in 1 TUBE,e238bf90-f5fd-446d-9799-e8f8fed2f0a9,20230928,,20261231,0
62332-425,corticosteroid,clobetasol,CLOBETASOL PROPIONATE,clobetasol propionate,Alembic Pharmaceuticals Inc.,CLOBETASOL PROPIONATE .05 g/mL,clobetasol propionate 5%,"[{""name"":""CLOBETASOL PROPIONATE"",""strength"":"".05 g/mL"",""pct"":5.0,""display"":""5%""}]",SPRAY,TOPICAL,ANDA,ANDA211191,HUMAN PRESCRIPTION DRUG,Corticosteroid Hormone Receptor Agonists [MoA];Corticosteroid [EPC],62332-425-12;62332-425-59,1 BOTTLE in 1 CARTON (62332-425-12) / 125 mL in 1 BOTTLE | 1 BOTTLE in 1 CARTON (62332-425-59) / 59 mL in 1 BOTTLE,a83d212b-a970-4ee7-8431-fead6b2e7f9d,20201130,,20271231,0
62332-486,corticosteroid,clobetasol,CLOBETASOL PROPIONATE,clobetasol propionate,Alembic Pharmaceuticals Inc.,CLOBETASOL PROPIONATE .5 mg/mL,clobetasol propionate 0.05%,"[{""name"":""CLOBETASOL PROPIONATE"",""strength"":"".5 mg/mL"",""pct"":0.05,""display"":""0.05%""}]",SOLUTION,TOPICAL,ANDA,ANDA212881,HUMAN PRESCRIPTION DRUG,Corticosteroid Hormone Receptor Agonists [MoA];Corticosteroid [EPC],62332-486-25;62332-486-50,1 BOTTLE in 1 CARTON (62332-486-25) / 25 mL in 1 BOTTLE | 1 BOTTLE in 1 CARTON (62332-486-50) / 50 mL in 1 BOTTLE,a75cac17-c0d1-403a-8a63-80b2d43e3169,20191024,,20261231,0
62332-547,corticosteroid,clobetasol,CLOBETASOL PROPIONATE,clobetasol propionate,Alembic Pharmaceuticals Inc.,CLOBETASOL PROPIONATE .5 mg/g,clobetasol propionate 0.05%,"[{""name"":""CLOBETASOL PROPIONATE"",""strength"":"".5 mg/g"",""pct"":0.05,""display"":""0.05%""}]",CREAM,TOPICAL,ANDA,ANDA213291,HUMAN PRESCRIPTION DRUG,Corticosteroid Hormone Receptor Agonists [MoA];Corticosteroid [EPC],62332-547-15;62332-547-30;62332-547-45;62332-547-60,1 TUBE in 1 CARTON (62332-547-15) / 15 g in 1 TUBE | 1 TUBE in 1 CARTON (62332-547-30) / 30 g in 1 TUBE | 1 TUBE in 1 CARTON (62332-547-45) / 45 g in 1 TUBE | 1 TUBE in 1 CARTON (62332-547-60) / 60 g in 1 TUBE,0ccf8ddd-5fd8-48c7-97c9-5450a39c1bcb,20200131,,20261231,0
62332-548,corticosteroid,clobetasol,CLOBETASOL PROPIONATE,clobetasol propionate,Alembic Pharmaceuticals Inc.,CLOBETASOL PROPIONATE .05 g/100mL,clobetasol propionate 0.05%,"[{""name"":""CLOBETASOL PROPIONATE"",""strength"":"".05 g/100mL"",""pct"":0.05,""display"":""0.05%""}]",SHAMPOO,TOPICAL,ANDA,ANDA213290,HUMAN PRESCRIPTION DRUG,Corticosteroid Hormone Receptor Agonists [MoA];Corticosteroid [EPC],62332-548-04,1 BOTTLE in 1 CARTON (62332-548-04) / 118 mL in 1 BOTTLE,91e7bf57-d236-4b9b-8241-e71e5e93617a,20200526,,20271231,0
62332-707,corticosteroid,clobetasol,CLOBETASOL PROPIONATE,clobetasol propionate,Alembic Pharmaceuticals Inc.,CLOBETASOL PROPIONATE .5 mg/g,clobetasol propionate 0.05%,"[{""name"":""CLOBETASOL PROPIONATE"",""strength"":"".5 mg/g"",""pct"":0.05,""display"":""0.05%""}]","AEROSOL, FOAM",TOPICAL,ANDA,ANDA215838,HUMAN PRESCRIPTION DRUG,Corticosteroid Hormone Receptor Agonists [MoA];Corticosteroid [EPC],62332-707-31;62332-707-50,1 CAN in 1 CARTON (62332-707-31) / 100 g in 1 CAN | 1 CAN in 1 CARTON (62332-707-50) / 50 g in 1 CAN,0d5ca826-d200-42d8-b9c7-d05ecabb6ab2,20220421,,20261231,0
68462-480,corticosteroid,clobetasol,CLOBETASOL PROPIONATE,clobetasol propionate,"Glenmark Pharmaceuticals Inc., USA",CLOBETASOL PROPIONATE .05 g/mL,clobetasol propionate 5%,"[{""name"":""CLOBETASOL PROPIONATE"",""strength"":"".05 g/mL"",""pct"":5.0,""display"":""5%""}]",SPRAY,TOPICAL,ANDA,ANDA209004,HUMAN PRESCRIPTION DRUG,Corticosteroid Hormone Receptor Agonists [MoA];Corticosteroid [EPC],68462-480-39;68462-480-56,1 BOTTLE in 1 CARTON (68462-480-39) / 59 mL in 1 BOTTLE | 1 BOTTLE in 1 CARTON (68462-480-56) / 125 mL in 1 BOTTLE,dfc58f73-e892-4fc3-8726-4e8d1546ebd3,20180326,,20261231,0
68462-532,corticosteroid,clobetasol,CLOBETASOL PROPIONATE,clobetasol propionate,"Glenmark Pharmaceuticals Inc., USA",CLOBETASOL PROPIONATE .5 mg/mL,clobetasol propionate 0.05%,"[{""name"":""CLOBETASOL PROPIONATE"",""strength"":"".5 mg/mL"",""pct"":0.05,""display"":""0.05%""}]",SOLUTION,TOPICAL,ANDA,ANDA210190,HUMAN PRESCRIPTION DRUG,Corticosteroid Hormone Receptor Agonists [MoA];Corticosteroid [EPC],68462-532-28;68462-532-53,1 BOTTLE in 1 CARTON (68462-532-28) / 25 mL in 1 BOTTLE | 1 BOTTLE in 1 CARTON (68462-532-53) / 50 mL in 1 BOTTLE,e37dd885-889a-4bfd-9813-bb7b9b96cee1,20180418,,20261231,0
70710-1401,corticosteroid,clobetasol,CLOBETASOL PROPIONATE,clobetasol propionate,Zydus Pharmaceuticals USA Inc.,CLOBETASOL PROPIONATE .5 mg/g,clobetasol propionate 0.05%,"[{""name"":""CLOBETASOL PROPIONATE"",""strength"":"".5 mg/g"",""pct"":0.05,""display"":""0.05%""}]",OINTMENT,TOPICAL,ANDA,ANDA210199,HUMAN PRESCRIPTION DRUG,Corticosteroid Hormone Receptor Agonists [MoA];Corticosteroid [EPC],70710-1401-1;70710-1401-2;70710-1401-3;70710-1401-4,1 TUBE in 1 CARTON (70710-1401-1) / 15 g in 1 TUBE | 1 TUBE in 1 CARTON (70710-1401-2) / 30 g in 1 TUBE | 1 TUBE in 1 CARTON (70710-1401-3) / 60 g in 1 TUBE | 1 TUBE in 1 CARTON (70710-1401-4) / 45 g in 1 TUBE,98a25409-e84e-452b-8dc5-ad87842398e1,20180322,,20261231,0
70752-153,corticosteroid,clobetasol,CLOBETASOL PROPIONATE,clobetasol propionate,Quagen Pharmaceuticals LLC,CLOBETASOL PROPIONATE .5 mg/mL,clobetasol propionate 0.05%,"[{""name"":""CLOBETASOL PROPIONATE"",""strength"":"".5 mg/mL"",""pct"":0.05,""display"":""0.05%""}]",SOLUTION,TOPICAL,ANDA,ANDA211240,HUMAN PRESCRIPTION DRUG,Corticosteroid Hormone Receptor Agonists [MoA];Corticosteroid [EPC],70752-153-04;70752-153-20,1 BOTTLE in 1 CARTON (70752-153-04) / 50 mL in 1 BOTTLE | 1 BOTTLE in 1 CARTON (70752-153-20) / 25 mL in 1 BOTTLE,5f6d2a57-92c9-4568-83d1-524de42182b4,20220314,,20261231,0
70771-1209,corticosteroid,clobetasol,CLOBETASOL PROPIONATE,clobetasol propionate,Zydus Lifesciences Limited,CLOBETASOL PROPIONATE .5 mg/g,clobetasol propionate 0.05%,"[{""name"":""CLOBETASOL PROPIONATE"",""strength"":"".5 mg/g"",""pct"":0.05,""display"":""0.05%""}]",OINTMENT,TOPICAL,ANDA,ANDA210199,HUMAN PRESCRIPTION DRUG,Corticosteroid Hormone Receptor Agonists [MoA];Corticosteroid [EPC],70771-1209-1;70771-1209-2;70771-1209-3;70771-1209-4,1 TUBE in 1 CARTON (70771-1209-1) / 15 g in 1 TUBE | 1 TUBE in 1 CARTON (70771-1209-2) / 30 g in 1 TUBE | 1 TUBE in 1 CARTON (70771-1209-3) / 60 g in 1 TUBE | 1 TUBE in 1 CARTON (70771-1209-4) / 45 g in 1 TUBE,30f4c173-189d-4b29-8d7d-e82e5c0743cf,20180322,,20261231,0
0168-0162,corticosteroid,clobetasol,Clobetasol Propionate,clobetasol propionate,E. Fougera & Co. a division of Fougera Pharmaceuticals Inc.,CLOBETASOL PROPIONATE .5 mg/g,clobetasol propionate 0.05%,"[{""name"":""CLOBETASOL PROPIONATE"",""strength"":"".5 mg/g"",""pct"":0.05,""display"":""0.05%""}]",OINTMENT,TOPICAL,ANDA,ANDA074407,HUMAN PRESCRIPTION DRUG,Corticosteroid Hormone Receptor Agonists [MoA];Corticosteroid [EPC],0168-0162-15;0168-0162-30;0168-0162-46;0168-0162-60,15 g in 1 TUBE (0168-0162-15) | 30 g in 1 TUBE (0168-0162-30) | 45 g in 1 TUBE (0168-0162-46) | 60 g in 1 TUBE (0168-0162-60),2d4fa3a3-dc1c-4d3c-9959-4751e09d25be,19960223,,20261231,0
0168-0163,corticosteroid,clobetasol,Clobetasol Propionate,clobetasol propionate,E. Fougera & Co. a division of Fougera Pharmaceuticals Inc.,CLOBETASOL PROPIONATE .5 mg/g,clobetasol propionate 0.05%,"[{""name"":""CLOBETASOL PROPIONATE"",""strength"":"".5 mg/g"",""pct"":0.05,""display"":""0.05%""}]",CREAM,TOPICAL,ANDA,ANDA074392,HUMAN PRESCRIPTION DRUG,Corticosteroid Hormone Receptor Agonists [MoA];Corticosteroid [EPC],0168-0163-15;0168-0163-30;0168-0163-46;0168-0163-60,15 g in 1 TUBE (0168-0163-15) | 30 g in 1 TUBE (0168-0163-30) | 45 g in 1 TUBE (0168-0163-46) | 60 g in 1 TUBE (0168-0163-60),2d4fa3a3-dc1c-4d3c-9959-4751e09d25be,19960930,,20261231,0
0168-0269,corticosteroid,clobetasol,Clobetasol Propionate,clobetasol propionate,"E. Fougera & Co. a division of Fougera Pharmaceuticals, LLC",CLOBETASOL PROPIONATE .5 mg/mL,clobetasol propionate 0.05%,"[{""name"":""CLOBETASOL PROPIONATE"",""strength"":"".5 mg/mL"",""pct"":0.05,""display"":""0.05%""}]",SOLUTION,TOPICAL,ANDA,ANDA075391,HUMAN PRESCRIPTION DRUG,Corticosteroid Hormone Receptor Agonists [MoA];Corticosteroid [EPC],0168-0269-50,"50 mL in 1 BOTTLE, PLASTIC (0168-0269-50)",736325f3-a369-4d70-b608-3d6ba37b6a6b,19990208,,20271231,0
0168-0293,corticosteroid,clobetasol,Clobetasol Propionate,clobetasol propionate,E. Fougera & Co. a division of Fougera Pharmaceuticals Inc.,CLOBETASOL PROPIONATE .5 mg/g,clobetasol propionate 0.05%,"[{""name"":""CLOBETASOL PROPIONATE"",""strength"":"".5 mg/g"",""pct"":0.05,""display"":""0.05%""}]",GEL,TOPICAL,ANDA,ANDA075368,HUMAN PRESCRIPTION DRUG,Corticosteroid Hormone Receptor Agonists [MoA];Corticosteroid [EPC],0168-0293-15;0168-0293-30;0168-0293-60,15 g in 1 TUBE (0168-0293-15) | 30 g in 1 TUBE (0168-0293-30) | 60 g in 1 TUBE (0168-0293-60),2d4fa3a3-dc1c-4d3c-9959-4751e09d25be,20000215,,20261231,0
0472-0404,corticosteroid,clobetasol,Clobetasol Propionate,clobetasol propionate,"Actavis Pharma, Inc.",CLOBETASOL PROPIONATE .05 g/100mL,clobetasol propionate 0.05%,"[{""name"":""CLOBETASOL PROPIONATE"",""strength"":"".05 g/100mL"",""pct"":0.05,""display"":""0.05%""}]",LOTION,TOPICAL,ANDA,ANDA078223,HUMAN PRESCRIPTION DRUG,Corticosteroid Hormone Receptor Agonists [MoA];Corticosteroid [EPC],0472-0404-92;0472-0404-94,1 BOTTLE in 1 CARTON (0472-0404-92) / 59 mL in 1 BOTTLE | 1 BOTTLE in 1 CARTON (0472-0404-94) / 118 mL in 1 BOTTLE,afd20e23-b7a6-46ca-bd8d-b7af9ff84201,20120102,,20261231,0
0713-0656,corticosteroid,clobetasol,Clobetasol Propionate,clobetasol propionate,"Cosette Pharmaceuticals, Inc.",CLOBETASOL PROPIONATE .5 mg/g,clobetasol propionate 0.05%,"[{""name"":""CLOBETASOL PROPIONATE"",""strength"":"".5 mg/g"",""pct"":0.05,""display"":""0.05%""}]",OINTMENT,TOPICAL,ANDA,ANDA074089,HUMAN PRESCRIPTION DRUG,Corticosteroid Hormone Receptor Agonists [MoA];Corticosteroid [EPC],0713-0656-15;0713-0656-31;0713-0656-37;0713-0656-60,1 TUBE in 1 CARTON (0713-0656-15) / 15 g in 1 TUBE | 1 TUBE in 1 CARTON (0713-0656-31) / 30 g in 1 TUBE | 1 TUBE in 1 CARTON (0713-0656-37) / 45 g in 1 TUBE | 1 TUBE in 1 CARTON (0713-0656-60) / 60 g in 1 TUBE,807d6a1a-4eca-9cf4-f514-bb1cd7b10d0f,20160104,,20261231,0
13668-569,corticosteroid,clobetasol,Clobetasol Propionate,clobetasol propionate,Torrent Pharmaceuticals Limited,CLOBETASOL PROPIONATE .5 mg/g,clobetasol propionate 0.05%,"[{""name"":""CLOBETASOL PROPIONATE"",""strength"":"".5 mg/g"",""pct"":0.05,""display"":""0.05%""}]",CREAM,TOPICAL,ANDA,ANDA211836,HUMAN PRESCRIPTION DRUG,Corticosteroid Hormone Receptor Agonists [MoA];Corticosteroid [EPC],13668-569-01;13668-569-02;13668-569-04;13668-569-05,15 g in 1 TUBE (13668-569-01) | 30 g in 1 TUBE (13668-569-02) | 45 g in 1 TUBE (13668-569-04) | 60 g in 1 TUBE (13668-569-05),6f930298-e410-4bfb-8c3f-456a1f55f4a9,20241215,,20271231,0
16714-030,corticosteroid,clobetasol,Clobetasol Propionate,clobetasol propionate,NORTHSTAR RX LLC,CLOBETASOL PROPIONATE .05 g/100mL,clobetasol propionate 0.05%,"[{""name"":""CLOBETASOL PROPIONATE"",""strength"":"".05 g/100mL"",""pct"":0.05,""display"":""0.05%""}]",SHAMPOO,TOPICAL,ANDA,ANDA214867,HUMAN PRESCRIPTION DRUG,Corticosteroid Hormone Receptor Agonists [MoA];Corticosteroid [EPC],16714-030-01,1 BOTTLE in 1 CARTON (16714-030-01) / 118 mL in 1 BOTTLE,72c90da7-5f6a-4b8d-875d-f07ceeec295e,20210328,,20261231,0
16714-782,corticosteroid,clobetasol,Clobetasol Propionate,clobetasol propionate,Northstar Rx LLC,CLOBETASOL PROPIONATE .5 mg/g,clobetasol propionate 0.05%,"[{""name"":""CLOBETASOL PROPIONATE"",""strength"":"".5 mg/g"",""pct"":0.05,""display"":""0.05%""}]",OINTMENT,TOPICAL,ANDA,ANDA208933,HUMAN PRESCRIPTION DRUG,Corticosteroid Hormone Receptor Agonists [MoA];Corticosteroid [EPC],,,0d0e8e82-2b57-4cc0-a46b-bd08fb581deb,20180501,,20261231,0
33342-321,corticosteroid,clobetasol,Clobetasol Propionate,clobetasol propionate,Macleods Pharmaceuticals Limited,CLOBETASOL PROPIONATE .4625 mg/mL,clobetasol propionate 0.0462%,"[{""name"":""CLOBETASOL PROPIONATE"",""strength"":"".4625 mg/mL"",""pct"":0.0462,""display"":""0.0462%""}]",SOLUTION,TOPICAL,ANDA,ANDA209361,HUMAN PRESCRIPTION DRUG,Corticosteroid Hormone Receptor Agonists [MoA];Corticosteroid [EPC],33342-321-39;33342-321-86,1 BOTTLE in 1 CARTON (33342-321-39) / 25 mL in 1 BOTTLE | 1 BOTTLE in 1 CARTON (33342-321-86) / 50 mL in 1 BOTTLE,5ad9c808-6095-4d86-b140-e0f6d4079a3a,20171104,,20261231,0
33342-326,corticosteroid,clobetasol,Clobetasol Propionate,clobetasol propionate,Macleods Pharmaceuticals Limited,CLOBETASOL PROPIONATE .5 mg/mL,clobetasol propionate 0.05%,"[{""name"":""CLOBETASOL PROPIONATE"",""strength"":"".5 mg/mL"",""pct"":0.05,""display"":""0.05%""}]",SPRAY,TOPICAL,ANDA,ANDA214345,HUMAN PRESCRIPTION DRUG,Corticosteroid Hormone Receptor Agonists [MoA];Corticosteroid [EPC],33342-326-87;33342-326-88,"1 BOTTLE, PUMP in 1 CARTON (33342-326-87) / 59 mL in 1 BOTTLE, PUMP | 1 BOTTLE, PUMP in 1 CARTON (33342-326-88) / 125 mL in 1 BOTTLE, PUMP",44ced6ce-fa10-426d-a498-a13b8b34f49a,20241203,,20261231,0
42291-076,corticosteroid,clobetasol,Clobetasol Propionate,clobetasol propionate,AvKARE,CLOBETASOL PROPIONATE .5 mg/g,clobetasol propionate 0.05%,"[{""name"":""CLOBETASOL PROPIONATE"",""strength"":"".5 mg/g"",""pct"":0.05,""display"":""0.05%""}]",CREAM,TOPICAL,ANDA,ANDA211256,HUMAN PRESCRIPTION DRUG,Corticosteroid Hormone Receptor Agonists [MoA];Corticosteroid [EPC],42291-076-15;42291-076-30;42291-076-60,1 TUBE in 1 CARTON (42291-076-15) / 15 g in 1 TUBE | 1 TUBE in 1 CARTON (42291-076-30) / 30 g in 1 TUBE | 1 TUBE in 1 CARTON (42291-076-60) / 60 g in 1 TUBE,a86241e0-3187-e468-e053-2995a90a1ae5,20200618,,20271231,0
42291-077,corticosteroid,clobetasol,Clobetasol Propionate,clobetasol propionate,AvKARE,CLOBETASOL PROPIONATE .5 mg/g,clobetasol propionate 0.05%,"[{""name"":""CLOBETASOL PROPIONATE"",""strength"":"".5 mg/g"",""pct"":0.05,""display"":""0.05%""}]",OINTMENT,TOPICAL,ANDA,ANDA209701,HUMAN PRESCRIPTION DRUG,Corticosteroid Hormone Receptor Agonists [MoA];Corticosteroid [EPC],42291-077-15;42291-077-30;42291-077-45;42291-077-60,1 TUBE in 1 CARTON (42291-077-15) / 15 g in 1 TUBE | 1 TUBE in 1 CARTON (42291-077-30) / 30 g in 1 TUBE | 1 TUBE in 1 CARTON (42291-077-45) / 45 g in 1 TUBE | 1 TUBE in 1 CARTON (42291-077-60) / 60 g in 1 TUBE,a862de41-1500-9136-e053-2a95a90a6080,20200618,,20261231,0
45802-437,corticosteroid,clobetasol,Clobetasol Propionate,clobetasol propionate,Padagis Israel Pharmaceuticals Ltd,CLOBETASOL PROPIONATE .5 mg/g,clobetasol propionate 0.05%,"[{""name"":""CLOBETASOL PROPIONATE"",""strength"":"".5 mg/g"",""pct"":0.05,""display"":""0.05%""}]","AEROSOL, FOAM",TOPICAL,ANDA,ANDA077763,HUMAN PRESCRIPTION DRUG,Corticosteroid Hormone Receptor Agonists [MoA];Corticosteroid [EPC],45802-437-32;45802-437-33,1 CAN in 1 CARTON (45802-437-32) / 50 g in 1 CAN | 1 CAN in 1 CARTON (45802-437-33) / 100 g in 1 CAN,3f75880b-9ead-4c6e-b999-3bd7e1643ce5,20080320,,20261231,0
45802-925,corticosteroid,clobetasol,Clobetasol Propionate,clobetasol propionate,Padagis Israel Pharmaceuticals Ltd,CLOBETASOL PROPIONATE .5 mg/g,clobetasol propionate 0.05%,"[{""name"":""CLOBETASOL PROPIONATE"",""strength"":"".5 mg/g"",""pct"":0.05,""display"":""0.05%""}]",GEL,TOPICAL,ANDA,ANDA075027,HUMAN PRESCRIPTION DRUG,Corticosteroid Hormone Receptor Agonists [MoA];Corticosteroid [EPC],45802-925-14;45802-925-94;45802-925-96,1 TUBE in 1 CARTON (45802-925-14) / 15 g in 1 TUBE | 1 TUBE in 1 CARTON (45802-925-94) / 30 g in 1 TUBE | 1 TUBE in 1 CARTON (45802-925-96) / 60 g in 1 TUBE,f9df643a-015d-4101-ac8f-c1e05b052df5,20080730,,20261231,0
46708-465,corticosteroid,clobetasol,Clobetasol Propionate,clobetasol propionate,Alembic Pharmaceuticals Limited,CLOBETASOL PROPIONATE .5 mg/g,clobetasol propionate 0.05%,"[{""name"":""CLOBETASOL PROPIONATE"",""strength"":"".5 mg/g"",""pct"":0.05,""display"":""0.05%""}]",OINTMENT,TOPICAL,ANDA,ANDA211800,HUMAN PRESCRIPTION DRUG,Corticosteroid Hormone Receptor Agonists [MoA];Corticosteroid [EPC],46708-465-15;46708-465-30;46708-465-45;46708-465-60,1 TUBE in 1 CARTON (46708-465-15) / 15 g in 1 TUBE | 1 TUBE in 1 CARTON (46708-465-30) / 30 g in 1 TUBE | 1 TUBE in 1 CARTON (46708-465-45) / 45 g in 1 TUBE | 1 TUBE in 1 CARTON (46708-465-60) / 60 g in 1 TUBE,1a4331e1-5c79-44c3-a691-4b808a3bde97,20250212,,20261231,0
51672-1258,corticosteroid,clobetasol,Clobetasol Propionate,clobetasol propionate,"Sun Pharmaceutical Industries, Inc.",CLOBETASOL PROPIONATE .5 mg/g,clobetasol propionate 0.05%,"[{""name"":""CLOBETASOL PROPIONATE"",""strength"":"".5 mg/g"",""pct"":0.05,""display"":""0.05%""}]",CREAM,TOPICAL,ANDA,ANDA074249,HUMAN PRESCRIPTION DRUG,Corticosteroid Hormone Receptor Agonists [MoA];Corticosteroid [EPC],51672-1258-1;51672-1258-2;51672-1258-3;51672-1258-6,1 TUBE in 1 CARTON (51672-1258-1) / 15 g in 1 TUBE | 1 TUBE in 1 CARTON (51672-1258-2) / 30 g in 1 TUBE | 1 TUBE in 1 CARTON (51672-1258-3) / 60 g in 1 TUBE | 1 TUBE in 1 CARTON (51672-1258-6) / 45 g in 1 TUBE,4a761afb-a48a-4a5a-8700-ad93601a260f,19960708,,20271231,0
51672-1259,corticosteroid,clobetasol,Clobetasol Propionate,clobetasol propionate,"Sun Pharmaceutical Industries, Inc.",CLOBETASOL PROPIONATE .5 mg/g,clobetasol propionate 0.05%,"[{""name"":""CLOBETASOL PROPIONATE"",""strength"":"".5 mg/g"",""pct"":0.05,""display"":""0.05%""}]",OINTMENT,TOPICAL,ANDA,ANDA074248,HUMAN PRESCRIPTION DRUG,Corticosteroid Hormone Receptor Agonists [MoA];Corticosteroid [EPC],51672-1259-1;51672-1259-2;51672-1259-3;51672-1259-6,1 TUBE in 1 CARTON (51672-1259-1) / 15 g in 1 TUBE | 1 TUBE in 1 CARTON (51672-1259-2) / 30 g in 1 TUBE | 1 TUBE in 1 CARTON (51672-1259-3) / 60 g in 1 TUBE | 1 TUBE in 1 CARTON (51672-1259-6) / 45 g in 1 TUBE,4a761afb-a48a-4a5a-8700-ad93601a260f,19960712,,20271231,0
51672-1293,corticosteroid,clobetasol,Clobetasol Propionate,clobetasol propionate,"Sun Pharmaceutical Industries, Inc.",CLOBETASOL PROPIONATE .5 mg/mL,clobetasol propionate 0.05%,"[{""name"":""CLOBETASOL PROPIONATE"",""strength"":"".5 mg/mL"",""pct"":0.05,""display"":""0.05%""}]",SOLUTION,TOPICAL,ANDA,ANDA075224,HUMAN PRESCRIPTION DRUG,Corticosteroid Hormone Receptor Agonists [MoA];Corticosteroid [EPC],51672-1293-2;51672-1293-3,"1 BOTTLE, PLASTIC in 1 CARTON (51672-1293-2) / 25 mL in 1 BOTTLE, PLASTIC | 1 BOTTLE, PLASTIC in 1 CARTON (51672-1293-3) / 50 mL in 1 BOTTLE, PLASTIC",f5ea346b-f507-4224-88a6-4c891c4b1ad5,19981116,,20261231,0
51672-1294,corticosteroid,clobetasol,Clobetasol Propionate,clobetasol propionate,"Sun Pharmaceutical Industries, Inc.",CLOBETASOL PROPIONATE .5 mg/g,clobetasol propionate 0.05%,"[{""name"":""CLOBETASOL PROPIONATE"",""strength"":"".5 mg/g"",""pct"":0.05,""display"":""0.05%""}]",GEL,TOPICAL,ANDA,ANDA075279,HUMAN PRESCRIPTION DRUG,Corticosteroid Hormone Receptor Agonists [MoA];Corticosteroid [EPC],51672-1294-1;51672-1294-2;51672-1294-3,1 TUBE in 1 CARTON (51672-1294-1) / 15 g in 1 TUBE | 1 TUBE in 1 CARTON (51672-1294-2) / 30 g in 1 TUBE | 1 TUBE in 1 CARTON (51672-1294-3) / 60 g in 1 TUBE,4a761afb-a48a-4a5a-8700-ad93601a260f,19990528,,20271231,0
51672-1297,corticosteroid,clobetasol,Clobetasol Propionate,clobetasol propionate,"Sun Pharmaceutical Industries, Inc.",CLOBETASOL PROPIONATE .5 mg/g,clobetasol propionate 0.05%,"[{""name"":""CLOBETASOL PROPIONATE"",""strength"":"".5 mg/g"",""pct"":0.05,""display"":""0.05%""}]",CREAM,TOPICAL,ANDA,ANDA075633,HUMAN PRESCRIPTION DRUG,Corticosteroid Hormone Receptor Agonists [MoA];Corticosteroid [EPC],51672-1297-1;51672-1297-2;51672-1297-3,1 TUBE in 1 CARTON (51672-1297-1) / 15 g in 1 TUBE | 1 TUBE in 1 CARTON (51672-1297-2) / 30 g in 1 TUBE | 1 TUBE in 1 CARTON (51672-1297-3) / 60 g in 1 TUBE,91571297-03ad-441e-8ec6-f78c21fbe5e8,20000517,,20261231,0
51672-1347,corticosteroid,clobetasol,Clobetasol Propionate,clobetasol propionate,"Sun Pharmaceutical Industries, Inc.",CLOBETASOL PROPIONATE .05 g/100mL,clobetasol propionate 0.05%,"[{""name"":""CLOBETASOL PROPIONATE"",""strength"":"".05 g/100mL"",""pct"":0.05,""display"":""0.05%""}]",SHAMPOO,TOPICAL,ANDA,ANDA214867,HUMAN PRESCRIPTION DRUG,Corticosteroid Hormone Receptor Agonists [MoA];Corticosteroid [EPC],51672-1347-8,1 BOTTLE in 1 CARTON (51672-1347-8) / 118 mL in 1 BOTTLE,04d7d65b-d7ed-4223-abab-5d0aed36a155,20210325,,20261231,0
51672-1350,corticosteroid,clobetasol,Clobetasol Propionate,clobetasol propionate,"Sun Pharmaceutical Industries, Inc.",CLOBETASOL PROPIONATE .5 mg/mL,clobetasol propionate 0.05%,"[{""name"":""CLOBETASOL PROPIONATE"",""strength"":"".5 mg/mL"",""pct"":0.05,""display"":""0.05%""}]",LOTION,TOPICAL,ANDA,ANDA200302,HUMAN PRESCRIPTION DRUG,Corticosteroid Hormone Receptor Agonists [MoA];Corticosteroid [EPC],51672-1350-4;51672-1350-8,1 BOTTLE in 1 CARTON (51672-1350-4) / 59 mL in 1 BOTTLE | 1 BOTTLE in 1 CARTON (51672-1350-8) / 118 mL in 1 BOTTLE,d4c73fb0-9675-4c41-a8bd-dd4cb2db1169,20120702,,20261231,0
51672-1371,corticosteroid,clobetasol,Clobetasol Propionate,clobetasol propionate,"Sun Pharmaceutical Industries, Inc.",CLOBETASOL PROPIONATE .05 g/mL,clobetasol propionate 5%,"[{""name"":""CLOBETASOL PROPIONATE"",""strength"":"".05 g/mL"",""pct"":5.0,""display"":""5%""}]",SPRAY,TOPICAL,ANDA,ANDA208842,HUMAN PRESCRIPTION DRUG,Corticosteroid Hormone Receptor Agonists [MoA];Corticosteroid [EPC],51672-1371-4;51672-1371-8,"1 BOTTLE, PUMP in 1 CARTON (51672-1371-4) / 59 mL in 1 BOTTLE, PUMP | 1 BOTTLE, PUMP in 1 CARTON (51672-1371-8) / 125 mL in 1 BOTTLE, PUMP",d8246614-757b-4e27-8c3e-37fcb401e6d9,20180326,,20261231,0
51672-4193,corticosteroid,clobetasol,Clobetasol Propionate,clobetasol propionate,"Sun Pharmaceutical Industries, Inc.",CLOBETASOL PROPIONATE .5 mg/g,clobetasol propionate 0.05%,"[{""name"":""CLOBETASOL PROPIONATE"",""strength"":"".5 mg/g"",""pct"":0.05,""display"":""0.05%""}]","AEROSOL, FOAM",TOPICAL,ANDA,ANDA208779,HUMAN PRESCRIPTION DRUG,Corticosteroid Hormone Receptor Agonists [MoA];Corticosteroid [EPC],51672-4193-3;51672-4193-7,1 CAN in 1 CARTON (51672-4193-3) / 50 g in 1 CAN | 1 CAN in 1 CARTON (51672-4193-7) / 100 g in 1 CAN,d8f560c8-e223-46f0-8afb-b418f2b6399c,20181004,,20271231,0
62332-465,corticosteroid,clobetasol,Clobetasol Propionate,clobetasol propionate,Alembic Pharmaceuticals Inc.,CLOBETASOL PROPIONATE .5 mg/g,clobetasol propionate 0.05%,"[{""name"":""CLOBETASOL PROPIONATE"",""strength"":"".5 mg/g"",""pct"":0.05,""display"":""0.05%""}]",OINTMENT,TOPICAL,ANDA,ANDA211800,HUMAN PRESCRIPTION DRUG,Corticosteroid Hormone Receptor Agonists [MoA];Corticosteroid [EPC],62332-465-15;62332-465-30;62332-465-45;62332-465-60,1 TUBE in 1 CARTON (62332-465-15) / 15 g in 1 TUBE | 1 TUBE in 1 CARTON (62332-465-30) / 30 g in 1 TUBE | 1 TUBE in 1 CARTON (62332-465-45) / 45 g in 1 TUBE | 1 TUBE in 1 CARTON (62332-465-60) / 60 g in 1 TUBE,fc3ac7b5-0cd5-4d31-97e4-b01c0f715835,20190312,,20261231,0
68180-536,corticosteroid,clobetasol,Clobetasol Propionate,clobetasol propionate,"Lupin Pharmaceuticals, Inc.",CLOBETASOL PROPIONATE .05 g/100mL,clobetasol propionate 0.05%,"[{""name"":""CLOBETASOL PROPIONATE"",""strength"":"".05 g/100mL"",""pct"":0.05,""display"":""0.05%""}]",LOTION,TOPICAL,ANDA,ANDA209147,HUMAN PRESCRIPTION DRUG,Corticosteroid Hormone Receptor Agonists [MoA];Corticosteroid [EPC],68180-536-01;68180-536-02,1 BOTTLE in 1 CARTON (68180-536-01) / 59 mL in 1 BOTTLE | 1 BOTTLE in 1 CARTON (68180-536-02) / 118 mL in 1 BOTTLE,93f3763f-9f2f-4e81-bf6c-db35af45cd64,20180130,,20261231,0
68180-956,corticosteroid,clobetasol,Clobetasol Propionate,clobetasol propionate,"Lupin Pharmaceuticals, Inc.",CLOBETASOL PROPIONATE .5 mg/g,clobetasol propionate 0.05%,"[{""name"":""CLOBETASOL PROPIONATE"",""strength"":"".5 mg/g"",""pct"":0.05,""display"":""0.05%""}]",CREAM,TOPICAL,ANDA,ANDA210208,HUMAN PRESCRIPTION DRUG,Corticosteroid Hormone Receptor Agonists [MoA];Corticosteroid [EPC],68180-956-01;68180-956-02;68180-956-03;68180-956-04,1 TUBE in 1 CARTON (68180-956-01) / 15 g in 1 TUBE | 1 TUBE in 1 CARTON (68180-956-02) / 30 g in 1 TUBE | 1 TUBE in 1 CARTON (68180-956-03) / 45 g in 1 TUBE | 1 TUBE in 1 CARTON (68180-956-04) / 60 g in 1 TUBE,0a267001-0bff-471c-8852-808e6e3ea37c,20180817,,20261231,0
68462-529,corticosteroid,clobetasol,Clobetasol Propionate,clobetasol propionate,"Glenmark Pharmaceutcials Inc., USA",CLOBETASOL PROPIONATE .5 mg/g,clobetasol propionate 0.05%,"[{""name"":""CLOBETASOL PROPIONATE"",""strength"":"".5 mg/g"",""pct"":0.05,""display"":""0.05%""}]",CREAM,TOPICAL,ANDA,ANDA209095,HUMAN PRESCRIPTION DRUG,Corticosteroid Hormone Receptor Agonists [MoA];Corticosteroid [EPC],68462-529-17;68462-529-35;68462-529-47;68462-529-65,1 TUBE in 1 CARTON (68462-529-17) / 15 g in 1 TUBE | 1 TUBE in 1 CARTON (68462-529-35) / 30 g in 1 TUBE | 1 TUBE in 1 CARTON (68462-529-47) / 45 g in 1 TUBE | 1 TUBE in 1 CARTON (68462-529-65) / 60 g in 1 TUBE,69794e0b-2a79-419e-844f-ed051be62249,20180510,,20271231,0
68462-530,corticosteroid,clobetasol,Clobetasol Propionate,clobetasol propionate,"Glenmark Pharmaceuticals Inc., USA",CLOBETASOL PROPIONATE .5 mg/g,clobetasol propionate 0.05%,"[{""name"":""CLOBETASOL PROPIONATE"",""strength"":"".5 mg/g"",""pct"":0.05,""display"":""0.05%""}]",OINTMENT,TOPICAL,ANDA,ANDA208933,HUMAN PRESCRIPTION DRUG,Corticosteroid Hormone Receptor Agonists [MoA];Corticosteroid [EPC],68462-530-17;68462-530-35;68462-530-47;68462-530-65,1 TUBE in 1 CARTON (68462-530-17) / 15 g in 1 TUBE | 1 TUBE in 1 CARTON (68462-530-35) / 30 g in 1 TUBE | 1 TUBE in 1 CARTON (68462-530-47) / 45 g in 1 TUBE | 1 TUBE in 1 CARTON (68462-530-65) / 60 g in 1 TUBE,420deed6-321f-4a2a-9042-1e61636621aa,20170320,,20261231,0
68462-608,corticosteroid,clobetasol,Clobetasol Propionate,clobetasol propionate,"Glenmark Pharmaceuticals Inc., USA",CLOBETASOL PROPIONATE .5 mg/g,clobetasol propionate 0.05%,"[{""name"":""CLOBETASOL PROPIONATE"",""strength"":"".5 mg/g"",""pct"":0.05,""display"":""0.05%""}]","AEROSOL, FOAM",TOPICAL,ANDA,ANDA210809,HUMAN PRESCRIPTION DRUG,Corticosteroid Hormone Receptor Agonists [MoA];Corticosteroid [EPC],68462-608-27;68462-608-94,50 g in 1 CAN (68462-608-27) | 100 g in 1 CAN (68462-608-94),db8c7a36-e950-44b9-b2ff-7fede2e87407,20190216,,20271231,0
69238-1532,corticosteroid,clobetasol,Clobetasol Propionate,clobetasol propionate,Amneal Pharmaceuticals LLC,CLOBETASOL PROPIONATE .5 mg/g,clobetasol propionate 0.05%,"[{""name"":""CLOBETASOL PROPIONATE"",""strength"":"".5 mg/g"",""pct"":0.05,""display"":""0.05%""}]",CREAM,TOPICAL,ANDA,ANDA211256,HUMAN PRESCRIPTION DRUG,Corticosteroid Hormone Receptor Agonists [MoA];Corticosteroid [EPC],69238-1532-3;69238-1532-4;69238-1532-5;69238-1532-6,1 TUBE in 1 CARTON (69238-1532-3) / 30 g in 1 TUBE | 1 TUBE in 1 CARTON (69238-1532-4) / 45 g in 1 TUBE | 1 TUBE in 1 CARTON (69238-1532-5) / 15 g in 1 TUBE | 1 TUBE in 1 CARTON (69238-1532-6) / 60 g in 1 TUBE,,20181228,20270531,,0
69238-1732,corticosteroid,clobetasol,Clobetasol Propionate,clobetasol propionate,Amneal Pharmaceuticals NY LLC,CLOBETASOL PROPIONATE .05 g/100mL,clobetasol propionate 0.05%,"[{""name"":""CLOBETASOL PROPIONATE"",""strength"":"".05 g/100mL"",""pct"":0.05,""display"":""0.05%""}]",SHAMPOO,TOPICAL,ANDA,ANDA214895,HUMAN PRESCRIPTION DRUG,Corticosteroid Hormone Receptor Agonists [MoA];Corticosteroid [EPC],69238-1732-8,1 BOTTLE in 1 CARTON (69238-1732-8) / 118 mL in 1 BOTTLE,4363539b-d25e-4da3-911c-9ba142d7f4f4,20210615,,20271231,0
70700-106,corticosteroid,clobetasol,Clobetasol Propionate,clobetasol propionate,"Xiromed, LLC",CLOBETASOL PROPIONATE .5 mg/g,clobetasol propionate 0.05%,"[{""name"":""CLOBETASOL PROPIONATE"",""strength"":"".5 mg/g"",""pct"":0.05,""display"":""0.05%""}]",OINTMENT,TOPICAL,ANDA,ANDA209701,HUMAN PRESCRIPTION DRUG,Corticosteroid Hormone Receptor Agonists [MoA];Corticosteroid [EPC],70700-106-15;70700-106-16;70700-106-17;70700-106-18,15 g in 1 TUBE (70700-106-15) | 30 g in 1 TUBE (70700-106-16) | 60 g in 1 TUBE (70700-106-17) | 45 g in 1 TUBE (70700-106-18),56e6d233-d9ee-f022-3be7-d100799a561e,20180501,,20261231,0
70700-109,corticosteroid,clobetasol,Clobetasol Propionate,clobetasol propionate,"Xiromed, LLC",CLOBETASOL PROPIONATE .5 mg/g,clobetasol propionate 0.05%,"[{""name"":""CLOBETASOL PROPIONATE"",""strength"":"".5 mg/g"",""pct"":0.05,""display"":""0.05%""}]",CREAM,TOPICAL,ANDA,ANDA210034,HUMAN PRESCRIPTION DRUG,Corticosteroid Hormone Receptor Agonists [MoA];Corticosteroid [EPC],70700-109-15;70700-109-16;70700-109-17;70700-109-18,1 TUBE in 1 CARTON (70700-109-15) / 15 g in 1 TUBE | 1 TUBE in 1 CARTON (70700-109-16) / 30 g in 1 TUBE | 1 TUBE in 1 CARTON (70700-109-17) / 60 g in 1 TUBE | 1 TUBE in 1 CARTON (70700-109-18) / 45 g in 1 TUBE,2556987f-4b0f-8a83-5bf4-095d67a450b4,20180619,,20261231,0
70771-1498,corticosteroid,clobetasol,Clobetasol Propionate,clobetasol propionate,Zydus Lifesciences Limited,CLOBETASOL PROPIONATE .05 g/100mL,clobetasol propionate 0.05%,"[{""name"":""CLOBETASOL PROPIONATE"",""strength"":"".05 g/100mL"",""pct"":0.05,""display"":""0.05%""}]",LOTION,TOPICAL,ANDA,ANDA205249,HUMAN PRESCRIPTION DRUG,Corticosteroid Hormone Receptor Agonists [MoA];Corticosteroid [EPC],70771-1498-6;70771-1498-7,1 BOTTLE in 1 CARTON (70771-1498-6) / 59 mL in 1 BOTTLE | 1 BOTTLE in 1 CARTON (70771-1498-7) / 118 mL in 1 BOTTLE,d01b8f72-c2d2-49d8-87d7-3d60f11a7bbb,20200430,,20261231,0
72578-085,corticosteroid,clobetasol,Clobetasol Propionate,clobetasol propionate,Viona Pharmaceuticals Inc,CLOBETASOL PROPIONATE .05 g/100mL,clobetasol propionate 0.05%,"[{""name"":""CLOBETASOL PROPIONATE"",""strength"":"".05 g/100mL"",""pct"":0.05,""display"":""0.05%""}]",LOTION,TOPICAL,ANDA,ANDA205249,HUMAN PRESCRIPTION DRUG,Corticosteroid Hormone Receptor Agonists [MoA];Corticosteroid [EPC],72578-085-01;72578-085-02,1 BOTTLE in 1 CARTON (72578-085-01) / 59 mL in 1 BOTTLE | 1 BOTTLE in 1 CARTON (72578-085-02) / 118 mL in 1 BOTTLE,2fc7de5f-094f-400c-b87e-750b16046f46,20200430,,20261231,0
72603-855,corticosteroid,clobetasol,Clobetasol Propionate,clobetasol propionate,NorthStar RxLLC,CLOBETASOL PROPIONATE .5 mg/g,clobetasol propionate 0.05%,"[{""name"":""CLOBETASOL PROPIONATE"",""strength"":"".5 mg/g"",""pct"":0.05,""display"":""0.05%""}]",OINTMENT,TOPICAL,ANDA,ANDA215990,HUMAN PRESCRIPTION DRUG,Corticosteroid Hormone Receptor Agonists [MoA];Corticosteroid [EPC],72603-855-01;72603-855-02;72603-855-03;72603-855-04,1 TUBE in 1 CARTON (72603-855-01) / 15 g in 1 TUBE | 1 TUBE in 1 CARTON (72603-855-02) / 30 g in 1 TUBE | 1 TUBE in 1 CARTON (72603-855-03) / 45 g in 1 TUBE | 1 TUBE in 1 CARTON (72603-855-04) / 60 g in 1 TUBE,3d14fff7-f1af-4d15-96b4-88cfccad271f,20260201,,20271231,0
74157-710,corticosteroid,clobetasol,Clobetasol Propionate,clobetasol propionate,INA Pharmaceutics Inc,CLOBETASOL PROPIONATE .25 mg/g,clobetasol propionate 0.025%,"[{""name"":""CLOBETASOL PROPIONATE"",""strength"":"".25 mg/g"",""pct"":0.025,""display"":""0.025%""}]",CREAM,TOPICAL,NDA AUTHORIZED GENERIC,NDA209483,HUMAN PRESCRIPTION DRUG,Corticosteroid Hormone Receptor Agonists [MoA];Corticosteroid [EPC],74157-710-10,1 TUBE in 1 CARTON (74157-710-10) / 100 g in 1 TUBE,1b0e9eb5-71eb-44b4-894a-094a9f325dc8,20250210,,20261231,0
0168-0301,corticosteroid,clobetasol,Clobetasol Propionate (emollient),clobetasol propionate,E. Fougera & Co. a division of Fougera Pharmaceuticals Inc.,CLOBETASOL PROPIONATE .5 mg/g,clobetasol propionate 0.05%,"[{""name"":""CLOBETASOL PROPIONATE"",""strength"":"".5 mg/g"",""pct"":0.05,""display"":""0.05%""}]",CREAM,TOPICAL,ANDA,ANDA075430,HUMAN PRESCRIPTION DRUG,Corticosteroid Hormone Receptor Agonists [MoA];Corticosteroid [EPC],0168-0301-15;0168-0301-30;0168-0301-60,1 TUBE in 1 CARTON (0168-0301-15) / 15 g in 1 TUBE | 1 TUBE in 1 CARTON (0168-0301-30) / 30 g in 1 TUBE | 1 TUBE in 1 CARTON (0168-0301-60) / 60 g in 1 TUBE,fdfd83ee-dfb4-4c12-a74e-a0053e34e08c,19990526,,20261231,0
83148-064,corticosteroid,clobetasol,Clobetasol Propionate (emollient),clobetasol propionate,The J. Molner Company LLC,CLOBETASOL PROPIONATE .5 mg/g,clobetasol propionate 0.05%,"[{""name"":""CLOBETASOL PROPIONATE"",""strength"":"".5 mg/g"",""pct"":0.05,""display"":""0.05%""}]",CREAM,TOPICAL,ANDA,ANDA209411,HUMAN PRESCRIPTION DRUG,Corticosteroid Hormone Receptor Agonists [MoA];Corticosteroid [EPC],83148-064-15;83148-064-30;83148-064-60,1 TUBE in 1 CARTON (83148-064-15) / 15 g in 1 TUBE | 1 TUBE in 1 CARTON (83148-064-30) / 30 g in 1 TUBE | 1 TUBE in 1 CARTON (83148-064-60) / 60 g in 1 TUBE,26ccb1d8-c466-e238-e063-6394a90a0069,20250929,,20261231,0
33342-506,corticosteroid,clobetasol,Clobetasol Propionate ANDA,clobetasol propionate,Macleods Pharmaceuticals Limited,CLOBETASOL PROPIONATE .5 mg/g,clobetasol propionate 0.05%,"[{""name"":""CLOBETASOL PROPIONATE"",""strength"":"".5 mg/g"",""pct"":0.05,""display"":""0.05%""}]",OINTMENT,TOPICAL,ANDA,ANDA215990,HUMAN PRESCRIPTION DRUG,Corticosteroid Hormone Receptor Agonists [MoA];Corticosteroid [EPC],33342-506-15;33342-506-30;33342-506-45;33342-506-60,1 TUBE in 1 CARTON (33342-506-15) / 15 g in 1 TUBE | 1 TUBE in 1 CARTON (33342-506-30) / 30 g in 1 TUBE | 1 TUBE in 1 CARTON (33342-506-45) / 45 g in 1 TUBE | 1 TUBE in 1 CARTON (33342-506-60) / 60 g in 1 TUBE,92cf4231-e301-4353-98d9-85206ec6ba96,20231228,,20261231,0
43538-950,corticosteroid,clobetasol,Clodan,clobetasol propionate,Medimetriks Pharmaceuticals,CLOBETASOL PROPIONATE .5 mg/mL,clobetasol propionate 0.05%,"[{""name"":""CLOBETASOL PROPIONATE"",""strength"":"".5 mg/mL"",""pct"":0.05,""display"":""0.05%""}]",SHAMPOO,TOPICAL,ANDA,ANDA090974,HUMAN PRESCRIPTION DRUG,Corticosteroid Hormone Receptor Agonists [MoA];Corticosteroid [EPC],43538-950-04,1 BOTTLE in 1 CARTON (43538-950-04) / 118 mL in 1 BOTTLE,b5d32546-65dc-4b0c-826e-ddbc2a50b152,20140622,,20261231,0
68040-713,corticosteroid,clobetasol,Impoyz,clobetasol propionate,"Primus Pharmaceuticals, Inc.",CLOBETASOL PROPIONATE .25 mg/g,clobetasol propionate 0.025%,"[{""name"":""CLOBETASOL PROPIONATE"",""strength"":"".25 mg/g"",""pct"":0.025,""display"":""0.025%""}]",CREAM,TOPICAL,NDA,NDA209483,HUMAN PRESCRIPTION DRUG,Corticosteroid Hormone Receptor Agonists [MoA];Corticosteroid [EPC],68040-713-38;68040-713-44,1 TUBE in 1 CARTON (68040-713-38) / 100 g in 1 TUBE | 20 TUBE in 1 CARTON (68040-713-44) / 2.5 g in 1 TUBE,40173654-334e-4618-847b-6a1e030cd2fd,20211201,,20261231,0
43538-952,corticosteroid,clobetasol,Tovet (emollient formulation),clobetasol propionate,"Medimetriks Pharmaceuticals, Inc.",CLOBETASOL PROPIONATE .5 mg/g,clobetasol propionate 0.05%,"[{""name"":""CLOBETASOL PROPIONATE"",""strength"":"".5 mg/g"",""pct"":0.05,""display"":""0.05%""}]","AEROSOL, FOAM",TOPICAL,ANDA,ANDA201402,HUMAN PRESCRIPTION DRUG,Corticosteroid Hormone Receptor Agonists [MoA];Corticosteroid [EPC],43538-952-10,1 CANISTER in 1 CARTON (43538-952-10) / 100 g in 1 CANISTER,4d5c5b14-9e4f-4d43-a336-e4ae71d34e42,20130201,,20261231,0
40032-028,corticosteroid,clobetasol,clobetasol propionate,clobetasol propionate,"Novel Laboratories, Inc.",CLOBETASOL PROPIONATE .5 mg/mL,clobetasol propionate 0.05%,"[{""name"":""CLOBETASOL PROPIONATE"",""strength"":"".5 mg/mL"",""pct"":0.05,""display"":""0.05%""}]",SOLUTION,TOPICAL,ANDA,ANDA206075,HUMAN PRESCRIPTION DRUG,Corticosteroid Hormone Receptor Agonists [MoA];Corticosteroid [EPC],40032-028-60,1 BOTTLE in 1 CARTON (40032-028-60) / 50 mL in 1 BOTTLE,afa1c879-36b9-401e-85d4-638ceec8f444,20151123,,20261231,0
40032-096,corticosteroid,clobetasol,clobetasol propionate,clobetasol propionate,"Novel Laboratories, Inc.",CLOBETASOL PROPIONATE .5 mg/g,clobetasol propionate 0.05%,"[{""name"":""CLOBETASOL PROPIONATE"",""strength"":"".5 mg/g"",""pct"":0.05,""display"":""0.05%""}]",OINTMENT,TOPICAL,ANDA,ANDA208841,HUMAN PRESCRIPTION DRUG,Corticosteroid Hormone Receptor Agonists [MoA];Corticosteroid [EPC],40032-096-60;40032-096-61;40032-096-62,1 TUBE in 1 CARTON (40032-096-60) / 15 g in 1 TUBE | 1 TUBE in 1 CARTON (40032-096-61) / 30 g in 1 TUBE | 1 TUBE in 1 CARTON (40032-096-62) / 60 g in 1 TUBE,c7c03887-f84a-417e-a8f1-5272f530d0bb,20161125,,20261231,0
43386-028,corticosteroid,clobetasol,clobetasol propionate,clobetasol propionate,"Lupin Pharmaceuticals,Inc.",CLOBETASOL PROPIONATE .5 mg/mL,clobetasol propionate 0.05%,"[{""name"":""CLOBETASOL PROPIONATE"",""strength"":"".5 mg/mL"",""pct"":0.05,""display"":""0.05%""}]",SOLUTION,TOPICAL,ANDA,ANDA206075,HUMAN PRESCRIPTION DRUG,Corticosteroid Hormone Receptor Agonists [MoA];Corticosteroid [EPC],43386-028-60,1 BOTTLE in 1 CARTON (43386-028-60) / 50 mL in 1 BOTTLE,c6efb5f3-3532-4742-a359-3991bb76338f,20151123,,20261231,0
43386-096,corticosteroid,clobetasol,clobetasol propionate,clobetasol propionate,"Lupin Pharmaceuticals,Inc.",CLOBETASOL PROPIONATE .5 mg/g,clobetasol propionate 0.05%,"[{""name"":""CLOBETASOL PROPIONATE"",""strength"":"".5 mg/g"",""pct"":0.05,""display"":""0.05%""}]",OINTMENT,TOPICAL,ANDA,ANDA208841,HUMAN PRESCRIPTION DRUG,Corticosteroid Hormone Receptor Agonists [MoA];Corticosteroid [EPC],43386-096-60;43386-096-61;43386-096-62;43386-096-63,1 TUBE in 1 CARTON (43386-096-60) / 15 g in 1 TUBE | 1 TUBE in 1 CARTON (43386-096-61) / 30 g in 1 TUBE | 1 TUBE in 1 CARTON (43386-096-62) / 60 g in 1 TUBE | 1 TUBE in 1 CARTON (43386-096-63) / 45 g in 1 TUBE,3e0fe7b1-f511-491f-b74d-3ca00449835b,20180602,,20261231,0
45802-961,corticosteroid,clobetasol,clobetasol propionate,clobetasol propionate,Padagis Israel Pharmaceuticals Ltd,CLOBETASOL PROPIONATE .05 g/100mL,clobetasol propionate 0.05%,"[{""name"":""CLOBETASOL PROPIONATE"",""strength"":"".05 g/100mL"",""pct"":0.05,""display"":""0.05%""}]",SHAMPOO,TOPICAL,ANDA,ANDA090974,HUMAN PRESCRIPTION DRUG,Corticosteroid Hormone Receptor Agonists [MoA];Corticosteroid [EPC],45802-961-26,118 mL in 1 BOTTLE (45802-961-26),49bfff2e-9e4d-48a4-9f74-d6cf5b312aca,20120810,,20271231,0
68308-664,corticosteroid,clobetasol,clobetasol propionate,clobetasol propionate,Mayne Pharma Inc.,CLOBETASOL PROPIONATE .05 g/100mL,clobetasol propionate 0.05%,"[{""name"":""CLOBETASOL PROPIONATE"",""strength"":"".05 g/100mL"",""pct"":0.05,""display"":""0.05%""}]",SHAMPOO,TOPICAL,NDA AUTHORIZED GENERIC,NDA021644,HUMAN PRESCRIPTION DRUG,Corticosteroid Hormone Receptor Agonists [MoA];Corticosteroid [EPC],68308-664-04,1 BOTTLE in 1 CARTON (68308-664-04) / 118 mL in 1 BOTTLE,524397b3-84c4-49d7-af5e-bb229dfee68b,20231103,,20261231,0
68382-998,corticosteroid,clobetasol,clobetasol propionate,clobetasol propionate,Zydus Pharmaceuticals USA Inc.,CLOBETASOL PROPIONATE .05 g/mL,clobetasol propionate 5%,"[{""name"":""CLOBETASOL PROPIONATE"",""strength"":"".05 g/mL"",""pct"":5.0,""display"":""5%""}]",SPRAY,TOPICAL,ANDA,ANDA206378,HUMAN PRESCRIPTION DRUG,Corticosteroid Hormone Receptor Agonists [MoA];Corticosteroid [EPC],68382-998-01;68382-998-02,1 BOTTLE in 1 CARTON (68382-998-01) / 59 mL in 1 BOTTLE | 1 BOTTLE in 1 CARTON (68382-998-02) / 125 mL in 1 BOTTLE,8618a3bc-5601-4273-a708-27b0ecd4c385,20170712,,20261231,0
68462-625,corticosteroid,clobetasol,clobetasol propionate,clobetasol propionate,"Glenmark Pharmaceuticals Inc., USA",CLOBETASOL PROPIONATE .5 mg/g,clobetasol propionate 0.05%,"[{""name"":""CLOBETASOL PROPIONATE"",""strength"":"".5 mg/g"",""pct"":0.05,""display"":""0.05%""}]","AEROSOL, FOAM",TOPICAL,ANDA,ANDA211450,HUMAN PRESCRIPTION DRUG,Corticosteroid Hormone Receptor Agonists [MoA];Corticosteroid [EPC],68462-625-27;68462-625-94,50 g in 1 CAN (68462-625-27) | 100 g in 1 CAN (68462-625-94),6a3ad15e-2874-40d0-9e69-105b369c8cfc,20190909,,20271231,0
70771-1080,corticosteroid,clobetasol,clobetasol propionate,clobetasol propionate,Zydus Lifesciences Limited,CLOBETASOL PROPIONATE .05 g/mL,clobetasol propionate 5%,"[{""name"":""CLOBETASOL PROPIONATE"",""strength"":"".05 g/mL"",""pct"":5.0,""display"":""5%""}]",SPRAY,TOPICAL,ANDA,ANDA206378,HUMAN PRESCRIPTION DRUG,Corticosteroid Hormone Receptor Agonists [MoA];Corticosteroid [EPC],70771-1080-6;70771-1080-7,1 BOTTLE in 1 CARTON (70771-1080-6) / 59 mL in 1 BOTTLE | 1 BOTTLE in 1 CARTON (70771-1080-7) / 125 mL in 1 BOTTLE,287ce325-4449-4342-a9ef-a7e31ee692bd,20170712,,20261231,0
45802-637,corticosteroid,clobetasol,clobetasol propionate emollient formulation,clobetasol propionate,Padagis Israel Pharmaceuticals Ltd,CLOBETASOL PROPIONATE .5 mg/g,clobetasol propionate 0.05%,"[{""name"":""CLOBETASOL PROPIONATE"",""strength"":"".5 mg/g"",""pct"":0.05,""display"":""0.05%""}]","AEROSOL, FOAM",TOPICAL,ANDA,ANDA201402,HUMAN PRESCRIPTION DRUG,Corticosteroid Hormone Receptor Agonists [MoA];Corticosteroid [EPC],45802-637-32;45802-637-33,1 CAN in 1 CARTON (45802-637-32) / 50 g in 1 CAN | 1 CAN in 1 CARTON (45802-637-33) / 100 g in 1 CAN,5264dfb8-3f6f-4f20-958d-9b5855806dc8,20130201,,20261231,0
21922-016,corticosteroid,clobetasol,"Clobetasol Propionate Cream USP, 0.05% Clobetasol Propionate Cream USP, 0.05%","clobetasol propionate cream usp, 0.05%","Encube Ethicals, Inc.",CLOBETASOL PROPIONATE .5 mg/g,clobetasol propionate 0.05%,"[{""name"":""CLOBETASOL PROPIONATE"",""strength"":"".5 mg/g"",""pct"":0.05,""display"":""0.05%""}]",CREAM,TOPICAL,ANDA,ANDA212982,HUMAN PRESCRIPTION DRUG,Corticosteroid Hormone Receptor Agonists [MoA];Corticosteroid [EPC],21922-016-04;21922-016-05;21922-016-06;21922-016-07,15 g in 1 TUBE (21922-016-04) | 30 g in 1 TUBE (21922-016-05) | 45 g in 1 TUBE (21922-016-06) | 60 g in 1 TUBE (21922-016-07),bcb76b4b-194d-4cb3-b3ed-26b911df1a11,20201001,,20271231,0
72603-323,corticosteroid,clobetasol,"Clobetasol Propionate Cream USP, 0.05% Clobetasol Propionate Cream USP, 0.05%","clobetasol propionate cream usp, 0.05%",Northstar Rx LLC,CLOBETASOL PROPIONATE .5 mg/g,clobetasol propionate 0.05%,"[{""name"":""CLOBETASOL PROPIONATE"",""strength"":"".5 mg/g"",""pct"":0.05,""display"":""0.05%""}]",CREAM,TOPICAL,ANDA,ANDA212982,HUMAN PRESCRIPTION DRUG,Corticosteroid Hormone Receptor Agonists [MoA];Corticosteroid [EPC],72603-323-01;72603-323-02;72603-323-03;72603-323-04,15 g in 1 TUBE (72603-323-01) | 30 g in 1 TUBE (72603-323-02) | 45 g in 1 TUBE (72603-323-03) | 60 g in 1 TUBE (72603-323-04),2a356447-46d2-40cc-b850-f387982c517a,20241101,,20261231,0
21922-017,corticosteroid,clobetasol,Clobetasol Propionate,"clobetasol propionate ointment usp, 0.05%","Encube Ethicals, Inc.",CLOBETASOL PROPIONATE .5 mg/g,clobetasol propionate 0.05%,"[{""name"":""CLOBETASOL PROPIONATE"",""strength"":"".5 mg/g"",""pct"":0.05,""display"":""0.05%""}]",OINTMENT,TOPICAL,ANDA,ANDA211295,HUMAN PRESCRIPTION DRUG,Corticosteroid Hormone Receptor Agonists [MoA];Corticosteroid [EPC],21922-017-04;21922-017-05;21922-017-06;21922-017-07,1 TUBE in 1 CARTON (21922-017-04) / 15 g in 1 TUBE | 1 TUBE in 1 CARTON (21922-017-05) / 30 g in 1 TUBE | 1 TUBE in 1 CARTON (21922-017-06) / 45 g in 1 TUBE | 1 TUBE in 1 CARTON (21922-017-07) / 60 g in 1 TUBE,1f076779-3f76-47d5-99f0-9b0b2d3f5fac,20191118,,20271231,0
50090-5979,corticosteroid,clobetasol,"Clobetasol Propionate Cream USP, 0.05% Clobetasol Propionate Cream USP, 0.05%","clobetasol propionate usp, 0.05%",A-S Medication Solutions,CLOBETASOL PROPIONATE .5 mg/g,clobetasol propionate 0.05%,"[{""name"":""CLOBETASOL PROPIONATE"",""strength"":"".5 mg/g"",""pct"":0.05,""display"":""0.05%""}]",CREAM,TOPICAL,ANDA,ANDA212982,HUMAN PRESCRIPTION DRUG,Corticosteroid Hormone Receptor Agonists [MoA];Corticosteroid [EPC],50090-5979-0,30 g in 1 TUBE (50090-5979-0),,20201001,,20271231,0
51672-4166,corticosteroid,clocortolone,Clocortolone Pivalate,clocortolone pivalate,"Sun Pharmaceutical Industries, Inc.",CLOCORTOLONE PIVALATE .001 g/g,clocortolone pivalate 0.1%,"[{""name"":""CLOCORTOLONE PIVALATE"",""strength"":"".001 g/g"",""pct"":0.1,""display"":""0.1%""}]",CREAM,TOPICAL,ANDA,ANDA206370,HUMAN PRESCRIPTION DRUG,Corticosteroid Hormone Receptor Agonists [MoA];Corticosteroid [EPC],51672-4166-6;51672-4166-8,1 TUBE in 1 CARTON (51672-4166-6) / 45 g in 1 TUBE | 1 TUBE in 1 CARTON (51672-4166-8) / 90 g in 1 TUBE,88d9a7cf-31b5-4b85-9827-0ecce328e6a0,20200421,,20271231,0
0168-0258,corticosteroid,betamethasone,Clotrimazole and Betamethasone Dipropionate,clotrimazole and betamethasone dipropionate,"E. Fougera & Co. a division of Fougera Pharmaceuticals, LLC",CLOTRIMAZOLE 10 mg/g; BETAMETHASONE DIPROPIONATE .5 mg/g,clotrimazole 1%; betamethasone dipropionate 0.05%,"[{""name"":""CLOTRIMAZOLE"",""strength"":""10 mg/g"",""pct"":1.0,""display"":""1%""},{""name"":""BETAMETHASONE DIPROPIONATE"",""strength"":"".5 mg/g"",""pct"":0.05,""display"":""0.05%""}]",CREAM,TOPICAL,ANDA,ANDA075502,HUMAN PRESCRIPTION DRUG,Azole Antifungal [EPC];Azoles [CS];Corticosteroid Hormone Receptor Agonists [MoA];Corticosteroid [EPC],0168-0258-15;0168-0258-46,15 g in 1 TUBE (0168-0258-15) | 45 g in 1 TUBE (0168-0258-46),55db730a-df6d-4950-9c26-91b06bdcef36,20010605,,20271231,0
0472-0379,corticosteroid,betamethasone,Clotrimazole and Betamethasone Dipropionate,clotrimazole and betamethasone dipropionate,"Actavis Pharma, Inc.",CLOTRIMAZOLE 10 mg/g; BETAMETHASONE DIPROPIONATE .5 mg/g,clotrimazole 1%; betamethasone dipropionate 0.05%,"[{""name"":""CLOTRIMAZOLE"",""strength"":""10 mg/g"",""pct"":1.0,""display"":""1%""},{""name"":""BETAMETHASONE DIPROPIONATE"",""strength"":"".5 mg/g"",""pct"":0.05,""display"":""0.05%""}]",CREAM,TOPICAL,ANDA,ANDA076002,HUMAN PRESCRIPTION DRUG,Azole Antifungal [EPC];Azoles [CS];Corticosteroid Hormone Receptor Agonists [MoA];Corticosteroid [EPC],0472-0379-15;0472-0379-45,1 TUBE in 1 CARTON (0472-0379-15) / 15 g in 1 TUBE | 1 TUBE in 1 CARTON (0472-0379-45) / 45 g in 1 TUBE,a6ac4020-2c67-426a-8289-7e54ce43d0c9,20031216,,20271231,0
16714-496,corticosteroid,betamethasone,Clotrimazole and Betamethasone Dipropionate,clotrimazole and betamethasone dipropionate,NORTHSTAR RX LLC,CLOTRIMAZOLE 10 mg/g; BETAMETHASONE DIPROPIONATE .5 mg/g,clotrimazole 1%; betamethasone dipropionate 0.05%,"[{""name"":""CLOTRIMAZOLE"",""strength"":""10 mg/g"",""pct"":1.0,""display"":""1%""},{""name"":""BETAMETHASONE DIPROPIONATE"",""strength"":"".5 mg/g"",""pct"":0.05,""display"":""0.05%""}]",CREAM,TOPICAL,ANDA,ANDA075673,HUMAN PRESCRIPTION DRUG,Azole Antifungal [EPC];Azoles [CS];Corticosteroid Hormone Receptor Agonists [MoA];Corticosteroid [EPC],16714-496-01;16714-496-02,1 TUBE in 1 CARTON (16714-496-01) / 15 g in 1 TUBE | 1 TUBE in 1 CARTON (16714-496-02) / 45 g in 1 TUBE,8d03b9ba-f7a8-4fbf-9be1-83d815c2be45,20010529,,20261231,0
51672-1308,corticosteroid,betamethasone,Clotrimazole and Betamethasone Dipropionate,clotrimazole and betamethasone dipropionate,"Sun Pharmaceutical Industries, Inc.",CLOTRIMAZOLE 10 mg/mL; BETAMETHASONE DIPROPIONATE .5 mg/mL,clotrimazole 1%; betamethasone dipropionate 0.05%,"[{""name"":""CLOTRIMAZOLE"",""strength"":""10 mg/mL"",""pct"":1.0,""display"":""1%""},{""name"":""BETAMETHASONE DIPROPIONATE"",""strength"":"".5 mg/mL"",""pct"":0.05,""display"":""0.05%""}]",LOTION,TOPICAL,ANDA,ANDA076493,HUMAN PRESCRIPTION DRUG,Azole Antifungal [EPC];Azoles [CS];Corticosteroid Hormone Receptor Agonists [MoA];Corticosteroid [EPC],51672-1308-3,1 BOTTLE in 1 CARTON (51672-1308-3) / 30 mL in 1 BOTTLE,e4e9f244-4a85-4c0d-9917-93182c4a6e87,20040728,,20261231,0
51672-4048,corticosteroid,betamethasone,Clotrimazole and Betamethasone Dipropionate,clotrimazole and betamethasone dipropionate,"Sun Pharmaceutical Industries, Inc.",CLOTRIMAZOLE 10 mg/g; BETAMETHASONE DIPROPIONATE .5 mg/g,clotrimazole 1%; betamethasone dipropionate 0.05%,"[{""name"":""CLOTRIMAZOLE"",""strength"":""10 mg/g"",""pct"":1.0,""display"":""1%""},{""name"":""BETAMETHASONE DIPROPIONATE"",""strength"":"".5 mg/g"",""pct"":0.05,""display"":""0.05%""}]",CREAM,TOPICAL,ANDA,ANDA075673,HUMAN PRESCRIPTION DRUG,Azole Antifungal [EPC];Azoles [CS];Corticosteroid Hormone Receptor Agonists [MoA];Corticosteroid [EPC],51672-4048-1;51672-4048-6,1 TUBE in 1 CARTON (51672-4048-1) / 15 g in 1 TUBE | 1 TUBE in 1 CARTON (51672-4048-6) / 45 g in 1 TUBE,1c18e5fc-bf82-47bc-bfd9-8d3e503569ba,20010529,,20271231,0
68462-298,corticosteroid,betamethasone,Clotrimazole and Betamethasone Dipropionate,clotrimazole and betamethasone dipropionate,Glenmark Pharmaceuticals Inc. USA,CLOTRIMAZOLE 10 mg/g; BETAMETHASONE DIPROPIONATE .5 mg/g,clotrimazole 1%; betamethasone dipropionate 0.05%,"[{""name"":""CLOTRIMAZOLE"",""strength"":""10 mg/g"",""pct"":1.0,""display"":""1%""},{""name"":""BETAMETHASONE DIPROPIONATE"",""strength"":"".5 mg/g"",""pct"":0.05,""display"":""0.05%""}]",CREAM,TOPICAL,ANDA,ANDA202894,HUMAN PRESCRIPTION DRUG,Azole Antifungal [EPC];Azoles [CS];Corticosteroid Hormone Receptor Agonists [MoA];Corticosteroid [EPC],68462-298-17;68462-298-55,15 g in 1 TUBE (68462-298-17) | 45 g in 1 TUBE (68462-298-55),8dcd24cb-e568-428a-88ac-737d115cc54d,20151106,,20261231,0
24470-920,corticosteroid,desonide,DESONIDE,desonide,"Cintex Services, LLC",DESONIDE .5 mg/g,desonide 0.05%,"[{""name"":""DESONIDE"",""strength"":"".5 mg/g"",""pct"":0.05,""display"":""0.05%""}]",GEL,TOPICAL,ANDA,ANDA202470,HUMAN PRESCRIPTION DRUG,Corticosteroid Hormone Receptor Agonists [MoA];Corticosteroid [EPC],24470-920-60,1 TUBE in 1 CARTON (24470-920-60) / 60 g in 1 TUBE,a6192416-09b4-47fa-e053-2a95a90add96,20200709,,20261231,0
0472-0803,corticosteroid,desonide,Desonide,desonide,"Actavis Pharma, Inc.",DESONIDE .5 mg/mL,desonide 0.05%,"[{""name"":""DESONIDE"",""strength"":"".5 mg/mL"",""pct"":0.05,""display"":""0.05%""}]",LOTION,TOPICAL,ANDA,ANDA072354,HUMAN PRESCRIPTION DRUG,Corticosteroid Hormone Receptor Agonists [MoA];Corticosteroid [EPC],0472-0803-02;0472-0803-04,1 BOTTLE in 1 CARTON (0472-0803-02) / 59 mL in 1 BOTTLE | 1 BOTTLE in 1 CARTON (0472-0803-04) / 118 mL in 1 BOTTLE,ff5d4cd8-ab4d-4a9e-b84b-445c81eeea99,20090528,20280331,,0
0713-0661,corticosteroid,desonide,Desonide,desonide,"Cosette Pharmaceuticals, Inc.",DESONIDE .5 mg/g,desonide 0.05%,"[{""name"":""DESONIDE"",""strength"":"".5 mg/g"",""pct"":0.05,""display"":""0.05%""}]",CREAM,TOPICAL,ANDA,ANDA074027,HUMAN PRESCRIPTION DRUG,Corticosteroid Hormone Receptor Agonists [MoA];Corticosteroid [EPC],0713-0661-15;0713-0661-60,1 TUBE in 1 CARTON (0713-0661-15) / 15 g in 1 TUBE | 1 TUBE in 1 CARTON (0713-0661-60) / 60 g in 1 TUBE,51e39fd1-2ae7-9ed6-5f24-c4656dd97f0b,20160819,,20261231,0
16714-729,corticosteroid,desonide,Desonide,desonide,NORTHSTAR RX LLC,DESONIDE .5 mg/g,desonide 0.05%,"[{""name"":""DESONIDE"",""strength"":"".5 mg/g"",""pct"":0.05,""display"":""0.05%""}]",CREAM,TOPICAL,ANDA,ANDA073548,HUMAN PRESCRIPTION DRUG,Corticosteroid Hormone Receptor Agonists [MoA];Corticosteroid [EPC],16714-729-01;16714-729-02,1 TUBE in 1 CARTON (16714-729-01) / 15 g in 1 TUBE | 1 TUBE in 1 CARTON (16714-729-02) / 60 g in 1 TUBE,0665dd04-1d0b-45bf-90e4-c6e0bd90956d,19920630,,20261231,0
45802-423,corticosteroid,desonide,Desonide,desonide,Padagis Israel Pharmaceuticals Ltd,DESONIDE .5 mg/g,desonide 0.05%,"[{""name"":""DESONIDE"",""strength"":"".5 mg/g"",""pct"":0.05,""display"":""0.05%""}]",OINTMENT,TOPICAL,NDA,NDA017426,HUMAN PRESCRIPTION DRUG,Corticosteroid Hormone Receptor Agonists [MoA];Corticosteroid [EPC],45802-423-35;45802-423-37,1 TUBE in 1 CARTON (45802-423-35) / 15 g in 1 TUBE | 1 TUBE in 1 CARTON (45802-423-37) / 60 g in 1 TUBE,525c035d-d54b-41c0-90c5-bcd284b1abe3,20060822,,20261231,0
46708-485,corticosteroid,desonide,Desonide,desonide,Alembic Pharmaceuticals Limited,DESONIDE .5 mg/g,desonide 0.05%,"[{""name"":""DESONIDE"",""strength"":"".5 mg/g"",""pct"":0.05,""display"":""0.05%""}]",OINTMENT,TOPICAL,ANDA,ANDA212473,HUMAN PRESCRIPTION DRUG,Corticosteroid Hormone Receptor Agonists [MoA];Corticosteroid [EPC],46708-485-15;46708-485-60,1 TUBE in 1 CARTON (46708-485-15) / 15 g in 1 TUBE | 1 TUBE in 1 CARTON (46708-485-60) / 60 g in 1 TUBE,591762b3-f223-49a1-8e65-63e9086110df,20250307,,20261231,0
46708-550,corticosteroid,desonide,Desonide,desonide,Alembic Pharmaceuticals Limited,DESONIDE .5 mg/mL,desonide 0.05%,"[{""name"":""DESONIDE"",""strength"":"".5 mg/mL"",""pct"":0.05,""display"":""0.05%""}]",LOTION,TOPICAL,ANDA,ANDA213632,HUMAN PRESCRIPTION DRUG,Corticosteroid Hormone Receptor Agonists [MoA];Corticosteroid [EPC],46708-550-18;46708-550-59,1 BOTTLE in 1 CARTON (46708-550-18) / 118 mL in 1 BOTTLE | 1 BOTTLE in 1 CARTON (46708-550-59) / 59 mL in 1 BOTTLE,d210d307-72df-40fb-89c9-88663b0e4901,20250326,,20261231,0
46708-632,corticosteroid,desonide,Desonide,desonide,Alembic Pharmaceuticals Limited,DESONIDE .5 mg/g,desonide 0.05%,"[{""name"":""DESONIDE"",""strength"":"".5 mg/g"",""pct"":0.05,""display"":""0.05%""}]",CREAM,TOPICAL,ANDA,ANDA214396,HUMAN PRESCRIPTION DRUG,Corticosteroid Hormone Receptor Agonists [MoA];Corticosteroid [EPC],46708-632-15;46708-632-60,1 TUBE in 1 CARTON (46708-632-15) / 15 g in 1 TUBE | 1 TUBE in 1 CARTON (46708-632-60) / 60 g in 1 TUBE,99955d05-1198-4cd6-b2b4-9c328e48c0b2,20250429,,20261231,0
51672-1280,corticosteroid,desonide,Desonide,desonide,"Sun Pharmaceutical Industries, Inc.",DESONIDE .5 mg/g,desonide 0.05%,"[{""name"":""DESONIDE"",""strength"":"".5 mg/g"",""pct"":0.05,""display"":""0.05%""}]",CREAM,TOPICAL,ANDA,ANDA073548,HUMAN PRESCRIPTION DRUG,Corticosteroid Hormone Receptor Agonists [MoA];Corticosteroid [EPC],51672-1280-1;51672-1280-3,1 TUBE in 1 CARTON (51672-1280-1) / 15 g in 1 TUBE | 1 TUBE in 1 CARTON (51672-1280-3) / 60 g in 1 TUBE,6cea3912-23ae-45f3-b535-6fea29c7594f,19920630,,20261231,0
51672-1281,corticosteroid,desonide,Desonide,desonide,"Sun Pharmaceutical Industries, Inc.",DESONIDE .5 mg/g,desonide 0.05%,"[{""name"":""DESONIDE"",""strength"":"".5 mg/g"",""pct"":0.05,""display"":""0.05%""}]",OINTMENT,TOPICAL,ANDA,ANDA074254,HUMAN PRESCRIPTION DRUG,Corticosteroid Hormone Receptor Agonists [MoA];Corticosteroid [EPC],51672-1281-1;51672-1281-3,1 TUBE in 1 CARTON (51672-1281-1) / 15 g in 1 TUBE | 1 TUBE in 1 CARTON (51672-1281-3) / 60 g in 1 TUBE,6cea3912-23ae-45f3-b535-6fea29c7594f,19940803,,20261231,0
51672-4079,corticosteroid,desonide,Desonide,desonide,"Sun Pharmaceutical Industries, Inc.",DESONIDE .5 mg/mL,desonide 0.05%,"[{""name"":""DESONIDE"",""strength"":"".5 mg/mL"",""pct"":0.05,""display"":""0.05%""}]",LOTION,TOPICAL,ANDA,ANDA202161,HUMAN PRESCRIPTION DRUG,Corticosteroid Hormone Receptor Agonists [MoA];Corticosteroid [EPC],51672-4079-4;51672-4079-8,1 BOTTLE in 1 CARTON (51672-4079-4) / 59 mL in 1 BOTTLE | 1 BOTTLE in 1 CARTON (51672-4079-8) / 118 mL in 1 BOTTLE,af607c32-3da9-4fbe-99e7-4934a5c8d8f0,20141031,,20271231,0
62332-485,corticosteroid,desonide,Desonide,desonide,Alembic Pharmaceuticals Inc.,DESONIDE .5 mg/g,desonide 0.05%,"[{""name"":""DESONIDE"",""strength"":"".5 mg/g"",""pct"":0.05,""display"":""0.05%""}]",OINTMENT,TOPICAL,ANDA,ANDA212473,HUMAN PRESCRIPTION DRUG,Corticosteroid Hormone Receptor Agonists [MoA];Corticosteroid [EPC],62332-485-15;62332-485-60,1 TUBE in 1 CARTON (62332-485-15) / 15 g in 1 TUBE | 1 TUBE in 1 CARTON (62332-485-60) / 60 g in 1 TUBE,9eade7ae-effc-49b5-af7d-8caa183ff252,20191024,,20271231,0
62332-550,corticosteroid,desonide,Desonide,desonide,Alembic Pharmaceuticals Inc.,DESONIDE .5 mg/mL,desonide 0.05%,"[{""name"":""DESONIDE"",""strength"":"".5 mg/mL"",""pct"":0.05,""display"":""0.05%""}]",LOTION,TOPICAL,ANDA,ANDA213632,HUMAN PRESCRIPTION DRUG,Corticosteroid Hormone Receptor Agonists [MoA];Corticosteroid [EPC],62332-550-18;62332-550-59,1 BOTTLE in 1 CARTON (62332-550-18) / 118 mL in 1 BOTTLE | 1 BOTTLE in 1 CARTON (62332-550-59) / 59 mL in 1 BOTTLE,90f27c9b-5c9e-4152-9ddf-659231ca993a,20200828,,20271231,0
62332-632,corticosteroid,desonide,Desonide,desonide,Alembic Pharmaceuticals Inc.,DESONIDE .5 mg/g,desonide 0.05%,"[{""name"":""DESONIDE"",""strength"":"".5 mg/g"",""pct"":0.05,""display"":""0.05%""}]",CREAM,TOPICAL,ANDA,ANDA214396,HUMAN PRESCRIPTION DRUG,Corticosteroid Hormone Receptor Agonists [MoA];Corticosteroid [EPC],62332-632-15;62332-632-60,1 TUBE in 1 CARTON (62332-632-15) / 15 g in 1 TUBE | 1 TUBE in 1 CARTON (62332-632-60) / 60 g in 1 TUBE,c3420815-e9d8-4c19-b601-b918b0aa1f84,20221208,,20271231,0
70771-1381,corticosteroid,desonide,Desonide,desonide,Zydus Lifesciences Limited,DESONIDE .5 mg/g,desonide 0.05%,"[{""name"":""DESONIDE"",""strength"":"".5 mg/g"",""pct"":0.05,""display"":""0.05%""}]",CREAM,TOPICAL,ANDA,ANDA210198,HUMAN PRESCRIPTION DRUG,Corticosteroid Hormone Receptor Agonists [MoA];Corticosteroid [EPC],70771-1381-1;70771-1381-3,1 TUBE in 1 CARTON (70771-1381-1) / 15 g in 1 TUBE | 1 TUBE in 1 CARTON (70771-1381-3) / 60 g in 1 TUBE,e381c179-426d-4e4d-9f67-00ac632ac03e,20191125,,20271231,0
72578-086,corticosteroid,desonide,Desonide,desonide,Viona Pharmaceuticals Inc,DESONIDE .5 mg/g,desonide 0.05%,"[{""name"":""DESONIDE"",""strength"":"".5 mg/g"",""pct"":0.05,""display"":""0.05%""}]",CREAM,TOPICAL,ANDA,ANDA210198,HUMAN PRESCRIPTION DRUG,Corticosteroid Hormone Receptor Agonists [MoA];Corticosteroid [EPC],72578-086-01;72578-086-02,1 TUBE in 1 CARTON (72578-086-01) / 15 g in 1 TUBE | 1 TUBE in 1 CARTON (72578-086-02) / 60 g in 1 TUBE,fdeb2a20-a612-4ae5-9178-222295271274,20200617,,20271231,0
72603-164,corticosteroid,desonide,Desonide,desonide,NORTHSTAR RX LLC,DESONIDE .5 mg/g,desonide 0.05%,"[{""name"":""DESONIDE"",""strength"":"".5 mg/g"",""pct"":0.05,""display"":""0.05%""}]",OINTMENT,TOPICAL,ANDA,ANDA074254,HUMAN PRESCRIPTION DRUG,Corticosteroid Hormone Receptor Agonists [MoA];Corticosteroid [EPC],72603-164-01;72603-164-02,1 TUBE in 1 CARTON (72603-164-01) / 15 g in 1 TUBE | 1 TUBE in 1 CARTON (72603-164-02) / 60 g in 1 TUBE,bec5bd7f-2837-4767-8aa2-582cf58c6d2f,20230907,,20261231,0
69482-600,corticosteroid,desonide,Tridesilon Cream,desonide 0.05%,Encore Dermatology Inc,DESONIDE .03 g/60g,desonide 0.05%,"[{""name"":""DESONIDE"",""strength"":"".03 g/60g"",""pct"":0.05,""display"":""0.05%""}]",CREAM,TOPICAL,NDA,NDA017010,HUMAN PRESCRIPTION DRUG,Corticosteroid Hormone Receptor Agonists [MoA];Corticosteroid [EPC],69482-600-60,1 TUBE in 1 CARTON (69482-600-60) / 1 g in 1 TUBE,30d60cbc-fba8-7209-e054-00144ff8d46c,20161001,,20261231,0
21922-004,corticosteroid,desonide,"Desonide Ointment, 0.05%","desonide ointment, 0.05%","Encube Ethicals, Inc.",DESONIDE .5 mg/g,desonide 0.05%,"[{""name"":""DESONIDE"",""strength"":"".5 mg/g"",""pct"":0.05,""display"":""0.05%""}]",OINTMENT,TOPICAL,ANDA,ANDA210998,HUMAN PRESCRIPTION DRUG,Corticosteroid Hormone Receptor Agonists [MoA];Corticosteroid [EPC],21922-004-04;21922-004-07,1 TUBE in 1 CARTON (21922-004-04) / 15 g in 1 TUBE | 1 TUBE in 1 CARTON (21922-004-07) / 60 g in 1 TUBE,3d4d19d4-e47b-407e-9df4-fed5f3db91b9,20190320,,20271231,0
68180-946,corticosteroid,desoximetasone,DESOXIMETASONE,desoximetasone,"Lupin Pharmaceuticals, Inc.",DESOXIMETASONE 2.5 mg/g,desoximetasone 0.25%,"[{""name"":""DESOXIMETASONE"",""strength"":""2.5 mg/g"",""pct"":0.25,""display"":""0.25%""}]",OINTMENT,TOPICAL,ANDA,ANDA208104,HUMAN PRESCRIPTION DRUG,Corticosteroid Hormone Receptor Agonists [MoA];Corticosteroid [EPC],68180-946-01;68180-946-04,1 TUBE in 1 CARTON (68180-946-01) / 15 g in 1 TUBE | 1 TUBE in 1 CARTON (68180-946-04) / 60 g in 1 TUBE,65e5f3c5-ef24-4e21-9427-fa0d5c283098,20170510,,20261231,0
71656-087,corticosteroid,desoximetasone,DESOXIMETASONE,desoximetasone,"Saptalis Pharmaceuticals, LLC.",DESOXIMETASONE 2.5 mg/g,desoximetasone 0.25%,"[{""name"":""DESOXIMETASONE"",""strength"":""2.5 mg/g"",""pct"":0.25,""display"":""0.25%""}]",CREAM,TOPICAL,ANDA,ANDA203234,HUMAN PRESCRIPTION DRUG,Corticosteroid Hormone Receptor Agonists [MoA];Corticosteroid [EPC],71656-087-15;71656-087-60,15 TUBE in 1 CARTON (71656-087-15) / 15 g in 1 TUBE | 60 TUBE in 1 CARTON (71656-087-60) / 60 g in 1 TUBE,c84c7168-3d46-4e05-a25c-3d594ff94268,20260507,,20271231,0
0472-0479,corticosteroid,desoximetasone,Desoximetasone,desoximetasone,"Actavis Pharma, Inc.",DESOXIMETASONE 2.5 mg/g,desoximetasone 0.25%,"[{""name"":""DESOXIMETASONE"",""strength"":""2.5 mg/g"",""pct"":0.25,""display"":""0.25%""}]",OINTMENT,TOPICAL,ANDA,ANDA204965,HUMAN PRESCRIPTION DRUG,Corticosteroid Hormone Receptor Agonists [MoA];Corticosteroid [EPC],0472-0479-15;0472-0479-60,1 TUBE in 1 CARTON (0472-0479-15) / 15 g in 1 TUBE | 1 TUBE in 1 CARTON (0472-0479-60) / 60 g in 1 TUBE,c342beac-547b-4b0b-a39c-44a0961f924b,20161121,20261130,,0
40032-024,corticosteroid,desoximetasone,Desoximetasone,desoximetasone,"Novel Laboratories, Inc.",DESOXIMETASONE 2.5 mg/g,desoximetasone 0.25%,"[{""name"":""DESOXIMETASONE"",""strength"":""2.5 mg/g"",""pct"":0.25,""display"":""0.25%""}]",OINTMENT,TOPICAL,ANDA,ANDA206792,HUMAN PRESCRIPTION DRUG,Corticosteroid Hormone Receptor Agonists [MoA];Corticosteroid [EPC],40032-024-60;40032-024-61,1 TUBE in 1 CARTON (40032-024-60) / 60 g in 1 TUBE | 1 TUBE in 1 CARTON (40032-024-61) / 15 g in 1 TUBE,781a7bba-b00d-4ceb-aefe-74c73d263b67,20160510,,20261231,0
45802-495,corticosteroid,desoximetasone,Desoximetasone,desoximetasone,Padagis Israel Pharmaceuticals Ltd,DESOXIMETASONE 2.5 mg/g,desoximetasone 0.25%,"[{""name"":""DESOXIMETASONE"",""strength"":""2.5 mg/g"",""pct"":0.25,""display"":""0.25%""}]",CREAM,TOPICAL,ANDA,ANDA076510,HUMAN PRESCRIPTION DRUG,Corticosteroid Hormone Receptor Agonists [MoA];Corticosteroid [EPC],45802-495-35;45802-495-37,1 TUBE in 1 CARTON (45802-495-35) / 15 g in 1 TUBE | 1 TUBE in 1 CARTON (45802-495-37) / 60 g in 1 TUBE,4ad6c159-4daa-4a33-8db6-351b5263323d,20061024,,20261231,0
51672-1261,corticosteroid,desoximetasone,Desoximetasone,desoximetasone,"Sun Pharmaceutical Industries, Inc.",DESOXIMETASONE .5 mg/g,desoximetasone 0.05%,"[{""name"":""DESOXIMETASONE"",""strength"":"".5 mg/g"",""pct"":0.05,""display"":""0.05%""}]",GEL,TOPICAL,ANDA,ANDA074904,HUMAN PRESCRIPTION DRUG,Corticosteroid Hormone Receptor Agonists [MoA];Corticosteroid [EPC],51672-1261-1;51672-1261-2;51672-1261-3,1 TUBE in 1 CARTON (51672-1261-1) / 15 g in 1 TUBE | 1 TUBE in 1 CARTON (51672-1261-2) / 30 g in 1 TUBE | 1 TUBE in 1 CARTON (51672-1261-3) / 60 g in 1 TUBE,37eb1205-1743-4480-8631-b0bbcaeb8359,19980714,,20261231,0
51672-1262,corticosteroid,desoximetasone,Desoximetasone,desoximetasone,"Sun Pharmaceutical Industries, Inc.",DESOXIMETASONE 2.5 mg/g,desoximetasone 0.25%,"[{""name"":""DESOXIMETASONE"",""strength"":""2.5 mg/g"",""pct"":0.25,""display"":""0.25%""}]",OINTMENT,TOPICAL,ANDA,ANDA074286,HUMAN PRESCRIPTION DRUG,Corticosteroid Hormone Receptor Agonists [MoA];Corticosteroid [EPC],51672-1262-1;51672-1262-2;51672-1262-3;51672-1262-7,1 TUBE in 1 CARTON (51672-1262-1) / 15 g in 1 TUBE | 1 TUBE in 1 CARTON (51672-1262-2) / 30 g in 1 TUBE | 1 TUBE in 1 CARTON (51672-1262-3) / 60 g in 1 TUBE | 1 TUBE in 1 CARTON (51672-1262-7) / 100 g in 1 TUBE,627031fc-9b91-4854-b08f-f9fc0c73f1de,19960607,,20261231,0
51672-1270,corticosteroid,desoximetasone,Desoximetasone,desoximetasone,"Sun Pharmaceutical Industries, Inc.",DESOXIMETASONE 2.5 mg/g,desoximetasone 0.25%,"[{""name"":""DESOXIMETASONE"",""strength"":""2.5 mg/g"",""pct"":0.25,""display"":""0.25%""}]",CREAM,TOPICAL,ANDA,ANDA073193,HUMAN PRESCRIPTION DRUG,Corticosteroid Hormone Receptor Agonists [MoA];Corticosteroid [EPC],51672-1270-1;51672-1270-2;51672-1270-3;51672-1270-7,1 TUBE in 1 CARTON (51672-1270-1) / 15 g in 1 TUBE | 1 TUBE in 1 CARTON (51672-1270-2) / 30 g in 1 TUBE | 1 TUBE in 1 CARTON (51672-1270-3) / 60 g in 1 TUBE | 1 TUBE in 1 CARTON (51672-1270-7) / 100 g in 1 TUBE,37eb1205-1743-4480-8631-b0bbcaeb8359,19901130,,20261231,0
51672-1271,corticosteroid,desoximetasone,Desoximetasone,desoximetasone,"Sun Pharmaceutical Industries, Inc.",DESOXIMETASONE .5 mg/g,desoximetasone 0.05%,"[{""name"":""DESOXIMETASONE"",""strength"":"".5 mg/g"",""pct"":0.05,""display"":""0.05%""}]",CREAM,TOPICAL,ANDA,ANDA073210,HUMAN PRESCRIPTION DRUG,Corticosteroid Hormone Receptor Agonists [MoA];Corticosteroid [EPC],51672-1271-1;51672-1271-2;51672-1271-3;51672-1271-7,1 TUBE in 1 CARTON (51672-1271-1) / 15 g in 1 TUBE | 1 TUBE in 1 CARTON (51672-1271-2) / 30 g in 1 TUBE | 1 TUBE in 1 CARTON (51672-1271-3) / 60 g in 1 TUBE | 1 TUBE in 1 CARTON (51672-1271-7) / 100 g in 1 TUBE,37eb1205-1743-4480-8631-b0bbcaeb8359,19901130,,20261231,0
51672-1352,corticosteroid,desoximetasone,Desoximetasone,desoximetasone,"Sun Pharmaceutical Industries, Inc.",DESOXIMETASONE .5 mg/g,desoximetasone 0.05%,"[{""name"":""DESOXIMETASONE"",""strength"":"".5 mg/g"",""pct"":0.05,""display"":""0.05%""}]",OINTMENT,TOPICAL,NDA,NDA018594,HUMAN PRESCRIPTION DRUG,Corticosteroid Hormone Receptor Agonists [MoA];Corticosteroid [EPC],51672-1352-1;51672-1352-2;51672-1352-3;51672-1352-7,1 TUBE in 1 CARTON (51672-1352-1) / 15 g in 1 TUBE | 1 TUBE in 1 CARTON (51672-1352-2) / 30 g in 1 TUBE | 1 TUBE in 1 CARTON (51672-1352-3) / 60 g in 1 TUBE | 1 TUBE in 1 CARTON (51672-1352-7) / 100 g in 1 TUBE,96898d55-aa50-4281-8c23-ec4738ede394,19850117,,20261231,0
51672-1396,corticosteroid,desoximetasone,Desoximetasone,desoximetasone,"Sun Pharmaceutical Industries, Inc.",DESOXIMETASONE 2.5 mg/mL,desoximetasone 0.25%,"[{""name"":""DESOXIMETASONE"",""strength"":""2.5 mg/mL"",""pct"":0.25,""display"":""0.25%""}]",SPRAY,TOPICAL,NDA AUTHORIZED GENERIC,NDA204141,HUMAN PRESCRIPTION DRUG,Corticosteroid Hormone Receptor Agonists [MoA];Corticosteroid [EPC],51672-1396-3;51672-1396-4;51672-1396-6;51672-1396-7,"1 BOTTLE, SPRAY in 1 CARTON (51672-1396-3) / 30 mL in 1 BOTTLE, SPRAY | 1 BOTTLE, SPRAY in 1 CARTON (51672-1396-4) / 50 mL in 1 BOTTLE, SPRAY | 2 BOTTLE, SPRAY in 1 CARTON (51672-1396-6) / 50 mL in 1 BOTTLE, SPRAY | 1 BOTTLE, SPRAY in 1 CARTON (51672-1396-7) / 100 mL in 1 BOTTLE, SPRAY",b046ab97-ba1a-4be6-a238-09670b38b397,20130411,,20261231,0
68180-944,corticosteroid,desoximetasone,Desoximetasone,desoximetasone,"Lupin Pharmaceuticals, Inc.",DESOXIMETASONE 2.5 mg/mL,desoximetasone 0.25%,"[{""name"":""DESOXIMETASONE"",""strength"":""2.5 mg/mL"",""pct"":0.25,""display"":""0.25%""}]",SPRAY,TOPICAL,ANDA,ANDA208124,HUMAN PRESCRIPTION DRUG,Corticosteroid Hormone Receptor Agonists [MoA];Corticosteroid [EPC],68180-944-33,1 BOTTLE in 1 CARTON (68180-944-33) / 100 mL in 1 BOTTLE,e4b648f4-c65d-44b3-a97a-657730f65322,20180720,,20271231,0
68180-948,corticosteroid,desoximetasone,Desoximetasone,desoximetasone,"Lupin Pharmaceuticals, Inc.",DESOXIMETASONE .5 mg/g,desoximetasone 0.05%,"[{""name"":""DESOXIMETASONE"",""strength"":"".5 mg/g"",""pct"":0.05,""display"":""0.05%""}]",OINTMENT,TOPICAL,ANDA,ANDA208044,HUMAN PRESCRIPTION DRUG,Corticosteroid Hormone Receptor Agonists [MoA];Corticosteroid [EPC],68180-948-04,1 TUBE in 1 CARTON (68180-948-04) / 60 g in 1 TUBE,b53727cf-a57f-443f-8036-3d4bd2737540,20170425,,20261231,0
68180-949,corticosteroid,desoximetasone,Desoximetasone,desoximetasone,"Lupin Pharmaceuticals, Inc.",DESOXIMETASONE .5 mg/g,desoximetasone 0.05%,"[{""name"":""DESOXIMETASONE"",""strength"":"".5 mg/g"",""pct"":0.05,""display"":""0.05%""}]",CREAM,TOPICAL,ANDA,ANDA208163,HUMAN PRESCRIPTION DRUG,Corticosteroid Hormone Receptor Agonists [MoA];Corticosteroid [EPC],68180-949-02;68180-949-04,1 TUBE in 1 CARTON (68180-949-02) / 60 g in 1 TUBE | 1 TUBE in 1 CARTON (68180-949-04) / 100 g in 1 TUBE,da2a8a3e-f187-4906-8fe3-246cc31de16f,20170620,,20261231,0
68180-950,corticosteroid,desoximetasone,Desoximetasone,desoximetasone,"Lupin Pharmaceuticals, Inc.",DESOXIMETASONE 2.5 mg/g,desoximetasone 0.25%,"[{""name"":""DESOXIMETASONE"",""strength"":""2.5 mg/g"",""pct"":0.25,""display"":""0.25%""}]",CREAM,TOPICAL,ANDA,ANDA208164,HUMAN PRESCRIPTION DRUG,Corticosteroid Hormone Receptor Agonists [MoA];Corticosteroid [EPC],68180-950-01;68180-950-02;68180-950-04,1 TUBE in 1 CARTON (68180-950-01) / 15 g in 1 TUBE | 1 TUBE in 1 CARTON (68180-950-02) / 60 g in 1 TUBE | 1 TUBE in 1 CARTON (68180-950-04) / 100 g in 1 TUBE,f53ddb86-bf8a-4bb3-b7ce-387fa78d9066,20170620,,20261231,0
68462-531,corticosteroid,desoximetasone,Desoximetasone,desoximetasone,"Glenmark Pharmaceuticals Inc., USA",DESOXIMETASONE 2.5 mg/g,desoximetasone 0.25%,"[{""name"":""DESOXIMETASONE"",""strength"":""2.5 mg/g"",""pct"":0.25,""display"":""0.25%""}]",OINTMENT,TOPICAL,ANDA,ANDA202838,HUMAN PRESCRIPTION DRUG,Corticosteroid Hormone Receptor Agonists [MoA];Corticosteroid [EPC],68462-531-17;68462-531-65,15 g in 1 TUBE (68462-531-17) | 60 g in 1 TUBE (68462-531-65),ea742af6-9359-46c3-9164-ab53e8c1461e,20130920,,20261231,0
71656-086,corticosteroid,desoximetasone,Desoximetasone,desoximetasone,"Saptalis Pharmaceuticals, LLC.",DESOXIMETASONE .5 mg/g,desoximetasone 0.05%,"[{""name"":""DESOXIMETASONE"",""strength"":"".5 mg/g"",""pct"":0.05,""display"":""0.05%""}]",CREAM,TOPICAL,ANDA,ANDA203787,HUMAN PRESCRIPTION DRUG,Corticosteroid Hormone Receptor Agonists [MoA];Corticosteroid [EPC],71656-086-15;71656-086-60,15 TUBE in 1 CARTON (71656-086-15) / 15 g in 1 TUBE | 60 TUBE in 1 CARTON (71656-086-60) / 60 g in 1 TUBE,827aee22-cf48-477c-8791-c74f16da954d,20260413,,20271231,0
83148-021,corticosteroid,desoximetasone,Desoximetasone,desoximetasone,The J. Molner Company LLC,DESOXIMETASONE .5 mg/g,desoximetasone 0.05%,"[{""name"":""DESOXIMETASONE"",""strength"":"".5 mg/g"",""pct"":0.05,""display"":""0.05%""}]",OINTMENT,TOPICAL,ANDA,ANDA209973,HUMAN PRESCRIPTION DRUG,Corticosteroid Hormone Receptor Agonists [MoA];Corticosteroid [EPC],83148-021-60;83148-021-99,1 TUBE in 1 CARTON (83148-021-60) / 60 g in 1 TUBE | 1 TUBE in 1 CARTON (83148-021-99) / 100 g in 1 TUBE,2bbb5200-8355-ba86-e063-6394a90a23b6,20250201,,20261231,0
51672-5263,corticosteroid,desoximetasone,Topicort,desoximetasone,"Sun Pharmaceutical Industries, Inc.",DESOXIMETASONE .5 mg/g,desoximetasone 0.05%,"[{""name"":""DESOXIMETASONE"",""strength"":"".5 mg/g"",""pct"":0.05,""display"":""0.05%""}]",OINTMENT,TOPICAL,NDA,NDA018594,HUMAN PRESCRIPTION DRUG,Corticosteroid Hormone Receptor Agonists [MoA];Corticosteroid [EPC],51672-5263-1;51672-5263-2;51672-5263-5;51672-5263-7,1 TUBE in 1 CARTON (51672-5263-1) / 15 g in 1 TUBE | 1 TUBE in 1 CARTON (51672-5263-2) / 30 g in 1 TUBE | 10 TUBE in 1 CARTON (51672-5263-5) / 5 g in 1 TUBE | 1 TUBE in 1 CARTON (51672-5263-7) / 100 g in 1 TUBE,96dfac6f-540f-4b7d-bcee-7e62088ebc93,19850117,,20271231,0
51672-5281,corticosteroid,desoximetasone,Topicort,desoximetasone,"Sun Pharmaceutical Industries, Inc.",DESOXIMETASONE 2.5 mg/mL,desoximetasone 0.25%,"[{""name"":""DESOXIMETASONE"",""strength"":""2.5 mg/mL"",""pct"":0.25,""display"":""0.25%""}]",SPRAY,TOPICAL,NDA,NDA204141,HUMAN PRESCRIPTION DRUG,Corticosteroid Hormone Receptor Agonists [MoA];Corticosteroid [EPC],51672-5281-0;51672-5281-3;51672-5281-4;51672-5281-6;51672-5281-7,1 BOTTLE in 1 CARTON (51672-5281-0) / 6 mL in 1 BOTTLE | 1 BOTTLE in 1 CARTON (51672-5281-3) / 30 mL in 1 BOTTLE | 1 BOTTLE in 1 CARTON (51672-5281-4) / 50 mL in 1 BOTTLE | 2 BOTTLE in 1 CARTON (51672-5281-6) / 50 mL in 1 BOTTLE | 1 BOTTLE in 1 CARTON (51672-5281-7) / 100 mL in 1 BOTTLE,e417856a-b760-4626-bc34-8e4bc62c026c,20130411,,20261231,0
45802-496,corticosteroid,desoximetasone,desoximetasone,desoximetasone,Padagis Israel Pharmaceuticals Ltd,DESOXIMETASONE 2.5 mg/g,desoximetasone 0.25%,"[{""name"":""DESOXIMETASONE"",""strength"":""2.5 mg/g"",""pct"":0.25,""display"":""0.25%""}]",OINTMENT,TOPICAL,ANDA,ANDA077770,HUMAN PRESCRIPTION DRUG,Corticosteroid Hormone Receptor Agonists [MoA];Corticosteroid [EPC],45802-496-14;45802-496-96,1 TUBE in 1 CARTON (45802-496-14) / 15 g in 1 TUBE | 1 TUBE in 1 CARTON (45802-496-96) / 60 g in 1 TUBE,4025ed23-a591-4754-8dbb-4da18f49a3e3,20150514,,20261231,0
45802-807,corticosteroid,desoximetasone,desoximetasone,desoximetasone,Padagis Israel Pharmaceuticals Ltd,DESOXIMETASONE 2.5 mg/mL,desoximetasone 0.25%,"[{""name"":""DESOXIMETASONE"",""strength"":""2.5 mg/mL"",""pct"":0.25,""display"":""0.25%""}]",SPRAY,TOPICAL,ANDA,ANDA206441,HUMAN PRESCRIPTION DRUG,Corticosteroid Hormone Receptor Agonists [MoA];Corticosteroid [EPC],45802-807-98,"1 BOTTLE, SPRAY in 1 CARTON (45802-807-98) / 100 mL in 1 BOTTLE, SPRAY",dc104fb8-4d7c-4bed-b2d8-8d9cfe8f0e5b,20181206,,20261231,0
70771-1166,corticosteroid,desoximetasone,desoximetasone,desoximetasone,Zydus Lifesciences Limited,DESOXIMETASONE 2.5 mg/g,desoximetasone 0.25%,"[{""name"":""DESOXIMETASONE"",""strength"":""2.5 mg/g"",""pct"":0.25,""display"":""0.25%""}]",OINTMENT,TOPICAL,ANDA,ANDA205206,HUMAN PRESCRIPTION DRUG,Corticosteroid Hormone Receptor Agonists [MoA];Corticosteroid [EPC],70771-1166-0;70771-1166-1;70771-1166-3,1 TUBE in 1 CARTON (70771-1166-0) / 100 g in 1 TUBE | 1 TUBE in 1 CARTON (70771-1166-1) / 15 g in 1 TUBE | 1 TUBE in 1 CARTON (70771-1166-3) / 60 g in 1 TUBE,959e396a-2458-43b5-b412-db1974d58d8d,20171205,,20261231,0
70771-1437,corticosteroid,desoximetasone,desoximetasone,desoximetasone,Zydus Lifesciences Limited,DESOXIMETASONE 2.5 mg/g,desoximetasone 0.25%,"[{""name"":""DESOXIMETASONE"",""strength"":""2.5 mg/g"",""pct"":0.25,""display"":""0.25%""}]",CREAM,TOPICAL,ANDA,ANDA205620,HUMAN PRESCRIPTION DRUG,Corticosteroid Hormone Receptor Agonists [MoA];Corticosteroid [EPC],70771-1437-0;70771-1437-1;70771-1437-3,1 TUBE in 1 CARTON (70771-1437-0) / 100 g in 1 TUBE | 1 TUBE in 1 CARTON (70771-1437-1) / 15 g in 1 TUBE | 1 TUBE in 1 CARTON (70771-1437-3) / 60 g in 1 TUBE,b780701b-5572-48bc-a5f4-00248eaddd3b,20190212,,20261231,0
72578-091,corticosteroid,desoximetasone,desoximetasone,desoximetasone,Viona Pharmaceuticals Inc,DESOXIMETASONE 2.5 mg/g,desoximetasone 0.25%,"[{""name"":""DESOXIMETASONE"",""strength"":""2.5 mg/g"",""pct"":0.25,""display"":""0.25%""}]",CREAM,TOPICAL,ANDA,ANDA205620,HUMAN PRESCRIPTION DRUG,Corticosteroid Hormone Receptor Agonists [MoA];Corticosteroid [EPC],72578-091-01;72578-091-02;72578-091-03,1 TUBE in 1 CARTON (72578-091-01) / 15 g in 1 TUBE | 1 TUBE in 1 CARTON (72578-091-02) / 60 g in 1 TUBE | 1 TUBE in 1 CARTON (72578-091-03) / 100 g in 1 TUBE,309a93de-ce89-4244-959a-3236d5e95c06,20200831,,20261231,0
72578-095,corticosteroid,desoximetasone,desoximetasone,desoximetasone,Viona Pharmaceuticals Inc,DESOXIMETASONE 2.5 mg/g,desoximetasone 0.25%,"[{""name"":""DESOXIMETASONE"",""strength"":""2.5 mg/g"",""pct"":0.25,""display"":""0.25%""}]",OINTMENT,TOPICAL,ANDA,ANDA205206,HUMAN PRESCRIPTION DRUG,Corticosteroid Hormone Receptor Agonists [MoA];Corticosteroid [EPC],72578-095-01;72578-095-02;72578-095-03,1 TUBE in 1 CARTON (72578-095-01) / 15 g in 1 TUBE | 1 TUBE in 1 CARTON (72578-095-02) / 60 g in 1 TUBE | 1 TUBE in 1 CARTON (72578-095-03) / 100 g in 1 TUBE,f8e213a9-5e80-45e2-834c-7734dd39c1ac,20201023,,20261231,0
51672-1295,corticosteroid,diflorasone,Diflorasone Diacetate,diflorasone diacetate,"Sun Pharmaceutical Industries, Inc.",DIFLORASONE DIACETATE .5 mg/g,diflorasone diacetate 0.05%,"[{""name"":""DIFLORASONE DIACETATE"",""strength"":"".5 mg/g"",""pct"":0.05,""display"":""0.05%""}]",OINTMENT,TOPICAL,ANDA,ANDA075331,HUMAN PRESCRIPTION DRUG,Corticosteroid Hormone Receptor Agonists [MoA];Corticosteroid [EPC],51672-1295-1;51672-1295-2;51672-1295-3,1 TUBE in 1 CARTON (51672-1295-1) / 15 g in 1 TUBE | 1 TUBE in 1 CARTON (51672-1295-2) / 30 g in 1 TUBE | 1 TUBE in 1 CARTON (51672-1295-3) / 60 g in 1 TUBE,b304dfca-e840-4c03-8217-73aaa5360277,19990514,,20261231,0
51672-1296,corticosteroid,diflorasone,Diflorasone Diacetate,diflorasone diacetate,"Sun Pharmaceutical Industries, Inc.",DIFLORASONE DIACETATE .5 mg/g,diflorasone diacetate 0.05%,"[{""name"":""DIFLORASONE DIACETATE"",""strength"":"".5 mg/g"",""pct"":0.05,""display"":""0.05%""}]",CREAM,TOPICAL,ANDA,ANDA075508,HUMAN PRESCRIPTION DRUG,Corticosteroid Hormone Receptor Agonists [MoA];Corticosteroid [EPC],51672-1296-1;51672-1296-2;51672-1296-3,1 TUBE in 1 CARTON (51672-1296-1) / 15 g in 1 TUBE | 1 TUBE in 1 CARTON (51672-1296-2) / 30 g in 1 TUBE | 1 TUBE in 1 CARTON (51672-1296-3) / 60 g in 1 TUBE,b20c9420-8fb4-4a49-93f0-c0e4074d6d71,20000424,,20261231,0
64980-124,corticosteroid,diflorasone,Diflorasone Diacetate,diflorasone diacetate,"Rising Pharma Holdings, Inc.",DIFLORASONE DIACETATE .5 mg/g,diflorasone diacetate 0.05%,"[{""name"":""DIFLORASONE DIACETATE"",""strength"":"".5 mg/g"",""pct"":0.05,""display"":""0.05%""}]",OINTMENT,TOPICAL,ANDA,ANDA207440,HUMAN PRESCRIPTION DRUG,Corticosteroid Hormone Receptor Agonists [MoA];Corticosteroid [EPC],64980-124-03;64980-124-15;64980-124-45;64980-124-60,1 TUBE in 1 CARTON (64980-124-03) / 30 g in 1 TUBE | 1 TUBE in 1 CARTON (64980-124-15) / 15 g in 1 TUBE | 1 TUBE in 1 CARTON (64980-124-45) / 45 g in 1 TUBE | 1 TUBE in 1 CARTON (64980-124-60) / 60 g in 1 TUBE,23eb27a4-157f-4eb5-a390-37586710808f,20170227,,20261231,0
51672-5292,corticosteroid,diflorasone,psorcon,diflorasone diacetate,"Sun Pharmaceutical Industries, Inc.",DIFLORASONE DIACETATE 5 mg/g,diflorasone diacetate 0.5%,"[{""name"":""DIFLORASONE DIACETATE"",""strength"":""5 mg/g"",""pct"":0.5,""display"":""0.5%""}]",CREAM,TOPICAL,ANDA,ANDA075508,HUMAN PRESCRIPTION DRUG,Corticosteroid Hormone Receptor Agonists [MoA];Corticosteroid [EPC],51672-5292-3;51672-5292-5,1 TUBE in 1 CARTON (51672-5292-3) / 60 g in 1 TUBE | 1 TUBE in 1 CARTON (51672-5292-5) / 5 g in 1 TUBE,de40cc65-f955-423f-9cbd-bc2245c4f982,20140801,,20261231,0
68791-102,corticosteroid,fluocinolone,DERMA-SMOOTHE/FS,fluocinolone acetonide,Royal Pharmaceuticals,FLUOCINOLONE ACETONIDE .11 mg/mL,fluocinolone acetonide 0.011%,"[{""name"":""FLUOCINOLONE ACETONIDE"",""strength"":"".11 mg/mL"",""pct"":0.011,""display"":""0.011%""}]",OIL,TOPICAL,NDA,NDA019452,HUMAN PRESCRIPTION DRUG,Corticosteroid Hormone Receptor Agonists [MoA];Corticosteroid [EPC],68791-102-04,1 BOTTLE in 1 CARTON (68791-102-04) / 118.28 mL in 1 BOTTLE,113e167a-a9fe-440e-9446-d6d87963ef46,19950216,,20271231,0
68791-101,corticosteroid,fluocinolone,Derma-Smoothe/FS,fluocinolone acetonide,"Royal Pharmaceuticals, LLC",FLUOCINOLONE ACETONIDE .11 mg/mL,fluocinolone acetonide 0.011%,"[{""name"":""FLUOCINOLONE ACETONIDE"",""strength"":"".11 mg/mL"",""pct"":0.011,""display"":""0.011%""}]",OIL,TOPICAL,NDA,NDA019452,HUMAN PRESCRIPTION DRUG,Corticosteroid Hormone Receptor Agonists [MoA];Corticosteroid [EPC],68791-101-04,1 BOTTLE in 1 CARTON (68791-101-04) / 118.28 mL in 1 BOTTLE,bc61c619-a71c-46f5-80f1-9e9ee71134aa,19950216,,20271231,0
0713-0709,corticosteroid,fluocinolone,FLUOCINOLONE ACETONIDE,fluocinolone acetonide,"Cosette Pharmaceuticals, Inc.",FLUOCINOLONE ACETONIDE .25 mg/g,fluocinolone acetonide 0.025%,"[{""name"":""FLUOCINOLONE ACETONIDE"",""strength"":"".25 mg/g"",""pct"":0.025,""display"":""0.025%""}]",CREAM,TOPICAL,ANDA,ANDA210747,HUMAN PRESCRIPTION DRUG,Corticosteroid Hormone Receptor Agonists [MoA];Corticosteroid [EPC],0713-0709-15;0713-0709-60,1 TUBE in 1 CARTON (0713-0709-15) / 15 g in 1 TUBE | 1 TUBE in 1 CARTON (0713-0709-60) / 60 g in 1 TUBE,a6e77bc5-ddb3-491a-bf16-d6d253886bb0,20181105,,20261231,0
68462-590,corticosteroid,fluocinolone,FLUOCINOLONE ACETONIDE,fluocinolone acetonide,"Glenmark Pharmaceuticals Inc., USA",FLUOCINOLONE ACETONIDE .11 mg/mL,fluocinolone acetonide 0.011%,"[{""name"":""FLUOCINOLONE ACETONIDE"",""strength"":"".11 mg/mL"",""pct"":0.011,""display"":""0.011%""}]",OIL,TOPICAL,ANDA,ANDA210539,HUMAN PRESCRIPTION DRUG,Corticosteroid Hormone Receptor Agonists [MoA];Corticosteroid [EPC],68462-590-89,1 BOTTLE in 1 CARTON (68462-590-89) / 118.28 mL in 1 BOTTLE,47de7132-c692-4c77-8160-ab0c1f501a7c,20181030,,20261231,0
64980-330,corticosteroid,fluocinolone,FLUOCINOLONE ACETONIDE Oil,fluocinolone acetonide,"RISING PHARMA HOLDINGS, INC.",FLUOCINOLONE ACETONIDE .11 mg/mL,fluocinolone acetonide 0.011%,"[{""name"":""FLUOCINOLONE ACETONIDE"",""strength"":"".11 mg/mL"",""pct"":0.011,""display"":""0.011%""}]",OIL,TOPICAL,ANDA,ANDA090982,HUMAN PRESCRIPTION DRUG,Corticosteroid Hormone Receptor Agonists [MoA];Corticosteroid [EPC],64980-330-04,118.28 mL in 1 BOTTLE (64980-330-04),f4a58ecc-cd50-4414-add1-a82b09da2058,20160718,,20271231,0
0168-0059,corticosteroid,fluocinolone,Fluocinolone Acetonide,fluocinolone acetonide,"Fougera Pharmaceuticals, LLC",FLUOCINOLONE ACETONIDE .1 mg/mL,fluocinolone acetonide 0.01%,"[{""name"":""FLUOCINOLONE ACETONIDE"",""strength"":"".1 mg/mL"",""pct"":0.01,""display"":""0.01%""}]",SOLUTION,TOPICAL,ANDA,ANDA088167,HUMAN PRESCRIPTION DRUG,Corticosteroid Hormone Receptor Agonists [MoA];Corticosteroid [EPC],0168-0059-60,60 mL in 1 BOTTLE (0168-0059-60),5649e15a-6a7c-4752-ac28-01e453afb37e,19821216,,20271231,0
0168-0064,corticosteroid,fluocinolone,Fluocinolone Acetonide,fluocinolone acetonide,"E. Fougera & Co. a division of Fougera Pharmaceuticals, LLC",FLUOCINOLONE ACETONIDE .25 mg/g,fluocinolone acetonide 0.025%,"[{""name"":""FLUOCINOLONE ACETONIDE"",""strength"":"".25 mg/g"",""pct"":0.025,""display"":""0.025%""}]",OINTMENT,TOPICAL,ANDA,ANDA088168,HUMAN PRESCRIPTION DRUG,Corticosteroid Hormone Receptor Agonists [MoA];Corticosteroid [EPC],0168-0064-15;0168-0064-60,15 g in 1 TUBE (0168-0064-15) | 60 g in 1 TUBE (0168-0064-60),49552e29-7813-4726-b15d-63bd975b6588,19821216,,20271231,0
0713-0223,corticosteroid,fluocinolone,Fluocinolone Acetonide,fluocinolone acetonide,"Cosette Pharmaceuticals, Inc.",FLUOCINOLONE ACETONIDE .1 mg/g,fluocinolone acetonide 0.01%,"[{""name"":""FLUOCINOLONE ACETONIDE"",""strength"":"".1 mg/g"",""pct"":0.01,""display"":""0.01%""}]",CREAM,TOPICAL,ANDA,ANDA089526,HUMAN PRESCRIPTION DRUG,Corticosteroid Hormone Receptor Agonists [MoA];Corticosteroid [EPC],0713-0223-15;0713-0223-60,1 TUBE in 1 CARTON (0713-0223-15) / 15 g in 1 TUBE | 1 TUBE in 1 CARTON (0713-0223-60) / 60 g in 1 TUBE,de5b78ab-ff79-3e0f-cad4-ecab11ebbdcd,19880726,,20261231,0
0713-0224,corticosteroid,fluocinolone,Fluocinolone Acetonide,fluocinolone acetonide,"Cosette Pharmaceuticals, Inc.",FLUOCINOLONE ACETONIDE .25 mg/g,fluocinolone acetonide 0.025%,"[{""name"":""FLUOCINOLONE ACETONIDE"",""strength"":"".25 mg/g"",""pct"":0.025,""display"":""0.025%""}]",OINTMENT,TOPICAL,ANDA,ANDA089524,HUMAN PRESCRIPTION DRUG,Corticosteroid Hormone Receptor Agonists [MoA];Corticosteroid [EPC],0713-0224-15;0713-0224-60,1 TUBE in 1 CARTON (0713-0224-15) / 15 g in 1 TUBE | 1 TUBE in 1 CARTON (0713-0224-60) / 60 g in 1 TUBE,de5b78ab-ff79-3e0f-cad4-ecab11ebbdcd,19880726,,20261231,0
43386-069,corticosteroid,fluocinolone,Fluocinolone Acetonide,fluocinolone acetonide,"Lupin Pharmaceuticals,Inc.",FLUOCINOLONE ACETONIDE .1 mg/mL,fluocinolone acetonide 0.01%,"[{""name"":""FLUOCINOLONE ACETONIDE"",""strength"":"".1 mg/mL"",""pct"":0.01,""display"":""0.01%""}]",SOLUTION,TOPICAL,ANDA,ANDA206422,HUMAN PRESCRIPTION DRUG,Corticosteroid Hormone Receptor Agonists [MoA];Corticosteroid [EPC],43386-069-60,1 BOTTLE in 1 CARTON (43386-069-60) / 60 mL in 1 BOTTLE,460f5a55-6437-4651-bc08-8063ca579c8d,20150902,,20261231,0
51672-1356,corticosteroid,fluocinolone,Fluocinolone Acetonide,fluocinolone acetonide,"Sun Pharmaceutical Industries, Inc.",FLUOCINOLONE ACETONIDE .11 mg/118.28mL,fluocinolone acetonide 0.0001%,"[{""name"":""FLUOCINOLONE ACETONIDE"",""strength"":"".11 mg/118.28mL"",""pct"":0.0001,""display"":""0.0001%""}]",OIL,TOPICAL,ANDA,ANDA202368,HUMAN PRESCRIPTION DRUG,Corticosteroid Hormone Receptor Agonists [MoA];Corticosteroid [EPC],51672-1356-8,1 BOTTLE in 1 CARTON (51672-1356-8) / 118.28 mL in 1 BOTTLE,22e9909a-47d2-4331-9b92-e7c4c2acf739,20160519,,20261231,0
51672-1357,corticosteroid,fluocinolone,Fluocinolone Acetonide,fluocinolone acetonide,"Sun Pharmaceutical Industries, Inc.",FLUOCINOLONE ACETONIDE .11 mg/118.28mL,fluocinolone acetonide 0.0001%,"[{""name"":""FLUOCINOLONE ACETONIDE"",""strength"":"".11 mg/118.28mL"",""pct"":0.0001,""display"":""0.0001%""}]",OIL,TOPICAL,ANDA,ANDA209336,HUMAN PRESCRIPTION DRUG,Corticosteroid Hormone Receptor Agonists [MoA];Corticosteroid [EPC],51672-1357-8,1 BOTTLE in 1 CARTON (51672-1357-8) / 118.28 mL in 1 BOTTLE,b6796a10-9c90-429d-bfd6-33b557dc952c,20160519,,20261231,0
51672-1365,corticosteroid,fluocinolone,Fluocinolone Acetonide,fluocinolone acetonide,"Sun Pharmaceutical Industries, Inc.",FLUOCINOLONE ACETONIDE .1 mg/mL,fluocinolone acetonide 0.01%,"[{""name"":""FLUOCINOLONE ACETONIDE"",""strength"":"".1 mg/mL"",""pct"":0.01,""display"":""0.01%""}]",SOLUTION,TOPICAL,ANDA,ANDA089124,HUMAN PRESCRIPTION DRUG,Corticosteroid Hormone Receptor Agonists [MoA];Corticosteroid [EPC],51672-1365-2;51672-1365-4,1 BOTTLE in 1 CARTON (51672-1365-2) / 20 mL in 1 BOTTLE | 1 BOTTLE in 1 CARTON (51672-1365-4) / 60 mL in 1 BOTTLE,02352ed1-3568-441f-add8-45201351a11c,20150327,,20261231,0
62559-299,corticosteroid,fluocinolone,Fluocinolone Acetonide,fluocinolone acetonide,"ANI Pharmaceuticals, Inc.",FLUOCINOLONE ACETONIDE .25 mg/g,fluocinolone acetonide 0.025%,"[{""name"":""FLUOCINOLONE ACETONIDE"",""strength"":"".25 mg/g"",""pct"":0.025,""display"":""0.025%""}]",OINTMENT,TOPICAL,NDA AUTHORIZED GENERIC,NDA013960,HUMAN PRESCRIPTION DRUG,Corticosteroid Hormone Receptor Agonists [MoA];Corticosteroid [EPC],62559-299-15;62559-299-60,1 TUBE in 1 CARTON (62559-299-15) / 15 g in 1 TUBE | 1 TUBE in 1 CARTON (62559-299-60) / 60 g in 1 TUBE,622c9804-0be0-4dec-a6ba-5cf4b5578a84,20231113,,20271231,0
65162-703,corticosteroid,fluocinolone,Fluocinolone Acetonide,fluocinolone acetonide,Amneal Pharmaceuticals LLC,FLUOCINOLONE ACETONIDE .11 mg/118.28mL,fluocinolone acetonide 0.0001%,"[{""name"":""FLUOCINOLONE ACETONIDE"",""strength"":"".11 mg/118.28mL"",""pct"":0.0001,""display"":""0.0001%""}]",OIL,TOPICAL,ANDA,ANDA201759,HUMAN PRESCRIPTION DRUG,Corticosteroid Hormone Receptor Agonists [MoA];Corticosteroid [EPC],65162-703-86,1 BOTTLE in 1 CARTON (65162-703-86) / 118.28 mL in 1 BOTTLE,,20150922,,20261231,0
70752-156,corticosteroid,fluocinolone,Fluocinolone Acetonide,fluocinolone acetonide,Quagen Pharmaceuticals LLC,FLUOCINOLONE ACETONIDE .11 mg/mL,fluocinolone acetonide 0.011%,"[{""name"":""FLUOCINOLONE ACETONIDE"",""strength"":"".11 mg/mL"",""pct"":0.011,""display"":""0.011%""}]",OIL,TOPICAL,ANDA,ANDA212760,HUMAN PRESCRIPTION DRUG,Corticosteroid Hormone Receptor Agonists [MoA];Corticosteroid [EPC],70752-156-06,1 BOTTLE in 1 CARTON (70752-156-06) / 118.28 mL in 1 BOTTLE,a625fe98-8630-4b27-b2fc-4b045847d8f1,20210402,,20261231,0
70752-158,corticosteroid,fluocinolone,Fluocinolone Acetonide,fluocinolone acetonide,Quagen Pharmaceuticals LLC,FLUOCINOLONE ACETONIDE .11 mg/mL,fluocinolone acetonide 0.011%,"[{""name"":""FLUOCINOLONE ACETONIDE"",""strength"":"".11 mg/mL"",""pct"":0.011,""display"":""0.011%""}]",OIL,TOPICAL,ANDA,ANDA212761,HUMAN PRESCRIPTION DRUG,Corticosteroid Hormone Receptor Agonists [MoA];Corticosteroid [EPC],70752-158-06,1 BOTTLE in 1 CARTON (70752-158-06) / 118.28 mL in 1 BOTTLE,fa5eba5b-57bf-4d46-b0e1-c7104542cb46,20210402,,20261231,0
64980-331,corticosteroid,fluocinolone,Fluocinolone Acetonide Oil,fluocinolone acetonide,"Rising Pharma Holdings, Inc.",FLUOCINOLONE ACETONIDE .11 mg/mL,fluocinolone acetonide 0.011%,"[{""name"":""FLUOCINOLONE ACETONIDE"",""strength"":"".11 mg/mL"",""pct"":0.011,""display"":""0.011%""}]",OIL,TOPICAL,ANDA,ANDA203377,HUMAN PRESCRIPTION DRUG,Corticosteroid Hormone Receptor Agonists [MoA];Corticosteroid [EPC],64980-331-04,118.28 mL in 1 BOTTLE (64980-331-04),f45b0ef2-1702-4d21-8ac8-774769304595,20160718,,20271231,0
45802-485,corticosteroid,fluocinolone,Fluocinolone acetonide,fluocinolone acetonide,Padagis Israel Pharmaceuticals Ltd,FLUOCINOLONE ACETONIDE .01 mg/100mL,fluocinolone acetonide 0%,"[{""name"":""FLUOCINOLONE ACETONIDE"",""strength"":"".01 mg/100mL"",""pct"":0.0,""display"":""0%""}]",OIL,TOPICAL,ANDA,ANDA202848,HUMAN PRESCRIPTION DRUG,Corticosteroid Hormone Receptor Agonists [MoA];Corticosteroid [EPC],45802-485-26,1 BOTTLE in 1 CARTON (45802-485-26) / 118.28 mL in 1 BOTTLE,7f8512d9-b4a4-43c6-bac6-3e75dc451db2,20170614,,20261231,0
43538-900,corticosteroid,fluocinolone,Synalar,fluocinolone acetonide,"Medimetriks Pharmaceuticals, Inc.",FLUOCINOLONE ACETONIDE .25 mg/g,fluocinolone acetonide 0.025%,"[{""name"":""FLUOCINOLONE ACETONIDE"",""strength"":"".25 mg/g"",""pct"":0.025,""display"":""0.025%""}]",CREAM,TOPICAL,NDA,NDA012787,HUMAN PRESCRIPTION DRUG,Corticosteroid Hormone Receptor Agonists [MoA];Corticosteroid [EPC],43538-900-12,1 TUBE in 1 CARTON (43538-900-12) / 120 g in 1 TUBE,5af2e4c1-082b-48a0-aae7-72d4a68cbb2d,20120927,,20261231,0
43538-910,corticosteroid,fluocinolone,Synalar,fluocinolone acetonide,"Medimetriks Pharmaceuticals, Inc.",FLUOCINOLONE ACETONIDE .25 mg/g,fluocinolone acetonide 0.025%,"[{""name"":""FLUOCINOLONE ACETONIDE"",""strength"":"".25 mg/g"",""pct"":0.025,""display"":""0.025%""}]",OINTMENT,TOPICAL,NDA,NDA013960,HUMAN PRESCRIPTION DRUG,Corticosteroid Hormone Receptor Agonists [MoA];Corticosteroid [EPC],43538-910-12;43538-910-99,1 TUBE in 1 CARTON (43538-910-12) / 120 g in 1 TUBE | 6 TUBE in 1 CARTON (43538-910-99) / 3 g in 1 TUBE,d2d155cf-a635-4ab7-87de-34e90b9a74cd,20120927,,20261231,0
45802-887,corticosteroid,fluocinolone,fluocinolone acetonide,fluocinolone acetonide,Padagis Israel Pharmaceuticals Ltd,FLUOCINOLONE ACETONIDE .01 mg/100mL,fluocinolone acetonide 0%,"[{""name"":""FLUOCINOLONE ACETONIDE"",""strength"":"".01 mg/100mL"",""pct"":0.0,""display"":""0%""}]",OIL,TOPICAL,ANDA,ANDA202847,HUMAN PRESCRIPTION DRUG,Corticosteroid Hormone Receptor Agonists [MoA];Corticosteroid [EPC],45802-887-26,118.28 mL in 1 BOTTLE (45802-887-26),ba20d901-f800-4edd-aac6-6c77cbfe1064,20170614,,20261231,0
62559-288,corticosteroid,fluocinolone,fluocinolone acetonide,fluocinolone acetonide,"ANI Pharmaceuticals, Inc.",FLUOCINOLONE ACETONIDE .1 mg/g,fluocinolone acetonide 0.01%,"[{""name"":""FLUOCINOLONE ACETONIDE"",""strength"":"".1 mg/g"",""pct"":0.01,""display"":""0.01%""}]",CREAM,TOPICAL,NDA AUTHORIZED GENERIC,NDA012787,HUMAN PRESCRIPTION DRUG,Corticosteroid Hormone Receptor Agonists [MoA];Corticosteroid [EPC],62559-288-15;62559-288-60,1 TUBE in 1 CARTON (62559-288-15) / 15 g in 1 TUBE | 1 TUBE in 1 CARTON (62559-288-60) / 60 g in 1 TUBE,50e7006d-a51b-49aa-8e1c-330340e7bf82,20240508,,20271231,0
62559-289,corticosteroid,fluocinolone,fluocinolone acetonide,fluocinolone acetonide,"ANI Pharmaceuticals, Inc.",FLUOCINOLONE ACETONIDE .25 mg/g,fluocinolone acetonide 0.025%,"[{""name"":""FLUOCINOLONE ACETONIDE"",""strength"":"".25 mg/g"",""pct"":0.025,""display"":""0.025%""}]",CREAM,TOPICAL,NDA AUTHORIZED GENERIC,NDA012787,HUMAN PRESCRIPTION DRUG,Corticosteroid Hormone Receptor Agonists [MoA];Corticosteroid [EPC],62559-289-15;62559-289-60,1 TUBE in 1 CARTON (62559-289-15) / 15 g in 1 TUBE | 1 TUBE in 1 CARTON (62559-289-60) / 60 g in 1 TUBE,50e7006d-a51b-49aa-8e1c-330340e7bf82,20240508,,20271231,0
0591-2990,corticosteroid,fluocinolone,Fluocinolone Acetonide Topical,fluocinolone acetonide topical,"Actavis Pharma, Inc.",FLUOCINOLONE ACETONIDE .1 mg/mL,fluocinolone acetonide 0.01%,"[{""name"":""FLUOCINOLONE ACETONIDE"",""strength"":"".1 mg/mL"",""pct"":0.01,""display"":""0.01%""}]",SOLUTION,TOPICAL,ANDA,ANDA208386,HUMAN PRESCRIPTION DRUG,Corticosteroid Hormone Receptor Agonists [MoA];Corticosteroid [EPC],0591-2990-60,"1 BOTTLE, WITH APPLICATOR in 1 CARTON (0591-2990-60) / 60 mL in 1 BOTTLE, WITH APPLICATOR",98dfd7a4-2208-4637-acf5-080a5813a433,20161207,,20261231,0
21922-003,corticosteroid,fluocinolone,"Fluocinolone Acetonide Topical Solution USP, 0.01%","fluocinolone acetonide topical solution usp, 0.01%","Encube Ethicals, Inc.",FLUOCINOLONE ACETONIDE .1 mg/mL,fluocinolone acetonide 0.01%,"[{""name"":""FLUOCINOLONE ACETONIDE"",""strength"":"".1 mg/mL"",""pct"":0.01,""display"":""0.01%""}]",SOLUTION,TOPICAL,ANDA,ANDA209913,HUMAN PRESCRIPTION DRUG,Corticosteroid Hormone Receptor Agonists [MoA];Corticosteroid [EPC],21922-003-01,1 BOTTLE in 1 CARTON (21922-003-01) / 60 mL in 1 BOTTLE,3fb00d90-6a5b-4e95-ab6b-f5b102ff0f36,20190320,,20271231,0
21922-064,corticosteroid,fluocinonide,FLUOCINONIDE,fluocinonide,"Encube Ethicals, Inc.",FLUOCINONIDE .5 mg/g,fluocinonide 0.05%,"[{""name"":""FLUOCINONIDE"",""strength"":"".5 mg/g"",""pct"":0.05,""display"":""0.05%""}]",CREAM,TOPICAL,ANDA,ANDA211410,HUMAN PRESCRIPTION DRUG,Corticosteroid Hormone Receptor Agonists [MoA];Corticosteroid [EPC],21922-064-03;21922-064-04;21922-064-05;21922-064-07,1 TUBE in 1 CARTON (21922-064-03) / 120 g in 1 TUBE | 1 TUBE in 1 CARTON (21922-064-04) / 15 g in 1 TUBE | 1 TUBE in 1 CARTON (21922-064-05) / 30 g in 1 TUBE | 1 TUBE in 1 CARTON (21922-064-07) / 60 g in 1 TUBE,cb869315-8011-485b-8992-1d73fb27e19e,20250225,,20261231,0
45802-761,corticosteroid,fluocinonide,FLUOCINONIDE,fluocinonide,Padagis Israel Pharmaceuticals Ltd,FLUOCINONIDE .5 mg/g,fluocinonide 0.05%,"[{""name"":""FLUOCINONIDE"",""strength"":"".5 mg/g"",""pct"":0.05,""display"":""0.05%""}]",GEL,TOPICAL,ANDA,ANDA209030,HUMAN PRESCRIPTION DRUG,Corticosteroid Hormone Receptor Agonists [MoA];Corticosteroid [EPC],45802-761-15;45802-761-30;45802-761-60,1 TUBE in 1 CARTON (45802-761-15) / 15 g in 1 TUBE | 1 TUBE in 1 CARTON (45802-761-30) / 30 g in 1 TUBE | 1 TUBE in 1 CARTON (45802-761-60) / 60 g in 1 TUBE,8e22600e-a1a2-432c-a47c-b7b99a0b1e46,20250410,,20261231,0
70752-154,corticosteroid,fluocinonide,FLUOCINONIDE,fluocinonide,QUAGEN PHARMACEUTICALS LLC,FLUOCINONIDE .5 mg/mL,fluocinonide 0.05%,"[{""name"":""FLUOCINONIDE"",""strength"":"".5 mg/mL"",""pct"":0.05,""display"":""0.05%""}]",SOLUTION,TOPICAL,ANDA,ANDA216389,HUMAN PRESCRIPTION DRUG,Corticosteroid Hormone Receptor Agonists [MoA];Corticosteroid [EPC],70752-154-05,1 BOTTLE in 1 CARTON (70752-154-05) / 60 mL in 1 BOTTLE,272a4467-b5f8-430b-8fab-7fbb07dc8114,20250315,,20261231,0
70771-1393,corticosteroid,fluocinonide,FLUOCINONIDE,fluocinonide,Zydus Lifesciences Limited,FLUOCINONIDE 1 mg/g,fluocinonide 0.1%,"[{""name"":""FLUOCINONIDE"",""strength"":""1 mg/g"",""pct"":0.1,""display"":""0.1%""}]",CREAM,TOPICAL,ANDA,ANDA208989,HUMAN PRESCRIPTION DRUG,Corticosteroid Hormone Receptor Agonists [MoA];Corticosteroid [EPC],70771-1393-2;70771-1393-3;70771-1393-5,30 g in 1 TUBE (70771-1393-2) | 60 g in 1 TUBE (70771-1393-3) | 120 g in 1 TUBE (70771-1393-5),08d69d3f-c628-4b08-a7ae-0f7ec5599d3a,20200430,,20261231,0
72578-087,corticosteroid,fluocinonide,FLUOCINONIDE,fluocinonide,Viona Pharmaceuticals Inc,FLUOCINONIDE 1 mg/g,fluocinonide 0.1%,"[{""name"":""FLUOCINONIDE"",""strength"":""1 mg/g"",""pct"":0.1,""display"":""0.1%""}]",CREAM,TOPICAL,ANDA,ANDA208989,HUMAN PRESCRIPTION DRUG,Corticosteroid Hormone Receptor Agonists [MoA];Corticosteroid [EPC],72578-087-02;72578-087-06;72578-087-07,60 g in 1 TUBE (72578-087-02) | 30 g in 1 TUBE (72578-087-06) | 120 g in 1 TUBE (72578-087-07),248675bd-c797-46ab-adf9-f37352c33059,20200430,,20261231,0
0093-0262,corticosteroid,fluocinonide,Fluocinonide,fluocinonide,"Teva Pharmaceuticals USA, Inc.",FLUOCINONIDE .5 mg/g,fluocinonide 0.05%,"[{""name"":""FLUOCINONIDE"",""strength"":"".5 mg/g"",""pct"":0.05,""display"":""0.05%""}]",CREAM,TOPICAL,ANDA,ANDA072488,HUMAN PRESCRIPTION DRUG,Corticosteroid Hormone Receptor Agonists [MoA];Corticosteroid [EPC],0093-0262-15;0093-0262-30;0093-0262-92,1 TUBE in 1 CARTON (0093-0262-15) / 15 g in 1 TUBE | 1 TUBE in 1 CARTON (0093-0262-30) / 30 g in 1 TUBE | 1 TUBE in 1 CARTON (0093-0262-92) / 60 g in 1 TUBE,986c1ba3-2103-4773-a35c-2c0121a01783,19900930,,20261231,0
0093-0263,corticosteroid,fluocinonide,Fluocinonide,fluocinonide,"Teva Pharmaceuticals USA, Inc.",FLUOCINONIDE .5 mg/g,fluocinonide 0.05%,"[{""name"":""FLUOCINONIDE"",""strength"":"".5 mg/g"",""pct"":0.05,""display"":""0.05%""}]",CREAM,TOPICAL,ANDA,ANDA072490,HUMAN PRESCRIPTION DRUG,Corticosteroid Hormone Receptor Agonists [MoA];Corticosteroid [EPC],0093-0263-15;0093-0263-30;0093-0263-92,1 TUBE in 1 CARTON (0093-0263-15) / 15 g in 1 TUBE | 1 TUBE in 1 CARTON (0093-0263-30) / 30 g in 1 TUBE | 1 TUBE in 1 CARTON (0093-0263-92) / 60 g in 1 TUBE,986c1ba3-2103-4773-a35c-2c0121a01783,19900930,,20261231,0
0093-0264,corticosteroid,fluocinonide,Fluocinonide,fluocinonide,"Teva Pharmaceuticals USA, Inc.",FLUOCINONIDE .5 mg/g,fluocinonide 0.05%,"[{""name"":""FLUOCINONIDE"",""strength"":"".5 mg/g"",""pct"":0.05,""display"":""0.05%""}]",OINTMENT,TOPICAL,ANDA,ANDA073481,HUMAN PRESCRIPTION DRUG,Corticosteroid Hormone Receptor Agonists [MoA];Corticosteroid [EPC],0093-0264-15;0093-0264-30;0093-0264-92,1 TUBE in 1 CARTON (0093-0264-15) / 15 g in 1 TUBE | 1 TUBE in 1 CARTON (0093-0264-30) / 30 g in 1 TUBE | 1 TUBE in 1 CARTON (0093-0264-92) / 60 g in 1 TUBE,986c1ba3-2103-4773-a35c-2c0121a01783,19920501,,20261231,0
0713-0663,corticosteroid,fluocinonide,Fluocinonide,fluocinonide,"Cosette Pharmaceuticals, Inc.",FLUOCINONIDE .5 mg/g,fluocinonide 0.05%,"[{""name"":""FLUOCINONIDE"",""strength"":"".5 mg/g"",""pct"":0.05,""display"":""0.05%""}]",CREAM,TOPICAL,ANDA,ANDA073085,HUMAN PRESCRIPTION DRUG,Corticosteroid Hormone Receptor Agonists [MoA];Corticosteroid [EPC],0713-0663-15;0713-0663-31;0713-0663-60,1 TUBE in 1 CARTON (0713-0663-15) / 15 g in 1 TUBE | 1 TUBE in 1 CARTON (0713-0663-31) / 30 g in 1 TUBE | 1 TUBE in 1 CARTON (0713-0663-60) / 60 g in 1 TUBE,e3348b90-8c16-4788-ab61-e354aea5d0a8,20221116,,20261231,0
0713-0664,corticosteroid,fluocinonide,Fluocinonide,fluocinonide,"Cosette Pharmaceuticals, Inc.",FLUOCINONIDE .5 mg/g,fluocinonide 0.05%,"[{""name"":""FLUOCINONIDE"",""strength"":"".5 mg/g"",""pct"":0.05,""display"":""0.05%""}]",CREAM,TOPICAL,ANDA,ANDA074204,HUMAN PRESCRIPTION DRUG,Corticosteroid Hormone Receptor Agonists [MoA];Corticosteroid [EPC],0713-0664-15;0713-0664-31;0713-0664-60,1 TUBE in 1 CARTON (0713-0664-15) / 15 g in 1 TUBE | 1 TUBE in 1 CARTON (0713-0664-31) / 30 g in 1 TUBE | 1 TUBE in 1 CARTON (0713-0664-60) / 60 g in 1 TUBE,b28c444d-cb70-42c3-a437-c66ae961dbb4,20160321,,20261231,0
33342-320,corticosteroid,fluocinonide,Fluocinonide,fluocinonide,Macleods Pharmaceuticals Limited,FLUOCINONIDE .5 mg/mL,fluocinonide 0.05%,"[{""name"":""FLUOCINONIDE"",""strength"":"".5 mg/mL"",""pct"":0.05,""display"":""0.05%""}]",SOLUTION,TOPICAL,ANDA,ANDA209283,HUMAN PRESCRIPTION DRUG,Corticosteroid Hormone Receptor Agonists [MoA];Corticosteroid [EPC],33342-320-84;33342-320-85,1 BOTTLE in 1 CARTON (33342-320-84) / 20 mL in 1 BOTTLE | 1 BOTTLE in 1 CARTON (33342-320-85) / 60 mL in 1 BOTTLE,a439ac59-42f3-412b-b987-14fc152a974f,20180424,,20261231,0
43386-026,corticosteroid,fluocinonide,Fluocinonide,fluocinonide,"Lupin Pharmaceuticals,Inc.",FLUOCINONIDE .5 mg/mL,fluocinonide 0.05%,"[{""name"":""FLUOCINONIDE"",""strength"":"".5 mg/mL"",""pct"":0.05,""display"":""0.05%""}]",SOLUTION,TOPICAL,ANDA,ANDA206003,HUMAN PRESCRIPTION DRUG,Corticosteroid Hormone Receptor Agonists [MoA];Corticosteroid [EPC],43386-026-02;43386-026-06,1 BOTTLE in 1 CARTON (43386-026-02) / 20 mL in 1 BOTTLE | 1 BOTTLE in 1 CARTON (43386-026-06) / 60 mL in 1 BOTTLE,43b7621c-6628-4b54-af32-32efd0f722da,20170721,,20261231,0
51672-1254,corticosteroid,fluocinonide,Fluocinonide,fluocinonide,"Sun Pharmaceutical Industries, Inc.",FLUOCINONIDE .5 mg/g,fluocinonide 0.05%,"[{""name"":""FLUOCINONIDE"",""strength"":"".5 mg/g"",""pct"":0.05,""display"":""0.05%""}]",CREAM,TOPICAL,ANDA,ANDA072494,HUMAN PRESCRIPTION DRUG,Corticosteroid Hormone Receptor Agonists [MoA];Corticosteroid [EPC],51672-1254-1;51672-1254-2;51672-1254-3,1 TUBE in 1 CARTON (51672-1254-1) / 15 g in 1 TUBE | 1 TUBE in 1 CARTON (51672-1254-2) / 30 g in 1 TUBE | 1 TUBE in 1 CARTON (51672-1254-3) / 60 g in 1 TUBE,b0bc89a9-c9d5-4adb-9785-2d4487c4c656,19890119,,20261231,0
51672-1264,corticosteroid,fluocinonide,Fluocinonide,fluocinonide,"Sun Pharmaceutical Industries, Inc.",FLUOCINONIDE .5 mg/g,fluocinonide 0.05%,"[{""name"":""FLUOCINONIDE"",""strength"":"".5 mg/g"",""pct"":0.05,""display"":""0.05%""}]",OINTMENT,TOPICAL,ANDA,ANDA075008,HUMAN PRESCRIPTION DRUG,Corticosteroid Hormone Receptor Agonists [MoA];Corticosteroid [EPC],51672-1264-1;51672-1264-2;51672-1264-3,1 TUBE in 1 CARTON (51672-1264-1) / 15 g in 1 TUBE | 1 TUBE in 1 CARTON (51672-1264-2) / 30 g in 1 TUBE | 1 TUBE in 1 CARTON (51672-1264-3) / 60 g in 1 TUBE,b0bc89a9-c9d5-4adb-9785-2d4487c4c656,19990630,,20261231,0
51672-1273,corticosteroid,fluocinonide,Fluocinonide,fluocinonide,"Sun Pharmaceutical Industries, Inc.",FLUOCINONIDE .5 mg/mL,fluocinonide 0.05%,"[{""name"":""FLUOCINONIDE"",""strength"":"".5 mg/mL"",""pct"":0.05,""display"":""0.05%""}]",SOLUTION,TOPICAL,ANDA,ANDA074799,HUMAN PRESCRIPTION DRUG,Corticosteroid Hormone Receptor Agonists [MoA];Corticosteroid [EPC],51672-1273-2;51672-1273-4,"1 BOTTLE, PLASTIC in 1 CARTON (51672-1273-2) / 20 mL in 1 BOTTLE, PLASTIC | 1 BOTTLE, PLASTIC in 1 CARTON (51672-1273-4) / 60 mL in 1 BOTTLE, PLASTIC",6fe14034-7703-4aa1-a029-e97c84e02430,19961231,,20261231,0
51672-1279,corticosteroid,fluocinonide,Fluocinonide,fluocinonide,"Sun Pharmaceutical Industries, Inc.",FLUOCINONIDE .5 mg/g,fluocinonide 0.05%,"[{""name"":""FLUOCINONIDE"",""strength"":"".5 mg/g"",""pct"":0.05,""display"":""0.05%""}]",GEL,TOPICAL,ANDA,ANDA074935,HUMAN PRESCRIPTION DRUG,Corticosteroid Hormone Receptor Agonists [MoA];Corticosteroid [EPC],51672-1279-1;51672-1279-2;51672-1279-3,1 TUBE in 1 CARTON (51672-1279-1) / 15 g in 1 TUBE | 1 TUBE in 1 CARTON (51672-1279-2) / 30 g in 1 TUBE | 1 TUBE in 1 CARTON (51672-1279-3) / 60 g in 1 TUBE,b0bc89a9-c9d5-4adb-9785-2d4487c4c656,19970729,,20261231,0
51672-1353,corticosteroid,fluocinonide,Fluocinonide,fluocinonide,"Sun Pharmaceutical Industries, Inc.",FLUOCINONIDE 1 mg/g,fluocinonide 0.1%,"[{""name"":""FLUOCINONIDE"",""strength"":""1 mg/g"",""pct"":0.1,""display"":""0.1%""}]",CREAM,TOPICAL,ANDA,ANDA200734,HUMAN PRESCRIPTION DRUG,Corticosteroid Hormone Receptor Agonists [MoA];Corticosteroid [EPC],51672-1353-2;51672-1353-3;51672-1353-4,1 TUBE in 1 CARTON (51672-1353-2) / 30 g in 1 TUBE | 1 TUBE in 1 CARTON (51672-1353-3) / 60 g in 1 TUBE | 1 TUBE in 1 CARTON (51672-1353-4) / 120 g in 1 TUBE,16c7d142-e695-4e33-986f-78cb37f7b387,20140714,,20261231,0
51672-1386,corticosteroid,fluocinonide,Fluocinonide,fluocinonide,"Sun Pharmaceutical Industries, Inc.",FLUOCINONIDE .5 mg/g,fluocinonide 0.05%,"[{""name"":""FLUOCINONIDE"",""strength"":"".5 mg/g"",""pct"":0.05,""display"":""0.05%""}]",CREAM,TOPICAL,ANDA,ANDA071500,HUMAN PRESCRIPTION DRUG,Corticosteroid Hormone Receptor Agonists [MoA];Corticosteroid [EPC],51672-1386-1;51672-1386-2;51672-1386-3;51672-1386-4,1 TUBE in 1 CARTON (51672-1386-1) / 15 g in 1 TUBE | 1 TUBE in 1 CARTON (51672-1386-2) / 30 g in 1 TUBE | 1 TUBE in 1 CARTON (51672-1386-3) / 60 g in 1 TUBE | 1 TUBE in 1 CARTON (51672-1386-4) / 120 g in 1 TUBE,5782d791-48fd-4cee-853d-235eb4d04a40,20161027,,20261231,0
68462-505,corticosteroid,fluocinonide,Fluocinonide,fluocinonide,"Glenmark Pharmaceuticals Inc., USA",FLUOCINONIDE 1 mg/g,fluocinonide 0.1%,"[{""name"":""FLUOCINONIDE"",""strength"":""1 mg/g"",""pct"":0.1,""display"":""0.1%""}]",CREAM,TOPICAL,ANDA,ANDA091282,HUMAN PRESCRIPTION DRUG,Corticosteroid Hormone Receptor Agonists [MoA];Corticosteroid [EPC],68462-505-35;68462-505-65;68462-505-66,30 g in 1 TUBE (68462-505-35) | 60 g in 1 TUBE (68462-505-65) | 120 g in 1 TUBE (68462-505-66),50f1c216-78c6-4b93-b732-b3beeb78bd62,20140714,,20261231,0
70700-146,corticosteroid,fluocinonide,Fluocinonide,fluocinonide,Xiromed LLC,FLUOCINONIDE .05 mg/g,fluocinonide 0.005%,"[{""name"":""FLUOCINONIDE"",""strength"":"".05 mg/g"",""pct"":0.005,""display"":""0.005%""}]",OINTMENT,TOPICAL,ANDA,ANDA212976,HUMAN PRESCRIPTION DRUG,Corticosteroid Hormone Receptor Agonists [MoA];Corticosteroid [EPC],70700-146-15;70700-146-16;70700-146-17,1 TUBE in 1 CARTON (70700-146-15) / 15 g in 1 TUBE | 1 TUBE in 1 CARTON (70700-146-16) / 30 g in 1 TUBE | 1 TUBE in 1 CARTON (70700-146-17) / 60 g in 1 TUBE,d96cc4fd-abd3-1ce1-ac63-5d68a8332ecc,20191209,,20261231,0
70710-1284,corticosteroid,fluocinonide,Fluocinonide,fluocinonide,Zydus Pharmaceuticals USA Inc.,FLUOCINONIDE .5 mg/mL,fluocinonide 0.05%,"[{""name"":""FLUOCINONIDE"",""strength"":"".5 mg/mL"",""pct"":0.05,""display"":""0.05%""}]",SOLUTION,TOPICAL,ANDA,ANDA208948,HUMAN PRESCRIPTION DRUG,Corticosteroid Hormone Receptor Agonists [MoA];Corticosteroid [EPC],70710-1284-3;70710-1284-8,60 mL in 1 BOTTLE (70710-1284-3) | 20 mL in 1 BOTTLE (70710-1284-8),73315c87-4e55-41ea-883b-23d504c1b10d,20181101,,20261231,0
70771-1375,corticosteroid,fluocinonide,Fluocinonide,fluocinonide,Zydus Lifesciences Limited,FLUOCINONIDE .5 mg/mL,fluocinonide 0.05%,"[{""name"":""FLUOCINONIDE"",""strength"":"".5 mg/mL"",""pct"":0.05,""display"":""0.05%""}]",SOLUTION,TOPICAL,ANDA,ANDA208948,HUMAN PRESCRIPTION DRUG,Corticosteroid Hormone Receptor Agonists [MoA];Corticosteroid [EPC],70771-1375-3;70771-1375-8,60 mL in 1 BOTTLE (70771-1375-3) | 20 mL in 1 BOTTLE (70771-1375-8),72b19e31-49e8-4bd7-8205-997f0c6a43f1,20181101,,20261231,0
71656-094,corticosteroid,fluocinonide,Fluocinonide,fluocinonide,"Saptalis Pharmaceuticals, LLC.",FLUOCINONIDE .5 mg/mL,fluocinonide 0.05%,"[{""name"":""FLUOCINONIDE"",""strength"":"".5 mg/mL"",""pct"":0.05,""display"":""0.05%""}]",SOLUTION,TOPICAL,ANDA,ANDA207554,HUMAN PRESCRIPTION DRUG,Corticosteroid Hormone Receptor Agonists [MoA];Corticosteroid [EPC],71656-094-20;71656-094-60,20 mL in 1 BOTTLE (71656-094-20) | 60 mL in 1 BOTTLE (71656-094-60),20f8e9a2-a63d-4bee-bc14-b9f04087d87b,20260511,,20271231,0
72603-703,corticosteroid,fluocinonide,Fluocinonide,fluocinonide,NorthStar RxLLC,FLUOCINONIDE .5 mg/mL,fluocinonide 0.05%,"[{""name"":""FLUOCINONIDE"",""strength"":"".5 mg/mL"",""pct"":0.05,""display"":""0.05%""}]",SOLUTION,TOPICAL,ANDA,ANDA209283,HUMAN PRESCRIPTION DRUG,Corticosteroid Hormone Receptor Agonists [MoA];Corticosteroid [EPC],72603-703-01,1 BOTTLE in 1 CARTON (72603-703-01) / 60 mL in 1 BOTTLE,6ae5147c-84c8-4fc8-9bfe-5489e856e890,20250701,,20261231,0
69238-1534,corticosteroid,fluocinonide,Fluocinonide Cream,fluocinonide,Amneal Pharmaceuticals NY LLC,FLUOCINONIDE .5 mg/g,fluocinonide 0.05%,"[{""name"":""FLUOCINONIDE"",""strength"":"".5 mg/g"",""pct"":0.05,""display"":""0.05%""}]",CREAM,TOPICAL,ANDA,ANDA210554,HUMAN PRESCRIPTION DRUG,Corticosteroid Hormone Receptor Agonists [MoA];Corticosteroid [EPC],69238-1534-2;69238-1534-3;69238-1534-5;69238-1534-6,1 TUBE in 1 CARTON (69238-1534-2) / 120 g in 1 TUBE | 1 TUBE in 1 CARTON (69238-1534-3) / 30 g in 1 TUBE | 1 TUBE in 1 CARTON (69238-1534-5) / 15 g in 1 TUBE | 1 TUBE in 1 CARTON (69238-1534-6) / 60 g in 1 TUBE,817cac6b-fec5-406d-aa0c-8852d08a3c65,20171001,,20261231,0
0168-0134,corticosteroid,fluocinonide,fluocinonide,fluocinonide,"E. Fougera & Co. a division of Fougera Pharmaceuticals, LLC",FLUOCINONIDE .5 mg/mL,fluocinonide 0.05%,"[{""name"":""FLUOCINONIDE"",""strength"":"".5 mg/mL"",""pct"":0.05,""display"":""0.05%""}]",SOLUTION,TOPICAL,ANDA,ANDA072934,HUMAN PRESCRIPTION DRUG,Corticosteroid Hormone Receptor Agonists [MoA];Corticosteroid [EPC],0168-0134-60,1 BOTTLE in 1 CARTON (0168-0134-60) / 60 mL in 1 BOTTLE,ebca0c66-06f6-438a-a01a-634c53debc06,19950227,,20271231,0
40032-026,corticosteroid,fluocinonide,fluocinonide,fluocinonide,"Novel Laboratories, Inc.",FLUOCINONIDE .5 mg/mL,fluocinonide 0.05%,"[{""name"":""FLUOCINONIDE"",""strength"":"".5 mg/mL"",""pct"":0.05,""display"":""0.05%""}]",SOLUTION,TOPICAL,ANDA,ANDA206003,HUMAN PRESCRIPTION DRUG,Corticosteroid Hormone Receptor Agonists [MoA];Corticosteroid [EPC],40032-026-06,1 BOTTLE in 1 CARTON (40032-026-06) / 60 mL in 1 BOTTLE,f820f497-9ad9-482d-ac92-46a7afa58968,20170721,,20261231,0
21922-001,corticosteroid,fluocinonide,Fluocinonide,"fluocinonide topical solution usp, 0.05%","Encube Ethicals, Inc.",FLUOCINONIDE .5 mg/mL,fluocinonide 0.05%,"[{""name"":""FLUOCINONIDE"",""strength"":"".5 mg/mL"",""pct"":0.05,""display"":""0.05%""}]",SOLUTION,TOPICAL,ANDA,ANDA209699,HUMAN PRESCRIPTION DRUG,Corticosteroid Hormone Receptor Agonists [MoA];Corticosteroid [EPC],21922-001-01,1 BOTTLE in 1 CARTON (21922-001-01) / 60 mL in 1 BOTTLE,4b1f775e-a7ad-4151-975e-6026296b5cea,20190419,,20271231,0
16110-587,corticosteroid,flurandrenolide,CORDRAN,flurandrenolide,"Almirall, LLC",FLURANDRENOLIDE 4 ug/cm2,flurandrenolide 4 ug/cm2,"[{""name"":""FLURANDRENOLIDE"",""strength"":""4 ug/cm2"",""pct"":null,""display"":""4 ug/cm2""}]",TAPE,TOPICAL,NDA,NDA016455,HUMAN PRESCRIPTION DRUG,Corticosteroid Hormone Receptor Agonists [MoA];Corticosteroid [EPC],16110-587-24;16110-587-80,1 BOTTLE in 1 CARTON (16110-587-24) / 450 cm2 in 1 BOTTLE | 1 BOTTLE in 1 CARTON (16110-587-80) / 1500 cm2 in 1 BOTTLE,837a7b23-ab14-4f23-873d-bdee95177691,20180924,,20261231,0
74157-130,corticosteroid,flurandrenolide,CORDRAN,flurandrenolide,"INA Pharmaceutics, Inc",FLURANDRENOLIDE .5 mg/g,flurandrenolide 0.05%,"[{""name"":""FLURANDRENOLIDE"",""strength"":"".5 mg/g"",""pct"":0.05,""display"":""0.05%""}]",CREAM,TOPICAL,NDA,NDA012806,HUMAN PRESCRIPTION DRUG,Corticosteroid Hormone Receptor Agonists [MoA];Corticosteroid [EPC],74157-130-07,1 TUBE in 1 CARTON (74157-130-07) / 120 g in 1 TUBE,39c0d1e6-6816-7ae5-e063-6394a90a592e,20250707,,20261231,0
74157-180,corticosteroid,flurandrenolide,CORDRAN,flurandrenolide,"INA Pharmaceutics, Inc",FLURANDRENOLIDE .5 mg/g,flurandrenolide 0.05%,"[{""name"":""FLURANDRENOLIDE"",""strength"":"".5 mg/g"",""pct"":0.05,""display"":""0.05%""}]",CREAM,TOPICAL,NDA,NDA012806,HUMAN PRESCRIPTION DRUG,Corticosteroid Hormone Receptor Agonists [MoA];Corticosteroid [EPC],74157-180-60,1 TUBE in 1 CARTON (74157-180-60) / 60 g in 1 TUBE,39c0d1e6-6816-7ae5-e063-6394a90a592e,20250707,,20261231,0
45802-928,corticosteroid,flurandrenolide,Flurandrenolide,flurandrenolide,Padagis Israel Pharmaceuticals Ltd,FLURANDRENOLIDE .5 mg/mL,flurandrenolide 0.05%,"[{""name"":""FLURANDRENOLIDE"",""strength"":"".5 mg/mL"",""pct"":0.05,""display"":""0.05%""}]",LOTION,TOPICAL,ANDA,ANDA207133,HUMAN PRESCRIPTION DRUG,Corticosteroid Hormone Receptor Agonists [MoA];Corticosteroid [EPC],45802-928-03,"120 mL in 1 BOTTLE, PLASTIC (45802-928-03)",9c4f5aea-2e08-400c-88f6-d9e3013afda7,20161006,,20261231,0
0168-0332,corticosteroid,fluticasone,FLUTICASONE PROPIONATE,fluticasone propionate,E. Fougera & Co. a division of Fougera Pharmaceuticals Inc.,FLUTICASONE PROPIONATE .5 mg/g,fluticasone propionate 0.05%,"[{""name"":""FLUTICASONE PROPIONATE"",""strength"":"".5 mg/g"",""pct"":0.05,""display"":""0.05%""}]",CREAM,TOPICAL,ANDA,ANDA076451,HUMAN PRESCRIPTION DRUG,Corticosteroid Hormone Receptor Agonists [MoA];Corticosteroid [EPC],0168-0332-15;0168-0332-30;0168-0332-60,15 g in 1 TUBE (0168-0332-15) | 30 g in 1 TUBE (0168-0332-30) | 60 g in 1 TUBE (0168-0332-60),0e20d1cc-5c7a-4e0d-810b-b94c4d6dd1c0,20040514,,20261231,0
0713-0631,corticosteroid,fluticasone,Fluticasone Propionate,fluticasone propionate,"Cosette Pharmaceuticals, Inc.",FLUTICASONE PROPIONATE .5 mg/g,fluticasone propionate 0.05%,"[{""name"":""FLUTICASONE PROPIONATE"",""strength"":"".5 mg/g"",""pct"":0.05,""display"":""0.05%""}]",CREAM,TOPICAL,ANDA,ANDA077055,HUMAN PRESCRIPTION DRUG,Corticosteroid Hormone Receptor Agonists [MoA];Corticosteroid [EPC],0713-0631-15;0713-0631-31;0713-0631-60,1 TUBE in 1 CARTON (0713-0631-15) / 15 g in 1 TUBE | 1 TUBE in 1 CARTON (0713-0631-31) / 30 g in 1 TUBE | 1 TUBE in 1 CARTON (0713-0631-60) / 60 g in 1 TUBE,14c8d082-b301-8f09-a509-950459ae0a28,20060630,,20261231,0
0713-0632,corticosteroid,fluticasone,Fluticasone Propionate,fluticasone propionate,"Cosette Pharmaceuticals, Inc.",FLUTICASONE PROPIONATE .05 mg/g,fluticasone propionate 0.005%,"[{""name"":""FLUTICASONE PROPIONATE"",""strength"":"".05 mg/g"",""pct"":0.005,""display"":""0.005%""}]",OINTMENT,TOPICAL,ANDA,ANDA077168,HUMAN PRESCRIPTION DRUG,Corticosteroid Hormone Receptor Agonists [MoA];Corticosteroid [EPC],0713-0632-15;0713-0632-31;0713-0632-60,1 TUBE in 1 CARTON (0713-0632-15) / 15 g in 1 TUBE | 1 TUBE in 1 CARTON (0713-0632-31) / 30 g in 1 TUBE | 1 TUBE in 1 CARTON (0713-0632-60) / 60 g in 1 TUBE,e7ef2aaf-749c-66c9-2bdf-7214ab00060e,20060531,,20261231,0
21922-075,corticosteroid,fluticasone,Fluticasone Propionate,fluticasone propionate,"Encube Ethicals, Inc.",FLUTICASONE PROPIONATE .5 mg/g,fluticasone propionate 0.05%,"[{""name"":""FLUTICASONE PROPIONATE"",""strength"":"".5 mg/g"",""pct"":0.05,""display"":""0.05%""}]",CREAM,TOPICAL,ANDA,ANDA076633,HUMAN PRESCRIPTION DRUG,Corticosteroid Hormone Receptor Agonists [MoA];Corticosteroid [EPC],21922-075-04;21922-075-05;21922-075-07,1 TUBE in 1 CARTON (21922-075-04) / 15 g in 1 TUBE | 1 TUBE in 1 CARTON (21922-075-05) / 30 g in 1 TUBE | 1 TUBE in 1 CARTON (21922-075-07) / 60 g in 1 TUBE,b734d397-e064-4d13-b0b5-fc89bd87f2e3,20251018,,20261231,0
45802-221,corticosteroid,fluticasone,Fluticasone Propionate,fluticasone propionate,Padagis Israel Pharmaceuticals Ltd,FLUTICASONE PROPIONATE .05 mg/g,fluticasone propionate 0.005%,"[{""name"":""FLUTICASONE PROPIONATE"",""strength"":"".05 mg/g"",""pct"":0.005,""display"":""0.005%""}]",OINTMENT,TOPICAL,ANDA,ANDA076668,HUMAN PRESCRIPTION DRUG,Corticosteroid Hormone Receptor Agonists [MoA];Corticosteroid [EPC],45802-221-11;45802-221-35;45802-221-37,1 TUBE in 1 CARTON (45802-221-11) / 30 g in 1 TUBE | 1 TUBE in 1 CARTON (45802-221-35) / 15 g in 1 TUBE | 1 TUBE in 1 CARTON (45802-221-37) / 60 g in 1 TUBE,16985600-3f81-4d51-8bf7-0cbbd89856a1,20070709,,20261231,0
45802-222,corticosteroid,fluticasone,Fluticasone Propionate,fluticasone propionate,Padagis Israel Pharmaceuticals Ltd,FLUTICASONE PROPIONATE .5 mg/g,fluticasone propionate 0.05%,"[{""name"":""FLUTICASONE PROPIONATE"",""strength"":"".5 mg/g"",""pct"":0.05,""display"":""0.05%""}]",CREAM,TOPICAL,ANDA,ANDA076793,HUMAN PRESCRIPTION DRUG,Corticosteroid Hormone Receptor Agonists [MoA];Corticosteroid [EPC],45802-222-11;45802-222-35;45802-222-37,1 TUBE in 1 CARTON (45802-222-11) / 30 g in 1 TUBE | 1 TUBE in 1 CARTON (45802-222-35) / 15 g in 1 TUBE | 1 TUBE in 1 CARTON (45802-222-37) / 60 g in 1 TUBE,78e056e2-d39e-4d20-9ab2-332bd6973619,20060913,,20261231,0
68462-427,corticosteroid,fluticasone,Fluticasone Propionate,fluticasone propionate,"Glenmark Pharmaceuticals Inc., USA",FLUTICASONE PROPIONATE .5 mg/mL,fluticasone propionate 0.05%,"[{""name"":""FLUTICASONE PROPIONATE"",""strength"":"".5 mg/mL"",""pct"":0.05,""display"":""0.05%""}]",LOTION,TOPICAL,ANDA,ANDA090759,HUMAN PRESCRIPTION DRUG,Corticosteroid Hormone Receptor Agonists [MoA];Corticosteroid [EPC],68462-427-02,1 BOTTLE in 1 CARTON (68462-427-02) / 60 mL in 1 BOTTLE,3c7b3482-e2fd-4857-9394-a47fd7f4c47b,20111013,,20261231,0
45802-441,corticosteroid,fluticasone,fluticasone propionate,fluticasone propionate,Padagis Israel Pharmaceuticals Ltd,FLUTICASONE PROPIONATE .5 mg/mL,fluticasone propionate 0.05%,"[{""name"":""FLUTICASONE PROPIONATE"",""strength"":"".5 mg/mL"",""pct"":0.05,""display"":""0.05%""}]",LOTION,TOPICAL,ANDA,ANDA091553,HUMAN PRESCRIPTION DRUG,Corticosteroid Hormone Receptor Agonists [MoA];Corticosteroid [EPC],45802-441-02,60 mL in 1 BOTTLE (45802-441-02),c4d361d4-d480-4fb2-8cc7-4cc3e57838dc,20130808,,20261231,0
57664-698,corticosteroid,halcinonide,HALCINONIDE,halcinonide,"Sun Pharmaceutical Industries, Inc.",HALCINONIDE 1 mg/g,halcinonide 0.1%,"[{""name"":""HALCINONIDE"",""strength"":""1 mg/g"",""pct"":0.1,""display"":""0.1%""}]",CREAM,TOPICAL,NDA AUTHORIZED GENERIC,NDA017556,HUMAN PRESCRIPTION DRUG,Corticosteroid Hormone Receptor Agonists [MoA];Corticosteroid [EPC],57664-698-36,1 TUBE in 1 CARTON (57664-698-36) / 60 g in 1 TUBE,aed461bb-e49e-44c4-b42f-b5b261c072a0,20210522,,20261231,0
0003-0249,corticosteroid,halcinonide,HALOG,halcinonide,"E.R. Squibb & Sons, L.L.C.",HALCINONIDE 1 mg/mL,halcinonide 0.1%,"[{""name"":""HALCINONIDE"",""strength"":""1 mg/mL"",""pct"":0.1,""display"":""0.1%""}]",SOLUTION,TOPICAL,NDA,NDA017823,HUMAN PRESCRIPTION DRUG,Corticosteroid Hormone Receptor Agonists [MoA];Corticosteroid [EPC],0003-0249-15;0003-0249-20,"20 mL in 1 BOTTLE, PLASTIC (0003-0249-15) | 60 mL in 1 BOTTLE, PLASTIC (0003-0249-20)",f6c7e87b-6629-4d68-ae46-add64ca9daab,20090101,,,0
0378-8056,corticosteroid,halcinonide,Halcinonide,halcinonide,Mylan Pharmaceuticals Inc.,HALCINONIDE 1 mg/g,halcinonide 0.1%,"[{""name"":""HALCINONIDE"",""strength"":""1 mg/g"",""pct"":0.1,""display"":""0.1%""}]",CREAM,TOPICAL,ANDA,ANDA211027,HUMAN PRESCRIPTION DRUG,Corticosteroid Hormone Receptor Agonists [MoA];Corticosteroid [EPC],0378-8056-49;0378-8056-60,1 TUBE in 1 CARTON (0378-8056-49) / 30 g in 1 TUBE | 1 TUBE in 1 CARTON (0378-8056-60) / 60 g in 1 TUBE,b7d78c72-a683-4208-b7dd-5523502c036c,20190815,,20261231,0
10631-094,corticosteroid,halcinonide,Halog,halcinonide cream,"Sun Pharmaceutical Industries, Inc.",HALCINONIDE 1 mg/g,halcinonide 0.1%,"[{""name"":""HALCINONIDE"",""strength"":""1 mg/g"",""pct"":0.1,""display"":""0.1%""}]",CREAM,TOPICAL,NDA,NDA017556,HUMAN PRESCRIPTION DRUG,Corticosteroid Hormone Receptor Agonists [MoA];Corticosteroid [EPC],10631-094-20;10631-094-30;10631-094-71;10631-094-76,1 TUBE in 1 CARTON (10631-094-20) / 30 g in 1 TUBE | 1 TUBE in 1 CARTON (10631-094-30) / 60 g in 1 TUBE | 4 TUBE in 1 CARTON (10631-094-71) / 60 g in 1 TUBE | 216 g in 1 JAR (10631-094-76),e60d0691-0628-4c98-9a17-f4a89822baf2,20090210,,20261231,0
64950-126,corticosteroid,halcinonide,Halog,halcinonide cream,Genus Lifesciences Inc.,HALCINONIDE 1 mg/g,halcinonide 0.1%,"[{""name"":""HALCINONIDE"",""strength"":""1 mg/g"",""pct"":0.1,""display"":""0.1%""}]",CREAM,TOPICAL,NDA,NDA017556,HUMAN PRESCRIPTION DRUG,Corticosteroid Hormone Receptor Agonists [MoA];Corticosteroid [EPC],64950-126-06,1 TUBE in 1 CARTON (64950-126-06) / 60 g in 1 TUBE,484c3224-edd1-db3e-e063-6294a90abc25,20260113,,20271231,0
64950-127,corticosteroid,halcinonide,HALOG,halcinonide topical,Genus Lifesciences Inc.,HALCINONIDE 1 mg/mL,halcinonide 0.1%,"[{""name"":""HALCINONIDE"",""strength"":""1 mg/mL"",""pct"":0.1,""display"":""0.1%""}]",SOLUTION,TOPICAL,NDA,NDA017823,HUMAN PRESCRIPTION DRUG,Corticosteroid Hormone Receptor Agonists [MoA];Corticosteroid [EPC],64950-127-12,"1 BOTTLE, PLASTIC in 1 CARTON (64950-127-12) / 120 mL in 1 BOTTLE, PLASTIC",42dc0904-1800-5f3b-e063-6294a90a2ad2,20251117,,20261231,0
74157-012,corticosteroid,halcinonide,Halcinonide Topical Solution,halcinonide topical,INA Pharmaceutics Inc,HALCINONIDE 1 mg/mL,halcinonide 0.1%,"[{""name"":""HALCINONIDE"",""strength"":""1 mg/mL"",""pct"":0.1,""display"":""0.1%""}]",SOLUTION,TOPICAL,ANDA,ANDA217671,HUMAN PRESCRIPTION DRUG,Corticosteroid Hormone Receptor Agonists [MoA];Corticosteroid [EPC],74157-012-12,"1 BOTTLE, PLASTIC in 1 CARTON (74157-012-12) / 120 mL in 1 BOTTLE, PLASTIC",debd165b-118b-4ef0-af7d-3b90a8fd8ded,20250129,,20261231,0
0187-0002,corticosteroid,halobetasol,Bryhali,halobetasol propionate,"Bausch Health US, LLC",HALOBETASOL PROPIONATE .1 mg/g,halobetasol propionate 0.01%,"[{""name"":""HALOBETASOL PROPIONATE"",""strength"":"".1 mg/g"",""pct"":0.01,""display"":""0.01%""}]",LOTION,TOPICAL,NDA,NDA209355,HUMAN PRESCRIPTION DRUG,Corticosteroid Hormone Receptor Agonists [MoA];Corticosteroid [EPC],0187-0002-01;0187-0002-03;0187-0002-60,1 TUBE in 1 CARTON (0187-0002-01) / 100 g in 1 TUBE | 1 TUBE in 1 CARTON (0187-0002-03) / 3 g in 1 TUBE | 1 TUBE in 1 CARTON (0187-0002-60) / 60 g in 1 TUBE,d4bbb66a-3f9d-4091-b1b0-1cbc908432d3,20181106,,20261231,0
0713-0339,corticosteroid,halobetasol,Halobetasol Propionate,halobetasol propionate,"Cosette Pharmaceuticals, Inc.",HALOBETASOL PROPIONATE .5 mg/g,halobetasol propionate 0.05%,"[{""name"":""HALOBETASOL PROPIONATE"",""strength"":"".5 mg/g"",""pct"":0.05,""display"":""0.05%""}]",OINTMENT,TOPICAL,ANDA,ANDA077109,HUMAN PRESCRIPTION DRUG,Corticosteroid Hormone Receptor Agonists [MoA];Corticosteroid [EPC],0713-0339-15;0713-0339-86,1 TUBE in 1 CARTON (0713-0339-15) / 15 g in 1 TUBE | 1 TUBE in 1 CARTON (0713-0339-86) / 50 g in 1 TUBE,f12ff257-dd77-4f9c-97c4-339784772d9f,20050614,,20261231,0
0713-0640,corticosteroid,halobetasol,Halobetasol Propionate,halobetasol propionate,"Cosette Pharmaceuticals, Inc.",HALOBETASOL PROPIONATE .5 mg/g,halobetasol propionate 0.05%,"[{""name"":""HALOBETASOL PROPIONATE"",""strength"":"".5 mg/g"",""pct"":0.05,""display"":""0.05%""}]",CREAM,TOPICAL,ANDA,ANDA078162,HUMAN PRESCRIPTION DRUG,Corticosteroid Hormone Receptor Agonists [MoA];Corticosteroid [EPC],0713-0640-15;0713-0640-86,15 g in 1 TUBE (0713-0640-15) | 50 g in 1 TUBE (0713-0640-86),1f57aaae-8d5f-bfdf-08d6-495b84221311,20070716,,20261231,0
21922-108,corticosteroid,halobetasol,Halobetasol Propionate,halobetasol propionate,"Encube Ethicals, Inc.",HALOBETASOL PROPIONATE .5 mg/g,halobetasol propionate 0.05%,"[{""name"":""HALOBETASOL PROPIONATE"",""strength"":"".5 mg/g"",""pct"":0.05,""display"":""0.05%""}]",OINTMENT,TOPICAL,ANDA,ANDA209978,HUMAN PRESCRIPTION DRUG,Corticosteroid Hormone Receptor Agonists [MoA];Corticosteroid [EPC],21922-108-04;21922-108-14,1 TUBE in 1 CARTON (21922-108-04) / 15 g in 1 TUBE | 1 TUBE in 1 CARTON (21922-108-14) / 50 g in 1 TUBE,d4f03a79-3d5e-4a39-8ab0-8ebd3d804e39,20260701,,20271231,0
45802-129,corticosteroid,halobetasol,Halobetasol Propionate,halobetasol propionate,Padagis Israel Pharmaceuticals Ltd,HALOBETASOL PROPIONATE .5 mg/g,halobetasol propionate 0.05%,"[{""name"":""HALOBETASOL PROPIONATE"",""strength"":"".5 mg/g"",""pct"":0.05,""display"":""0.05%""}]",CREAM,TOPICAL,ANDA,ANDA077123,HUMAN PRESCRIPTION DRUG,Corticosteroid Hormone Receptor Agonists [MoA];Corticosteroid [EPC],45802-129-32;45802-129-35,1 TUBE in 1 CARTON (45802-129-32) / 50 g in 1 TUBE | 1 TUBE in 1 CARTON (45802-129-35) / 15 g in 1 TUBE,df26430c-8182-4d03-a254-06d913de4c95,20080804,,20261231,0
45802-131,corticosteroid,halobetasol,Halobetasol Propionate,halobetasol propionate,Padagis Israel Pharmaceuticals Ltd,HALOBETASOL PROPIONATE .5 mg/g,halobetasol propionate 0.05%,"[{""name"":""HALOBETASOL PROPIONATE"",""strength"":"".5 mg/g"",""pct"":0.05,""display"":""0.05%""}]",OINTMENT,TOPICAL,ANDA,ANDA076872,HUMAN PRESCRIPTION DRUG,Corticosteroid Hormone Receptor Agonists [MoA];Corticosteroid [EPC],45802-131-32;45802-131-35,1 TUBE in 1 CARTON (45802-131-32) / 50 g in 1 TUBE | 1 TUBE in 1 CARTON (45802-131-35) / 15 g in 1 TUBE,c420da92-a3e3-4760-8cad-e50cbacebfeb,20090205,,20261231,0
70752-119,corticosteroid,halobetasol,Halobetasol Propionate,halobetasol propionate,QUAGEN PHARMACEUTICALS LLC,HALOBETASOL PROPIONATE .5 mg/g,halobetasol propionate 0.05%,"[{""name"":""HALOBETASOL PROPIONATE"",""strength"":"".5 mg/g"",""pct"":0.05,""display"":""0.05%""}]",OINTMENT,TOPICAL,ANDA,ANDA213560,HUMAN PRESCRIPTION DRUG,Corticosteroid Hormone Receptor Agonists [MoA];Corticosteroid [EPC],70752-119-02;70752-119-04,1 TUBE in 1 CARTON (70752-119-02) / 15 g in 1 TUBE | 1 TUBE in 1 CARTON (70752-119-04) / 50 g in 1 TUBE,fd4ebec1-e5ba-46cc-9627-4645a7b3bf19,20201006,,20261231,0
85437-008,corticosteroid,halobetasol,Halobetasol Propionate,halobetasol propionate,"Coral Way Pharma, LLC",HALOBETASOL PROPIONATE .5 mg/g,halobetasol propionate 0.05%,"[{""name"":""HALOBETASOL PROPIONATE"",""strength"":"".5 mg/g"",""pct"":0.05,""display"":""0.05%""}]",LOTION,TOPICAL,NDA AUTHORIZED GENERIC,NDA208183,HUMAN PRESCRIPTION DRUG,Corticosteroid Hormone Receptor Agonists [MoA];Corticosteroid [EPC],85437-008-60,1 BOTTLE in 1 CARTON (85437-008-60) / 59 g in 1 BOTTLE,4cb1f7b3-c412-6fc7-e063-6394a90a63c9,20260310,20270531,,0
68308-769,corticosteroid,halobetasol,Halobetasol propionate,halobetasol propionate,Mayne Pharma,HALOBETASOL PROPIONATE .5 mg/g,halobetasol propionate 0.05%,"[{""name"":""HALOBETASOL PROPIONATE"",""strength"":"".5 mg/g"",""pct"":0.05,""display"":""0.05%""}]","AEROSOL, FOAM",TOPICAL,ANDA,ANDA215266,HUMAN PRESCRIPTION DRUG,Corticosteroid Hormone Receptor Agonists [MoA];Corticosteroid [EPC],68308-769-50,1 CANISTER in 1 CARTON (68308-769-50) / 50 g in 1 CANISTER,24c41e6d-a314-4984-b45f-e5aa1fffa9b6,20231127,,20261231,0
51862-618,corticosteroid,halobetasol,LEXETTE,halobetasol propionate,Mayne Pharma,HALOBETASOL PROPIONATE .5 mg/g,halobetasol propionate 0.05%,"[{""name"":""HALOBETASOL PROPIONATE"",""strength"":"".5 mg/g"",""pct"":0.05,""display"":""0.05%""}]","AEROSOL, FOAM",TOPICAL,ANDA,ANDA215266,HUMAN PRESCRIPTION DRUG,Corticosteroid Hormone Receptor Agonists [MoA];Corticosteroid [EPC],51862-618-50,1 CANISTER in 1 CARTON (51862-618-50) / 50 g in 1 CANISTER,8aa1f819-c81f-4af1-aaa7-353df3203ff6,20250808,,20261231,0
73159-008,corticosteroid,halobetasol,ULTRAVATE,halobetasol propionate,"Lacer Pharma, LLC",HALOBETASOL PROPIONATE .5 mg/g,halobetasol propionate 0.05%,"[{""name"":""HALOBETASOL PROPIONATE"",""strength"":"".5 mg/g"",""pct"":0.05,""display"":""0.05%""}]",LOTION,TOPICAL,NDA,NDA208183,HUMAN PRESCRIPTION DRUG,Corticosteroid Hormone Receptor Agonists [MoA];Corticosteroid [EPC],73159-008-60,1 BOTTLE in 1 CARTON (73159-008-60) / 59 g in 1 BOTTLE,74e899db-1c1f-48b2-9913-5d32a14906ae,20250406,,20261231,0
77052-010,corticosteroid,hydrocortisone,Ala-Scalp,hydrocortisone,Derm Ventures LLC,HYDROCORTISONE 20 mg/mL,hydrocortisone 2%,"[{""name"":""HYDROCORTISONE"",""strength"":""20 mg/mL"",""pct"":2.0,""display"":""2%""}]",LOTION,TOPICAL,ANDA,ANDA083231,HUMAN PRESCRIPTION DRUG,Corticosteroid Hormone Receptor Agonists [MoA];Corticosteroid [EPC],77052-010-01;77052-010-02,"1 BOTTLE, WITH APPLICATOR in 1 BOX (77052-010-01) / 29.6 mL in 1 BOTTLE, WITH APPLICATOR | 1 BOTTLE, WITH APPLICATOR in 1 BOX (77052-010-02) / 59.2 mL in 1 BOTTLE, WITH APPLICATOR",61498a40-3b3c-4066-89c8-d99686e2d638,20200724,,20271231,0
0316-0126,corticosteroid,hydrocortisone,Alacort,hydrocortisone,Crown Laboratories,HYDROCORTISONE 10 mg/g,hydrocortisone 1%,"[{""name"":""HYDROCORTISONE"",""strength"":""10 mg/g"",""pct"":1.0,""display"":""1%""}]",CREAM,TOPICAL,ANDA,ANDA080706,HUMAN PRESCRIPTION DRUG,Corticosteroid Hormone Receptor Agonists [MoA];Corticosteroid [EPC],0316-0126-01;0316-0126-03,1 TUBE in 1 CARTON (0316-0126-01) / 28.4 g in 1 TUBE | 1 TUBE in 1 CARTON (0316-0126-03) / 85.2 g in 1 TUBE,de000081-a245-4f6b-9e7c-e47d84b82338,19730309,,20271231,0
0316-0128,corticosteroid,hydrocortisone,Alacort,hydrocortisone,Crown Laboratories,HYDROCORTISONE 25 mg/g,hydrocortisone 2.5%,"[{""name"":""HYDROCORTISONE"",""strength"":""25 mg/g"",""pct"":2.5,""display"":""2.5%""}]",CREAM,TOPICAL,ANDA,ANDA080706,HUMAN PRESCRIPTION DRUG,Corticosteroid Hormone Receptor Agonists [MoA];Corticosteroid [EPC],0316-0128-16;0316-0128-20;0316-0128-30,454 g in 1 JAR (0316-0128-16) | 1 TUBE in 1 CARTON (0316-0128-20) / 20 g in 1 TUBE | 1 TUBE in 1 CARTON (0316-0128-30) / 30 g in 1 TUBE,de000081-a245-4f6b-9e7c-e47d84b82338,20160106,,20271231,0
65649-401,corticosteroid,hydrocortisone,Anusol HC,hydrocortisone,"Salix Pharmaceuticals, Inc",HYDROCORTISONE 25 mg/g,hydrocortisone 2.5%,"[{""name"":""HYDROCORTISONE"",""strength"":""25 mg/g"",""pct"":2.5,""display"":""2.5%""}]",CREAM,TOPICAL,ANDA,ANDA088250,HUMAN PRESCRIPTION DRUG,Corticosteroid Hormone Receptor Agonists [MoA];Corticosteroid [EPC],65649-401-30,1 TUBE in 1 CARTON (65649-401-30) / 30 g in 1 TUBE,5a0439c8-50a0-4f85-9cb4-9e3a5b0c31e7,19840606,,20261231,0
0168-0020,corticosteroid,hydrocortisone,Hydrocortisone,hydrocortisone,"E. Fougera & Co. a division of Fougera Pharmaceuticals, LLC",HYDROCORTISONE 10 mg/g,hydrocortisone 1%,"[{""name"":""HYDROCORTISONE"",""strength"":""10 mg/g"",""pct"":1.0,""display"":""1%""}]",OINTMENT,TOPICAL,ANDA,ANDA080692,HUMAN PRESCRIPTION DRUG,Corticosteroid Hormone Receptor Agonists [MoA];Corticosteroid [EPC],0168-0020-16;0168-0020-31,453.6 g in 1 JAR (0168-0020-16) | 1 TUBE in 1 CARTON (0168-0020-31) / 28.35 g in 1 TUBE,31fbb576-0e76-471c-83c8-9e0125bc1791,19750416,,20271231,0
0168-0080,corticosteroid,hydrocortisone,Hydrocortisone,hydrocortisone,"E. Fougera & Co. a division of Fougera Pharmaceuticals, LLC",HYDROCORTISONE 25 mg/g,hydrocortisone 2.5%,"[{""name"":""HYDROCORTISONE"",""strength"":""25 mg/g"",""pct"":2.5,""display"":""2.5%""}]",CREAM,TOPICAL,ANDA,ANDA089414,HUMAN PRESCRIPTION DRUG,Corticosteroid Hormone Receptor Agonists [MoA];Corticosteroid [EPC],0168-0080-16;0168-0080-31,454 g in 1 JAR (0168-0080-16) | 30 g in 1 TUBE (0168-0080-31),bcd103f3-3dc8-4394-b8fd-8f8ddb721f77,19861216,,20271231,0
0168-0146,corticosteroid,hydrocortisone,Hydrocortisone,hydrocortisone,"E. Fougera & Co. a division of Fougera Pharmaceuticals, LLC",HYDROCORTISONE 25 mg/g,hydrocortisone 2.5%,"[{""name"":""HYDROCORTISONE"",""strength"":""25 mg/g"",""pct"":2.5,""display"":""2.5%""}]",OINTMENT,TOPICAL,ANDA,ANDA081203,HUMAN PRESCRIPTION DRUG,Corticosteroid Hormone Receptor Agonists [MoA];Corticosteroid [EPC],0168-0146-16;0168-0146-30,454 g in 1 JAR (0168-0146-16) | 29 g in 1 TUBE (0168-0146-30),bcd103f3-3dc8-4394-b8fd-8f8ddb721f77,19930528,,20271231,0
0316-0186,corticosteroid,hydrocortisone,Hydrocortisone,hydrocortisone,Crown Laboratories,HYDROCORTISONE 10 mg/g,hydrocortisone 1%,"[{""name"":""HYDROCORTISONE"",""strength"":""10 mg/g"",""pct"":1.0,""display"":""1%""}]",CREAM,TOPICAL,ANDA,ANDA080706,HUMAN PRESCRIPTION DRUG,Corticosteroid Hormone Receptor Agonists [MoA];Corticosteroid [EPC],0316-0186-01;0316-0186-16,1 TUBE in 1 CARTON (0316-0186-01) / 28.4 g in 1 TUBE | 1 JAR in 1 CARTON (0316-0186-16) / 454 g in 1 JAR,a84830ad-73dc-4a2e-b987-0a1103526535,19730309,,20271231,0
0316-0193,corticosteroid,hydrocortisone,Hydrocortisone,hydrocortisone,Crown Laboratories,HYDROCORTISONE 25 mg/g,hydrocortisone 2.5%,"[{""name"":""HYDROCORTISONE"",""strength"":""25 mg/g"",""pct"":2.5,""display"":""2.5%""}]",CREAM,TOPICAL,ANDA,ANDA080706,HUMAN PRESCRIPTION DRUG,Corticosteroid Hormone Receptor Agonists [MoA];Corticosteroid [EPC],0316-0193-16;0316-0193-20;0316-0193-30,1 JAR in 1 CARTON (0316-0193-16) / 454 g in 1 JAR | 1 TUBE in 1 CARTON (0316-0193-20) / 20 g in 1 TUBE | 1 TUBE in 1 CARTON (0316-0193-30) / 30 g in 1 TUBE,a84830ad-73dc-4a2e-b987-0a1103526535,20160106,,20271231,0
0472-0321,corticosteroid,hydrocortisone,Hydrocortisone,hydrocortisone,"Actavis Pharma, Inc.",HYDROCORTISONE 10 mg/g,hydrocortisone 1%,"[{""name"":""HYDROCORTISONE"",""strength"":""10 mg/g"",""pct"":1.0,""display"":""1%""}]",CREAM,TOPICAL,ANDA,ANDA087795,HUMAN PRESCRIPTION DRUG,Corticosteroid Hormone Receptor Agonists [MoA];Corticosteroid [EPC],0472-0321-26,1 TUBE in 1 CARTON (0472-0321-26) / 28.4 g in 1 TUBE,aa9dba84-eb38-4ec3-8555-87c948bf2384,20020103,20261031,,0
21922-065,corticosteroid,hydrocortisone,Hydrocortisone,hydrocortisone,"Encube Ethicals, Inc.",HYDROCORTISONE 25 mg/g,hydrocortisone 2.5%,"[{""name"":""HYDROCORTISONE"",""strength"":""25 mg/g"",""pct"":2.5,""display"":""2.5%""}]",CREAM,TOPICAL,ANDA,ANDA203810,HUMAN PRESCRIPTION DRUG,Corticosteroid Hormone Receptor Agonists [MoA];Corticosteroid [EPC],21922-065-05;21922-065-30,1 TUBE in 1 CARTON (21922-065-05) / 30 g in 1 TUBE | 453.6 g in 1 JAR (21922-065-30),11e120e2-a1ca-477c-b474-bcbb72656705,20260627,,20271231,0
45802-004,corticosteroid,hydrocortisone,Hydrocortisone,hydrocortisone,Padagis Israel Pharmaceuticals Ltd,HYDROCORTISONE 25 mg/g,hydrocortisone 2.5%,"[{""name"":""HYDROCORTISONE"",""strength"":""25 mg/g"",""pct"":2.5,""display"":""2.5%""}]",CREAM,TOPICAL,ANDA,ANDA085025,HUMAN PRESCRIPTION DRUG,Corticosteroid Hormone Receptor Agonists [MoA];Corticosteroid [EPC],45802-004-02;45802-004-03,1 TUBE in 1 CARTON (45802-004-02) / 20 g in 1 TUBE | 1 TUBE in 1 CARTON (45802-004-03) / 28 g in 1 TUBE,7ba59aa6-b828-4048-bf86-90c90d9894a0,20060331,,20271231,0
45802-014,corticosteroid,hydrocortisone,Hydrocortisone,hydrocortisone,Padagis Israel Pharmaceuticals Ltd,HYDROCORTISONE 25 mg/g,hydrocortisone 2.5%,"[{""name"":""HYDROCORTISONE"",""strength"":""25 mg/g"",""pct"":2.5,""display"":""2.5%""}]",OINTMENT,TOPICAL,ANDA,ANDA085027,HUMAN PRESCRIPTION DRUG,Corticosteroid Hormone Receptor Agonists [MoA];Corticosteroid [EPC],45802-014-02;45802-014-05,1 TUBE in 1 CARTON (45802-014-02) / 20 g in 1 TUBE | 454 g in 1 JAR (45802-014-05),7ba59aa6-b828-4048-bf86-90c90d9894a0,20060613,,20271231,0
51672-3003,corticosteroid,hydrocortisone,Hydrocortisone,hydrocortisone,"Sun Pharmaceutical Industries, Inc.",HYDROCORTISONE 25 mg/g,hydrocortisone 2.5%,"[{""name"":""HYDROCORTISONE"",""strength"":""25 mg/g"",""pct"":2.5,""display"":""2.5%""}]",CREAM,TOPICAL,ANDA,ANDA088799,HUMAN PRESCRIPTION DRUG,Corticosteroid Hormone Receptor Agonists [MoA];Corticosteroid [EPC],51672-3003-0;51672-3003-2,1 TUBE in 1 CARTON (51672-3003-0) / 20 g in 1 TUBE | 1 TUBE in 1 CARTON (51672-3003-2) / 28.35 g in 1 TUBE,e4f22e9c-cf38-473a-8f7d-8da7fd696f76,20050428,,20261231,0
62559-430,corticosteroid,hydrocortisone,Hydrocortisone,hydrocortisone,"ANI Pharmaceuticals, Inc.",HYDROCORTISONE 10 mg/g,hydrocortisone 1%,"[{""name"":""HYDROCORTISONE"",""strength"":""10 mg/g"",""pct"":1.0,""display"":""1%""}]",CREAM,TOPICAL,ANDA,ANDA080706,HUMAN PRESCRIPTION DRUG,Corticosteroid Hormone Receptor Agonists [MoA];Corticosteroid [EPC],62559-430-01,1 TUBE in 1 CARTON (62559-430-01) / 28.4 g in 1 TUBE,b2918ac7-14b5-4372-9055-8caf6f4bcf37,20160401,,20261231,0
62559-431,corticosteroid,hydrocortisone,Hydrocortisone,hydrocortisone,"ANI Pharmaceuticals, Inc.",HYDROCORTISONE 25 mg/g,hydrocortisone 2.5%,"[{""name"":""HYDROCORTISONE"",""strength"":""25 mg/g"",""pct"":2.5,""display"":""2.5%""}]",CREAM,TOPICAL,ANDA,ANDA080706,HUMAN PRESCRIPTION DRUG,Corticosteroid Hormone Receptor Agonists [MoA];Corticosteroid [EPC],62559-431-30,1 TUBE in 1 CARTON (62559-431-30) / 30 g in 1 TUBE,b2918ac7-14b5-4372-9055-8caf6f4bcf37,20160401,,20261231,0
71741-455,corticosteroid,hydrocortisone,Hydrocortisone,hydrocortisone,"Redmont Pharmaceuticals, LLC",HYDROCORTISONE 20 mg/g,hydrocortisone 2%,"[{""name"":""HYDROCORTISONE"",""strength"":""20 mg/g"",""pct"":2.0,""display"":""2%""}]",GEL,TOPICAL,UNAPPROVED DRUG OTHER,,HUMAN PRESCRIPTION DRUG,Corticosteroid Hormone Receptor Agonists [MoA];Corticosteroid [EPC],71741-455-31,30 g in 1 TUBE (71741-455-31),fb2f9fa2-5feb-4398-a21b-15a3137ac3bd,20260324,,20271231,0
73352-455,corticosteroid,hydrocortisone,Hydrocortisone,hydrocortisone,Trifluent Pharma LLC,HYDROCORTISONE 25 mg/mL,hydrocortisone 2.5%,"[{""name"":""HYDROCORTISONE"",""strength"":""25 mg/mL"",""pct"":2.5,""display"":""2.5%""}]",SOLUTION,TOPICAL,ANDA,ANDA081271,HUMAN PRESCRIPTION DRUG,Corticosteroid Hormone Receptor Agonists [MoA];Corticosteroid [EPC],73352-455-01,"1 BOTTLE, WITH APPLICATOR in 1 CARTON (73352-455-01) / 30 mL in 1 BOTTLE, WITH APPLICATOR",20508a94-01bc-4f1d-a42b-122a31402aaf,20241122,,20261231,0
59088-209,corticosteroid,hydrocortisone,Hydroxym,hydrocortisone,PureTek Corporation,HYDROCORTISONE 2 g/100g,hydrocortisone 2%,"[{""name"":""HYDROCORTISONE"",""strength"":""2 g/100g"",""pct"":2.0,""display"":""2%""}]",GEL,TOPICAL,UNAPPROVED DRUG OTHER,,HUMAN PRESCRIPTION DRUG,Corticosteroid Hormone Receptor Agonists [MoA];Corticosteroid [EPC],59088-209-03,28 g in 1 TUBE (59088-209-03),febffc84-e65e-e811-e053-6294a90a0ad1,20230712,,20271231,0
85477-309,corticosteroid,hydrocortisone,Hydroxym,hydrocortisone,"Oncora Pharma, LLC",HYDROCORTISONE 2 g/100g,hydrocortisone 2%,"[{""name"":""HYDROCORTISONE"",""strength"":""2 g/100g"",""pct"":2.0,""display"":""2%""}]",GEL,TOPICAL,UNAPPROVED DRUG OTHER,,HUMAN PRESCRIPTION DRUG,Corticosteroid Hormone Receptor Agonists [MoA];Corticosteroid [EPC],85477-309-28,28 g in 1 TUBE (85477-309-28),a161b69c-df9d-4827-ace8-f622aca9efc3,20230712,,20271231,0
69315-312,corticosteroid,hydrocortisone,Procto-Med HC,hydrocortisone,"Leading Pharma, LLC",HYDROCORTISONE 25 mg/g,hydrocortisone 2.5%,"[{""name"":""HYDROCORTISONE"",""strength"":""25 mg/g"",""pct"":2.5,""display"":""2.5%""}]",CREAM,TOPICAL,ANDA,ANDA085025,HUMAN PRESCRIPTION DRUG,Corticosteroid Hormone Receptor Agonists [MoA];Corticosteroid [EPC],69315-312-28,1 TUBE in 1 CARTON (69315-312-28) / 28 g in 1 TUBE,0682580e-aff8-4b67-99ba-a29ab7b433db,20200214,,20271231,0
10631-407,corticosteroid,hydrocortisone,Proctosol-HC,hydrocortisone,"Sun Pharmaceutical Industries, Inc.",HYDROCORTISONE 25 mg/g,hydrocortisone 2.5%,"[{""name"":""HYDROCORTISONE"",""strength"":""25 mg/g"",""pct"":2.5,""display"":""2.5%""}]",CREAM,TOPICAL,ANDA,ANDA088799,HUMAN PRESCRIPTION DRUG,Corticosteroid Hormone Receptor Agonists [MoA];Corticosteroid [EPC],10631-407-01,1 TUBE in 1 CARTON (10631-407-01) / 28.35 g in 1 TUBE,565284e7-4994-486b-8267-18bd166655ac,20050428,,20261231,0
0178-0455,corticosteroid,hydrocortisone,Texacort,hydrocortisone,Mission Pharmacal Company,HYDROCORTISONE 25 mg/mL,hydrocortisone 2.5%,"[{""name"":""HYDROCORTISONE"",""strength"":""25 mg/mL"",""pct"":2.5,""display"":""2.5%""}]",SOLUTION,TOPICAL,ANDA,ANDA081271,HUMAN PRESCRIPTION DRUG,Corticosteroid Hormone Receptor Agonists [MoA];Corticosteroid [EPC],0178-0455-01,"1 BOTTLE, WITH APPLICATOR in 1 CARTON (0178-0455-01) / 30 mL in 1 BOTTLE, WITH APPLICATOR",25279d46-6bad-471f-8bd6-736d53cfd942,20111215,,20271231,0
0168-0015,corticosteroid,hydrocortisone,hydrocortisone,hydrocortisone,"E. Fougera & Co. a division of Fougera Pharmaceuticals, LLC",HYDROCORTISONE 10 mg/g,hydrocortisone 1%,"[{""name"":""HYDROCORTISONE"",""strength"":""10 mg/g"",""pct"":1.0,""display"":""1%""}]",CREAM,TOPICAL,ANDA,ANDA080693,HUMAN PRESCRIPTION DRUG,Corticosteroid Hormone Receptor Agonists [MoA];Corticosteroid [EPC],0168-0015-16;0168-0015-31,453.6 g in 1 JAR (0168-0015-16) | 1 TUBE in 1 CARTON (0168-0015-31) / 28.35 g in 1 TUBE,bc374fa4-ac8b-408e-9321-8bab97a18770,19760430,,20271231,0
45802-937,corticosteroid,hydrocortisone,hydrocortisone,hydrocortisone,Padagis Israel Pharmaceuticals Ltd,HYDROCORTISONE 25 mg/mL,hydrocortisone 2.5%,"[{""name"":""HYDROCORTISONE"",""strength"":""25 mg/mL"",""pct"":2.5,""display"":""2.5%""}]",LOTION,TOPICAL,ANDA,ANDA089074,HUMAN PRESCRIPTION DRUG,Corticosteroid Hormone Receptor Agonists [MoA];Corticosteroid [EPC],45802-937-16;45802-937-26,59 mL in 1 BOTTLE (45802-937-16) | 118 mL in 1 BOTTLE (45802-937-26),f05b7fa6-26a9-4aca-8975-819ece891060,20080523,,20261231,0
59088-328,corticosteroid,hydrocortisone,Hydroxate Gel,hydrocortisone 2%,PureTek Corporation,HYDROCORTISONE 20 mg/g,hydrocortisone 2%,"[{""name"":""HYDROCORTISONE"",""strength"":""20 mg/g"",""pct"":2.0,""display"":""2%""}]",GEL,TOPICAL,UNAPPROVED DRUG OTHER,,HUMAN PRESCRIPTION DRUG,Corticosteroid Hormone Receptor Agonists [MoA];Corticosteroid [EPC],59088-328-03,28 g in 1 TUBE (59088-328-03),13bc5f75-b5cb-4d48-e063-6394a90ab608,20240315,,20261231,0
59088-208,corticosteroid,hydrocortisone,Hydroxym Cream,hydrocortisone 2%,PureTek Corporation,HYDROCORTISONE 20 mg/g,hydrocortisone 2%,"[{""name"":""HYDROCORTISONE"",""strength"":""20 mg/g"",""pct"":2.0,""display"":""2%""}]",CREAM,TOPICAL,UNAPPROVED DRUG OTHER,,HUMAN PRESCRIPTION DRUG,Corticosteroid Hormone Receptor Agonists [MoA];Corticosteroid [EPC],59088-208-03,28 g in 1 TUBE (59088-208-03),142f4dc7-ffc4-bfff-e063-6294a90a676f,20240321,,20261231,0
64980-324,corticosteroid,hydrocortisone,PROCTOZONE-HC,hydrocortisone 2.5%,"Rising Pharma Holdings, Inc.",HYDROCORTISONE 25 mg/g,hydrocortisone 2.5%,"[{""name"":""HYDROCORTISONE"",""strength"":""25 mg/g"",""pct"":2.5,""display"":""2.5%""}]",CREAM,TOPICAL,ANDA,ANDA040879,HUMAN PRESCRIPTION DRUG,Corticosteroid Hormone Receptor Agonists [MoA];Corticosteroid [EPC],64980-324-30,1 TUBE in 1 CARTON (64980-324-30) / 30 g in 1 TUBE,fb5746ff-3ff1-4874-a827-4694133641b9,20150803,,20261231,0
0037-6830,corticosteroid,hydrocortisone,Cortifoam,hydrocortisone acetate,Viatris Specialty LLC,HYDROCORTISONE ACETATE 1500 mg/15g,hydrocortisone acetate 10%,"[{""name"":""HYDROCORTISONE ACETATE"",""strength"":""1500 mg/15g"",""pct"":10.0,""display"":""10%""}]","AEROSOL, FOAM",TOPICAL,NDA,NDA017351,HUMAN PRESCRIPTION DRUG,Corticosteroid Hormone Receptor Agonists [MoA];Corticosteroid [EPC],0037-6830-15,1 CANISTER in 1 CARTON (0037-6830-15) / 15 g in 1 CANISTER,0093b694-9fcb-46ae-b1ab-7d0fa204c6c8,20150615,,20261231,0
54766-799,corticosteroid,hydrocortisone,Analpram HC,hydrocortisone acetate and pramoxine hydrochloride,Sebela Pharmaceuticals Inc.,HYDROCORTISONE ACETATE 25 mg/g; PRAMOXINE HYDROCHLORIDE 10 mg/g,hydrocortisone acetate 2.5%; pramoxine hydrochloride 1%,"[{""name"":""HYDROCORTISONE ACETATE"",""strength"":""25 mg/g"",""pct"":2.5,""display"":""2.5%""},{""name"":""PRAMOXINE HYDROCHLORIDE"",""strength"":""10 mg/g"",""pct"":1.0,""display"":""1%""}]",CREAM,TOPICAL,UNAPPROVED DRUG OTHER,,HUMAN PRESCRIPTION DRUG,Corticosteroid Hormone Receptor Agonists [MoA];Corticosteroid [EPC],54766-799-65,"12 TUBE, WITH APPLICATOR in 1 CARTON (54766-799-65) / 4 g in 1 TUBE, WITH APPLICATOR (54766-799-36)",fecf8380-3bb5-11e5-98c5-0002a5d5c51b,20150807,20261130,,0
54766-829,corticosteroid,hydrocortisone,Analpram HC,hydrocortisone acetate and pramoxine hydrochloride,Sebela Pharmaceuticals Inc.,HYDROCORTISONE ACETATE 25 mg/mL; PRAMOXINE HYDROCHLORIDE 10 mg/mL,hydrocortisone acetate 2.5%; pramoxine hydrochloride 1%,"[{""name"":""HYDROCORTISONE ACETATE"",""strength"":""25 mg/mL"",""pct"":2.5,""display"":""2.5%""},{""name"":""PRAMOXINE HYDROCHLORIDE"",""strength"":""10 mg/mL"",""pct"":1.0,""display"":""1%""}]",LOTION,TOPICAL,ANDA,ANDA085979,HUMAN PRESCRIPTION DRUG,Corticosteroid Hormone Receptor Agonists [MoA];Corticosteroid [EPC],54766-829-04,"59 mL in 1 BOTTLE, PLASTIC (54766-829-04)",1469733e-1723-4b8c-be33-ed8dfafd65e2,20150805,20270328,,0
83107-018,corticosteroid,hydrocortisone,Analpram HC,hydrocortisone acetate and pramoxine hydrochloride,Legacy Pharma USA Inc.,HYDROCORTISONE ACETATE 10 mg/g; PRAMOXINE HYDROCHLORIDE 10 mg/g,hydrocortisone acetate 1%; pramoxine hydrochloride 1%,"[{""name"":""HYDROCORTISONE ACETATE"",""strength"":""10 mg/g"",""pct"":1.0,""display"":""1%""},{""name"":""PRAMOXINE HYDROCHLORIDE"",""strength"":""10 mg/g"",""pct"":1.0,""display"":""1%""}]",CREAM,TOPICAL,ANDA,ANDA085368,HUMAN PRESCRIPTION DRUG,Corticosteroid Hormone Receptor Agonists [MoA];Corticosteroid [EPC],83107-018-01,"28.4 g in 1 TUBE, WITH APPLICATOR (83107-018-01)",39618fc5-87a8-47bc-93fc-cb97b8f663c8,20250623,,20261231,0
83107-019,corticosteroid,hydrocortisone,Analpram HC,hydrocortisone acetate and pramoxine hydrochloride,Legacy Pharma USA Inc.,HYDROCORTISONE ACETATE 25 mg/g; PRAMOXINE HYDROCHLORIDE 10 mg/g,hydrocortisone acetate 2.5%; pramoxine hydrochloride 1%,"[{""name"":""HYDROCORTISONE ACETATE"",""strength"":""25 mg/g"",""pct"":2.5,""display"":""2.5%""},{""name"":""PRAMOXINE HYDROCHLORIDE"",""strength"":""10 mg/g"",""pct"":1.0,""display"":""1%""}]",CREAM,TOPICAL,ANDA,ANDA085979,HUMAN PRESCRIPTION DRUG,Corticosteroid Hormone Receptor Agonists [MoA];Corticosteroid [EPC],83107-019-12;83107-019-30,"12 TUBE, WITH APPLICATOR in 1 CARTON (83107-019-12) / 4 g in 1 TUBE, WITH APPLICATOR | 30 TUBE, WITH APPLICATOR in 1 CARTON (83107-019-30) / 4 g in 1 TUBE, WITH APPLICATOR",3e5c6728-ece3-40f7-9e36-cff71f168cd8,20250725,,20271231,0
83107-020,corticosteroid,hydrocortisone,Analpram HC,hydrocortisone acetate and pramoxine hydrochloride,Legacy Pharma USA Inc.,HYDROCORTISONE ACETATE 25 mg/mL; PRAMOXINE HYDROCHLORIDE 10 mg/mL,hydrocortisone acetate 2.5%; pramoxine hydrochloride 1%,"[{""name"":""HYDROCORTISONE ACETATE"",""strength"":""25 mg/mL"",""pct"":2.5,""display"":""2.5%""},{""name"":""PRAMOXINE HYDROCHLORIDE"",""strength"":""10 mg/mL"",""pct"":1.0,""display"":""1%""}]",LOTION,TOPICAL,ANDA,ANDA085979,HUMAN PRESCRIPTION DRUG,Corticosteroid Hormone Receptor Agonists [MoA];Corticosteroid [EPC],83107-020-02,"59 mL in 1 BOTTLE, PLASTIC (83107-020-02)",56568e1f-974b-4750-b560-d93eb5e0e83f,20250523,,20261231,0
54766-729,corticosteroid,hydrocortisone,Pramosone,hydrocortisone acetate and pramoxine hydrochloride,Sebela Pharmaceuticals Inc.,HYDROCORTISONE ACETATE 10 mg/mL; PRAMOXINE HYDROCHLORIDE 10 mg/mL,hydrocortisone acetate 1%; pramoxine hydrochloride 1%,"[{""name"":""HYDROCORTISONE ACETATE"",""strength"":""10 mg/mL"",""pct"":1.0,""display"":""1%""},{""name"":""PRAMOXINE HYDROCHLORIDE"",""strength"":""10 mg/mL"",""pct"":1.0,""display"":""1%""}]",LOTION,TOPICAL,ANDA,ANDA085980,HUMAN PRESCRIPTION DRUG,Corticosteroid Hormone Receptor Agonists [MoA];Corticosteroid [EPC],54766-729-04,118 mL in 1 BOTTLE (54766-729-04),f207bdff-2f41-4eee-818e-198b6462863e,20150702,20261231,,0
54766-763,corticosteroid,hydrocortisone,Pramosone,hydrocortisone acetate and pramoxine hydrochloride,Sebela Pharmaceuticals Inc.,HYDROCORTISONE ACETATE 10 mg/g; PRAMOXINE HYDROCHLORIDE 10 mg/g,hydrocortisone acetate 1%; pramoxine hydrochloride 1%,"[{""name"":""HYDROCORTISONE ACETATE"",""strength"":""10 mg/g"",""pct"":1.0,""display"":""1%""},{""name"":""PRAMOXINE HYDROCHLORIDE"",""strength"":""10 mg/g"",""pct"":1.0,""display"":""1%""}]",OINTMENT,TOPICAL,UNAPPROVED DRUG OTHER,,HUMAN PRESCRIPTION DRUG,Corticosteroid Hormone Receptor Agonists [MoA];Corticosteroid [EPC],,,d4d85400-3bb3-11e5-830e-0002a5d5c51b,20260526,,20271231,0
54766-777,corticosteroid,hydrocortisone,Pramosone,hydrocortisone acetate and pramoxine hydrochloride,Sebela Pharmaceuticals Inc.,HYDROCORTISONE ACETATE 25 mg/g; PRAMOXINE HYDROCHLORIDE 10 mg/g,hydrocortisone acetate 2.5%; pramoxine hydrochloride 1%,"[{""name"":""HYDROCORTISONE ACETATE"",""strength"":""25 mg/g"",""pct"":2.5,""display"":""2.5%""},{""name"":""PRAMOXINE HYDROCHLORIDE"",""strength"":""10 mg/g"",""pct"":1.0,""display"":""1%""}]",OINTMENT,TOPICAL,UNAPPROVED DRUG OTHER,,HUMAN PRESCRIPTION DRUG,Corticosteroid Hormone Receptor Agonists [MoA];Corticosteroid [EPC],54766-777-04,28.4 g in 1 TUBE (54766-777-04),b955de80-3bb5-11e5-ac7f-0002a5d5c51b,20260526,,20271231,0
83107-014,corticosteroid,hydrocortisone,Pramosone,hydrocortisone acetate and pramoxine hydrochloride,Legacy Pharma USA Inc,HYDROCORTISONE ACETATE 25 mg/g; PRAMOXINE HYDROCHLORIDE 10 mg/g,hydrocortisone acetate 2.5%; pramoxine hydrochloride 1%,"[{""name"":""HYDROCORTISONE ACETATE"",""strength"":""25 mg/g"",""pct"":2.5,""display"":""2.5%""},{""name"":""PRAMOXINE HYDROCHLORIDE"",""strength"":""10 mg/g"",""pct"":1.0,""display"":""1%""}]",OINTMENT,TOPICAL,UNAPPROVED DRUG OTHER,,HUMAN PRESCRIPTION DRUG,Corticosteroid Hormone Receptor Agonists [MoA];Corticosteroid [EPC],83107-014-01,28.4 g in 1 TUBE (83107-014-01),4d4e288e-00d7-ed9d-e063-6394a90aab31,20260318,,20271231,0
83107-021,corticosteroid,hydrocortisone,Pramosone,hydrocortisone acetate and pramoxine hydrochloride,Legacy Pharma USA Inc.,HYDROCORTISONE ACETATE 25 mg/mL; PRAMOXINE HYDROCHLORIDE 10 mg/mL,hydrocortisone acetate 2.5%; pramoxine hydrochloride 1%,"[{""name"":""HYDROCORTISONE ACETATE"",""strength"":""25 mg/mL"",""pct"":2.5,""display"":""2.5%""},{""name"":""PRAMOXINE HYDROCHLORIDE"",""strength"":""10 mg/mL"",""pct"":1.0,""display"":""1%""}]",LOTION,TOPICAL,ANDA,ANDA085979,HUMAN PRESCRIPTION DRUG,Corticosteroid Hormone Receptor Agonists [MoA];Corticosteroid [EPC],83107-021-02;83107-021-04,"59 mL in 1 BOTTLE, PLASTIC (83107-021-02) | 118 mL in 1 BOTTLE, PLASTIC (83107-021-04)",4c98a01e-ff11-45eb-8732-4bd9157969e8,20250527,,20261231,0
83107-022,corticosteroid,hydrocortisone,Pramosone,hydrocortisone acetate and pramoxine hydrochloride,Legacy Pharma USA Inc.,HYDROCORTISONE ACETATE 10 mg/mL; PRAMOXINE HYDROCHLORIDE 10 mg/mL,hydrocortisone acetate 1%; pramoxine hydrochloride 1%,"[{""name"":""HYDROCORTISONE ACETATE"",""strength"":""10 mg/mL"",""pct"":1.0,""display"":""1%""},{""name"":""PRAMOXINE HYDROCHLORIDE"",""strength"":""10 mg/mL"",""pct"":1.0,""display"":""1%""}]",LOTION,TOPICAL,ANDA,ANDA085980,HUMAN PRESCRIPTION DRUG,Corticosteroid Hormone Receptor Agonists [MoA];Corticosteroid [EPC],83107-022-04,118 mL in 1 BOTTLE (83107-022-04),ce3dd32c-1262-454e-aacb-880d54596dd3,20250606,,20261231,0
83107-016,corticosteroid,hydrocortisone,Pramosone Cream,hydrocortisone acetate and pramoxine hydrochloride,Legacy Pharma USA Inc.,HYDROCORTISONE ACETATE 10 mg/g; PRAMOXINE HYDROCHLORIDE 10 mg/g,hydrocortisone acetate 1%; pramoxine hydrochloride 1%,"[{""name"":""HYDROCORTISONE ACETATE"",""strength"":""10 mg/g"",""pct"":1.0,""display"":""1%""},{""name"":""PRAMOXINE HYDROCHLORIDE"",""strength"":""10 mg/g"",""pct"":1.0,""display"":""1%""}]",CREAM,TOPICAL,ANDA,ANDA085368,HUMAN PRESCRIPTION DRUG,Corticosteroid Hormone Receptor Agonists [MoA];Corticosteroid [EPC],83107-016-02,57 g in 1 TUBE (83107-016-02),6a9fb75b-a2f7-4eca-8dce-d7eb5c122476,20250627,,20261231,0
83107-017,corticosteroid,hydrocortisone,Pramosone Cream,hydrocortisone acetate and pramoxine hydrochloride,Legacy Pharma USA Inc.,HYDROCORTISONE ACETATE 10 mg/g; PRAMOXINE HYDROCHLORIDE 10 mg/g,hydrocortisone acetate 1%; pramoxine hydrochloride 1%,"[{""name"":""HYDROCORTISONE ACETATE"",""strength"":""10 mg/g"",""pct"":1.0,""display"":""1%""},{""name"":""PRAMOXINE HYDROCHLORIDE"",""strength"":""10 mg/g"",""pct"":1.0,""display"":""1%""}]",CREAM,TOPICAL,ANDA,ANDA085368,HUMAN PRESCRIPTION DRUG,Corticosteroid Hormone Receptor Agonists [MoA];Corticosteroid [EPC],83107-017-01,28.4 g in 1 TUBE (83107-017-01),6a9fb75b-a2f7-4eca-8dce-d7eb5c122476,20250627,,20261231,0
83107-015,corticosteroid,hydrocortisone,pramosone,hydrocortisone acetate and pramoxine hydrochloride,Legacy Pharma USA Inc.,HYDROCORTISONE ACETATE 10 mg/g; PRAMOXINE HYDROCHLORIDE 10 mg/g,hydrocortisone acetate 1%; pramoxine hydrochloride 1%,"[{""name"":""HYDROCORTISONE ACETATE"",""strength"":""10 mg/g"",""pct"":1.0,""display"":""1%""},{""name"":""PRAMOXINE HYDROCHLORIDE"",""strength"":""10 mg/g"",""pct"":1.0,""display"":""1%""}]",OINTMENT,TOPICAL,UNAPPROVED DRUG OTHER,,HUMAN PRESCRIPTION DRUG,Corticosteroid Hormone Receptor Agonists [MoA];Corticosteroid [EPC],83107-015-01,28.4 g in 1 TUBE (83107-015-01),4d4fb647-0304-f4ac-e063-6294a90af513,20260318,,20271231,0
28595-050,corticosteroid,hydrocortisone,Hydrocortisone Acetate Cream,hydrocortisone acetate cream,"Allegis Pharmaceuticals, Inc.",HYDROCORTISONE ACETATE 20 mg/g,hydrocortisone acetate 2%,"[{""name"":""HYDROCORTISONE ACETATE"",""strength"":""20 mg/g"",""pct"":2.0,""display"":""2%""}]",CREAM,TOPICAL,ANDA,ANDA040396,HUMAN PRESCRIPTION DRUG,Corticosteroid Hormone Receptor Agonists [MoA];Corticosteroid [EPC],28595-050-01,28.4 g in 1 CARTON (28595-050-01),57c6aadb-fa88-044f-e063-6394a90a3db8,20260729,,20271231,0
71297-241,corticosteroid,hydrocortisone,Hydrocortisone Acetate Cream,hydrocortisone acetate cream,Allegis Holdings LLC,HYDROCORTISONE ACETATE 20 mg/g,hydrocortisone acetate 2%,"[{""name"":""HYDROCORTISONE ACETATE"",""strength"":""20 mg/g"",""pct"":2.0,""display"":""2%""}]",CREAM,TOPICAL,ANDA,ANDA040396,HUMAN PRESCRIPTION DRUG,Corticosteroid Hormone Receptor Agonists [MoA];Corticosteroid [EPC],71297-241-01,28.4 g in 1 CARTON (71297-241-01),3b008546-afa5-fe5a-e063-6394a90adb3b,20250728,,20261231,0
45802-472,corticosteroid,hydrocortisone,Hydrocortisone Acetate Pramoxine Hcl,hydrocortisone acetate pramoxine hcl,Padagis Israel Pharmaceuticals Ltd,HYDROCORTISONE ACETATE 2.5 g/100g; PRAMOXINE HYDROCHLORIDE 1 g/100g,hydrocortisone acetate 2.5%; pramoxine hydrochloride 1%,"[{""name"":""HYDROCORTISONE ACETATE"",""strength"":""2.5 g/100g"",""pct"":2.5,""display"":""2.5%""},{""name"":""PRAMOXINE HYDROCHLORIDE"",""strength"":""1 g/100g"",""pct"":1.0,""display"":""1%""}]",CREAM,TOPICAL,UNAPPROVED DRUG OTHER,,HUMAN PRESCRIPTION DRUG,Corticosteroid Hormone Receptor Agonists [MoA];Corticosteroid [EPC],45802-472-53;45802-472-64;45802-472-65,12 TUBE in 1 CARTON (45802-472-53) / 4 g in 1 TUBE (45802-472-01) | 1 TUBE in 1 CARTON (45802-472-64) / 28.35 g in 1 TUBE | 30 TUBE in 1 CARTON (45802-472-65) / 4 g in 1 TUBE (45802-472-01),87a4c494-56f9-48f6-8592-d610c507a4fc,19960927,,20261231,0
45802-144,corticosteroid,hydrocortisone,hydrocortisone acetate pramoxine hcl,hydrocortisone acetate pramoxine hcl,Padagis Israel Pharmaceuticals Ltd,HYDROCORTISONE ACETATE 1 g/100g; PRAMOXINE HYDROCHLORIDE 1 g/100g,hydrocortisone acetate 1%; pramoxine hydrochloride 1%,"[{""name"":""HYDROCORTISONE ACETATE"",""strength"":""1 g/100g"",""pct"":1.0,""display"":""1%""},{""name"":""PRAMOXINE HYDROCHLORIDE"",""strength"":""1 g/100g"",""pct"":1.0,""display"":""1%""}]",CREAM,TOPICAL,ANDA,ANDA085368,HUMAN PRESCRIPTION DRUG,Corticosteroid Hormone Receptor Agonists [MoA];Corticosteroid [EPC],45802-144-64,1 TUBE in 1 CARTON (45802-144-64) / 28.35 g in 1 TUBE,9eea5875-d153-4bba-aee2-b1d1cd8b5e57,20100413,,20261231,0
52187-551,corticosteroid,hydrocortisone,"Hydrocortisone Acetate, Iodoquinol","hydrocortisone acetate, iodoquinol","KMM Pharmaceuticals, LLC",HYDROCORTISONE ACETATE 19 mg/g; IODOQUINOL 10 mg/g,hydrocortisone acetate 1.9%; iodoquinol 1%,"[{""name"":""HYDROCORTISONE ACETATE"",""strength"":""19 mg/g"",""pct"":1.9,""display"":""1.9%""},{""name"":""IODOQUINOL"",""strength"":""10 mg/g"",""pct"":1.0,""display"":""1%""}]",CREAM,TOPICAL,UNAPPROVED DRUG OTHER,,HUMAN PRESCRIPTION DRUG,Corticosteroid Hormone Receptor Agonists [MoA];Corticosteroid [EPC],52187-551-30,30 PACKET in 1 CARTON (52187-551-30) / 2 g in 1 PACKET,d9170a5e-730e-f7c7-e053-2995a90aa6bc,20220228,20270831,,0
44118-704,corticosteroid,hydrocortisone,Vytone,"hydrocortisone acetate, iodoquinol",Eckson Labs LLC,HYDROCORTISONE ACETATE 19 mg/g; IODOQUINOL 10 mg/g,hydrocortisone acetate 1.9%; iodoquinol 1%,"[{""name"":""HYDROCORTISONE ACETATE"",""strength"":""19 mg/g"",""pct"":1.9,""display"":""1.9%""},{""name"":""IODOQUINOL"",""strength"":""10 mg/g"",""pct"":1.0,""display"":""1%""}]",CREAM,TOPICAL,UNAPPROVED DRUG OTHER,,HUMAN PRESCRIPTION DRUG,Corticosteroid Hormone Receptor Agonists [MoA];Corticosteroid [EPC],44118-704-30,30 PACKET in 1 CARTON (44118-704-30) / 2 g in 1 PACKET (44118-704-01),db751fea-59d7-314c-e053-2a95a90ae382,20220330,20270831,,0
45802-124,corticosteroid,hydrocortisone,hydrocortisone acetate pramoxine HCl,"hydrocortisone acetate, pramoxine hcl",Padagis Israel Pharmaceuticals Ltd,HYDROCORTISONE ACETATE 2.5 g/100g; PRAMOXINE HYDROCHLORIDE 1 g/100g,hydrocortisone acetate 2.5%; pramoxine hydrochloride 1%,"[{""name"":""HYDROCORTISONE ACETATE"",""strength"":""2.5 g/100g"",""pct"":2.5,""display"":""2.5%""},{""name"":""PRAMOXINE HYDROCHLORIDE"",""strength"":""1 g/100g"",""pct"":1.0,""display"":""1%""}]",CREAM,TOPICAL,UNAPPROVED DRUG OTHER,,HUMAN PRESCRIPTION DRUG,Corticosteroid Hormone Receptor Agonists [MoA];Corticosteroid [EPC],45802-124-16;45802-124-64,1 TUBE in 1 CARTON (45802-124-16) / 57 g in 1 TUBE | 1 TUBE in 1 CARTON (45802-124-64) / 28.4 g in 1 TUBE,982f0862-2be8-4a65-8b61-8f3a95ab5951,20110329,,20261231,0
52817-817,corticosteroid,hydrocortisone,hydrocortisone acetate pramoxine HCl,"hydrocortisone acetate, pramoxine hcl","TRUPHARMA, LLC",HYDROCORTISONE ACETATE 2.5 g/100g; PRAMOXINE HYDROCHLORIDE 1 g/100g,hydrocortisone acetate 2.5%; pramoxine hydrochloride 1%,"[{""name"":""HYDROCORTISONE ACETATE"",""strength"":""2.5 g/100g"",""pct"":2.5,""display"":""2.5%""},{""name"":""PRAMOXINE HYDROCHLORIDE"",""strength"":""1 g/100g"",""pct"":1.0,""display"":""1%""}]",CREAM,TOPICAL,UNAPPROVED DRUG OTHER,,HUMAN PRESCRIPTION DRUG,Corticosteroid Hormone Receptor Agonists [MoA];Corticosteroid [EPC],52817-817-01,1 TUBE in 1 CARTON (52817-817-01) / 28.4 g in 1 TUBE,f531fa34-5711-42d0-82c4-3b9943cdcca9,20201119,,20261231,0
87143-420,corticosteroid,hydrocortisone,Evesse,hydrocortisone butyrate,"Perfero Pharma, Inc.",HYDROCORTISONE BUTYRATE 1 mg/mL,hydrocortisone butyrate 0.1%,"[{""name"":""HYDROCORTISONE BUTYRATE"",""strength"":""1 mg/mL"",""pct"":0.1,""display"":""0.1%""}]",LOTION,TOPICAL,ANDA,ANDA209556,HUMAN PRESCRIPTION DRUG,Corticosteroid Hormone Receptor Agonists [MoA];Corticosteroid [EPC],87143-420-04,118 mL in 1 BOTTLE (87143-420-04),988b5524-2947-4862-9d5b-e8b7fec5fd9a,20260504,,20271231,0
51672-4061,corticosteroid,hydrocortisone,Hydrocortisone Butyrate,hydrocortisone butyrate,"Sun Pharmaceutical Industries, Inc.",HYDROCORTISONE BUTYRATE 1 mg/mL,hydrocortisone butyrate 0.1%,"[{""name"":""HYDROCORTISONE BUTYRATE"",""strength"":""1 mg/mL"",""pct"":0.1,""display"":""0.1%""}]",SOLUTION,TOPICAL,ANDA,ANDA076364,HUMAN PRESCRIPTION DRUG,Corticosteroid Hormone Receptor Agonists [MoA];Corticosteroid [EPC],51672-4061-2;51672-4061-4,1 BOTTLE in 1 CARTON (51672-4061-2) / 20 mL in 1 BOTTLE | 1 BOTTLE in 1 CARTON (51672-4061-4) / 60 mL in 1 BOTTLE,51176835-598d-4da7-8a00-6bd36f52aa82,20040114,,20271231,0
51672-4074,corticosteroid,hydrocortisone,Hydrocortisone Butyrate,hydrocortisone butyrate,"Sun Pharmaceutical Industries, Inc.",HYDROCORTISONE BUTYRATE 1 mg/g,hydrocortisone butyrate 0.1%,"[{""name"":""HYDROCORTISONE BUTYRATE"",""strength"":""1 mg/g"",""pct"":0.1,""display"":""0.1%""}]",CREAM,TOPICAL,ANDA,ANDA076654,HUMAN PRESCRIPTION DRUG,Corticosteroid Hormone Receptor Agonists [MoA];Corticosteroid [EPC],51672-4074-1;51672-4074-2;51672-4074-5;51672-4074-6;51672-4074-7,1 TUBE in 1 CARTON (51672-4074-1) / 15 g in 1 TUBE | 1 TUBE in 1 CARTON (51672-4074-2) / 30 g in 1 TUBE | 5 g in 1 TUBE (51672-4074-5) | 1 TUBE in 1 CARTON (51672-4074-6) / 45 g in 1 TUBE | 1 TUBE in 1 CARTON (51672-4074-7) / 10 g in 1 TUBE,51176835-598d-4da7-8a00-6bd36f52aa82,20050804,,20271231,0
51672-4083,corticosteroid,hydrocortisone,Hydrocortisone Butyrate,hydrocortisone butyrate,"Sun Pharmaceutical Industries, Inc.",HYDROCORTISONE BUTYRATE 1 mg/g,hydrocortisone butyrate 0.1%,"[{""name"":""HYDROCORTISONE BUTYRATE"",""strength"":""1 mg/g"",""pct"":0.1,""display"":""0.1%""}]",OINTMENT,TOPICAL,ANDA,ANDA076842,HUMAN PRESCRIPTION DRUG,Corticosteroid Hormone Receptor Agonists [MoA];Corticosteroid [EPC],51672-4083-1;51672-4083-2;51672-4083-5;51672-4083-6;51672-4083-7,1 TUBE in 1 CARTON (51672-4083-1) / 15 g in 1 TUBE | 1 TUBE in 1 CARTON (51672-4083-2) / 30 g in 1 TUBE | 5 g in 1 TUBE (51672-4083-5) | 1 TUBE in 1 CARTON (51672-4083-6) / 45 g in 1 TUBE | 1 TUBE in 1 CARTON (51672-4083-7) / 10 g in 1 TUBE,51176835-598d-4da7-8a00-6bd36f52aa82,20041227,,20271231,0
68180-951,corticosteroid,hydrocortisone,Hydrocortisone Butyrate,hydrocortisone butyrate,"Lupin Pharmaceuticals, Inc.",HYDROCORTISONE BUTYRATE 1 mg/mL,hydrocortisone butyrate 0.1%,"[{""name"":""HYDROCORTISONE BUTYRATE"",""strength"":""1 mg/mL"",""pct"":0.1,""display"":""0.1%""}]",LOTION,TOPICAL,ANDA,ANDA210209,HUMAN PRESCRIPTION DRUG,Corticosteroid Hormone Receptor Agonists [MoA];Corticosteroid [EPC],68180-951-01;68180-951-02,1 BOTTLE in 1 CARTON (68180-951-01) / 59 mL in 1 BOTTLE | 1 BOTTLE in 1 CARTON (68180-951-02) / 118 mL in 1 BOTTLE,275f3fcf-1170-4df0-9a8d-1482bda409cb,20180817,,20271231,0
68682-271,corticosteroid,hydrocortisone,Hydrocortisone Butyrate,hydrocortisone butyrate,Oceanside Pharmaceuticals,HYDROCORTISONE BUTYRATE 1 mg/g,hydrocortisone butyrate 0.1%,"[{""name"":""HYDROCORTISONE BUTYRATE"",""strength"":""1 mg/g"",""pct"":0.1,""display"":""0.1%""}]",OINTMENT,TOPICAL,NDA,NDA018652,HUMAN PRESCRIPTION DRUG,Corticosteroid Hormone Receptor Agonists [MoA];Corticosteroid [EPC],68682-271-15;68682-271-45,1 TUBE in 1 CARTON (68682-271-15) / 15 g in 1 TUBE | 1 TUBE in 1 CARTON (68682-271-45) / 45 g in 1 TUBE,7c3f8417-7861-41e3-876f-9b82aff7d1a0,20090901,,20261231,0
68682-384,corticosteroid,hydrocortisone,Hydrocortisone Butyrate,hydrocortisone butyrate,Oceanside Pharmaceuticals,HYDROCORTISONE BUTYRATE 1 mg/g,hydrocortisone butyrate 0.1%,"[{""name"":""HYDROCORTISONE BUTYRATE"",""strength"":""1 mg/g"",""pct"":0.1,""display"":""0.1%""}]",CREAM,TOPICAL,NDA AUTHORIZED GENERIC,NDA020769,HUMAN PRESCRIPTION DRUG,Corticosteroid Hormone Receptor Agonists [MoA];Corticosteroid [EPC],68682-384-45;68682-384-60,1 TUBE in 1 CARTON (68682-384-45) / 45 g in 1 TUBE | 1 TUBE in 1 CARTON (68682-384-60) / 60 g in 1 TUBE,ddf699f4-1ae0-48c3-8d2a-56aa1a2c5bc1,20130703,,20261231,0
83148-012,corticosteroid,hydrocortisone,Hydrocortisone Butyrate,hydrocortisone butyrate,The J. Molner Company LLC,HYDROCORTISONE BUTYRATE 1 mg/mL,hydrocortisone butyrate 0.1%,"[{""name"":""HYDROCORTISONE BUTYRATE"",""strength"":""1 mg/mL"",""pct"":0.1,""display"":""0.1%""}]",LOTION,TOPICAL,ANDA,ANDA209556,HUMAN PRESCRIPTION DRUG,Corticosteroid Hormone Receptor Agonists [MoA];Corticosteroid [EPC],83148-012-02;83148-012-04,1 BOTTLE in 1 CARTON (83148-012-02) / 59 mL in 1 BOTTLE | 1 BOTTLE in 1 CARTON (83148-012-04) / 118 mL in 1 BOTTLE,160c463e-80d2-4bca-8b7f-42279617e309,20231106,,20261231,0
71297-010,corticosteroid,hydrocortisone,Hydrocortisone,hydrocortisone lotion,Allegis Holdings LLC,HYDROCORTISONE 20 mg/mL,hydrocortisone 2%,"[{""name"":""HYDROCORTISONE"",""strength"":""20 mg/mL"",""pct"":2.0,""display"":""2%""}]",LOTION,TOPICAL,ANDA,ANDA083231,HUMAN PRESCRIPTION DRUG,Corticosteroid Hormone Receptor Agonists [MoA];Corticosteroid [EPC],71297-010-01;71297-010-02,"1 BOTTLE, WITH APPLICATOR in 1 BOX (71297-010-01) / 29.6 mL in 1 BOTTLE, WITH APPLICATOR | 1 BOTTLE, WITH APPLICATOR in 1 BOX (71297-010-02) / 59.2 mL in 1 BOTTLE, WITH APPLICATOR",1a27d8fa-4025-ed68-e063-6394a90a4f37,20240610,,20271231,0
0713-0720,corticosteroid,hydrocortisone,HYDROCORTISONE VALERATE,hydrocortisone valerate,"Cosette Pharmaceuticals, Inc.",HYDROCORTISONE VALERATE 2 mg/g,hydrocortisone valerate 0.2%,"[{""name"":""HYDROCORTISONE VALERATE"",""strength"":""2 mg/g"",""pct"":0.2,""display"":""0.2%""}]",CREAM,TOPICAL,ANDA,ANDA213724,HUMAN PRESCRIPTION DRUG,Corticosteroid Hormone Receptor Agonists [MoA];Corticosteroid [EPC],0713-0720-15;0713-0720-37;0713-0720-60,1 TUBE in 1 CARTON (0713-0720-15) / 15 g in 1 TUBE | 1 TUBE in 1 CARTON (0713-0720-37) / 45 g in 1 TUBE | 1 TUBE in 1 CARTON (0713-0720-60) / 60 g in 1 TUBE,fd68f7a2-fa0d-4d56-8e92-71cd955cc7a9,20210701,,20261231,0
68180-954,corticosteroid,hydrocortisone,HYDROCORTISONE VALERATE,hydrocortisone valerate,"Lupin Pharmaceuticals, Inc.",HYDROCORTISONE VALERATE 2 mg/g,hydrocortisone valerate 0.2%,"[{""name"":""HYDROCORTISONE VALERATE"",""strength"":""2 mg/g"",""pct"":0.2,""display"":""0.2%""}]",CREAM,TOPICAL,ANDA,ANDA210307,HUMAN PRESCRIPTION DRUG,Corticosteroid Hormone Receptor Agonists [MoA];Corticosteroid [EPC],68180-954-01;68180-954-02;68180-954-03,1 TUBE in 1 CARTON (68180-954-01) / 15 g in 1 TUBE | 1 TUBE in 1 CARTON (68180-954-02) / 45 g in 1 TUBE | 1 TUBE in 1 CARTON (68180-954-03) / 60 g in 1 TUBE,17e93b8c-aede-4cab-9a8c-0c29abdb05f2,20191119,,20271231,0
0713-0560,corticosteroid,hydrocortisone,Hydrocortisone Valerate,hydrocortisone valerate,"Cosette Pharmaceuticals, Inc.",HYDROCORTISONE VALERATE 2 mg/g,hydrocortisone valerate 0.2%,"[{""name"":""HYDROCORTISONE VALERATE"",""strength"":""2 mg/g"",""pct"":0.2,""display"":""0.2%""}]",OINTMENT,TOPICAL,ANDA,ANDA211764,HUMAN PRESCRIPTION DRUG,Corticosteroid Hormone Receptor Agonists [MoA];Corticosteroid [EPC],0713-0560-15;0713-0560-37;0713-0560-60,1 TUBE in 1 CARTON (0713-0560-15) / 15 g in 1 TUBE | 1 TUBE in 1 CARTON (0713-0560-37) / 45 g in 1 TUBE | 1 TUBE in 1 CARTON (0713-0560-60) / 60 g in 1 TUBE,1cb06573-1ac8-4dfe-8123-00bbd20a1650,20210503,,20261231,0
51672-1290,corticosteroid,hydrocortisone,Hydrocortisone Valerate,hydrocortisone valerate,"Sun Pharmaceutical Industries, Inc.",HYDROCORTISONE VALERATE 2 mg/g,hydrocortisone valerate 0.2%,"[{""name"":""HYDROCORTISONE VALERATE"",""strength"":""2 mg/g"",""pct"":0.2,""display"":""0.2%""}]",CREAM,TOPICAL,ANDA,ANDA075042,HUMAN PRESCRIPTION DRUG,Corticosteroid Hormone Receptor Agonists [MoA];Corticosteroid [EPC],51672-1290-1;51672-1290-3;51672-1290-6,1 TUBE in 1 CARTON (51672-1290-1) / 15 g in 1 TUBE | 1 TUBE in 1 CARTON (51672-1290-3) / 60 g in 1 TUBE | 1 TUBE in 1 CARTON (51672-1290-6) / 45 g in 1 TUBE,a9011d6f-6808-48a7-ab6b-df8d40540570,19980825,,20261231,0
51672-1292,corticosteroid,hydrocortisone,Hydrocortisone Valerate,hydrocortisone valerate,"Sun Pharmaceutical Industries, Inc.",HYDROCORTISONE VALERATE 2 mg/g,hydrocortisone valerate 0.2%,"[{""name"":""HYDROCORTISONE VALERATE"",""strength"":""2 mg/g"",""pct"":0.2,""display"":""0.2%""}]",OINTMENT,TOPICAL,ANDA,ANDA075043,HUMAN PRESCRIPTION DRUG,Corticosteroid Hormone Receptor Agonists [MoA];Corticosteroid [EPC],51672-1292-1;51672-1292-3;51672-1292-6,1 TUBE in 1 CARTON (51672-1292-1) / 15 g in 1 TUBE | 1 TUBE in 1 CARTON (51672-1292-3) / 60 g in 1 TUBE | 1 TUBE in 1 CARTON (51672-1292-6) / 45 g in 1 TUBE,a9011d6f-6808-48a7-ab6b-df8d40540570,19980825,,20261231,0
68462-836,corticosteroid,hydrocortisone,Hydrocortisone Valerate,hydrocortisone valerate,"Glenmark Pharmaceuticals Inc., USA",HYDROCORTISONE VALERATE 2 mg/g,hydrocortisone valerate 0.2%,"[{""name"":""HYDROCORTISONE VALERATE"",""strength"":""2 mg/g"",""pct"":0.2,""display"":""0.2%""}]",OINTMENT,TOPICAL,ANDA,ANDA211750,HUMAN PRESCRIPTION DRUG,Corticosteroid Hormone Receptor Agonists [MoA];Corticosteroid [EPC],68462-836-17;68462-836-47;68462-836-65,1 TUBE in 1 CARTON (68462-836-17) / 15 g in 1 TUBE | 1 TUBE in 1 CARTON (68462-836-47) / 45 g in 1 TUBE | 1 TUBE in 1 CARTON (68462-836-65) / 60 g in 1 TUBE,18db91a0-fe67-4740-8a37-d656707356f1,20190305,,20261231,0
21922-007,corticosteroid,hydrocortisone,hydrocortisone valerate cream,hydrocortisone valerate cream,"Encube Ethicals, Inc.",HYDROCORTISONE VALERATE 2 mg/g,hydrocortisone valerate 0.2%,"[{""name"":""HYDROCORTISONE VALERATE"",""strength"":""2 mg/g"",""pct"":0.2,""display"":""0.2%""}]",CREAM,TOPICAL,ANDA,ANDA211047,HUMAN PRESCRIPTION DRUG,Corticosteroid Hormone Receptor Agonists [MoA];Corticosteroid [EPC],21922-007-04;21922-007-06;21922-007-07,1 TUBE in 1 CARTON (21922-007-04) / 15 g in 1 TUBE | 1 TUBE in 1 CARTON (21922-007-06) / 45 g in 1 TUBE | 1 TUBE in 1 CARTON (21922-007-07) / 60 g in 1 TUBE,41723504-b2cf-4074-9c3a-e3c59bb48c98,20221231,,20261231,0
59088-432,corticosteroid,hydrocortisone,Radiaura Skin Recovery,lidocaine hcl - hydrocortisone acetate,PureTek Corporation,LIDOCAINE HYDROCHLORIDE 30 mg/g; HYDROCORTISONE ACETATE 10 mg/g,lidocaine hydrochloride 3%; hydrocortisone acetate 1%,"[{""name"":""LIDOCAINE HYDROCHLORIDE"",""strength"":""30 mg/g"",""pct"":3.0,""display"":""3%""},{""name"":""HYDROCORTISONE ACETATE"",""strength"":""10 mg/g"",""pct"":1.0,""display"":""1%""}]",CREAM,TOPICAL,UNAPPROVED DRUG OTHER,,HUMAN PRESCRIPTION DRUG,Amide Local Anesthetic [EPC];Amides [CS];Antiarrhythmic [EPC];Corticosteroid Hormone Receptor Agonists [MoA];Corticosteroid [EPC];Local Anesthesia [PE],59088-432-07,85 g in 1 TUBE (59088-432-07),c9502692-674d-e53f-e053-2a95a90a74b3,20210902,,20261231,0
59088-319,corticosteroid,hydrocortisone,Lidotral 5 Percent and Hydrocortisone 1 Percent with Peptides and Arnica,"lidocaine hcl 5 % , hydrocortisone acetate 1%",PureTek Corporation,LIDOCAINE HYDROCHLORIDE 50 mg/g; HYDROCORTISONE ACETATE 10 mg/g,lidocaine hydrochloride 5%; hydrocortisone acetate 1%,"[{""name"":""LIDOCAINE HYDROCHLORIDE"",""strength"":""50 mg/g"",""pct"":5.0,""display"":""5%""},{""name"":""HYDROCORTISONE ACETATE"",""strength"":""10 mg/g"",""pct"":1.0,""display"":""1%""}]",CREAM,TOPICAL,UNAPPROVED DRUG OTHER,,HUMAN PRESCRIPTION DRUG,Amide Local Anesthetic [EPC];Amides [CS];Antiarrhythmic [EPC];Corticosteroid Hormone Receptor Agonists [MoA];Corticosteroid [EPC];Local Anesthesia [PE],59088-319-07,85 g in 1 TUBE (59088-319-07),0d871371-91ca-9ad7-e063-6294a90a5907,20240315,,20261231,0
59088-317,corticosteroid,hydrocortisone,Lidotral 3.88 Percent Plus Hydrocortisone 1 Percent Cream,"lidocaine hcl, hydrocortisone acetate",PureTek Corporation,LIDOCAINE HYDROCHLORIDE 38.8 mg/g; HYDROCORTISONE ACETATE 10 mg/g,lidocaine hydrochloride 3.88%; hydrocortisone acetate 1%,"[{""name"":""LIDOCAINE HYDROCHLORIDE"",""strength"":""38.8 mg/g"",""pct"":3.88,""display"":""3.88%""},{""name"":""HYDROCORTISONE ACETATE"",""strength"":""10 mg/g"",""pct"":1.0,""display"":""1%""}]",CREAM,TOPICAL,UNAPPROVED DRUG OTHER,,HUMAN PRESCRIPTION DRUG,Amide Local Anesthetic [EPC];Amides [CS];Antiarrhythmic [EPC];Corticosteroid Hormone Receptor Agonists [MoA];Corticosteroid [EPC];Local Anesthesia [PE],59088-317-07,85 g in 1 TUBE (59088-317-07),1a01b416-2ca5-c7fa-e063-6394a90a341b,20240603,,20261231,0
13925-160,corticosteroid,hydrocortisone,Lidocaine Hydrochloride and Hydrocortisone Acetate,lidocaine hydrochloride and hydrocortisone acetate,Seton Pharmaceuticals,LIDOCAINE HYDROCHLORIDE 30 mg/g; HYDROCORTISONE ACETATE 5 mg/g,lidocaine hydrochloride 3%; hydrocortisone acetate 0.5%,"[{""name"":""LIDOCAINE HYDROCHLORIDE"",""strength"":""30 mg/g"",""pct"":3.0,""display"":""3%""},{""name"":""HYDROCORTISONE ACETATE"",""strength"":""5 mg/g"",""pct"":0.5,""display"":""0.5%""}]",CREAM,TOPICAL,UNAPPROVED DRUG OTHER,,HUMAN PRESCRIPTION DRUG,Amide Local Anesthetic [EPC];Amides [CS];Antiarrhythmic [EPC];Corticosteroid Hormone Receptor Agonists [MoA];Corticosteroid [EPC];Local Anesthesia [PE],13925-160-01;13925-160-03,1 TUBE in 1 CARTON (13925-160-01) / 28.35 g in 1 TUBE | 1 TUBE in 1 CARTON (13925-160-03) / 85 g in 1 TUBE,7a664a34-19fd-4a7b-ab4d-11299b32999e,20110617,,20261231,0
69367-397,corticosteroid,hydrocortisone,Lidocaine Hydrochloride and Hydrocortisone Acetate,lidocaine hydrochloride and hydrocortisone acetate,"Westminster Pharmaceuticals, LLC",LIDOCAINE HYDROCHLORIDE 30 mg/g; HYDROCORTISONE ACETATE 5 mg/g,lidocaine hydrochloride 3%; hydrocortisone acetate 0.5%,"[{""name"":""LIDOCAINE HYDROCHLORIDE"",""strength"":""30 mg/g"",""pct"":3.0,""display"":""3%""},{""name"":""HYDROCORTISONE ACETATE"",""strength"":""5 mg/g"",""pct"":0.5,""display"":""0.5%""}]",CREAM,TOPICAL,UNAPPROVED DRUG OTHER,,HUMAN PRESCRIPTION DRUG,Amide Local Anesthetic [EPC];Amides [CS];Antiarrhythmic [EPC];Corticosteroid Hormone Receptor Agonists [MoA];Corticosteroid [EPC];Local Anesthesia [PE],69367-397-01;69367-397-85,1 TUBE in 1 CARTON (69367-397-01) / 28.35 g in 1 TUBE | 1 TUBE in 1 CARTON (69367-397-85) / 85 g in 1 TUBE,0cd1394d-e7b2-4e60-87ac-e12a0bda9d67,20241115,,20271231,0
21922-072,corticosteroid,mometasone,MOMETASONE FUROATE,mometasone furoate,"Encube Ethicals, Inc.",MOMETASONE FUROATE 1 mg/mL,mometasone furoate 0.1%,"[{""name"":""MOMETASONE FUROATE"",""strength"":""1 mg/mL"",""pct"":0.1,""display"":""0.1%""}]",LOTION,TOPICAL,ANDA,ANDA076499,HUMAN PRESCRIPTION DRUG,Corticosteroid Hormone Receptor Agonists [MoA];Corticosteroid Hormone Receptor Agonists [MoA];Corticosteroid [EPC],21922-072-01;21922-072-21,1 BOTTLE in 1 BOTTLE (21922-072-01) / 60 mL in 1 BOTTLE | 1 BOTTLE in 1 CARTON (21922-072-21) / 30 mL in 1 BOTTLE,1ebaac16-432e-4e92-9d58-718bd76ae368,20250122,,20261231,0
0713-0634,corticosteroid,mometasone,Mometasone Furoate,mometasone furoate,"Cosette Pharmaceuticals, Inc.",MOMETASONE FUROATE 1 mg/g,mometasone furoate 0.1%,"[{""name"":""MOMETASONE FUROATE"",""strength"":""1 mg/g"",""pct"":0.1,""display"":""0.1%""}]",CREAM,TOPICAL,ANDA,ANDA077447,HUMAN PRESCRIPTION DRUG,Corticosteroid Hormone Receptor Agonists [MoA];Corticosteroid Hormone Receptor Agonists [MoA];Corticosteroid [EPC],0713-0634-15;0713-0634-37,1 TUBE in 1 CARTON (0713-0634-15) / 15 g in 1 TUBE | 1 TUBE in 1 CARTON (0713-0634-37) / 45 g in 1 TUBE,f69603aa-a5a6-b8f3-c9ed-2d0abc9f4d92,20060823,,20261231,0
0713-0635,corticosteroid,mometasone,Mometasone Furoate,mometasone furoate,"Cosette Pharmaceuticals, Inc.",MOMETASONE FUROATE 1 mg/g,mometasone furoate 0.1%,"[{""name"":""MOMETASONE FUROATE"",""strength"":""1 mg/g"",""pct"":0.1,""display"":""0.1%""}]",OINTMENT,TOPICAL,ANDA,ANDA077401,HUMAN PRESCRIPTION DRUG,Corticosteroid Hormone Receptor Agonists [MoA];Corticosteroid Hormone Receptor Agonists [MoA];Corticosteroid [EPC],0713-0635-15;0713-0635-37,1 TUBE in 1 CARTON (0713-0635-15) / 15 g in 1 TUBE | 1 TUBE in 1 CARTON (0713-0635-37) / 45 g in 1 TUBE,f5b30e5e-b067-e28c-b7c5-aa58f4c57f09,20140304,,20261231,0
13668-527,corticosteroid,mometasone,Mometasone Furoate,mometasone furoate,Torrent Pharmaceuticals Limited,MOMETASONE FUROATE 1 mg/1,mometasone furoate 1 mg,"[{""name"":""MOMETASONE FUROATE"",""strength"":""1 mg/1"",""pct"":null,""display"":""1 mg""}]",OINTMENT,TOPICAL,ANDA,ANDA207899,HUMAN PRESCRIPTION DRUG,Corticosteroid Hormone Receptor Agonists [MoA];Corticosteroid Hormone Receptor Agonists [MoA];Corticosteroid [EPC],13668-527-01;13668-527-04,15 OINTMENT in 1 BOX (13668-527-01) | 45 OINTMENT in 1 BOX (13668-527-04),18ef90de-f74d-492f-a125-49da1875bd29,20241215,,20271231,0
45802-118,corticosteroid,mometasone,Mometasone Furoate,mometasone furoate,Padagis Israel Pharmaceuticals Ltd,MOMETASONE FUROATE 1 mg/mL,mometasone furoate 0.1%,"[{""name"":""MOMETASONE FUROATE"",""strength"":""1 mg/mL"",""pct"":0.1,""display"":""0.1%""}]",SOLUTION,TOPICAL,ANDA,ANDA077180,HUMAN PRESCRIPTION DRUG,Corticosteroid Hormone Receptor Agonists [MoA];Corticosteroid Hormone Receptor Agonists [MoA];Corticosteroid [EPC],45802-118-46;45802-118-59,1 BOTTLE in 1 CARTON (45802-118-46) / 60 mL in 1 BOTTLE | 1 BOTTLE in 1 CARTON (45802-118-59) / 30 mL in 1 BOTTLE,7296b4a2-f180-4887-a8e0-029f81aec566,20081211,,20261231,0
45802-119,corticosteroid,mometasone,Mometasone Furoate,mometasone furoate,Padagis Israel Pharmaceuticals Ltd,MOMETASONE FUROATE 1 mg/g,mometasone furoate 0.1%,"[{""name"":""MOMETASONE FUROATE"",""strength"":""1 mg/g"",""pct"":0.1,""display"":""0.1%""}]",OINTMENT,TOPICAL,ANDA,ANDA076067,HUMAN PRESCRIPTION DRUG,Corticosteroid Hormone Receptor Agonists [MoA];Corticosteroid Hormone Receptor Agonists [MoA];Corticosteroid [EPC],45802-119-37;45802-119-42,1 TUBE in 1 CARTON (45802-119-37) / 15 g in 1 TUBE | 1 TUBE in 1 CARTON (45802-119-42) / 45 g in 1 TUBE,d986282f-da3c-43b6-a3f6-40886d4a1915,20080718,,20271231,0
45802-257,corticosteroid,mometasone,Mometasone Furoate,mometasone furoate,Padagis Israel Pharmaceuticals Ltd,MOMETASONE FUROATE 1 mg/g,mometasone furoate 0.1%,"[{""name"":""MOMETASONE FUROATE"",""strength"":""1 mg/g"",""pct"":0.1,""display"":""0.1%""}]",CREAM,TOPICAL,ANDA,ANDA076679,HUMAN PRESCRIPTION DRUG,Corticosteroid Hormone Receptor Agonists [MoA];Corticosteroid Hormone Receptor Agonists [MoA];Corticosteroid [EPC],45802-257-35;45802-257-42,1 TUBE in 1 CARTON (45802-257-35) / 15 g in 1 TUBE | 1 TUBE in 1 CARTON (45802-257-42) / 45 g in 1 TUBE,a12fef6b-681e-4f80-8bcd-3f01733f1a67,20041221,,20261231,0
51672-1315,corticosteroid,mometasone,Mometasone Furoate,mometasone furoate,"Sun Pharmaceutical Industries, Inc.",MOMETASONE FUROATE 1 mg/g,mometasone furoate 0.1%,"[{""name"":""MOMETASONE FUROATE"",""strength"":""1 mg/g"",""pct"":0.1,""display"":""0.1%""}]",CREAM,TOPICAL,ANDA,ANDA076679,HUMAN PRESCRIPTION DRUG,Corticosteroid Hormone Receptor Agonists [MoA];Corticosteroid Hormone Receptor Agonists [MoA];Corticosteroid [EPC],51672-1315-1;51672-1315-6,1 TUBE in 1 CARTON (51672-1315-1) / 15 g in 1 TUBE | 1 TUBE in 1 CARTON (51672-1315-6) / 45 g in 1 TUBE,ce61920d-65df-4423-925d-091e624ea32e,20041221,,20261231,0
68462-192,corticosteroid,mometasone,Mometasone Furoate,mometasone furoate,"Glenmark Pharmaceuticals Inc., USA",MOMETASONE FUROATE 1 mg/g,mometasone furoate 0.1%,"[{""name"":""MOMETASONE FUROATE"",""strength"":""1 mg/g"",""pct"":0.1,""display"":""0.1%""}]",CREAM,TOPICAL,ANDA,ANDA078541,HUMAN PRESCRIPTION DRUG,Corticosteroid Hormone Receptor Agonists [MoA];Corticosteroid Hormone Receptor Agonists [MoA];Corticosteroid [EPC],68462-192-17;68462-192-55,15 g in 1 TUBE (68462-192-17) | 45 g in 1 TUBE (68462-192-55),031283ed-988b-4698-8a2e-00f3d41c0f71,20080528,,20261231,0
68462-385,corticosteroid,mometasone,Mometasone Furoate,mometasone furoate,"Glenmark Pharmaceuticals Inc., USA",MOMETASONE FUROATE 1 mg/mL,mometasone furoate 0.1%,"[{""name"":""MOMETASONE FUROATE"",""strength"":""1 mg/mL"",""pct"":0.1,""display"":""0.1%""}]",LOTION,TOPICAL,ANDA,ANDA090506,HUMAN PRESCRIPTION DRUG,Corticosteroid Hormone Receptor Agonists [MoA];Corticosteroid Hormone Receptor Agonists [MoA];Corticosteroid [EPC],68462-385-02;68462-385-37,1 BOTTLE in 1 CARTON (68462-385-02) / 60 mL in 1 BOTTLE | 1 BOTTLE in 1 CARTON (68462-385-37) / 30 mL in 1 BOTTLE,96eafc06-0354-49ca-a684-a77bb2afc8f5,20200601,,20261231,0
21922-071,corticosteroid,mometasone,Mometasone furoate,mometasone furoate,"Encube Ethicals, Inc.",MOMETASONE FUROATE 1 mg/g,mometasone furoate 0.1%,"[{""name"":""MOMETASONE FUROATE"",""strength"":""1 mg/g"",""pct"":0.1,""display"":""0.1%""}]",OINTMENT,TOPICAL,ANDA,ANDA076481,HUMAN PRESCRIPTION DRUG,Corticosteroid Hormone Receptor Agonists [MoA];Corticosteroid Hormone Receptor Agonists [MoA];Corticosteroid [EPC],21922-071-04;21922-071-06,1 TUBE in 1 CARTON (21922-071-04) / 15 g in 1 TUBE | 1 TUBE in 1 CARTON (21922-071-06) / 45 g in 1 TUBE,dae3eaea-fc17-48a2-ae30-2a68f7811bce,20260407,,20271231,0
43538-940,corticosteroid,fluocinolone,Neo-Synalar,neomycin sulfate and fluocinolone acetonide,"Eurofarma, Inc.",NEOMYCIN SULFATE 3.5 mg/g; FLUOCINOLONE ACETONIDE .25 mg/g,neomycin sulfate 0.35%; fluocinolone acetonide 0.025%,"[{""name"":""NEOMYCIN SULFATE"",""strength"":""3.5 mg/g"",""pct"":0.35,""display"":""0.35%""},{""name"":""FLUOCINOLONE ACETONIDE"",""strength"":"".25 mg/g"",""pct"":0.025,""display"":""0.025%""}]",CREAM,TOPICAL,ANDA,ANDA060700,HUMAN PRESCRIPTION DRUG,Aminoglycoside Antibacterial [EPC];Aminoglycosides [CS];Corticosteroid Hormone Receptor Agonists [MoA];Corticosteroid [EPC],43538-940-60;43538-940-99,1 TUBE in 1 CARTON (43538-940-60) / 60 g in 1 TUBE | 4 TUBE in 1 CARTON (43538-940-99) / 3 g in 1 TUBE,1141956e-8a4c-4f80-95d1-f15bdb57fdf6,19630611,,20271231,0
0316-0223,corticosteroid,triamcinolone,Nystatin and Triamcinolone Acetonide,nystatin and triamcinolone acetonide,Crown Laboratories,NYSTATIN 100000 [USP'U]/g; TRIAMCINOLONE ACETONIDE 1 mg/g,nystatin 100000 [USP'U]/g; triamcinolone acetonide 0.1%,"[{""name"":""NYSTATIN"",""strength"":""100000 [USP'U]/g"",""pct"":null,""display"":""100000 [USP'U]/g""},{""name"":""TRIAMCINOLONE ACETONIDE"",""strength"":""1 mg/g"",""pct"":0.1,""display"":""0.1%""}]",CREAM,TOPICAL,ANDA,ANDA207730,HUMAN PRESCRIPTION DRUG,Corticosteroid Hormone Receptor Agonists [MoA];Corticosteroid [EPC];Polyene Antifungal [EPC];Polyenes [CS],0316-0223-15;0316-0223-30;0316-0223-60,1 TUBE in 1 CARTON (0316-0223-15) / 15 g in 1 TUBE | 1 TUBE in 1 CARTON (0316-0223-30) / 30 g in 1 TUBE | 1 TUBE in 1 CARTON (0316-0223-60) / 60 g in 1 TUBE,54aae5d3-e482-4da0-a1b2-0ed70e6c2915,20180102,,20271231,0
13668-610,corticosteroid,triamcinolone,Nystatin and Triamcinolone Acetonide,nystatin and triamcinolone acetonide,Torrent Pharmaceuticals Limited,NYSTATIN 100000 [USP'U]/g; TRIAMCINOLONE ACETONIDE 1 mg/g,nystatin 100000 [USP'U]/g; triamcinolone acetonide 0.1%,"[{""name"":""NYSTATIN"",""strength"":""100000 [USP'U]/g"",""pct"":null,""display"":""100000 [USP'U]/g""},{""name"":""TRIAMCINOLONE ACETONIDE"",""strength"":""1 mg/g"",""pct"":0.1,""display"":""0.1%""}]",CREAM,TOPICAL,ANDA,ANDA213142,HUMAN PRESCRIPTION DRUG,Corticosteroid Hormone Receptor Agonists [MoA];Corticosteroid [EPC];Polyene Antifungal [EPC];Polyenes [CS],13668-610-01;13668-610-02;13668-610-05,1 TUBE in 1 CARTON (13668-610-01) / 15 g in 1 TUBE | 1 TUBE in 1 CARTON (13668-610-02) / 30 g in 1 TUBE | 1 TUBE in 1 CARTON (13668-610-05) / 60 g in 1 TUBE,b20217ad-8c25-471a-9f16-9e681b90db05,20200714,,20261231,0
21922-031,corticosteroid,triamcinolone,Nystatin and Triamcinolone Acetonide,nystatin and triamcinolone acetonide,"Encube Ethicals, Inc.",NYSTATIN 100000 [USP'U]/g; TRIAMCINOLONE ACETONIDE 1 mg/g,nystatin 100000 [USP'U]/g; triamcinolone acetonide 0.1%,"[{""name"":""NYSTATIN"",""strength"":""100000 [USP'U]/g"",""pct"":null,""display"":""100000 [USP'U]/g""},{""name"":""TRIAMCINOLONE ACETONIDE"",""strength"":""1 mg/g"",""pct"":0.1,""display"":""0.1%""}]",OINTMENT,TOPICAL,ANDA,ANDA207741,HUMAN PRESCRIPTION DRUG,Corticosteroid Hormone Receptor Agonists [MoA];Corticosteroid [EPC];Polyene Antifungal [EPC];Polyenes [CS],21922-031-04;21922-031-05;21922-031-07,1 TUBE in 1 CARTON (21922-031-04) / 15 g in 1 TUBE | 1 TUBE in 1 CARTON (21922-031-05) / 30 g in 1 TUBE | 1 TUBE in 1 CARTON (21922-031-07) / 60 g in 1 TUBE,d33829fc-86df-4e28-82c3-9dbcd8a9e28d,20190928,,20261231,0
46708-606,corticosteroid,triamcinolone,Nystatin and Triamcinolone Acetonide,nystatin and triamcinolone acetonide,Alembic Pharmaceuticals Limited,NYSTATIN 100000 [USP'U]/g; TRIAMCINOLONE ACETONIDE 1 mg/g,nystatin 100000 [USP'U]/g; triamcinolone acetonide 0.1%,"[{""name"":""NYSTATIN"",""strength"":""100000 [USP'U]/g"",""pct"":null,""display"":""100000 [USP'U]/g""},{""name"":""TRIAMCINOLONE ACETONIDE"",""strength"":""1 mg/g"",""pct"":0.1,""display"":""0.1%""}]",CREAM,TOPICAL,ANDA,ANDA214090,HUMAN PRESCRIPTION DRUG,Corticosteroid Hormone Receptor Agonists [MoA];Corticosteroid [EPC];Polyene Antifungal [EPC];Polyenes [CS],46708-606-15;46708-606-30;46708-606-60,1 TUBE in 1 CARTON (46708-606-15) / 15 g in 1 TUBE | 1 TUBE in 1 CARTON (46708-606-30) / 30 g in 1 TUBE | 1 TUBE in 1 CARTON (46708-606-60) / 60 g in 1 TUBE,51966a3b-dc09-4f41-941f-0f9247974d88,20250408,,20261231,0
51672-1263,corticosteroid,triamcinolone,Nystatin and Triamcinolone Acetonide,nystatin and triamcinolone acetonide,"Sun Pharmaceutical Industries, Inc.",NYSTATIN 100000 [USP'U]/g; TRIAMCINOLONE ACETONIDE 1 mg/g,nystatin 100000 [USP'U]/g; triamcinolone acetonide 0.1%,"[{""name"":""NYSTATIN"",""strength"":""100000 [USP'U]/g"",""pct"":null,""display"":""100000 [USP'U]/g""},{""name"":""TRIAMCINOLONE ACETONIDE"",""strength"":""1 mg/g"",""pct"":0.1,""display"":""0.1%""}]",CREAM,TOPICAL,ANDA,ANDA062364,HUMAN PRESCRIPTION DRUG,Corticosteroid Hormone Receptor Agonists [MoA];Corticosteroid [EPC];Polyene Antifungal [EPC];Polyenes [CS],51672-1263-1;51672-1263-2;51672-1263-3,1 TUBE in 1 CARTON (51672-1263-1) / 15 g in 1 TUBE | 1 TUBE in 1 CARTON (51672-1263-2) / 30 g in 1 TUBE | 1 TUBE in 1 CARTON (51672-1263-3) / 60 g in 1 TUBE,2fd97fc5-cae5-43dd-a3c7-c9a03876153e,19871222,,20261231,0
51672-1272,corticosteroid,triamcinolone,Nystatin and Triamcinolone Acetonide,nystatin and triamcinolone acetonide,"Sun Pharmaceutical Industries, Inc.",NYSTATIN 100000 [USP'U]/g; TRIAMCINOLONE ACETONIDE 1 mg/g,nystatin 100000 [USP'U]/g; triamcinolone acetonide 0.1%,"[{""name"":""NYSTATIN"",""strength"":""100000 [USP'U]/g"",""pct"":null,""display"":""100000 [USP'U]/g""},{""name"":""TRIAMCINOLONE ACETONIDE"",""strength"":""1 mg/g"",""pct"":0.1,""display"":""0.1%""}]",OINTMENT,TOPICAL,ANDA,ANDA063305,HUMAN PRESCRIPTION DRUG,Corticosteroid Hormone Receptor Agonists [MoA];Corticosteroid [EPC];Polyene Antifungal [EPC];Polyenes [CS],51672-1272-1;51672-1272-2;51672-1272-3,1 TUBE in 1 CARTON (51672-1272-1) / 15 g in 1 TUBE | 1 TUBE in 1 CARTON (51672-1272-2) / 30 g in 1 TUBE | 1 TUBE in 1 CARTON (51672-1272-3) / 60 g in 1 TUBE,2fd97fc5-cae5-43dd-a3c7-c9a03876153e,19930329,,20261231,0
62332-585,corticosteroid,triamcinolone,Nystatin and Triamcinolone Acetonide,nystatin and triamcinolone acetonide,Alembic Pharmaceuticals Inc.,NYSTATIN 100000 [USP'U]/g; TRIAMCINOLONE ACETONIDE 1 mg/g,nystatin 100000 [USP'U]/g; triamcinolone acetonide 0.1%,"[{""name"":""NYSTATIN"",""strength"":""100000 [USP'U]/g"",""pct"":null,""display"":""100000 [USP'U]/g""},{""name"":""TRIAMCINOLONE ACETONIDE"",""strength"":""1 mg/g"",""pct"":0.1,""display"":""0.1%""}]",OINTMENT,TOPICAL,ANDA,ANDA214186,HUMAN PRESCRIPTION DRUG,Corticosteroid Hormone Receptor Agonists [MoA];Corticosteroid [EPC];Polyene Antifungal [EPC];Polyenes [CS],62332-585-15;62332-585-30;62332-585-60,1 TUBE in 1 CARTON (62332-585-15) / 15 g in 1 TUBE | 1 TUBE in 1 CARTON (62332-585-30) / 30 g in 1 TUBE | 1 TUBE in 1 CARTON (62332-585-60) / 60 g in 1 TUBE,91546bba-d141-4a3b-a4e7-15de2282e7e5,20220315,,20261231,0
62332-606,corticosteroid,triamcinolone,Nystatin and Triamcinolone Acetonide,nystatin and triamcinolone acetonide,Alembic Pharmaceuticals Inc.,NYSTATIN 100000 [USP'U]/g; TRIAMCINOLONE ACETONIDE 1 mg/g,nystatin 100000 [USP'U]/g; triamcinolone acetonide 0.1%,"[{""name"":""NYSTATIN"",""strength"":""100000 [USP'U]/g"",""pct"":null,""display"":""100000 [USP'U]/g""},{""name"":""TRIAMCINOLONE ACETONIDE"",""strength"":""1 mg/g"",""pct"":0.1,""display"":""0.1%""}]",CREAM,TOPICAL,ANDA,ANDA214090,HUMAN PRESCRIPTION DRUG,Corticosteroid Hormone Receptor Agonists [MoA];Corticosteroid [EPC];Polyene Antifungal [EPC];Polyenes [CS],62332-606-15;62332-606-30;62332-606-60,1 TUBE in 1 CARTON (62332-606-15) / 15 g in 1 TUBE | 1 TUBE in 1 CARTON (62332-606-30) / 30 g in 1 TUBE | 1 TUBE in 1 CARTON (62332-606-60) / 60 g in 1 TUBE,1034d417-493a-443a-a62e-30786f673ee3,20210402,,20261231,0
68180-545,corticosteroid,triamcinolone,Nystatin and Triamcinolone Acetonide,nystatin and triamcinolone acetonide,"Lupin Pharmaceuticals, Inc.",NYSTATIN 100000 [USP'U]/g; TRIAMCINOLONE ACETONIDE 1 mg/g,nystatin 100000 [USP'U]/g; triamcinolone acetonide 0.1%,"[{""name"":""NYSTATIN"",""strength"":""100000 [USP'U]/g"",""pct"":null,""display"":""100000 [USP'U]/g""},{""name"":""TRIAMCINOLONE ACETONIDE"",""strength"":""1 mg/g"",""pct"":0.1,""display"":""0.1%""}]",CREAM,TOPICAL,ANDA,ANDA208205,HUMAN PRESCRIPTION DRUG,Corticosteroid Hormone Receptor Agonists [MoA];Corticosteroid [EPC];Polyene Antifungal [EPC];Polyenes [CS],68180-545-02;68180-545-03,1 TUBE in 1 CARTON (68180-545-02) / 30 g in 1 TUBE | 1 TUBE in 1 CARTON (68180-545-03) / 60 g in 1 TUBE,09140e74-c5ea-4c45-a5b1-e6f7f9ee1a23,20181129,,20261231,0
68462-314,corticosteroid,triamcinolone,Nystatin and Triamcinolone Acetonide,nystatin and triamcinolone acetonide,"Glenmark Pharmaceuticals Inc., USA",NYSTATIN 100000 [USP'U]/g; TRIAMCINOLONE ACETONIDE 1 mg/g,nystatin 100000 [USP'U]/g; triamcinolone acetonide 0.1%,"[{""name"":""NYSTATIN"",""strength"":""100000 [USP'U]/g"",""pct"":null,""display"":""100000 [USP'U]/g""},{""name"":""TRIAMCINOLONE ACETONIDE"",""strength"":""1 mg/g"",""pct"":0.1,""display"":""0.1%""}]",CREAM,TOPICAL,ANDA,ANDA208136,HUMAN PRESCRIPTION DRUG,Corticosteroid Hormone Receptor Agonists [MoA];Corticosteroid [EPC];Polyene Antifungal [EPC];Polyenes [CS],68462-314-17;68462-314-35;68462-314-65,1 TUBE in 1 CARTON (68462-314-17) / 15 g in 1 TUBE | 1 TUBE in 1 CARTON (68462-314-35) / 30 g in 1 TUBE | 1 TUBE in 1 CARTON (68462-314-65) / 60 g in 1 TUBE,44a37f35-e533-4b09-bbcf-97ffaff1920b,20161024,,20261231,0
68462-799,corticosteroid,triamcinolone,Nystatin and Triamcinolone Acetonide,nystatin and triamcinolone acetonide,"Glenmark Pharmaceuticals Inc., USA",NYSTATIN 100000 [USP'U]/g; TRIAMCINOLONE ACETONIDE 1 mg/g,nystatin 100000 [USP'U]/g; triamcinolone acetonide 0.1%,"[{""name"":""NYSTATIN"",""strength"":""100000 [USP'U]/g"",""pct"":null,""display"":""100000 [USP'U]/g""},{""name"":""TRIAMCINOLONE ACETONIDE"",""strength"":""1 mg/g"",""pct"":0.1,""display"":""0.1%""}]",OINTMENT,TOPICAL,ANDA,ANDA208300,HUMAN PRESCRIPTION DRUG,Corticosteroid Hormone Receptor Agonists [MoA];Corticosteroid [EPC];Polyene Antifungal [EPC];Polyenes [CS],68462-799-17;68462-799-35;68462-799-65,1 TUBE in 1 CARTON (68462-799-17) / 15 g in 1 TUBE | 1 TUBE in 1 CARTON (68462-799-35) / 30 g in 1 TUBE | 1 TUBE in 1 CARTON (68462-799-65) / 60 g in 1 TUBE,aee696ad-9b16-42db-a6ac-49932efb9fa5,20160623,,20261231,0
70771-1447,corticosteroid,triamcinolone,Nystatin and Triamcinolone Acetonide,nystatin and triamcinolone acetonide,Zydus Lifesciences Limited,NYSTATIN 100000 [USP'U]/g; TRIAMCINOLONE ACETONIDE 1 mg/g,nystatin 100000 [USP'U]/g; triamcinolone acetonide 0.1%,"[{""name"":""NYSTATIN"",""strength"":""100000 [USP'U]/g"",""pct"":null,""display"":""100000 [USP'U]/g""},{""name"":""TRIAMCINOLONE ACETONIDE"",""strength"":""1 mg/g"",""pct"":0.1,""display"":""0.1%""}]",OINTMENT,TOPICAL,ANDA,ANDA207764,HUMAN PRESCRIPTION DRUG,Corticosteroid Hormone Receptor Agonists [MoA];Corticosteroid [EPC];Polyene Antifungal [EPC];Polyenes [CS],70771-1447-1;70771-1447-2;70771-1447-3,1 TUBE in 1 CARTON (70771-1447-1) / 15 g in 1 TUBE | 1 TUBE in 1 CARTON (70771-1447-2) / 30 g in 1 TUBE | 1 TUBE in 1 CARTON (70771-1447-3) / 60 g in 1 TUBE,7b878bc9-9a6f-41b8-9d5a-287c01d8cf7f,20181120,,20261231,0
72578-088,corticosteroid,triamcinolone,Nystatin and Triamcinolone Acetonide,nystatin and triamcinolone acetonide,Viona Pharmaceuticals Inc,NYSTATIN 100000 [USP'U]/g; TRIAMCINOLONE ACETONIDE 1 mg/g,nystatin 100000 [USP'U]/g; triamcinolone acetonide 0.1%,"[{""name"":""NYSTATIN"",""strength"":""100000 [USP'U]/g"",""pct"":null,""display"":""100000 [USP'U]/g""},{""name"":""TRIAMCINOLONE ACETONIDE"",""strength"":""1 mg/g"",""pct"":0.1,""display"":""0.1%""}]",OINTMENT,TOPICAL,ANDA,ANDA207764,HUMAN PRESCRIPTION DRUG,Corticosteroid Hormone Receptor Agonists [MoA];Corticosteroid [EPC];Polyene Antifungal [EPC];Polyenes [CS],72578-088-01;72578-088-02;72578-088-04,1 TUBE in 1 CARTON (72578-088-01) / 15 g in 1 TUBE | 1 TUBE in 1 CARTON (72578-088-02) / 60 g in 1 TUBE | 1 TUBE in 1 CARTON (72578-088-04) / 30 g in 1 TUBE,d3799da3-5923-4225-9c61-2b5af143f555,20200624,,20261231,0
33342-482,corticosteroid,triamcinolone,Nystatin and triamcinolone acetonide,nystatin and triamcinolone acetonide,Macleods Pharmaceuticals Limited,NYSTATIN 100000 [USP'U]/g; TRIAMCINOLONE ACETONIDE 1 mg/g,nystatin 100000 [USP'U]/g; triamcinolone acetonide 0.1%,"[{""name"":""NYSTATIN"",""strength"":""100000 [USP'U]/g"",""pct"":null,""display"":""100000 [USP'U]/g""},{""name"":""TRIAMCINOLONE ACETONIDE"",""strength"":""1 mg/g"",""pct"":0.1,""display"":""0.1%""}]",CREAM,TOPICAL,ANDA,ANDA214181,HUMAN PRESCRIPTION DRUG,Corticosteroid Hormone Receptor Agonists [MoA];Corticosteroid [EPC];Polyene Antifungal [EPC];Polyenes [CS],33342-482-15;33342-482-30;33342-482-60,1 TUBE in 1 CARTON (33342-482-15) / 15 g in 1 TUBE | 1 TUBE in 1 CARTON (33342-482-30) / 30 g in 1 TUBE | 1 TUBE in 1 CARTON (33342-482-60) / 60 g in 1 TUBE,57c4ebe8-7a8d-4fc0-b6cf-a276b68327fb,20220831,,20261231,0
33342-483,corticosteroid,triamcinolone,Nystatin and triamcinolone acetonide,nystatin and triamcinolone acetonide,Macleods Pharmaceuticals Limited,NYSTATIN 100000 [USP'U]/g; TRIAMCINOLONE ACETONIDE 1 mg/g,nystatin 100000 [USP'U]/g; triamcinolone acetonide 0.1%,"[{""name"":""NYSTATIN"",""strength"":""100000 [USP'U]/g"",""pct"":null,""display"":""100000 [USP'U]/g""},{""name"":""TRIAMCINOLONE ACETONIDE"",""strength"":""1 mg/g"",""pct"":0.1,""display"":""0.1%""}]",OINTMENT,TOPICAL,ANDA,ANDA214751,HUMAN PRESCRIPTION DRUG,Corticosteroid Hormone Receptor Agonists [MoA];Corticosteroid [EPC];Polyene Antifungal [EPC];Polyenes [CS],33342-483-15;33342-483-30;33342-483-60,1 TUBE in 1 CARTON (33342-483-15) / 15 g in 1 TUBE | 1 TUBE in 1 CARTON (33342-483-30) / 30 g in 1 TUBE | 1 TUBE in 1 CARTON (33342-483-60) / 60 g in 1 TUBE,15bf2ff1-510e-4f0e-9817-8af28790e01b,20210901,,20261231,0
45802-244,corticosteroid,triamcinolone,nystatin and triamcinolone acetonide,nystatin and triamcinolone acetonide,Padagis Israel Pharmaceuticals Ltd,NYSTATIN 100000 [USP'U]/g; TRIAMCINOLONE ACETONIDE 1 mg/g,nystatin 100000 [USP'U]/g; triamcinolone acetonide 0.1%,"[{""name"":""NYSTATIN"",""strength"":""100000 [USP'U]/g"",""pct"":null,""display"":""100000 [USP'U]/g""},{""name"":""TRIAMCINOLONE ACETONIDE"",""strength"":""1 mg/g"",""pct"":0.1,""display"":""0.1%""}]",OINTMENT,TOPICAL,ANDA,ANDA207380,HUMAN PRESCRIPTION DRUG,Corticosteroid Hormone Receptor Agonists [MoA];Corticosteroid [EPC];Polyene Antifungal [EPC];Polyenes [CS],45802-244-14;45802-244-94;45802-244-96,1 TUBE in 1 CARTON (45802-244-14) / 15 g in 1 TUBE | 1 TUBE in 1 CARTON (45802-244-94) / 30 g in 1 TUBE | 1 TUBE in 1 CARTON (45802-244-96) / 60 g in 1 TUBE,605540d8-7189-49b9-9e91-572f6b519fae,20171018,,20261231,0
45802-880,corticosteroid,triamcinolone,NYSTATIN AND TRIAMCINOLONE ACETONIDE,"nystatin, triamcinolone acetonide",Padagis Israel Pharmaceuticals Ltd,NYSTATIN 100000 [USP'U]/g; TRIAMCINOLONE ACETONIDE 1 mg/g,nystatin 100000 [USP'U]/g; triamcinolone acetonide 0.1%,"[{""name"":""NYSTATIN"",""strength"":""100000 [USP'U]/g"",""pct"":null,""display"":""100000 [USP'U]/g""},{""name"":""TRIAMCINOLONE ACETONIDE"",""strength"":""1 mg/g"",""pct"":0.1,""display"":""0.1%""}]",CREAM,TOPICAL,ANDA,ANDA208479,HUMAN PRESCRIPTION DRUG,Corticosteroid Hormone Receptor Agonists [MoA];Corticosteroid [EPC];Polyene Antifungal [EPC];Polyenes [CS],45802-880-14;45802-880-94;45802-880-96,1 TUBE in 1 CARTON (45802-880-14) / 15 g in 1 TUBE | 1 TUBE in 1 CARTON (45802-880-94) / 30 g in 1 TUBE | 1 TUBE in 1 CARTON (45802-880-96) / 60 g in 1 TUBE,92fc188d-4f3e-4d18-aaf1-c9e76b12b75b,20171127,,20261231,0
0037-6824,corticosteroid,hydrocortisone,EPIFOAM,pramoxine hydrochloride and hydrocortisone acetate,Viatris Specialty LLC,PRAMOXINE HYDROCHLORIDE 100 mg/10g; HYDROCORTISONE ACETATE 100 mg/10g,pramoxine hydrochloride 1%; hydrocortisone acetate 1%,"[{""name"":""PRAMOXINE HYDROCHLORIDE"",""strength"":""100 mg/10g"",""pct"":1.0,""display"":""1%""},{""name"":""HYDROCORTISONE ACETATE"",""strength"":""100 mg/10g"",""pct"":1.0,""display"":""1%""}]","AEROSOL, FOAM",TOPICAL,ANDA,ANDA086457,HUMAN PRESCRIPTION DRUG,Corticosteroid Hormone Receptor Agonists [MoA];Corticosteroid [EPC],0037-6824-10,1 CANISTER in 1 CARTON (0037-6824-10) / 10 g in 1 CANISTER,b22b8b41-2f1e-11e4-8c21-0800200c9a66,20140825,,20261231,0
0037-6822,corticosteroid,hydrocortisone,PROCTOFOAM HC,pramoxine hydrochloride hydrocortisone acetate,Viatris Specialty LLC,PRAMOXINE HYDROCHLORIDE 100 mg/10g; HYDROCORTISONE ACETATE 100 mg/10g,pramoxine hydrochloride 1%; hydrocortisone acetate 1%,"[{""name"":""PRAMOXINE HYDROCHLORIDE"",""strength"":""100 mg/10g"",""pct"":1.0,""display"":""1%""},{""name"":""HYDROCORTISONE ACETATE"",""strength"":""100 mg/10g"",""pct"":1.0,""display"":""1%""}]","AEROSOL, FOAM",TOPICAL,ANDA,ANDA086195,HUMAN PRESCRIPTION DRUG,Corticosteroid Hormone Receptor Agonists [MoA];Corticosteroid [EPC],0037-6822-10,1 CANISTER in 1 CARTON (0037-6822-10) / 10 g in 1 CANISTER,3831e931-ec0a-11e3-ac10-0800200c9a66,20140815,,20261231,0
59088-264,corticosteroid,hydrocortisone,Mycozyl HC,"tolnaftate, hydrocortisone",PURETEK CORPORATION,TOLNAFTATE .1 g/10mL; HYDROCORTISONE .0667 g/10mL,tolnaftate 1%; hydrocortisone 0.667%,"[{""name"":""TOLNAFTATE"",""strength"":"".1 g/10mL"",""pct"":1.0,""display"":""1%""},{""name"":""HYDROCORTISONE"",""strength"":"".0667 g/10mL"",""pct"":0.667,""display"":""0.667%""}]",LIQUID,TOPICAL,UNAPPROVED DRUG OTHER,,HUMAN PRESCRIPTION DRUG,Corticosteroid Hormone Receptor Agonists [MoA];Corticosteroid [EPC],59088-264-03,30 mL in 1 BOTTLE (59088-264-03),0c407982-192f-4c61-e063-6294a90a05d7,20231211,,20261231,0
59088-279,corticosteroid,hydrocortisone,Mycozyl HC Cream Gel,"tolnaftate, hydrocortisone",PURETEK CORPORATION,TOLNAFTATE 10 mg/g; HYDROCORTISONE 6.67 mg/g,tolnaftate 1%; hydrocortisone 0.667%,"[{""name"":""TOLNAFTATE"",""strength"":""10 mg/g"",""pct"":1.0,""display"":""1%""},{""name"":""HYDROCORTISONE"",""strength"":""6.67 mg/g"",""pct"":0.667,""display"":""0.667%""}]",GEL,TOPICAL,UNAPPROVED DRUG OTHER,,HUMAN PRESCRIPTION DRUG,Corticosteroid Hormone Receptor Agonists [MoA];Corticosteroid [EPC],59088-279-03,28 g in 1 TUBE (59088-279-03),137f9cc1-68c6-edcc-e063-6394a90abf6a,20240314,,20261231,0
82682-001,corticosteroid,triamcinolone,KOURZEQ,triamcinolone acetonide,MidAmerica Pharmaceuticals,TRIAMCINOLONE ACETONIDE 1 mg/g,triamcinolone acetonide 0.1%,"[{""name"":""TRIAMCINOLONE ACETONIDE"",""strength"":""1 mg/g"",""pct"":0.1,""display"":""0.1%""}]",PASTE,TOPICAL,ANDA,ANDA040771,HUMAN PRESCRIPTION DRUG,Corticosteroid Hormone Receptor Agonists [MoA];Corticosteroid [EPC],82682-001-05,1 TUBE in 1 CARTON (82682-001-05) / 5 g in 1 TUBE,aad48d1e-f8db-4020-92af-0b3258bbc0f2,20230915,,20261231,0
21922-062,corticosteroid,triamcinolone,TRIAMCINOLONE ACETONIDE,triamcinolone acetonide,"Encube Ethicals, Inc.",TRIAMCINOLONE ACETONIDE 1 mg/g,triamcinolone acetonide 0.1%,"[{""name"":""TRIAMCINOLONE ACETONIDE"",""strength"":""1 mg/g"",""pct"":0.1,""display"":""0.1%""}]",CREAM,TOPICAL,ANDA,ANDA208848,HUMAN PRESCRIPTION DRUG,Corticosteroid Hormone Receptor Agonists [MoA];Corticosteroid [EPC],21922-062-04;21922-062-05;21922-062-15;21922-062-30,1 TUBE in 1 CARTON (21922-062-04) / 15 g in 1 TUBE | 1 TUBE in 1 CARTON (21922-062-05) / 30 g in 1 TUBE | 1 TUBE in 1 CARTON (21922-062-15) / 80 g in 1 TUBE | 454 g in 1 JAR (21922-062-30),db87426f-124c-4ea9-bb15-fc3a0da10a4e,20240316,,20271231,0
21922-063,corticosteroid,triamcinolone,TRIAMCINOLONE ACETONIDE,triamcinolone acetonide,"Encube Ethicals, Inc.",TRIAMCINOLONE ACETONIDE 1 mg/g,triamcinolone acetonide 0.1%,"[{""name"":""TRIAMCINOLONE ACETONIDE"",""strength"":""1 mg/g"",""pct"":0.1,""display"":""0.1%""}]",OINTMENT,TOPICAL,ANDA,ANDA205373,HUMAN PRESCRIPTION DRUG,Corticosteroid Hormone Receptor Agonists [MoA];Corticosteroid [EPC],21922-063-04;21922-063-05;21922-063-15;21922-063-30,1 TUBE in 1 CARTON (21922-063-04) / 15 g in 1 TUBE | 1 TUBE in 1 CARTON (21922-063-05) / 30 g in 1 TUBE | 1 TUBE in 1 CARTON (21922-063-15) / 80 g in 1 TUBE | 454 g in 1 JAR (21922-063-30),6a31a0c3-2b6e-40e3-b5ea-5c665afd3567,20230801,,20271231,0
24470-922,corticosteroid,triamcinolone,TRIAMCINOLONE ACETONIDE,triamcinolone acetonide,"Cintex Services, LLC",TRIAMCINOLONE ACETONIDE .5 mg/g,triamcinolone acetonide 0.05%,"[{""name"":""TRIAMCINOLONE ACETONIDE"",""strength"":"".5 mg/g"",""pct"":0.05,""display"":""0.05%""}]",OINTMENT,TOPICAL,ANDA,ANDA213619,HUMAN PRESCRIPTION DRUG,Corticosteroid Hormone Receptor Agonists [MoA];Corticosteroid [EPC],24470-922-15,430 g in 1 JAR (24470-922-15),be0270a4-5596-499e-aea2-8e63b3edc852,20201110,,20261231,0
67877-251,corticosteroid,triamcinolone,TRIAMCINOLONE ACETONIDE,triamcinolone acetonide,"Ascend Laboratories, LLC",TRIAMCINOLONE ACETONIDE 1 mg/g,triamcinolone acetonide 0.1%,"[{""name"":""TRIAMCINOLONE ACETONIDE"",""strength"":""1 mg/g"",""pct"":0.1,""display"":""0.1%""}]",CREAM,TOPICAL,ANDA,ANDA088042,HUMAN PRESCRIPTION DRUG,Corticosteroid Hormone Receptor Agonists [MoA];Corticosteroid [EPC],67877-251-15;67877-251-30;67877-251-45;67877-251-80,15 g in 1 TUBE (67877-251-15) | 30 g in 1 TUBE (67877-251-30) | 454 g in 1 JAR (67877-251-45) | 80 g in 1 TUBE (67877-251-80),ccca8660-124e-4220-8d87-4b9aeecbda7d,20120401,,20271231,0
67877-317,corticosteroid,triamcinolone,TRIAMCINOLONE ACETONIDE,triamcinolone acetonide,"Ascend Laboratories, LLC",TRIAMCINOLONE ACETONIDE .25 mg/g,triamcinolone acetonide 0.025%,"[{""name"":""TRIAMCINOLONE ACETONIDE"",""strength"":"".25 mg/g"",""pct"":0.025,""display"":""0.025%""}]",CREAM,TOPICAL,ANDA,ANDA088042,HUMAN PRESCRIPTION DRUG,Corticosteroid Hormone Receptor Agonists [MoA];Corticosteroid [EPC],67877-317-15;67877-317-45;67877-317-80,15 g in 1 TUBE (67877-317-15) | 454 g in 1 TUBE (67877-317-45) | 80 g in 1 TUBE (67877-317-80),ccca8660-124e-4220-8d87-4b9aeecbda7d,20120401,,20271231,0
67877-318,corticosteroid,triamcinolone,TRIAMCINOLONE ACETONIDE,triamcinolone acetonide,"Ascend Laboratories, LLC",TRIAMCINOLONE ACETONIDE 5 mg/g,triamcinolone acetonide 0.5%,"[{""name"":""TRIAMCINOLONE ACETONIDE"",""strength"":""5 mg/g"",""pct"":0.5,""display"":""0.5%""}]",CREAM,TOPICAL,ANDA,ANDA088042,HUMAN PRESCRIPTION DRUG,Corticosteroid Hormone Receptor Agonists [MoA];Corticosteroid [EPC],67877-318-15,15 g in 1 TUBE (67877-318-15),ccca8660-124e-4220-8d87-4b9aeecbda7d,20120401,,20271231,0
70518-1094,corticosteroid,triamcinolone,TRIAMCINOLONE ACETONIDE,triamcinolone acetonide,REMEDYREPACK INC.,TRIAMCINOLONE ACETONIDE 5 mg/g,triamcinolone acetonide 0.5%,"[{""name"":""TRIAMCINOLONE ACETONIDE"",""strength"":""5 mg/g"",""pct"":0.5,""display"":""0.5%""}]",CREAM,TOPICAL,ANDA,ANDA088042,HUMAN PRESCRIPTION DRUG,Corticosteroid Hormone Receptor Agonists [MoA];Corticosteroid [EPC],70518-1094-0,15 g in 1 TUBE (70518-1094-0),,20180403,,20271231,0
70518-4527,corticosteroid,triamcinolone,TRIAMCINOLONE ACETONIDE,triamcinolone acetonide,REMEDYREPACK INC.,TRIAMCINOLONE ACETONIDE 1 mg/g,triamcinolone acetonide 0.1%,"[{""name"":""TRIAMCINOLONE ACETONIDE"",""strength"":""1 mg/g"",""pct"":0.1,""display"":""0.1%""}]",CREAM,TOPICAL,ANDA,ANDA208848,HUMAN PRESCRIPTION DRUG,Corticosteroid Hormone Receptor Agonists [MoA];Corticosteroid [EPC],70518-4527-0,1 TUBE in 1 CARTON (70518-4527-0) / 80 g in 1 TUBE,,20251202,,20271231,0
70752-129,corticosteroid,triamcinolone,TRIAMCINOLONE ACETONIDE,triamcinolone acetonide,QUAGEN PHARMACEUTICALS LLC,TRIAMCINOLONE ACETONIDE .25 mg/mL,triamcinolone acetonide 0.025%,"[{""name"":""TRIAMCINOLONE ACETONIDE"",""strength"":"".25 mg/mL"",""pct"":0.025,""display"":""0.025%""}]",LOTION,TOPICAL,ANDA,ANDA213559,HUMAN PRESCRIPTION DRUG,Corticosteroid Hormone Receptor Agonists [MoA];Corticosteroid [EPC],70752-129-05,"60 mL in 1 BOTTLE, WITH APPLICATOR (70752-129-05)",4c6ff738-60a3-4339-8e94-26fb9df65841,20200701,,20261231,0
70752-130,corticosteroid,triamcinolone,TRIAMCINOLONE ACETONIDE,triamcinolone acetonide,QUAGEN PHARMACEUTICALS LLC,TRIAMCINOLONE ACETONIDE 1 mg/mL,triamcinolone acetonide 0.1%,"[{""name"":""TRIAMCINOLONE ACETONIDE"",""strength"":""1 mg/mL"",""pct"":0.1,""display"":""0.1%""}]",LOTION,TOPICAL,ANDA,ANDA213559,HUMAN PRESCRIPTION DRUG,Corticosteroid Hormone Receptor Agonists [MoA];Corticosteroid [EPC],70752-130-05,"60 mL in 1 BOTTLE, WITH APPLICATOR (70752-130-05)",4c6ff738-60a3-4339-8e94-26fb9df65841,20200701,,20261231,0
0316-0165,corticosteroid,triamcinolone,TRIDERM,triamcinolone acetonide,Crown Laboratories,TRIAMCINOLONE ACETONIDE .25 mg/g,triamcinolone acetonide 0.025%,"[{""name"":""TRIAMCINOLONE ACETONIDE"",""strength"":"".25 mg/g"",""pct"":0.025,""display"":""0.025%""}]",CREAM,TOPICAL,ANDA,ANDA088042,HUMAN PRESCRIPTION DRUG,Corticosteroid Hormone Receptor Agonists [MoA];Corticosteroid [EPC],0316-0165-15;0316-0165-16;0316-0165-85,1 TUBE in 1 CARTON (0316-0165-15) / 15 g in 1 TUBE | 1 JAR in 1 CARTON (0316-0165-16) / 454 g in 1 JAR | 1 TUBE in 1 CARTON (0316-0165-85) / 85.2 g in 1 TUBE,2c7fee2c-6f57-4de4-8803-98c0b31b07c3,19840319,,20271231,0
0316-0170,corticosteroid,triamcinolone,TRIDERM,triamcinolone acetonide,Crown Laboratories,TRIAMCINOLONE ACETONIDE 1 mg/g,triamcinolone acetonide 0.1%,"[{""name"":""TRIAMCINOLONE ACETONIDE"",""strength"":""1 mg/g"",""pct"":0.1,""display"":""0.1%""}]",CREAM,TOPICAL,ANDA,ANDA088042,HUMAN PRESCRIPTION DRUG,Corticosteroid Hormone Receptor Agonists [MoA];Corticosteroid [EPC],0316-0170-01;0316-0170-02;0316-0170-03,1 TUBE in 1 CARTON (0316-0170-01) / 28.4 g in 1 TUBE | 3 g in 1 POUCH (0316-0170-02) | 1 TUBE in 1 CARTON (0316-0170-03) / 85.2 g in 1 TUBE,2c7fee2c-6f57-4de4-8803-98c0b31b07c3,19840319,,20271231,0
0316-0175,corticosteroid,triamcinolone,TRIDERM,triamcinolone acetonide,Crown Laboratories,TRIAMCINOLONE ACETONIDE 5 mg/g,triamcinolone acetonide 0.5%,"[{""name"":""TRIAMCINOLONE ACETONIDE"",""strength"":""5 mg/g"",""pct"":0.5,""display"":""0.5%""}]",CREAM,TOPICAL,ANDA,ANDA088042,HUMAN PRESCRIPTION DRUG,Corticosteroid Hormone Receptor Agonists [MoA];Corticosteroid [EPC],0316-0175-15;0316-0175-16,1 TUBE in 1 CARTON (0316-0175-15) / 15 g in 1 TUBE | 1 JAR in 1 CARTON (0316-0175-16) / 454 g in 1 JAR,2c7fee2c-6f57-4de4-8803-98c0b31b07c3,19840319,,20271231,0
0168-0005,corticosteroid,triamcinolone,Triamcinolone Acetonide,triamcinolone acetonide,"E. Fougera & Co. a division of Fougera Pharmaceuticals, LLC",TRIAMCINOLONE ACETONIDE .25 mg/g,triamcinolone acetonide 0.025%,"[{""name"":""TRIAMCINOLONE ACETONIDE"",""strength"":"".25 mg/g"",""pct"":0.025,""display"":""0.025%""}]",OINTMENT,TOPICAL,ANDA,ANDA085691,HUMAN PRESCRIPTION DRUG,Corticosteroid Hormone Receptor Agonists [MoA];Corticosteroid [EPC],0168-0005-80,80 g in 1 TUBE (0168-0005-80),a5cc640f-c72d-49fa-b970-906c9ffd8629,19780214,,20271231,0
0168-0006,corticosteroid,triamcinolone,Triamcinolone Acetonide,triamcinolone acetonide,"E. Fougera & Co. a division of Fougera Pharmaceuticals, LLC",TRIAMCINOLONE ACETONIDE 1 mg/g,triamcinolone acetonide 0.1%,"[{""name"":""TRIAMCINOLONE ACETONIDE"",""strength"":""1 mg/g"",""pct"":0.1,""display"":""0.1%""}]",OINTMENT,TOPICAL,ANDA,ANDA085691,HUMAN PRESCRIPTION DRUG,Corticosteroid Hormone Receptor Agonists [MoA];Corticosteroid [EPC],0168-0006-15;0168-0006-16;0168-0006-80,15 g in 1 TUBE (0168-0006-15) | 454 g in 1 JAR (0168-0006-16) | 80 g in 1 TUBE (0168-0006-80),a5cc640f-c72d-49fa-b970-906c9ffd8629,19780214,,20271231,0
0713-0225,corticosteroid,triamcinolone,Triamcinolone Acetonide,triamcinolone acetonide,"Cosette Pharmaceuticals, Inc.",TRIAMCINOLONE ACETONIDE 1 mg/g,triamcinolone acetonide 0.1%,"[{""name"":""TRIAMCINOLONE ACETONIDE"",""strength"":""1 mg/g"",""pct"":0.1,""display"":""0.1%""}]",CREAM,TOPICAL,ANDA,ANDA089798,HUMAN PRESCRIPTION DRUG,Corticosteroid Hormone Receptor Agonists [MoA];Corticosteroid [EPC],0713-0225-15;0713-0225-31;0713-0225-80,1 TUBE in 1 CARTON (0713-0225-15) / 15 g in 1 TUBE | 1 TUBE in 1 CARTON (0713-0225-31) / 30 g in 1 TUBE | 1 TUBE in 1 CARTON (0713-0225-80) / 80 g in 1 TUBE,5b3bcc75-608d-23fd-91a5-0806d5fe32f5,20150414,,20261231,0
0713-0226,corticosteroid,triamcinolone,Triamcinolone Acetonide,triamcinolone acetonide,"Cosette Pharmaceuticals, Inc.",TRIAMCINOLONE ACETONIDE .25 mg/g,triamcinolone acetonide 0.025%,"[{""name"":""TRIAMCINOLONE ACETONIDE"",""strength"":"".25 mg/g"",""pct"":0.025,""display"":""0.025%""}]",CREAM,TOPICAL,ANDA,ANDA089797,HUMAN PRESCRIPTION DRUG,Corticosteroid Hormone Receptor Agonists [MoA];Corticosteroid [EPC],0713-0226-15;0713-0226-80,1 TUBE in 1 CARTON (0713-0226-15) / 15 g in 1 TUBE | 1 TUBE in 1 CARTON (0713-0226-80) / 80 g in 1 TUBE,5b3bcc75-608d-23fd-91a5-0806d5fe32f5,20150414,,20261231,0
0713-0228,corticosteroid,triamcinolone,Triamcinolone Acetonide,triamcinolone acetonide,"Cosette Pharmaceuticals, Inc.",TRIAMCINOLONE ACETONIDE 1 mg/g,triamcinolone acetonide 0.1%,"[{""name"":""TRIAMCINOLONE ACETONIDE"",""strength"":""1 mg/g"",""pct"":0.1,""display"":""0.1%""}]",OINTMENT,TOPICAL,ANDA,ANDA089796,HUMAN PRESCRIPTION DRUG,Corticosteroid Hormone Receptor Agonists [MoA];Corticosteroid [EPC],0713-0228-15;0713-0228-31;0713-0228-80,1 TUBE in 1 CARTON (0713-0228-15) / 15 g in 1 TUBE | 1 TUBE in 1 CARTON (0713-0228-31) / 30 g in 1 TUBE | 1 TUBE in 1 CARTON (0713-0228-80) / 80 g in 1 TUBE,5397395a-2d13-9311-7cb2-c316339d4acc,20150910,,20261231,0
0713-0229,corticosteroid,triamcinolone,Triamcinolone Acetonide,triamcinolone acetonide,"Cosette Pharmaceuticals, Inc.",TRIAMCINOLONE ACETONIDE .25 mg/g,triamcinolone acetonide 0.025%,"[{""name"":""TRIAMCINOLONE ACETONIDE"",""strength"":"".25 mg/g"",""pct"":0.025,""display"":""0.025%""}]",OINTMENT,TOPICAL,ANDA,ANDA089795,HUMAN PRESCRIPTION DRUG,Corticosteroid Hormone Receptor Agonists [MoA];Corticosteroid [EPC],0713-0229-15;0713-0229-80,1 TUBE in 1 CARTON (0713-0229-15) / 15 g in 1 TUBE | 1 TUBE in 1 CARTON (0713-0229-80) / 80 g in 1 TUBE,5397395a-2d13-9311-7cb2-c316339d4acc,20150910,,20261231,0
0713-0676,corticosteroid,triamcinolone,Triamcinolone Acetonide,triamcinolone acetonide,"Cosette Pharmaceuticals, Inc.",TRIAMCINOLONE ACETONIDE 1 mg/mL,triamcinolone acetonide 0.1%,"[{""name"":""TRIAMCINOLONE ACETONIDE"",""strength"":""1 mg/mL"",""pct"":0.1,""display"":""0.1%""}]",LOTION,TOPICAL,ANDA,ANDA089129,HUMAN PRESCRIPTION DRUG,Corticosteroid Hormone Receptor Agonists [MoA];Corticosteroid [EPC],0713-0676-53,1 BOTTLE in 1 CARTON (0713-0676-53) / 60 mL in 1 BOTTLE,b93b6763-446b-3277-497b-2ee50dcef80c,20160913,,20261231,0
16714-985,corticosteroid,triamcinolone,Triamcinolone Acetonide,triamcinolone acetonide,NorthStar RxLLC,TRIAMCINOLONE ACETONIDE .25 mg/g,triamcinolone acetonide 0.025%,"[{""name"":""TRIAMCINOLONE ACETONIDE"",""strength"":"".25 mg/g"",""pct"":0.025,""display"":""0.025%""}]",CREAM,TOPICAL,ANDA,ANDA209535,HUMAN PRESCRIPTION DRUG,Corticosteroid Hormone Receptor Agonists [MoA];Corticosteroid [EPC],16714-985-01;16714-985-02,1 TUBE in 1 CARTON (16714-985-01) / 15 g in 1 TUBE | 1 TUBE in 1 CARTON (16714-985-02) / 80 g in 1 TUBE,cc60731e-6cef-44b1-903c-13c6f4a76e70,20220421,,20261231,0
16714-986,corticosteroid,triamcinolone,Triamcinolone Acetonide,triamcinolone acetonide,NorthStar RxLLC,TRIAMCINOLONE ACETONIDE 1 mg/g,triamcinolone acetonide 0.1%,"[{""name"":""TRIAMCINOLONE ACETONIDE"",""strength"":""1 mg/g"",""pct"":0.1,""display"":""0.1%""}]",CREAM,TOPICAL,ANDA,ANDA209535,HUMAN PRESCRIPTION DRUG,Corticosteroid Hormone Receptor Agonists [MoA];Corticosteroid [EPC],16714-986-01;16714-986-02;16714-986-03;16714-986-04,1 TUBE in 1 CARTON (16714-986-01) / 15 g in 1 TUBE | 1 TUBE in 1 CARTON (16714-986-02) / 30 g in 1 TUBE | 1 TUBE in 1 CARTON (16714-986-03) / 80 g in 1 TUBE | 454 g in 1 JAR (16714-986-04),cc60731e-6cef-44b1-903c-13c6f4a76e70,20220421,,20261231,0
16714-987,corticosteroid,triamcinolone,Triamcinolone Acetonide,triamcinolone acetonide,NorthStar RxLLC,TRIAMCINOLONE ACETONIDE 5 mg/g,triamcinolone acetonide 0.5%,"[{""name"":""TRIAMCINOLONE ACETONIDE"",""strength"":""5 mg/g"",""pct"":0.5,""display"":""0.5%""}]",CREAM,TOPICAL,ANDA,ANDA209535,HUMAN PRESCRIPTION DRUG,Corticosteroid Hormone Receptor Agonists [MoA];Corticosteroid [EPC],16714-987-01,1 TUBE in 1 CARTON (16714-987-01) / 15 g in 1 TUBE,cc60731e-6cef-44b1-903c-13c6f4a76e70,20220421,,20261231,0
33342-327,corticosteroid,triamcinolone,Triamcinolone Acetonide,triamcinolone acetonide,Macleods Pharmaceuticals Limited,TRIAMCINOLONE ACETONIDE .25 mg/g,triamcinolone acetonide 0.025%,"[{""name"":""TRIAMCINOLONE ACETONIDE"",""strength"":"".25 mg/g"",""pct"":0.025,""display"":""0.025%""}]",CREAM,TOPICAL,ANDA,ANDA209535,HUMAN PRESCRIPTION DRUG,Corticosteroid Hormone Receptor Agonists [MoA];Corticosteroid [EPC],33342-327-15;33342-327-80,1 TUBE in 1 CARTON (33342-327-15) / 15 g in 1 TUBE | 1 TUBE in 1 CARTON (33342-327-80) / 80 g in 1 TUBE,5873c78d-a9d4-49fc-95b8-5d4a368e9109,20180519,,20261231,0
33342-328,corticosteroid,triamcinolone,Triamcinolone Acetonide,triamcinolone acetonide,Macleods Pharmaceuticals Limited,TRIAMCINOLONE ACETONIDE 5 mg/g,triamcinolone acetonide 0.5%,"[{""name"":""TRIAMCINOLONE ACETONIDE"",""strength"":""5 mg/g"",""pct"":0.5,""display"":""0.5%""}]",CREAM,TOPICAL,ANDA,ANDA209535,HUMAN PRESCRIPTION DRUG,Corticosteroid Hormone Receptor Agonists [MoA];Corticosteroid [EPC],33342-328-15,1 TUBE in 1 CARTON (33342-328-15) / 15 g in 1 TUBE,5873c78d-a9d4-49fc-95b8-5d4a368e9109,20180519,,20261231,0
33342-329,corticosteroid,triamcinolone,Triamcinolone Acetonide,triamcinolone acetonide,Macleods Pharmaceuticals Limited,TRIAMCINOLONE ACETONIDE 1 mg/g,triamcinolone acetonide 0.1%,"[{""name"":""TRIAMCINOLONE ACETONIDE"",""strength"":""1 mg/g"",""pct"":0.1,""display"":""0.1%""}]",CREAM,TOPICAL,ANDA,ANDA209535,HUMAN PRESCRIPTION DRUG,Corticosteroid Hormone Receptor Agonists [MoA];Corticosteroid [EPC],33342-329-15;33342-329-30;33342-329-54;33342-329-80,1 TUBE in 1 CARTON (33342-329-15) / 15 g in 1 TUBE | 1 TUBE in 1 CARTON (33342-329-30) / 30 g in 1 TUBE | 454 g in 1 JAR (33342-329-54) | 1 TUBE in 1 CARTON (33342-329-80) / 80 g in 1 TUBE,5873c78d-a9d4-49fc-95b8-5d4a368e9109,20180519,,20261231,0
42571-385,corticosteroid,triamcinolone,Triamcinolone Acetonide,triamcinolone acetonide,MICRO LABS LIMITED,TRIAMCINOLONE ACETONIDE 1 mg/mL,triamcinolone acetonide 0.1%,"[{""name"":""TRIAMCINOLONE ACETONIDE"",""strength"":""1 mg/mL"",""pct"":0.1,""display"":""0.1%""}]",LOTION,TOPICAL,ANDA,ANDA040672,HUMAN PRESCRIPTION DRUG,Corticosteroid Hormone Receptor Agonists [MoA];Corticosteroid [EPC],42571-385-19,60 mL in 1 BOTTLE (42571-385-19),22608943-79b1-4795-9231-ac4e166309d2,20210816,,20261231,0
45802-045,corticosteroid,triamcinolone,Triamcinolone Acetonide,triamcinolone acetonide,Padagis Israel Pharmaceuticals Ltd,TRIAMCINOLONE ACETONIDE .147 mg/g,triamcinolone acetonide 0.0147%,"[{""name"":""TRIAMCINOLONE ACETONIDE"",""strength"":"".147 mg/g"",""pct"":0.0147,""display"":""0.0147%""}]","AEROSOL, SPRAY",TOPICAL,ANDA,ANDA205782,HUMAN PRESCRIPTION DRUG,Corticosteroid Hormone Receptor Agonists [MoA];Corticosteroid [EPC],45802-045-01;45802-045-02,63 g in 1 CAN (45802-045-01) | 100 g in 1 CAN (45802-045-02),8c8307ed-d0c9-4f74-84a8-1471677a4f2a,20150417,,20261231,0
45802-049,corticosteroid,triamcinolone,Triamcinolone Acetonide,triamcinolone acetonide,Padagis Israel Pharmaceuticals Ltd,TRIAMCINOLONE ACETONIDE 5 mg/g,triamcinolone acetonide 0.5%,"[{""name"":""TRIAMCINOLONE ACETONIDE"",""strength"":""5 mg/g"",""pct"":0.5,""display"":""0.5%""}]",OINTMENT,TOPICAL,ANDA,ANDA087385,HUMAN PRESCRIPTION DRUG,Corticosteroid Hormone Receptor Agonists [MoA];Corticosteroid [EPC],45802-049-35,1 TUBE in 1 CARTON (45802-049-35) / 15 g in 1 TUBE,838ba2fa-5133-4975-bd99-791891a144c5,20061110,,20261231,0
45802-054,corticosteroid,triamcinolone,Triamcinolone Acetonide,triamcinolone acetonide,Padagis Israel Pharmaceuticals Ltd,TRIAMCINOLONE ACETONIDE .25 mg/g,triamcinolone acetonide 0.025%,"[{""name"":""TRIAMCINOLONE ACETONIDE"",""strength"":"".25 mg/g"",""pct"":0.025,""display"":""0.025%""}]",OINTMENT,TOPICAL,ANDA,ANDA087385,HUMAN PRESCRIPTION DRUG,Corticosteroid Hormone Receptor Agonists [MoA];Corticosteroid [EPC],45802-054-05;45802-054-35;45802-054-36,454 g in 1 JAR (45802-054-05) | 1 TUBE in 1 CARTON (45802-054-35) / 15 g in 1 TUBE | 1 TUBE in 1 CARTON (45802-054-36) / 80 g in 1 TUBE,838ba2fa-5133-4975-bd99-791891a144c5,20060512,,20261231,0
45802-055,corticosteroid,triamcinolone,Triamcinolone Acetonide,triamcinolone acetonide,Padagis Israel Pharmaceuticals Ltd,TRIAMCINOLONE ACETONIDE 1 mg/g,triamcinolone acetonide 0.1%,"[{""name"":""TRIAMCINOLONE ACETONIDE"",""strength"":""1 mg/g"",""pct"":0.1,""display"":""0.1%""}]",OINTMENT,TOPICAL,ANDA,ANDA087385,HUMAN PRESCRIPTION DRUG,Corticosteroid Hormone Receptor Agonists [MoA];Corticosteroid [EPC],45802-055-05;45802-055-35;45802-055-36,454 g in 1 JAR (45802-055-05) | 1 TUBE in 1 CARTON (45802-055-35) / 15 g in 1 TUBE | 1 TUBE in 1 CARTON (45802-055-36) / 80 g in 1 TUBE,838ba2fa-5133-4975-bd99-791891a144c5,20060804,,20261231,0
45802-063,corticosteroid,triamcinolone,Triamcinolone Acetonide,triamcinolone acetonide,Padagis Israel Pharmaceuticals Ltd,TRIAMCINOLONE ACETONIDE .25 mg/g,triamcinolone acetonide 0.025%,"[{""name"":""TRIAMCINOLONE ACETONIDE"",""strength"":"".25 mg/g"",""pct"":0.025,""display"":""0.025%""}]",CREAM,TOPICAL,ANDA,ANDA086413,HUMAN PRESCRIPTION DRUG,Corticosteroid Hormone Receptor Agonists [MoA];Corticosteroid [EPC],45802-063-05;45802-063-35;45802-063-36,454 g in 1 JAR (45802-063-05) | 1 TUBE in 1 CARTON (45802-063-35) / 15 g in 1 TUBE | 1 TUBE in 1 CARTON (45802-063-36) / 80 g in 1 TUBE,5d2fe6c2-3856-47f6-843f-077b2e1080a0,20061009,,20261231,0
45802-064,corticosteroid,triamcinolone,Triamcinolone Acetonide,triamcinolone acetonide,Padagis Israel Pharmaceuticals Ltd,TRIAMCINOLONE ACETONIDE 1 mg/g,triamcinolone acetonide 0.1%,"[{""name"":""TRIAMCINOLONE ACETONIDE"",""strength"":""1 mg/g"",""pct"":0.1,""display"":""0.1%""}]",CREAM,TOPICAL,ANDA,ANDA086413,HUMAN PRESCRIPTION DRUG,Corticosteroid Hormone Receptor Agonists [MoA];Corticosteroid [EPC],45802-064-05;45802-064-35;45802-064-36,454 g in 1 JAR (45802-064-05) | 1 TUBE in 1 CARTON (45802-064-35) / 15 g in 1 TUBE | 1 TUBE in 1 CARTON (45802-064-36) / 80 g in 1 TUBE,5d2fe6c2-3856-47f6-843f-077b2e1080a0,20060928,,20261231,0
45802-065,corticosteroid,triamcinolone,Triamcinolone Acetonide,triamcinolone acetonide,Padagis Israel Pharmaceuticals Ltd,TRIAMCINOLONE ACETONIDE 5 mg/g,triamcinolone acetonide 0.5%,"[{""name"":""TRIAMCINOLONE ACETONIDE"",""strength"":""5 mg/g"",""pct"":0.5,""display"":""0.5%""}]",CREAM,TOPICAL,ANDA,ANDA086413,HUMAN PRESCRIPTION DRUG,Corticosteroid Hormone Receptor Agonists [MoA];Corticosteroid [EPC],45802-065-35,1 TUBE in 1 CARTON (45802-065-35) / 15 g in 1 TUBE,5d2fe6c2-3856-47f6-843f-077b2e1080a0,20060517,,20261231,0
46287-010,corticosteroid,triamcinolone,Triamcinolone Acetonide,triamcinolone acetonide,"CMP Pharma, Inc.",TRIAMCINOLONE ACETONIDE .5 mg/g,triamcinolone acetonide 0.05%,"[{""name"":""TRIAMCINOLONE ACETONIDE"",""strength"":"".5 mg/g"",""pct"":0.05,""display"":""0.05%""}]",OINTMENT,TOPICAL,ANDA,ANDA089595,HUMAN PRESCRIPTION DRUG,Corticosteroid Hormone Receptor Agonists [MoA];Corticosteroid [EPC],46287-010-11,110 g in 1 JAR (46287-010-11),5067e7da-3eed-4d6a-b870-47a35c3ded81,20210823,,20261231,0
51672-1282,corticosteroid,triamcinolone,Triamcinolone Acetonide,triamcinolone acetonide,"Sun Pharmaceutical Industries, Inc.",TRIAMCINOLONE ACETONIDE 1 mg/g,triamcinolone acetonide 0.1%,"[{""name"":""TRIAMCINOLONE ACETONIDE"",""strength"":""1 mg/g"",""pct"":0.1,""display"":""0.1%""}]",CREAM,TOPICAL,ANDA,ANDA040039,HUMAN PRESCRIPTION DRUG,Corticosteroid Hormone Receptor Agonists [MoA];Corticosteroid [EPC],51672-1282-1;51672-1282-2;51672-1282-8,1 TUBE in 1 CARTON (51672-1282-1) / 15 g in 1 TUBE | 1 TUBE in 1 CARTON (51672-1282-2) / 30 g in 1 TUBE | 1 TUBE in 1 CARTON (51672-1282-8) / 80 g in 1 TUBE,e7e16fc2-0222-44f5-925b-928d249f55cf,19971126,,20261231,0
51672-1284,corticosteroid,triamcinolone,Triamcinolone Acetonide,triamcinolone acetonide,"Sun Pharmaceutical Industries, Inc.",TRIAMCINOLONE ACETONIDE 1 mg/g,triamcinolone acetonide 0.1%,"[{""name"":""TRIAMCINOLONE ACETONIDE"",""strength"":""1 mg/g"",""pct"":0.1,""display"":""0.1%""}]",OINTMENT,TOPICAL,ANDA,ANDA040037,HUMAN PRESCRIPTION DRUG,Corticosteroid Hormone Receptor Agonists [MoA];Corticosteroid [EPC],51672-1284-1;51672-1284-2;51672-1284-8,1 TUBE in 1 CARTON (51672-1284-1) / 15 g in 1 TUBE | 1 TUBE in 1 CARTON (51672-1284-2) / 30 g in 1 TUBE | 1 TUBE in 1 CARTON (51672-1284-8) / 80 g in 1 TUBE,6b4a9a08-f436-4f33-a940-a97c727788f9,19940930,,20261231,0
52817-811,corticosteroid,triamcinolone,Triamcinolone Acetonide,triamcinolone acetonide,"TruPharma, LLC",TRIAMCINOLONE ACETONIDE 1 mg/g,triamcinolone acetonide 0.1%,"[{""name"":""TRIAMCINOLONE ACETONIDE"",""strength"":""1 mg/g"",""pct"":0.1,""display"":""0.1%""}]",CREAM,TOPICAL,ANDA,ANDA040671,HUMAN PRESCRIPTION DRUG,Corticosteroid Hormone Receptor Agonists [MoA];Corticosteroid [EPC],52817-811-54,454 g in 1 JAR (52817-811-54),888f2b6f-1d11-4774-9eab-714af40edb7d,20220210,,20261231,0
64380-901,corticosteroid,triamcinolone,Triamcinolone Acetonide,triamcinolone acetonide,Strides Pharma Science Limited,TRIAMCINOLONE ACETONIDE .5 mg/g,triamcinolone acetonide 0.05%,"[{""name"":""TRIAMCINOLONE ACETONIDE"",""strength"":"".5 mg/g"",""pct"":0.05,""display"":""0.05%""}]",OINTMENT,TOPICAL,ANDA,ANDA212356,HUMAN PRESCRIPTION DRUG,Corticosteroid Hormone Receptor Agonists [MoA];Corticosteroid [EPC],64380-901-90,430 g in 1 JAR (64380-901-90),cfd1f3bd-0284-443b-8bdf-3e44f1f9bc82,20200605,,20261231,0
64980-320,corticosteroid,triamcinolone,Triamcinolone Acetonide,triamcinolone acetonide,"Rising Pharma Holdings, Inc.",TRIAMCINOLONE ACETONIDE 1 mg/g,triamcinolone acetonide 0.1%,"[{""name"":""TRIAMCINOLONE ACETONIDE"",""strength"":""1 mg/g"",""pct"":0.1,""display"":""0.1%""}]",PASTE,TOPICAL,ANDA,ANDA040771,HUMAN PRESCRIPTION DRUG,Corticosteroid Hormone Receptor Agonists [MoA];Corticosteroid [EPC],64980-320-05,48 CARTON in 1 BOX (64980-320-05) / 1 TUBE in 1 CARTON / 5 g in 1 TUBE,15ab1090-47d1-4925-8362-d7dda6fe74a9,20100707,,20261231,0
68462-131,corticosteroid,triamcinolone,Triamcinolone Acetonide,triamcinolone acetonide,"Glenmark Pharmaceuticals Inc., USA",TRIAMCINOLONE ACETONIDE 1 mg/g,triamcinolone acetonide 0.1%,"[{""name"":""TRIAMCINOLONE ACETONIDE"",""strength"":""1 mg/g"",""pct"":0.1,""display"":""0.1%""}]",CREAM,TOPICAL,ANDA,ANDA207117,HUMAN PRESCRIPTION DRUG,Corticosteroid Hormone Receptor Agonists [MoA];Corticosteroid [EPC],68462-131-17;68462-131-35;68462-131-49;68462-131-59,1 TUBE in 1 CARTON (68462-131-17) / 15 g in 1 TUBE | 1 TUBE in 1 CARTON (68462-131-35) / 30 g in 1 TUBE | 1 TUBE in 1 CARTON (68462-131-49) / 80 g in 1 TUBE | 454 g in 1 JAR (68462-131-59),a9b3764d-fd3d-4fcc-8d22-5aa848da1b06,20160805,,20261231,0
68462-797,corticosteroid,triamcinolone,Triamcinolone Acetonide,triamcinolone acetonide,"Glenmark Pharmaceuticals Inc., USA",TRIAMCINOLONE ACETONIDE 1 mg/g,triamcinolone acetonide 0.1%,"[{""name"":""TRIAMCINOLONE ACETONIDE"",""strength"":""1 mg/g"",""pct"":0.1,""display"":""0.1%""}]",OINTMENT,TOPICAL,ANDA,ANDA208320,HUMAN PRESCRIPTION DRUG,Corticosteroid Hormone Receptor Agonists [MoA];Corticosteroid [EPC],68462-797-17;68462-797-49;68462-797-59,1 TUBE in 1 CARTON (68462-797-17) / 15 g in 1 TUBE | 1 TUBE in 1 CARTON (68462-797-49) / 80 g in 1 TUBE | 454 g in 1 JAR (68462-797-59),8c380328-127b-4ca6-bf56-ef461e704471,20170822,,20261231,0
68462-798,corticosteroid,triamcinolone,Triamcinolone Acetonide,triamcinolone acetonide,"Glenmark Pharmaceuticals Inc., USA",TRIAMCINOLONE ACETONIDE 5 mg/g,triamcinolone acetonide 0.5%,"[{""name"":""TRIAMCINOLONE ACETONIDE"",""strength"":""5 mg/g"",""pct"":0.5,""display"":""0.5%""}]",OINTMENT,TOPICAL,ANDA,ANDA206379,HUMAN PRESCRIPTION DRUG,Corticosteroid Hormone Receptor Agonists [MoA];Corticosteroid [EPC],68462-798-17,1 TUBE in 1 CARTON (68462-798-17) / 15 g in 1 TUBE,8c380328-127b-4ca6-bf56-ef461e704471,20160722,,20261231,0
71656-040,corticosteroid,triamcinolone,Triamcinolone Acetonide,triamcinolone acetonide,"Saptalis Pharmaceuticals, LLC.",TRIAMCINOLONE ACETONIDE 1 mg/mL,triamcinolone acetonide 0.1%,"[{""name"":""TRIAMCINOLONE ACETONIDE"",""strength"":""1 mg/mL"",""pct"":0.1,""display"":""0.1%""}]",LOTION,TOPICAL,ANDA,ANDA040672,HUMAN PRESCRIPTION DRUG,Corticosteroid Hormone Receptor Agonists [MoA];Corticosteroid [EPC],71656-040-60,60 mL in 1 BOTTLE (71656-040-60),a77a31dd-048e-4a4d-b006-6913978d7438,20240730,,20261231,0
71656-042,corticosteroid,triamcinolone,Triamcinolone Acetonide,triamcinolone acetonide,"Saptalis Pharmaceuticals, LLC.",TRIAMCINOLONE ACETONIDE 1 mg/g,triamcinolone acetonide 0.1%,"[{""name"":""TRIAMCINOLONE ACETONIDE"",""strength"":""1 mg/g"",""pct"":0.1,""display"":""0.1%""}]",CREAM,TOPICAL,ANDA,ANDA040671,HUMAN PRESCRIPTION DRUG,Corticosteroid Hormone Receptor Agonists [MoA];Corticosteroid [EPC],71656-042-15;71656-042-16;71656-042-30;71656-042-80,1 TUBE in 1 CARTON (71656-042-15) / 15 g in 1 TUBE | 454 g in 1 JAR (71656-042-16) | 1 TUBE in 1 CARTON (71656-042-30) / 30 g in 1 TUBE | 1 TUBE in 1 CARTON (71656-042-80) / 80 g in 1 TUBE,8cbde037-da83-4390-8465-7e383eee9287,20230927,,20261231,0
16714-267,corticosteroid,triamcinolone,Triamcinolone acetonide,triamcinolone acetonide,NorthStar RxLLC,TRIAMCINOLONE ACETONIDE .25 mg/g,triamcinolone acetonide 0.025%,"[{""name"":""TRIAMCINOLONE ACETONIDE"",""strength"":"".25 mg/g"",""pct"":0.025,""display"":""0.025%""}]",OINTMENT,TOPICAL,ANDA,ANDA209828,HUMAN PRESCRIPTION DRUG,Corticosteroid Hormone Receptor Agonists [MoA];Corticosteroid [EPC],16714-267-01;16714-267-02;16714-267-03,1 TUBE in 1 CARTON (16714-267-01) / 15 g in 1 TUBE | 1 TUBE in 1 CARTON (16714-267-02) / 80 g in 1 TUBE | 454 g in 1 JAR (16714-267-03),3379f247-4a29-4373-9843-0b7f044c2276,20220421,,20261231,0
16714-268,corticosteroid,triamcinolone,Triamcinolone acetonide,triamcinolone acetonide,NorthStar RxLLC,TRIAMCINOLONE ACETONIDE 5 mg/g,triamcinolone acetonide 0.5%,"[{""name"":""TRIAMCINOLONE ACETONIDE"",""strength"":""5 mg/g"",""pct"":0.5,""display"":""0.5%""}]",OINTMENT,TOPICAL,ANDA,ANDA209828,HUMAN PRESCRIPTION DRUG,Corticosteroid Hormone Receptor Agonists [MoA];Corticosteroid [EPC],16714-268-01,1 TUBE in 1 CARTON (16714-268-01) / 15 g in 1 TUBE,3379f247-4a29-4373-9843-0b7f044c2276,20220421,,20261231,0
16714-276,corticosteroid,triamcinolone,Triamcinolone acetonide,triamcinolone acetonide,NorthStar RxLLC,TRIAMCINOLONE ACETONIDE 1 mg/g,triamcinolone acetonide 0.1%,"[{""name"":""TRIAMCINOLONE ACETONIDE"",""strength"":""1 mg/g"",""pct"":0.1,""display"":""0.1%""}]",OINTMENT,TOPICAL,ANDA,ANDA209828,HUMAN PRESCRIPTION DRUG,Corticosteroid Hormone Receptor Agonists [MoA];Corticosteroid [EPC],16714-276-01;16714-276-02;16714-276-03,1 TUBE in 1 CARTON (16714-276-01) / 15 g in 1 TUBE | 1 TUBE in 1 CARTON (16714-276-02) / 80 g in 1 TUBE | 454 g in 1 JAR (16714-276-03),3379f247-4a29-4373-9843-0b7f044c2276,20250402,,20261231,0
33342-331,corticosteroid,triamcinolone,Triamcinolone acetonide,triamcinolone acetonide,Macleods Pharmaceuticals Limited,TRIAMCINOLONE ACETONIDE .25 mg/g,triamcinolone acetonide 0.025%,"[{""name"":""TRIAMCINOLONE ACETONIDE"",""strength"":"".25 mg/g"",""pct"":0.025,""display"":""0.025%""}]",OINTMENT,TOPICAL,ANDA,ANDA209828,HUMAN PRESCRIPTION DRUG,Corticosteroid Hormone Receptor Agonists [MoA];Corticosteroid [EPC],33342-331-15;33342-331-54;33342-331-80,1 TUBE in 1 CARTON (33342-331-15) / 15 g in 1 TUBE | 454 g in 1 JAR (33342-331-54) | 1 TUBE in 1 CARTON (33342-331-80) / 80 g in 1 TUBE,4dc6fa38-0225-4b99-8cef-4fee72a30f90,20181123,,20261231,0
33342-332,corticosteroid,triamcinolone,Triamcinolone acetonide,triamcinolone acetonide,Macleods Pharmaceuticals Limited,TRIAMCINOLONE ACETONIDE 5 mg/g,triamcinolone acetonide 0.5%,"[{""name"":""TRIAMCINOLONE ACETONIDE"",""strength"":""5 mg/g"",""pct"":0.5,""display"":""0.5%""}]",OINTMENT,TOPICAL,ANDA,ANDA209828,HUMAN PRESCRIPTION DRUG,Corticosteroid Hormone Receptor Agonists [MoA];Corticosteroid [EPC],33342-332-15,1 TUBE in 1 CARTON (33342-332-15) / 15 g in 1 TUBE,4dc6fa38-0225-4b99-8cef-4fee72a30f90,20181123,,20261231,0
33342-333,corticosteroid,triamcinolone,Triamcinolone acetonide,triamcinolone acetonide,Macleods Pharmaceuticals Limited,TRIAMCINOLONE ACETONIDE 1 mg/g,triamcinolone acetonide 0.1%,"[{""name"":""TRIAMCINOLONE ACETONIDE"",""strength"":""1 mg/g"",""pct"":0.1,""display"":""0.1%""}]",OINTMENT,TOPICAL,ANDA,ANDA209828,HUMAN PRESCRIPTION DRUG,Corticosteroid Hormone Receptor Agonists [MoA];Corticosteroid [EPC],33342-333-15;33342-333-54;33342-333-80,1 TUBE in 1 CARTON (33342-333-15) / 15 g in 1 TUBE | 454 g in 1 JAR (33342-333-54) | 1 TUBE in 1 CARTON (33342-333-80) / 80 g in 1 TUBE,4dc6fa38-0225-4b99-8cef-4fee72a30f90,20181123,,20261231,0
33342-334,corticosteroid,triamcinolone,Triamcinolone acetonide,triamcinolone acetonide,Macleods Pharmaceuticals Limited,TRIAMCINOLONE ACETONIDE .5 mg/g,triamcinolone acetonide 0.05%,"[{""name"":""TRIAMCINOLONE ACETONIDE"",""strength"":"".5 mg/g"",""pct"":0.05,""display"":""0.05%""}]",OINTMENT,TOPICAL,ANDA,ANDA216625,HUMAN PRESCRIPTION DRUG,Corticosteroid Hormone Receptor Agonists [MoA];Corticosteroid [EPC],33342-334-13,430 g in 1 JAR (33342-334-13),43481ee3-0419-44c9-93ab-4fab9baa9273,20230818,,20261231,0
0168-0002,corticosteroid,triamcinolone,triamcinolone acetonide,triamcinolone acetonide,"E. Fougera & Co. a division of Fougera Pharmaceuticals, LLC",TRIAMCINOLONE ACETONIDE 5 mg/g,triamcinolone acetonide 0.5%,"[{""name"":""TRIAMCINOLONE ACETONIDE"",""strength"":""5 mg/g"",""pct"":0.5,""display"":""0.5%""}]",CREAM,TOPICAL,ANDA,ANDA085692,HUMAN PRESCRIPTION DRUG,Corticosteroid Hormone Receptor Agonists [MoA];Corticosteroid [EPC],0168-0002-15,1 TUBE in 1 CARTON (0168-0002-15) / 15 g in 1 TUBE,92a1ded0-8e1a-4994-9c8a-89e84fc85c94,19780309,,20271231,0
0168-0003,corticosteroid,triamcinolone,triamcinolone acetonide,triamcinolone acetonide,"E. Fougera & Co. a division of Fougera Pharmaceuticals, LLC",TRIAMCINOLONE ACETONIDE .25 mg/g,triamcinolone acetonide 0.025%,"[{""name"":""TRIAMCINOLONE ACETONIDE"",""strength"":"".25 mg/g"",""pct"":0.025,""display"":""0.025%""}]",CREAM,TOPICAL,ANDA,ANDA085692,HUMAN PRESCRIPTION DRUG,Corticosteroid Hormone Receptor Agonists [MoA];Corticosteroid [EPC],0168-0003-15;0168-0003-80,1 TUBE in 1 CARTON (0168-0003-15) / 15 g in 1 TUBE | 1 TUBE in 1 CARTON (0168-0003-80) / 80 g in 1 TUBE,92a1ded0-8e1a-4994-9c8a-89e84fc85c94,19780309,,20271231,0
0168-0004,corticosteroid,triamcinolone,triamcinolone acetonide,triamcinolone acetonide,"E. Fougera & Co. a division of Fougera Pharmaceuticals, LLC",TRIAMCINOLONE ACETONIDE 1 mg/g,triamcinolone acetonide 0.1%,"[{""name"":""TRIAMCINOLONE ACETONIDE"",""strength"":""1 mg/g"",""pct"":0.1,""display"":""0.1%""}]",CREAM,TOPICAL,ANDA,ANDA085692,HUMAN PRESCRIPTION DRUG,Corticosteroid Hormone Receptor Agonists [MoA];Corticosteroid [EPC],0168-0004-15;0168-0004-16;0168-0004-80,1 TUBE in 1 CARTON (0168-0004-15) / 15 g in 1 TUBE | 453.6 g in 1 JAR (0168-0004-16) | 1 TUBE in 1 CARTON (0168-0004-80) / 80 g in 1 TUBE,92a1ded0-8e1a-4994-9c8a-89e84fc85c94,19780309,,20271231,0
45802-817,corticosteroid,triamcinolone,triamcinolone acetonide,triamcinolone acetonide,Padagis Israel Pharmaceuticals Ltd,TRIAMCINOLONE ACETONIDE .5 mg/g,triamcinolone acetonide 0.05%,"[{""name"":""TRIAMCINOLONE ACETONIDE"",""strength"":"".5 mg/g"",""pct"":0.05,""display"":""0.05%""}]",OINTMENT,TOPICAL,ANDA,ANDA212460,HUMAN PRESCRIPTION DRUG,Corticosteroid Hormone Receptor Agonists [MoA];Corticosteroid [EPC],45802-817-01,430 g in 1 JAR (45802-817-01),3cb47c24-b7eb-4709-8a41-cbeceadbc8d9,20210301,,20261231,0
21922-024,corticosteroid,triamcinolone,Triamcinolone Acetonide,"triamcinolone acetonide ointment usp, 0.05%","Encube Ethicals, Inc.",TRIAMCINOLONE ACETONIDE .5 mg/g,triamcinolone acetonide 0.05%,"[{""name"":""TRIAMCINOLONE ACETONIDE"",""strength"":"".5 mg/g"",""pct"":0.05,""display"":""0.05%""}]",OINTMENT,TOPICAL,ANDA,ANDA212384,HUMAN PRESCRIPTION DRUG,Corticosteroid Hormone Receptor Agonists [MoA];Corticosteroid [EPC],21922-024-11,430 g in 1 JAR (21922-024-11),a20baaac-002d-40ac-9c7b-f92e8ee987ea,20191202,,20261231,0
72603-319,corticosteroid,triamcinolone,Triamcinolone Acetonide,"triamcinolone acetonide ointment usp, 0.05%",Northstar Rx LLC,TRIAMCINOLONE ACETONIDE .5 mg/g,triamcinolone acetonide 0.05%,"[{""name"":""TRIAMCINOLONE ACETONIDE"",""strength"":"".5 mg/g"",""pct"":0.05,""display"":""0.05%""}]",OINTMENT,TOPICAL,ANDA,ANDA212384,HUMAN PRESCRIPTION DRUG,Corticosteroid Hormone Receptor Agonists [MoA];Corticosteroid [EPC],72603-319-01,430 g in 1 JAR (72603-319-01),fb7c85fa-56f1-4cb1-821d-0f6c9adc83f6,20241101,,20261231,0
55724-211,nonsteroidal,crisaborole,Eucrisa,crisaborole,Pfizer Laboratories Div Pfizer Inc,CRISABOROLE 20 mg/g,crisaborole 2%,"[{""name"":""CRISABOROLE"",""strength"":""20 mg/g"",""pct"":2.0,""display"":""2%""}]",OINTMENT,TOPICAL,NDA,NDA207695,HUMAN PRESCRIPTION DRUG,Phosphodiesterase 4 Inhibitor [EPC];Phosphodiesterase 4 Inhibitors [MoA],55724-211-11;55724-211-21;55724-211-23;55724-211-42,1 TUBE in 1 CARTON (55724-211-11) / 100 g in 1 TUBE | 1 TUBE in 1 CARTON (55724-211-21) / 60 g in 1 TUBE | 1 TUBE in 1 CARTON (55724-211-23) / 60 g in 1 TUBE | 6 TUBE in 1 CARTON (55724-211-42) / 2.5 g in 1 TUBE,609b77de-1ca3-4783-b8f5-01a9c0f1d77d,20170130,,20261231,0
68462-609,nonsteroidal,pimecrolimus,Pimecrolimus,pimecrolimus,"Glenmark Pharmaceuticals Inc., USA",PIMECROLIMUS 10 mg/g,pimecrolimus 1%,"[{""name"":""PIMECROLIMUS"",""strength"":""10 mg/g"",""pct"":1.0,""display"":""1%""}]",CREAM,TOPICAL,ANDA,ANDA211769,HUMAN PRESCRIPTION DRUG,Calcineurin Inhibitor Immunosuppressant [EPC];Calcineurin Inhibitors [MoA],68462-609-35;68462-609-65;68462-609-94,1 TUBE in 1 CARTON (68462-609-35) / 30 g in 1 TUBE | 1 TUBE in 1 CARTON (68462-609-65) / 60 g in 1 TUBE | 1 TUBE in 1 CARTON (68462-609-94) / 100 g in 1 TUBE,ac52a235-1b6f-47a2-b3d9-8d538eeae02f,20190829,,20261231,0
68682-110,nonsteroidal,pimecrolimus,Pimecrolimus,pimecrolimus,Oceanside Pharmaceuticals,PIMECROLIMUS 10 mg/g,pimecrolimus 1%,"[{""name"":""PIMECROLIMUS"",""strength"":""10 mg/g"",""pct"":1.0,""display"":""1%""}]",CREAM,TOPICAL,NDA AUTHORIZED GENERIC,NDA021302,HUMAN PRESCRIPTION DRUG,Calcineurin Inhibitor Immunosuppressant [EPC];Calcineurin Inhibitors [MoA],68682-110-01,1 TUBE in 1 CARTON (68682-110-01) / 30 g in 1 TUBE,6601e43e-ce7d-446a-8568-8e7b24b86f06,20181126,,20271231,0
68682-111,nonsteroidal,pimecrolimus,Pimecrolimus,pimecrolimus,Oceanside Pharmaceuticals,PIMECROLIMUS 10 mg/g,pimecrolimus 1%,"[{""name"":""PIMECROLIMUS"",""strength"":""10 mg/g"",""pct"":1.0,""display"":""1%""}]",CREAM,TOPICAL,NDA AUTHORIZED GENERIC,NDA021302,HUMAN PRESCRIPTION DRUG,Calcineurin Inhibitor Immunosuppressant [EPC];Calcineurin Inhibitors [MoA],68682-111-02,1 TUBE in 1 CARTON (68682-111-02) / 60 g in 1 TUBE,6601e43e-ce7d-446a-8568-8e7b24b86f06,20181126,,20271231,0
68682-112,nonsteroidal,pimecrolimus,Pimecrolimus,pimecrolimus,Oceanside Pharmaceuticals,PIMECROLIMUS 10 mg/g,pimecrolimus 1%,"[{""name"":""PIMECROLIMUS"",""strength"":""10 mg/g"",""pct"":1.0,""display"":""1%""}]",CREAM,TOPICAL,NDA AUTHORIZED GENERIC,NDA021302,HUMAN PRESCRIPTION DRUG,Calcineurin Inhibitor Immunosuppressant [EPC];Calcineurin Inhibitors [MoA],68682-112-03,1 TUBE in 1 CARTON (68682-112-03) / 100 g in 1 TUBE,6601e43e-ce7d-446a-8568-8e7b24b86f06,20181126,,20271231,0
0591-2944,nonsteroidal,pimecrolimus,pimecrolimus,pimecrolimus,"Actavis Pharma, Inc.",PIMECROLIMUS 10 mg/g,pimecrolimus 1%,"[{""name"":""PIMECROLIMUS"",""strength"":""10 mg/g"",""pct"":1.0,""display"":""1%""}]",CREAM,TOPICAL,ANDA,ANDA209345,HUMAN PRESCRIPTION DRUG,Calcineurin Inhibitor Immunosuppressant [EPC];Calcineurin Inhibitors [MoA],0591-2944-30;0591-2944-60;0591-2944-87,30 g in 1 TUBE (0591-2944-30) | 60 g in 1 TUBE (0591-2944-60) | 100 g in 1 TUBE (0591-2944-87),d5b0403a-065f-42e3-96d6-7dcb9ab127d3,20181227,,20261231,0
80610-105,nonsteroidal,roflumilast,ZORYVE,roflumilast,"Arcutis Biotherapeutics, Inc.",ROFLUMILAST .5 mg/g,roflumilast 0.05%,"[{""name"":""ROFLUMILAST"",""strength"":"".5 mg/g"",""pct"":0.05,""display"":""0.05%""}]",CREAM,TOPICAL,NDA,NDA215985,HUMAN PRESCRIPTION DRUG,Phosphodiesterase 4 Inhibitor [EPC];Phosphodiesterase 4 Inhibitors [MoA],80610-105-60;80610-105-96,1 TUBE in 1 CARTON (80610-105-60) / 60 g in 1 TUBE | 6 TUBE in 1 CARTON (80610-105-96) / 5 g in 1 TUBE (80610-105-05),ec1bb0d1-f38a-4080-831a-68791d1d1fdb,20251004,,20271231,0
80610-115,nonsteroidal,roflumilast,ZORYVE,roflumilast,"Arcutis Biotherapeutics, Inc.",ROFLUMILAST 1.5 mg/g,roflumilast 0.15%,"[{""name"":""ROFLUMILAST"",""strength"":""1.5 mg/g"",""pct"":0.15,""display"":""0.15%""}]",CREAM,TOPICAL,NDA,NDA215985,HUMAN PRESCRIPTION DRUG,Phosphodiesterase 4 Inhibitor [EPC];Phosphodiesterase 4 Inhibitors [MoA],80610-115-60;80610-115-96,1 TUBE in 1 CARTON (80610-115-60) / 60 g in 1 TUBE | 6 TUBE in 1 CARTON (80610-115-96) / 5 g in 1 TUBE (80610-115-05),ec1bb0d1-f38a-4080-831a-68791d1d1fdb,20240709,,20271231,0
80610-130,nonsteroidal,roflumilast,ZORYVE,roflumilast,"Arcutis Biotherapeutics, Inc.",ROFLUMILAST 3 mg/g,roflumilast 0.3%,"[{""name"":""ROFLUMILAST"",""strength"":""3 mg/g"",""pct"":0.3,""display"":""0.3%""}]",CREAM,TOPICAL,NDA,NDA215985,HUMAN PRESCRIPTION DRUG,Phosphodiesterase 4 Inhibitor [EPC];Phosphodiesterase 4 Inhibitors [MoA],80610-130-60;80610-130-96,1 TUBE in 1 CARTON (80610-130-60) / 60 g in 1 TUBE | 6 TUBE in 1 CARTON (80610-130-96) / 5 g in 1 TUBE (80610-130-05),ec1bb0d1-f38a-4080-831a-68791d1d1fdb,20220729,,20271231,0
80610-430,nonsteroidal,roflumilast,ZORYVE,roflumilast,"Arcutis Biotherapeutics, Inc.",ROFLUMILAST 3 mg/g,roflumilast 0.3%,"[{""name"":""ROFLUMILAST"",""strength"":""3 mg/g"",""pct"":0.3,""display"":""0.3%""}]","AEROSOL, FOAM",TOPICAL,NDA,NDA217242,HUMAN PRESCRIPTION DRUG,Phosphodiesterase 4 Inhibitor [EPC];Phosphodiesterase 4 Inhibitors [MoA],80610-430-60,1 CAN in 1 CARTON (80610-430-60) / 60 g in 1 CAN,f9e0b4a9-a227-4947-b00c-41fb18d16589,20231215,,20271231,0
50881-007,nonsteroidal,ruxolitinib,OPZELURA,ruxolitinib,Incyte Corporation,RUXOLITINIB PHOSPHATE 15 mg/g,ruxolitinib phosphate 1.5%,"[{""name"":""RUXOLITINIB PHOSPHATE"",""strength"":""15 mg/g"",""pct"":1.5,""display"":""1.5%""}]",CREAM,TOPICAL,NDA,NDA215309,HUMAN PRESCRIPTION DRUG,Janus Kinase Inhibitor [EPC];Janus Kinase Inhibitors [MoA];Kinase Inhibitor [EPC],50881-007-04;50881-007-05;50881-007-07;50881-007-14,1 TUBE in 1 CARTON (50881-007-04) / 5 g in 1 TUBE | 1 TUBE in 1 CARTON (50881-007-05) / 60 g in 1 TUBE | 1 TUBE in 1 CARTON (50881-007-07) / 100 g in 1 TUBE | 1 TUBE in 1 CARTON (50881-007-14) / 3 g in 1 TUBE,24da5509-6631-4795-9d42-273faecd08e7,20210921,,20271231,0
0168-0416,nonsteroidal,tacrolimus,Tacrolimus,tacrolimus,"E. Fougera & Co. a division of Fougera Pharmaceuticals, LLC",TACROLIMUS 1 mg/g,tacrolimus 0.1%,"[{""name"":""TACROLIMUS"",""strength"":""1 mg/g"",""pct"":0.1,""display"":""0.1%""}]",OINTMENT,TOPICAL,ANDA,ANDA200744,HUMAN PRESCRIPTION DRUG,Calcineurin Inhibitor Immunosuppressant [EPC];Calcineurin Inhibitors [MoA],0168-0416-30;0168-0416-60;0168-0416-99,1 TUBE in 1 CARTON (0168-0416-30) / 30 g in 1 TUBE | 1 TUBE in 1 CARTON (0168-0416-60) / 60 g in 1 TUBE | 1 TUBE in 1 CARTON (0168-0416-99) / 100 g in 1 TUBE,1bf44a84-14fd-4f80-ad8a-99b1431d631f,20140909,,20271231,0
0168-0417,nonsteroidal,tacrolimus,Tacrolimus,tacrolimus,"E. Fougera & Co. a division of Fougera Pharmaceuticals, LLC",TACROLIMUS .3 mg/g,tacrolimus 0.03%,"[{""name"":""TACROLIMUS"",""strength"":"".3 mg/g"",""pct"":0.03,""display"":""0.03%""}]",OINTMENT,TOPICAL,ANDA,ANDA200744,HUMAN PRESCRIPTION DRUG,Calcineurin Inhibitor Immunosuppressant [EPC];Calcineurin Inhibitors [MoA],0168-0417-30;0168-0417-60;0168-0417-99,1 TUBE in 1 CARTON (0168-0417-30) / 30 g in 1 TUBE | 1 TUBE in 1 CARTON (0168-0417-60) / 60 g in 1 TUBE | 1 TUBE in 1 CARTON (0168-0417-99) / 100 g in 1 TUBE,1bf44a84-14fd-4f80-ad8a-99b1431d631f,20140909,,20271231,0
16729-421,nonsteroidal,tacrolimus,Tacrolimus,tacrolimus,Accord Healthcare Inc.,TACROLIMUS .3 mg/g,tacrolimus 0.03%,"[{""name"":""TACROLIMUS"",""strength"":"".3 mg/g"",""pct"":0.03,""display"":""0.03%""}]",OINTMENT,TOPICAL,ANDA,ANDA211688,HUMAN PRESCRIPTION DRUG,Calcineurin Inhibitor Immunosuppressant [EPC];Calcineurin Inhibitors [MoA],16729-421-01;16729-421-10;16729-421-12,1 TUBE in 1 CARTON (16729-421-01) / 100 g in 1 TUBE | 1 TUBE in 1 CARTON (16729-421-10) / 30 g in 1 TUBE | 1 TUBE in 1 CARTON (16729-421-12) / 60 g in 1 TUBE,80e6817a-9b1e-4f0f-e053-2a91aa0a3d15,20190531,,20261231,0
16729-422,nonsteroidal,tacrolimus,Tacrolimus,tacrolimus,Accord Healthcare Inc.,TACROLIMUS 1 mg/g,tacrolimus 0.1%,"[{""name"":""TACROLIMUS"",""strength"":""1 mg/g"",""pct"":0.1,""display"":""0.1%""}]",OINTMENT,TOPICAL,ANDA,ANDA211688,HUMAN PRESCRIPTION DRUG,Calcineurin Inhibitor Immunosuppressant [EPC];Calcineurin Inhibitors [MoA],16729-422-01;16729-422-10;16729-422-12,1 TUBE in 1 CARTON (16729-422-01) / 100 g in 1 TUBE | 1 TUBE in 1 CARTON (16729-422-10) / 30 g in 1 TUBE | 1 TUBE in 1 CARTON (16729-422-12) / 60 g in 1 TUBE,80e6817a-9b1e-4f0f-e053-2a91aa0a3d15,20190531,,20261231,0
45802-390,nonsteroidal,tacrolimus,Tacrolimus,tacrolimus,Padagis Israel Pharmaceuticals Ltd,TACROLIMUS .3 mg/g,tacrolimus 0.03%,"[{""name"":""TACROLIMUS"",""strength"":"".3 mg/g"",""pct"":0.03,""display"":""0.03%""}]",OINTMENT,TOPICAL,NDA,NDA050777,HUMAN PRESCRIPTION DRUG,Calcineurin Inhibitor Immunosuppressant [EPC];Calcineurin Inhibitors [MoA],45802-390-00;45802-390-01;45802-390-02,1 TUBE in 1 CARTON (45802-390-00) / 30 g in 1 TUBE | 1 TUBE in 1 CARTON (45802-390-01) / 60 g in 1 TUBE | 1 TUBE in 1 CARTON (45802-390-02) / 100 g in 1 TUBE,6b601eaf-4f3a-4a8b-8cd8-1000defa9822,20141120,,20261231,0
45802-700,nonsteroidal,tacrolimus,Tacrolimus,tacrolimus,Padagis Israel Pharmaceuticals Ltd,TACROLIMUS 1 mg/g,tacrolimus 0.1%,"[{""name"":""TACROLIMUS"",""strength"":""1 mg/g"",""pct"":0.1,""display"":""0.1%""}]",OINTMENT,TOPICAL,NDA,NDA050777,HUMAN PRESCRIPTION DRUG,Calcineurin Inhibitor Immunosuppressant [EPC];Calcineurin Inhibitors [MoA],45802-700-00;45802-700-01;45802-700-02,1 TUBE in 1 CARTON (45802-700-00) / 30 g in 1 TUBE | 1 TUBE in 1 CARTON (45802-700-01) / 60 g in 1 TUBE | 1 TUBE in 1 CARTON (45802-700-02) / 100 g in 1 TUBE,6b601eaf-4f3a-4a8b-8cd8-1000defa9822,20141120,,20261231,0
68462-534,nonsteroidal,tacrolimus,Tacrolimus,tacrolimus,"Glenmark Pharmaceuticals Inc., USA",TACROLIMUS 1 mg/g,tacrolimus 0.1%,"[{""name"":""TACROLIMUS"",""strength"":""1 mg/g"",""pct"":0.1,""display"":""0.1%""}]",OINTMENT,TOPICAL,ANDA,ANDA210393,HUMAN PRESCRIPTION DRUG,Calcineurin Inhibitor Immunosuppressant [EPC];Calcineurin Inhibitors [MoA],68462-534-35;68462-534-65;68462-534-94,1 TUBE in 1 CARTON (68462-534-35) / 30 g in 1 TUBE | 1 TUBE in 1 CARTON (68462-534-65) / 60 g in 1 TUBE | 1 TUBE in 1 CARTON (68462-534-94) / 100 g in 1 TUBE,c2d2e3a1-f346-4245-b445-6dd44e371180,20180416,,20271231,0
68462-881,nonsteroidal,tacrolimus,Tacrolimus,tacrolimus,"Glenmark Pharmaceuticals Inc., USA",TACROLIMUS .3 mg/g,tacrolimus 0.03%,"[{""name"":""TACROLIMUS"",""strength"":"".3 mg/g"",""pct"":0.03,""display"":""0.03%""}]",OINTMENT,TOPICAL,ANDA,ANDA210393,HUMAN PRESCRIPTION DRUG,Calcineurin Inhibitor Immunosuppressant [EPC];Calcineurin Inhibitors [MoA],68462-881-35;68462-881-65;68462-881-94,1 TUBE in 1 CARTON (68462-881-35) / 30 g in 1 TUBE | 1 TUBE in 1 CARTON (68462-881-65) / 60 g in 1 TUBE | 1 TUBE in 1 CARTON (68462-881-94) / 100 g in 1 TUBE,c2d2e3a1-f346-4245-b445-6dd44e371180,20230816,,20271231,0
21922-011,nonsteroidal,tacrolimus,Tacrolimus,tacrolimus ointment 0.1%,"Encube Ethicals, Inc.",TACROLIMUS 1 mg/g,tacrolimus 0.1%,"[{""name"":""TACROLIMUS"",""strength"":""1 mg/g"",""pct"":0.1,""display"":""0.1%""}]",OINTMENT,TOPICAL,ANDA,ANDA212387,HUMAN PRESCRIPTION DRUG,Calcineurin Inhibitor Immunosuppressant [EPC];Calcineurin Inhibitors [MoA],21922-011-05;21922-011-07;21922-011-09,1 TUBE in 1 CARTON (21922-011-05) / 30 g in 1 TUBE | 1 TUBE in 1 CARTON (21922-011-07) / 60 g in 1 TUBE | 1 TUBE in 1 CARTON (21922-011-09) / 100 g in 1 TUBE,43b38551-6c5e-48a4-a453-9286f1c16b34,20231013,,20261231,0
81672-5051,nonsteroidal,tapinarof,VTAMA,tapinarof,Organon LLC,TAPINAROF 10 mg/g,tapinarof 1%,"[{""name"":""TAPINAROF"",""strength"":""10 mg/g"",""pct"":1.0,""display"":""1%""}]",CREAM,TOPICAL,NDA,NDA215272,HUMAN PRESCRIPTION DRUG,Aryl Hydrocarbon Receptor Agonist [EPC];Aryl Hydrocarbon Receptor Agonists [MoA],81672-5051-1,1 TUBE in 1 PACKAGE (81672-5051-1) / 60 g in 1 TUBE,9309d20f-8cd4-4c96-93fa-7f730e83c7ab,20250528,,20261231,0
11788-134,oral,doxycycline,DOXYCYCLINE,doxycycline,"AiPing Pharmaceutical, Inc.",DOXYCYCLINE 40 mg/1,doxycycline 40 mg,"[{""name"":""DOXYCYCLINE"",""strength"":""40 mg/1"",""pct"":null,""display"":""40 mg""}]",CAPSULE,ORAL,ANDA,ANDA219978,HUMAN PRESCRIPTION DRUG,Tetracycline-class Drug [EPC];Tetracyclines [CS],11788-134-30,30 CAPSULE in 1 BOTTLE (11788-134-30),a894f4be-19e5-4785-8d0b-5e0d5626300e,20260116,,20271231,0
46708-785,oral,doxycycline,DOXYCYCLINE,doxycycline,Alembic Pharmaceuticals Limited,DOXYCYCLINE 40 mg/1,doxycycline 40 mg,"[{""name"":""DOXYCYCLINE"",""strength"":""40 mg/1"",""pct"":null,""display"":""40 mg""}]",CAPSULE,ORAL,ANDA,ANDA217674,HUMAN PRESCRIPTION DRUG,Tetracycline-class Drug [EPC];Tetracyclines [CS],46708-785-30,30 CAPSULE in 1 BOTTLE (46708-785-30),8e78dc54-8322-435d-8879-4bfe37f1b98c,20240627,,20261231,0
62332-785,oral,doxycycline,DOXYCYCLINE,doxycycline,Alembic Pharmaceuticals Inc.,DOXYCYCLINE 40 mg/1,doxycycline 40 mg,"[{""name"":""DOXYCYCLINE"",""strength"":""40 mg/1"",""pct"":null,""display"":""40 mg""}]",CAPSULE,ORAL,ANDA,ANDA217674,HUMAN PRESCRIPTION DRUG,Tetracycline-class Drug [EPC];Tetracyclines [CS],62332-785-30,30 CAPSULE in 1 BOTTLE (62332-785-30),a50e953d-447b-4b66-b567-04586174d3f9,20240627,,20261231,0
68180-650,oral,doxycycline,DOXYCYCLINE,doxycycline,"Lupin Pharmaceuticals, Inc.",DOXYCYCLINE 50 mg/1,doxycycline 50 mg,"[{""name"":""DOXYCYCLINE"",""strength"":""50 mg/1"",""pct"":null,""display"":""50 mg""}]",CAPSULE,ORAL,ANDA,ANDA204234,HUMAN PRESCRIPTION DRUG,Tetracycline-class Drug [EPC];Tetracyclines [CS],68180-650-01,100 CAPSULE in 1 BOTTLE (68180-650-01),bcc65910-30d8-4807-ab61-607a56382924,20150220,,20261231,0
68180-652,oral,doxycycline,DOXYCYCLINE,doxycycline,"Lupin Pharmaceuticals, Inc.",DOXYCYCLINE 100 mg/1,doxycycline 100 mg,"[{""name"":""DOXYCYCLINE"",""strength"":""100 mg/1"",""pct"":null,""display"":""100 mg""}]",CAPSULE,ORAL,ANDA,ANDA204234,HUMAN PRESCRIPTION DRUG,Tetracycline-class Drug [EPC];Tetracyclines [CS],68180-652-08,50 CAPSULE in 1 BOTTLE (68180-652-08),bcc65910-30d8-4807-ab61-607a56382924,20150220,,20261231,0
68180-657,oral,doxycycline,DOXYCYCLINE,doxycycline,"Lupin Pharmaceuticals, Inc.",DOXYCYCLINE 25 mg/5mL,doxycycline 0.5%,"[{""name"":""DOXYCYCLINE"",""strength"":""25 mg/5mL"",""pct"":0.5,""display"":""0.5%""}]",FOR SUSPENSION,ORAL,ANDA,ANDA201678,HUMAN PRESCRIPTION DRUG,Tetracycline-class Drug [EPC];Tetracyclines [CS],68180-657-01,60 mL in 1 BOTTLE (68180-657-01),e0e80435-1b6a-4361-8c8a-e432f8f23a1b,20130611,,20261231,0
68308-668,oral,doxycycline,DOXYCYCLINE,doxycycline,Mayne Pharma Inc.,DOXYCYCLINE 40 mg/1,doxycycline 40 mg,"[{""name"":""DOXYCYCLINE"",""strength"":""40 mg/1"",""pct"":null,""display"":""40 mg""}]",CAPSULE,ORAL,NDA AUTHORIZED GENERIC,NDA050805,HUMAN PRESCRIPTION DRUG,Tetracycline-class Drug [EPC];Tetracyclines [CS],68308-668-30,30 CAPSULE in 1 BOTTLE (68308-668-30),0e6b3e17-aeee-4910-8e94-c7ac925b9cca,20230227,,20261231,0
70748-308,oral,doxycycline,DOXYCYCLINE,doxycycline,"Lupin Pharmaceuticals, Inc.",DOXYCYCLINE 40 mg/1,doxycycline 40 mg,"[{""name"":""DOXYCYCLINE"",""strength"":""40 mg/1"",""pct"":null,""display"":""40 mg""}]",CAPSULE,ORAL,ANDA,ANDA216631,HUMAN PRESCRIPTION DRUG,Tetracycline-class Drug [EPC];Tetracyclines [CS],70748-308-06,30 CAPSULE in 1 BOTTLE (70748-308-06),81c5a7fc-3fe0-40b2-bae0-c79eb0b27697,20240408,,20261231,0
0527-1335,oral,doxycycline,Doxycycline,doxycycline,"Lannett Company, Inc.",DOXYCYCLINE 50 mg/1,doxycycline 50 mg,"[{""name"":""DOXYCYCLINE"",""strength"":""50 mg/1"",""pct"":null,""display"":""50 mg""}]","TABLET, FILM COATED",ORAL,ANDA,ANDA065285,HUMAN PRESCRIPTION DRUG,Tetracycline-class Drug [EPC];Tetracyclines [CS],0527-1335-01,"100 TABLET, FILM COATED in 1 BOTTLE, PLASTIC (0527-1335-01)",4999bbd9-44ed-4749-9730-be2337bdf490,20051208,,20261231,0
0527-1338,oral,doxycycline,Doxycycline,doxycycline,"Lannett Company, Inc.",DOXYCYCLINE 100 mg/1,doxycycline 100 mg,"[{""name"":""DOXYCYCLINE"",""strength"":""100 mg/1"",""pct"":null,""display"":""100 mg""}]","TABLET, FILM COATED",ORAL,ANDA,ANDA065285,HUMAN PRESCRIPTION DRUG,Tetracycline-class Drug [EPC];Tetracyclines [CS],0527-1338-25;0527-1338-50,"250 TABLET, FILM COATED in 1 BOTTLE, PLASTIC (0527-1338-25) | 50 TABLET, FILM COATED in 1 BOTTLE, PLASTIC (0527-1338-50)",4999bbd9-44ed-4749-9730-be2337bdf490,20051208,,20261231,0
0527-1535,oral,doxycycline,Doxycycline,doxycycline,"Lannett Company, Inc.",DOXYCYCLINE 75 mg/1,doxycycline 75 mg,"[{""name"":""DOXYCYCLINE"",""strength"":""75 mg/1"",""pct"":null,""display"":""75 mg""}]","TABLET, FILM COATED",ORAL,ANDA,ANDA065285,HUMAN PRESCRIPTION DRUG,Tetracycline-class Drug [EPC];Tetracyclines [CS],0527-1535-01,"100 TABLET, FILM COATED in 1 BOTTLE, PLASTIC (0527-1535-01)",4999bbd9-44ed-4749-9730-be2337bdf490,20080825,,20261231,0
0527-1537,oral,doxycycline,Doxycycline,doxycycline,"Lannett Company, Inc.",DOXYCYCLINE 150 mg/1,doxycycline 150 mg,"[{""name"":""DOXYCYCLINE"",""strength"":""150 mg/1"",""pct"":null,""display"":""150 mg""}]","TABLET, FILM COATED",ORAL,ANDA,ANDA065285,HUMAN PRESCRIPTION DRUG,Tetracycline-class Drug [EPC];Tetracyclines [CS],0527-1537-01;0527-1537-30,"100 TABLET, FILM COATED in 1 BOTTLE, PLASTIC (0527-1537-01) | 30 TABLET, FILM COATED in 1 BOTTLE, PLASTIC (0527-1537-30)",4999bbd9-44ed-4749-9730-be2337bdf490,20080825,,20261231,0
23155-133,oral,doxycycline,Doxycycline,doxycycline,Heritage Pharmaceuticals Inc. d/b/a Avet Pharmaceuticals Inc.,DOXYCYCLINE 50 mg/1,doxycycline 50 mg,"[{""name"":""DOXYCYCLINE"",""strength"":""50 mg/1"",""pct"":null,""display"":""50 mg""}]",TABLET,ORAL,ANDA,ANDA091605,HUMAN PRESCRIPTION DRUG,Tetracycline-class Drug [EPC];Tetracyclines [CS],23155-133-01;23155-133-05;23155-133-11;23155-133-30,100 TABLET in 1 BOTTLE (23155-133-01) | 500 TABLET in 1 BOTTLE (23155-133-05) | 10 TABLET in 1 BLISTER PACK (23155-133-11) | 30 TABLET in 1 CARTON (23155-133-30),2bcde264-5f6f-47f6-ae2e-1b7010deacf7,20120501,,20261231,0
23155-134,oral,doxycycline,Doxycycline,doxycycline,Heritage Pharmaceuticals Inc. d/b/a Avet Pharmaceuticals Inc.,DOXYCYCLINE 75 mg/1,doxycycline 75 mg,"[{""name"":""DOXYCYCLINE"",""strength"":""75 mg/1"",""pct"":null,""display"":""75 mg""}]",TABLET,ORAL,ANDA,ANDA091605,HUMAN PRESCRIPTION DRUG,Tetracycline-class Drug [EPC];Tetracyclines [CS],23155-134-01;23155-134-05;23155-134-11;23155-134-30,100 TABLET in 1 BOTTLE (23155-134-01) | 500 TABLET in 1 BOTTLE (23155-134-05) | 10 TABLET in 1 BLISTER PACK (23155-134-11) | 30 TABLET in 1 CARTON (23155-134-30),2bcde264-5f6f-47f6-ae2e-1b7010deacf7,20120501,,20261231,0
23155-135,oral,doxycycline,Doxycycline,doxycycline,Heritage Pharmaceuticals Inc. d/b/a Avet Pharmaceuticals Inc.,DOXYCYCLINE 100 mg/1,doxycycline 100 mg,"[{""name"":""DOXYCYCLINE"",""strength"":""100 mg/1"",""pct"":null,""display"":""100 mg""}]",TABLET,ORAL,ANDA,ANDA091605,HUMAN PRESCRIPTION DRUG,Tetracycline-class Drug [EPC];Tetracyclines [CS],23155-135-05;23155-135-11;23155-135-25;23155-135-30,500 TABLET in 1 BOTTLE (23155-135-05) | 10 TABLET in 1 BLISTER PACK (23155-135-11) | 50 TABLET in 1 BOTTLE (23155-135-25) | 30 TABLET in 1 CARTON (23155-135-30),2bcde264-5f6f-47f6-ae2e-1b7010deacf7,20120501,,20261231,0
23155-136,oral,doxycycline,Doxycycline,doxycycline,Heritage Pharmaceuticals Inc. d/b/a Avet Pharmaceuticals Inc.,DOXYCYCLINE 150 mg/1,doxycycline 150 mg,"[{""name"":""DOXYCYCLINE"",""strength"":""150 mg/1"",""pct"":null,""display"":""150 mg""}]",TABLET,ORAL,ANDA,ANDA091605,HUMAN PRESCRIPTION DRUG,Tetracycline-class Drug [EPC];Tetracyclines [CS],23155-136-03;23155-136-05;23155-136-11;23155-136-30,30 TABLET in 1 BOTTLE (23155-136-03) | 500 TABLET in 1 BOTTLE (23155-136-05) | 10 TABLET in 1 BLISTER PACK (23155-136-11) | 30 TABLET in 1 CARTON (23155-136-30),2bcde264-5f6f-47f6-ae2e-1b7010deacf7,20120501,,20261231,0
43386-790,oral,doxycycline,Doxycycline,doxycycline,"Lupin Pharmaceuticals,Inc.",DOXYCYCLINE 50 mg/1,doxycycline 50 mg,"[{""name"":""DOXYCYCLINE"",""strength"":""50 mg/1"",""pct"":null,""display"":""50 mg""}]",CAPSULE,ORAL,ANDA,ANDA204446,HUMAN PRESCRIPTION DRUG,Tetracycline-class Drug [EPC];Tetracyclines [CS],43386-790-01,100 CAPSULE in 1 BOTTLE (43386-790-01),6512bf22-c211-4127-a8c8-2419656580f6,20150708,,20261231,0
43386-791,oral,doxycycline,Doxycycline,doxycycline,"Lupin Pharmaceuticals,Inc.",DOXYCYCLINE 75 mg/1,doxycycline 75 mg,"[{""name"":""DOXYCYCLINE"",""strength"":""75 mg/1"",""pct"":null,""display"":""75 mg""}]",CAPSULE,ORAL,ANDA,ANDA204446,HUMAN PRESCRIPTION DRUG,Tetracycline-class Drug [EPC];Tetracyclines [CS],43386-791-01,100 CAPSULE in 1 BOTTLE (43386-791-01),6512bf22-c211-4127-a8c8-2419656580f6,20150708,,20261231,0
43386-792,oral,doxycycline,Doxycycline,doxycycline,"Lupin Pharmaceuticals,Inc.",DOXYCYCLINE 100 mg/1,doxycycline 100 mg,"[{""name"":""DOXYCYCLINE"",""strength"":""100 mg/1"",""pct"":null,""display"":""100 mg""}]",CAPSULE,ORAL,ANDA,ANDA204446,HUMAN PRESCRIPTION DRUG,Tetracycline-class Drug [EPC];Tetracyclines [CS],43386-792-02,250 CAPSULE in 1 BOTTLE (43386-792-02),6512bf22-c211-4127-a8c8-2419656580f6,20150708,,20261231,0
43547-590,oral,doxycycline,Doxycycline,doxycycline,"Solco Healthcare US,LLC",DOXYCYCLINE 40 mg/1,doxycycline 40 mg,"[{""name"":""DOXYCYCLINE"",""strength"":""40 mg/1"",""pct"":null,""display"":""40 mg""}]",CAPSULE,ORAL,ANDA,ANDA217098,HUMAN PRESCRIPTION DRUG,Tetracycline-class Drug [EPC];Tetracyclines [CS],43547-590-03,30 CAPSULE in 1 BOTTLE (43547-590-03),99305d9a-d058-45d6-8dec-19308b1fc5a9,20251215,,20261231,0
43598-457,oral,doxycycline,Doxycycline,doxycycline,Dr.Reddys Laboratories Inc,DOXYCYCLINE 40 mg/1,doxycycline 40 mg,"[{""name"":""DOXYCYCLINE"",""strength"":""40 mg/1"",""pct"":null,""display"":""40 mg""}]",CAPSULE,ORAL,ANDA,ANDA218034,HUMAN PRESCRIPTION DRUG,Tetracycline-class Drug [EPC];Tetracyclines [CS],43598-457-30,30 CAPSULE in 1 BOTTLE (43598-457-30),7a28cce1-4805-b3d1-4484-e7a49c597660,20240423,,20261231,0
46708-249,oral,doxycycline,Doxycycline,doxycycline,Alembic Pharmaceuticals Limited,DOXYCYCLINE 75 mg/1,doxycycline 75 mg,"[{""name"":""DOXYCYCLINE"",""strength"":""75 mg/1"",""pct"":null,""display"":""75 mg""}]",CAPSULE,ORAL,ANDA,ANDA209165,HUMAN PRESCRIPTION DRUG,Tetracycline-class Drug [EPC];Tetracyclines [CS],46708-249-30;46708-249-31,30 CAPSULE in 1 BOTTLE (46708-249-30) | 100 CAPSULE in 1 BOTTLE (46708-249-31),3dfa486c-4665-4882-93ac-9259708f899c,20170731,,20261231,0
46708-250,oral,doxycycline,Doxycycline,doxycycline,Alembic Pharmaceuticals Limited,DOXYCYCLINE 100 mg/1,doxycycline 100 mg,"[{""name"":""DOXYCYCLINE"",""strength"":""100 mg/1"",""pct"":null,""display"":""100 mg""}]",CAPSULE,ORAL,ANDA,ANDA209165,HUMAN PRESCRIPTION DRUG,Tetracycline-class Drug [EPC];Tetracyclines [CS],46708-250-30;46708-250-50;46708-250-60;46708-250-61,30 CAPSULE in 1 BOTTLE (46708-250-30) | 50 CAPSULE in 1 BOTTLE (46708-250-50) | 60 CAPSULE in 1 BOTTLE (46708-250-60) | 250 CAPSULE in 1 BOTTLE (46708-250-61),3dfa486c-4665-4882-93ac-9259708f899c,20170731,,20261231,0
60505-4775,oral,doxycycline,Doxycycline,doxycycline,Apotex Corp.,DOXYCYCLINE 40 mg/1,doxycycline 40 mg,"[{""name"":""DOXYCYCLINE"",""strength"":""40 mg/1"",""pct"":null,""display"":""40 mg""}]",CAPSULE,ORAL,ANDA,ANDA217170,HUMAN PRESCRIPTION DRUG,Tetracycline-class Drug [EPC];Tetracyclines [CS],60505-4775-3,30 CAPSULE in 1 BOTTLE (60505-4775-3),,20241031,,20271231,0
62135-725,oral,doxycycline,Doxycycline,doxycycline,"Chartwell RX, LLC",DOXYCYCLINE 50 mg/1,doxycycline 50 mg,"[{""name"":""DOXYCYCLINE"",""strength"":""50 mg/1"",""pct"":null,""display"":""50 mg""}]",TABLET,ORAL,ANDA,ANDA091605,HUMAN PRESCRIPTION DRUG,Tetracycline-class Drug [EPC];Tetracyclines [CS],62135-725-20,20 TABLET in 1 BOTTLE (62135-725-20),5bebf320-1395-43b9-9404-fe479d70b240,20120501,,20261231,0
62135-726,oral,doxycycline,Doxycycline,doxycycline,"Chartwell RX, LLC",DOXYCYCLINE 100 mg/1,doxycycline 100 mg,"[{""name"":""DOXYCYCLINE"",""strength"":""100 mg/1"",""pct"":null,""display"":""100 mg""}]",TABLET,ORAL,ANDA,ANDA091605,HUMAN PRESCRIPTION DRUG,Tetracycline-class Drug [EPC];Tetracyclines [CS],62135-726-20,20 TABLET in 1 BOTTLE (62135-726-20),5bebf320-1395-43b9-9404-fe479d70b240,20120501,,20261231,0
62332-249,oral,doxycycline,Doxycycline,doxycycline,Alembic Pharmaceuticals Inc.,DOXYCYCLINE 75 mg/1,doxycycline 75 mg,"[{""name"":""DOXYCYCLINE"",""strength"":""75 mg/1"",""pct"":null,""display"":""75 mg""}]",CAPSULE,ORAL,ANDA,ANDA209165,HUMAN PRESCRIPTION DRUG,Tetracycline-class Drug [EPC];Tetracyclines [CS],62332-249-30;62332-249-31,30 CAPSULE in 1 BOTTLE (62332-249-30) | 100 CAPSULE in 1 BOTTLE (62332-249-31),d77e2a9c-c536-4e66-b87a-40b085737699,20170731,,20261231,0
62332-250,oral,doxycycline,Doxycycline,doxycycline,Alembic Pharmaceuticals Inc.,DOXYCYCLINE 100 mg/1,doxycycline 100 mg,"[{""name"":""DOXYCYCLINE"",""strength"":""100 mg/1"",""pct"":null,""display"":""100 mg""}]",CAPSULE,ORAL,ANDA,ANDA209165,HUMAN PRESCRIPTION DRUG,Tetracycline-class Drug [EPC];Tetracyclines [CS],62332-250-30;62332-250-50;62332-250-60;62332-250-61,30 CAPSULE in 1 BOTTLE (62332-250-30) | 50 CAPSULE in 1 BOTTLE (62332-250-50) | 60 CAPSULE in 1 BOTTLE (62332-250-60) | 250 CAPSULE in 1 BOTTLE (62332-250-61),d77e2a9c-c536-4e66-b87a-40b085737699,20170731,,20261231,0
63304-130,oral,doxycycline,Doxycycline,doxycycline,Sun Pharmaceutical Industries Inc.,DOXYCYCLINE 50 mg/1,doxycycline 50 mg,"[{""name"":""DOXYCYCLINE"",""strength"":""50 mg/1"",""pct"":null,""display"":""50 mg""}]","TABLET, FILM COATED",ORAL,ANDA,ANDA065356,HUMAN PRESCRIPTION DRUG,Tetracycline-class Drug [EPC];Tetracyclines [CS],63304-130-10,"1000 TABLET, FILM COATED in 1 BOTTLE (63304-130-10)",8224b9c5-5c4b-4dda-bc58-47b6604c2884,20180806,,20261231,0
63304-131,oral,doxycycline,Doxycycline,doxycycline,Sun Pharmaceutical Industries Inc.,DOXYCYCLINE 75 mg/1,doxycycline 75 mg,"[{""name"":""DOXYCYCLINE"",""strength"":""75 mg/1"",""pct"":null,""display"":""75 mg""}]","TABLET, FILM COATED",ORAL,ANDA,ANDA065356,HUMAN PRESCRIPTION DRUG,Tetracycline-class Drug [EPC];Tetracyclines [CS],63304-131-01;63304-131-10,"100 TABLET, FILM COATED in 1 BOTTLE (63304-131-01) | 1000 TABLET, FILM COATED in 1 BOTTLE (63304-131-10)",8224b9c5-5c4b-4dda-bc58-47b6604c2884,20180806,,20261231,0
63304-132,oral,doxycycline,Doxycycline,doxycycline,Sun Pharmaceutical Industries Inc.,DOXYCYCLINE 100 mg/1,doxycycline 100 mg,"[{""name"":""DOXYCYCLINE"",""strength"":""100 mg/1"",""pct"":null,""display"":""100 mg""}]","TABLET, FILM COATED",ORAL,ANDA,ANDA065356,HUMAN PRESCRIPTION DRUG,Tetracycline-class Drug [EPC];Tetracyclines [CS],63304-132-04;63304-132-10;63304-132-50,"250 TABLET, FILM COATED in 1 BOTTLE (63304-132-04) | 1000 TABLET, FILM COATED in 1 BOTTLE (63304-132-10) | 50 TABLET, FILM COATED in 1 BOTTLE (63304-132-50)",8224b9c5-5c4b-4dda-bc58-47b6604c2884,20180806,,20261231,0
63304-173,oral,doxycycline,Doxycycline,doxycycline,Sun Pharmaceutical Industries Inc.,DOXYCYCLINE 150 mg/1,doxycycline 150 mg,"[{""name"":""DOXYCYCLINE"",""strength"":""150 mg/1"",""pct"":null,""display"":""150 mg""}]","TABLET, FILM COATED",ORAL,ANDA,ANDA065356,HUMAN PRESCRIPTION DRUG,Tetracycline-class Drug [EPC];Tetracyclines [CS],63304-173-03;63304-173-10;63304-173-30;63304-173-69,"10 TABLET, FILM COATED in 1 BOTTLE (63304-173-03) | 1000 TABLET, FILM COATED in 1 BOTTLE (63304-173-10) | 30 TABLET, FILM COATED in 1 BOTTLE (63304-173-30) | 1 BLISTER PACK in 1 CARTON (63304-173-69) / 10 TABLET, FILM COATED in 1 BLISTER PACK (63304-173-11)",8224b9c5-5c4b-4dda-bc58-47b6604c2884,20180806,,20261231,0
63304-614,oral,doxycycline,Doxycycline,doxycycline,"Sun Pharmaceutical Industries, Inc.",DOXYCYCLINE 50 mg/1,doxycycline 50 mg,"[{""name"":""DOXYCYCLINE"",""strength"":""50 mg/1"",""pct"":null,""display"":""50 mg""}]",CAPSULE,ORAL,ANDA,ANDA065053,HUMAN PRESCRIPTION DRUG,Tetracycline-class Drug [EPC];Tetracyclines [CS],63304-614-01;63304-614-05;63304-614-13;63304-614-20,100 CAPSULE in 1 BOTTLE (63304-614-01) | 500 CAPSULE in 1 BOTTLE (63304-614-05) | 120 CAPSULE in 1 BOTTLE (63304-614-13) | 20 CAPSULE in 1 BOTTLE (63304-614-20),829dbd3d-5c2b-47b8-96a5-423af78c93b9,20001226,,20261231,0
63304-615,oral,doxycycline,Doxycycline,doxycycline,"Sun Pharmaceutical Industries, Inc.",DOXYCYCLINE 75 mg/1,doxycycline 75 mg,"[{""name"":""DOXYCYCLINE"",""strength"":""75 mg/1"",""pct"":null,""display"":""75 mg""}]",CAPSULE,ORAL,ANDA,ANDA065053,HUMAN PRESCRIPTION DRUG,Tetracycline-class Drug [EPC];Tetracyclines [CS],63304-615-01;63304-615-05;63304-615-11,100 CAPSULE in 1 BOTTLE (63304-615-01) | 500 CAPSULE in 1 BOTTLE (63304-615-05) | 1 BLISTER PACK in 1 CARTON (63304-615-11) / 1 CAPSULE in 1 BLISTER PACK,829dbd3d-5c2b-47b8-96a5-423af78c93b9,20001226,,20261231,0
63304-616,oral,doxycycline,Doxycycline,doxycycline,"Sun Pharmaceutical Industries, Inc.",DOXYCYCLINE 100 mg/1,doxycycline 100 mg,"[{""name"":""DOXYCYCLINE"",""strength"":""100 mg/1"",""pct"":null,""display"":""100 mg""}]",CAPSULE,ORAL,ANDA,ANDA065053,HUMAN PRESCRIPTION DRUG,Tetracycline-class Drug [EPC];Tetracyclines [CS],63304-616-01;63304-616-05;63304-616-13;63304-616-20;63304-616-50,100 CAPSULE in 1 BOTTLE (63304-616-01) | 500 CAPSULE in 1 BOTTLE (63304-616-05) | 120 CAPSULE in 1 BOTTLE (63304-616-13) | 20 CAPSULE in 1 BOTTLE (63304-616-20) | 50 CAPSULE in 1 BOTTLE (63304-616-50),829dbd3d-5c2b-47b8-96a5-423af78c93b9,20001226,,20261231,0
64380-179,oral,doxycycline,Doxycycline,doxycycline,Strides Pharma Science Limited,DOXYCYCLINE 50 mg/1,doxycycline 50 mg,"[{""name"":""DOXYCYCLINE"",""strength"":""50 mg/1"",""pct"":null,""display"":""50 mg""}]",CAPSULE,ORAL,ANDA,ANDA065055,HUMAN PRESCRIPTION DRUG,Tetracycline-class Drug [EPC];Tetracyclines [CS],64380-179-01,100 CAPSULE in 1 BOTTLE (64380-179-01),9e710113-f25e-46fb-8327-7a8e649613a2,20220801,,20271231,0
64380-180,oral,doxycycline,Doxycycline,doxycycline,Strides Pharma Science Limited,DOXYCYCLINE 100 mg/1,doxycycline 100 mg,"[{""name"":""DOXYCYCLINE"",""strength"":""100 mg/1"",""pct"":null,""display"":""100 mg""}]",CAPSULE,ORAL,ANDA,ANDA065055,HUMAN PRESCRIPTION DRUG,Tetracycline-class Drug [EPC];Tetracyclines [CS],64380-180-01;64380-180-02,50 CAPSULE in 1 BOTTLE (64380-180-01) | 250 CAPSULE in 1 BOTTLE (64380-180-02),9e710113-f25e-46fb-8327-7a8e649613a2,20220801,,20271231,0
64380-181,oral,doxycycline,Doxycycline,doxycycline,Strides Pharma Science Limited,DOXYCYCLINE 150 mg/1,doxycycline 150 mg,"[{""name"":""DOXYCYCLINE"",""strength"":""150 mg/1"",""pct"":null,""display"":""150 mg""}]",CAPSULE,ORAL,ANDA,ANDA065055,HUMAN PRESCRIPTION DRUG,Tetracycline-class Drug [EPC];Tetracyclines [CS],64380-181-01,60 CAPSULE in 1 BOTTLE (64380-181-01),9e710113-f25e-46fb-8327-7a8e649613a2,20220801,,20271231,0
64380-205,oral,doxycycline,Doxycycline,doxycycline,Strides Pharma Science Limited,DOXYCYCLINE 50 mg/1,doxycycline 50 mg,"[{""name"":""DOXYCYCLINE"",""strength"":""50 mg/1"",""pct"":null,""display"":""50 mg""}]",TABLET,ORAL,ANDA,ANDA065070,HUMAN PRESCRIPTION DRUG,Tetracycline-class Drug [EPC];Tetracyclines [CS],64380-205-01,100 TABLET in 1 BOTTLE (64380-205-01),3b9888a2-ca16-43f7-ab6d-f03188ec2c0d,20220919,,20271231,0
64380-206,oral,doxycycline,Doxycycline,doxycycline,Strides Pharma Science Limited,DOXYCYCLINE 75 mg/1,doxycycline 75 mg,"[{""name"":""DOXYCYCLINE"",""strength"":""75 mg/1"",""pct"":null,""display"":""75 mg""}]",TABLET,ORAL,ANDA,ANDA065070,HUMAN PRESCRIPTION DRUG,Tetracycline-class Drug [EPC];Tetracyclines [CS],64380-206-01,100 TABLET in 1 BOTTLE (64380-206-01),3b9888a2-ca16-43f7-ab6d-f03188ec2c0d,20220919,,20271231,0
64380-207,oral,doxycycline,Doxycycline,doxycycline,Strides Pharma Science Limited,DOXYCYCLINE 100 mg/1,doxycycline 100 mg,"[{""name"":""DOXYCYCLINE"",""strength"":""100 mg/1"",""pct"":null,""display"":""100 mg""}]",TABLET,ORAL,ANDA,ANDA065070,HUMAN PRESCRIPTION DRUG,Tetracycline-class Drug [EPC];Tetracyclines [CS],64380-207-01;64380-207-02,50 TABLET in 1 BOTTLE (64380-207-01) | 250 TABLET in 1 BOTTLE (64380-207-02),3b9888a2-ca16-43f7-ab6d-f03188ec2c0d,20220919,,20271231,0
64380-208,oral,doxycycline,Doxycycline,doxycycline,Strides Pharma Science Limited,DOXYCYCLINE 150 mg/1,doxycycline 150 mg,"[{""name"":""DOXYCYCLINE"",""strength"":""150 mg/1"",""pct"":null,""display"":""150 mg""}]",TABLET,ORAL,ANDA,ANDA065070,HUMAN PRESCRIPTION DRUG,Tetracycline-class Drug [EPC];Tetracyclines [CS],64380-208-01,30 TABLET in 1 BOTTLE (64380-208-01),3b9888a2-ca16-43f7-ab6d-f03188ec2c0d,20220919,,20271231,0
64380-920,oral,doxycycline,Doxycycline,doxycycline,Strides Pharma Science Limited,DOXYCYCLINE 50 mg/1,doxycycline 50 mg,"[{""name"":""DOXYCYCLINE"",""strength"":""50 mg/1"",""pct"":null,""display"":""50 mg""}]",CAPSULE,ORAL,ANDA,ANDA065055,HUMAN PRESCRIPTION DRUG,Tetracycline-class Drug [EPC];Tetracyclines [CS],64380-920-01,100 CAPSULE in 1 BOTTLE (64380-920-01),d27c58a1-5c99-4007-9bc6-ad9b6fb56db8,20220801,,20261231,0
64380-921,oral,doxycycline,Doxycycline,doxycycline,Strides Pharma Science Limited,DOXYCYCLINE 75 mg/1,doxycycline 75 mg,"[{""name"":""DOXYCYCLINE"",""strength"":""75 mg/1"",""pct"":null,""display"":""75 mg""}]",CAPSULE,ORAL,ANDA,ANDA065055,HUMAN PRESCRIPTION DRUG,Tetracycline-class Drug [EPC];Tetracyclines [CS],64380-921-01,"100 CAPSULE in 1 BOTTLE, PLASTIC (64380-921-01)",d27c58a1-5c99-4007-9bc6-ad9b6fb56db8,20220801,,20261231,0
64380-922,oral,doxycycline,Doxycycline,doxycycline,Strides Pharma Science Limited,DOXYCYCLINE 100 mg/1,doxycycline 100 mg,"[{""name"":""DOXYCYCLINE"",""strength"":""100 mg/1"",""pct"":null,""display"":""100 mg""}]",CAPSULE,ORAL,ANDA,ANDA065055,HUMAN PRESCRIPTION DRUG,Tetracycline-class Drug [EPC];Tetracyclines [CS],64380-922-01;64380-922-02,50 CAPSULE in 1 BOTTLE (64380-922-01) | 250 CAPSULE in 1 BOTTLE (64380-922-02),d27c58a1-5c99-4007-9bc6-ad9b6fb56db8,20220801,,20261231,0
64380-923,oral,doxycycline,Doxycycline,doxycycline,Strides Pharma Science Limited,DOXYCYCLINE 150 mg/1,doxycycline 150 mg,"[{""name"":""DOXYCYCLINE"",""strength"":""150 mg/1"",""pct"":null,""display"":""150 mg""}]",CAPSULE,ORAL,ANDA,ANDA065055,HUMAN PRESCRIPTION DRUG,Tetracycline-class Drug [EPC];Tetracyclines [CS],64380-923-01,60 CAPSULE in 1 BOTTLE (64380-923-01),d27c58a1-5c99-4007-9bc6-ad9b6fb56db8,20220801,,20261231,0
70518-4762,oral,doxycycline,Doxycycline,doxycycline,REMEDYREPACK INC.,DOXYCYCLINE 100 mg/1,doxycycline 100 mg,"[{""name"":""DOXYCYCLINE"",""strength"":""100 mg/1"",""pct"":null,""display"":""100 mg""}]",CAPSULE,ORAL,ANDA,ANDA065055,HUMAN PRESCRIPTION DRUG,Tetracycline-class Drug [EPC];Tetracyclines [CS],70518-4762-0,"14 CAPSULE in 1 BOTTLE, PLASTIC (70518-4762-0)",,20260923,,20271231,0
70710-1121,oral,doxycycline,Doxycycline,doxycycline,Zydus Pharmaceuticals USA Inc.,DOXYCYCLINE 50 mg/1,doxycycline 50 mg,"[{""name"":""DOXYCYCLINE"",""strength"":""50 mg/1"",""pct"":null,""display"":""50 mg""}]","TABLET, FILM COATED",ORAL,ANDA,ANDA209582,HUMAN PRESCRIPTION DRUG,Tetracycline-class Drug [EPC];Tetracyclines [CS],70710-1121-1,"100 TABLET, FILM COATED in 1 BOTTLE (70710-1121-1)",bc321932-b600-4659-a499-1853991b4ab9,20180111,,20261231,0
70710-1122,oral,doxycycline,Doxycycline,doxycycline,Zydus Pharmaceuticals USA Inc.,DOXYCYCLINE 75 mg/1,doxycycline 75 mg,"[{""name"":""DOXYCYCLINE"",""strength"":""75 mg/1"",""pct"":null,""display"":""75 mg""}]","TABLET, FILM COATED",ORAL,ANDA,ANDA209582,HUMAN PRESCRIPTION DRUG,Tetracycline-class Drug [EPC];Tetracyclines [CS],70710-1122-1,"100 TABLET, FILM COATED in 1 BOTTLE (70710-1122-1)",bc321932-b600-4659-a499-1853991b4ab9,20180111,,20261231,0
70710-1123,oral,doxycycline,Doxycycline,doxycycline,Zydus Pharmaceuticals USA Inc.,DOXYCYCLINE 100 mg/1,doxycycline 100 mg,"[{""name"":""DOXYCYCLINE"",""strength"":""100 mg/1"",""pct"":null,""display"":""100 mg""}]","TABLET, FILM COATED",ORAL,ANDA,ANDA209582,HUMAN PRESCRIPTION DRUG,Tetracycline-class Drug [EPC];Tetracyclines [CS],70710-1123-7;70710-1123-8,"50 TABLET, FILM COATED in 1 BOTTLE (70710-1123-7) | 250 TABLET, FILM COATED in 1 BOTTLE (70710-1123-8)",bc321932-b600-4659-a499-1853991b4ab9,20180111,,20261231,0
70710-1124,oral,doxycycline,Doxycycline,doxycycline,Zydus Pharmaceuticals USA Inc.,DOXYCYCLINE 150 mg/1,doxycycline 150 mg,"[{""name"":""DOXYCYCLINE"",""strength"":""150 mg/1"",""pct"":null,""display"":""150 mg""}]","TABLET, FILM COATED",ORAL,ANDA,ANDA209582,HUMAN PRESCRIPTION DRUG,Tetracycline-class Drug [EPC];Tetracyclines [CS],70710-1124-1;70710-1124-3,"100 TABLET, FILM COATED in 1 BOTTLE (70710-1124-1) | 30 TABLET, FILM COATED in 1 BOTTLE (70710-1124-3)",bc321932-b600-4659-a499-1853991b4ab9,20180111,,20261231,0
70771-1006,oral,doxycycline,Doxycycline,doxycycline,Zydus Lifesciences Limited,DOXYCYCLINE 50 mg/1,doxycycline 50 mg,"[{""name"":""DOXYCYCLINE"",""strength"":""50 mg/1"",""pct"":null,""display"":""50 mg""}]","TABLET, FILM COATED",ORAL,ANDA,ANDA209582,HUMAN PRESCRIPTION DRUG,Tetracycline-class Drug [EPC];Tetracyclines [CS],70771-1006-1,"100 TABLET, FILM COATED in 1 BOTTLE (70771-1006-1)",c886b2e4-494a-4325-abaf-981fc3d01c66,20180111,,20261231,0
70771-1007,oral,doxycycline,Doxycycline,doxycycline,Zydus Lifesciences Limited,DOXYCYCLINE 75 mg/1,doxycycline 75 mg,"[{""name"":""DOXYCYCLINE"",""strength"":""75 mg/1"",""pct"":null,""display"":""75 mg""}]","TABLET, FILM COATED",ORAL,ANDA,ANDA209582,HUMAN PRESCRIPTION DRUG,Tetracycline-class Drug [EPC];Tetracyclines [CS],70771-1007-1,"100 TABLET, FILM COATED in 1 BOTTLE (70771-1007-1)",c886b2e4-494a-4325-abaf-981fc3d01c66,20180111,,20261231,0
70771-1008,oral,doxycycline,Doxycycline,doxycycline,Zydus Lifesciences Limited,DOXYCYCLINE 100 mg/1,doxycycline 100 mg,"[{""name"":""DOXYCYCLINE"",""strength"":""100 mg/1"",""pct"":null,""display"":""100 mg""}]","TABLET, FILM COATED",ORAL,ANDA,ANDA209582,HUMAN PRESCRIPTION DRUG,Tetracycline-class Drug [EPC];Tetracyclines [CS],70771-1008-7;70771-1008-8,"50 TABLET, FILM COATED in 1 BOTTLE (70771-1008-7) | 250 TABLET, FILM COATED in 1 BOTTLE (70771-1008-8)",c886b2e4-494a-4325-abaf-981fc3d01c66,20180111,,20261231,0
70771-1009,oral,doxycycline,Doxycycline,doxycycline,Zydus Lifesciences Limited,DOXYCYCLINE 150 mg/1,doxycycline 150 mg,"[{""name"":""DOXYCYCLINE"",""strength"":""150 mg/1"",""pct"":null,""display"":""150 mg""}]","TABLET, FILM COATED",ORAL,ANDA,ANDA209582,HUMAN PRESCRIPTION DRUG,Tetracycline-class Drug [EPC];Tetracyclines [CS],70771-1009-1;70771-1009-3,"100 TABLET, FILM COATED in 1 BOTTLE (70771-1009-1) | 30 TABLET, FILM COATED in 1 BOTTLE (70771-1009-3)",c886b2e4-494a-4325-abaf-981fc3d01c66,20180111,,20261231,0
85776-300,oral,doxycycline,Doxycycline,doxycycline,"Wellhouse Pharma, LLC",DOXYCYCLINE 150 mg/1,doxycycline 150 mg,"[{""name"":""DOXYCYCLINE"",""strength"":""150 mg/1"",""pct"":null,""display"":""150 mg""}]",CAPSULE,ORAL,NDA,NDA050641,HUMAN PRESCRIPTION DRUG,Tetracycline-class Drug [EPC];Tetracyclines [CS],85776-300-60,60 CAPSULE in 1 BOTTLE (85776-300-60),57f97f68-11fb-4900-9efb-ca3b00818d8e,20220217,,20271231,0
60219-1100,oral,doxycycline,Doxycycline Hyclate,doxycycline,Amneal Pharmaceuticals NY LLC,DOXYCYCLINE HYCLATE 100 mg/1,doxycycline hyclate 100 mg,"[{""name"":""DOXYCYCLINE HYCLATE"",""strength"":""100 mg/1"",""pct"":null,""display"":""100 mg""}]",CAPSULE,ORAL,ANDA,ANDA207289,HUMAN PRESCRIPTION DRUG,Tetracycline-class Drug [EPC];Tetracyclines [CS],60219-1100-1;60219-1100-3,100 CAPSULE in 1 BOTTLE (60219-1100-1) | 20 CAPSULE in 1 BOTTLE (60219-1100-3),49ecbf95-58e8-4f3c-b5d5-650a15d866cb,20160628,,20261231,0
69238-1100,oral,doxycycline,Doxycycline Hyclate,doxycycline,Amneal Pharmaceuticals NY LLC,DOXYCYCLINE HYCLATE 100 mg/1,doxycycline hyclate 100 mg,"[{""name"":""DOXYCYCLINE HYCLATE"",""strength"":""100 mg/1"",""pct"":null,""display"":""100 mg""}]",CAPSULE,ORAL,ANDA,ANDA207289,HUMAN PRESCRIPTION DRUG,Tetracycline-class Drug [EPC];Tetracyclines [CS],69238-1100-2;69238-1100-5,50 CAPSULE in 1 BOTTLE (69238-1100-2) | 500 CAPSULE in 1 BOTTLE (69238-1100-5),79f3c026-7687-4a11-8d2e-03493531d3bf,20160628,,20261231,0
0299-3822,oral,doxycycline,ORACEA,doxycycline,"Galderma Laboratories, L.P.",DOXYCYCLINE 40 mg/1,doxycycline 40 mg,"[{""name"":""DOXYCYCLINE"",""strength"":""40 mg/1"",""pct"":null,""display"":""40 mg""}]",CAPSULE,ORAL,NDA,NDA050805,HUMAN PRESCRIPTION DRUG,Tetracycline-class Drug [EPC];Tetracyclines [CS],0299-3822-30,30 CAPSULE in 1 BOTTLE (0299-3822-30),aa15c93a-ff4c-447a-8a21-96da506d8997,20100514,,20271231,0
27808-233,oral,doxycycline,doxycycline,doxycycline,"Cranbury Pharmaceuticals, LLC",DOXYCYCLINE HYCLATE 100 mg/1,doxycycline hyclate 100 mg,"[{""name"":""DOXYCYCLINE HYCLATE"",""strength"":""100 mg/1"",""pct"":null,""display"":""100 mg""}]",CAPSULE,ORAL,ANDA,ANDA209402,HUMAN PRESCRIPTION DRUG,Tetracycline-class Drug [EPC];Tetracyclines [CS],27808-233-01;27808-233-02,50 CAPSULE in 1 BOTTLE (27808-233-01) | 500 CAPSULE in 1 BOTTLE (27808-233-02),43ceb0ee-268a-424c-a6a8-88e824c5ed04,20211119,,20261231,0
33342-346,oral,doxycycline,doxycycline,doxycycline,Macleods Pharmaceuticals Limited,DOXYCYCLINE 40 mg/1,doxycycline 40 mg,"[{""name"":""DOXYCYCLINE"",""strength"":""40 mg/1"",""pct"":null,""display"":""40 mg""}]",CAPSULE,ORAL,ANDA,ANDA210381,HUMAN PRESCRIPTION DRUG,Tetracycline-class Drug [EPC];Tetracyclines [CS],33342-346-07;33342-346-12,30 CAPSULE in 1 BOTTLE (33342-346-07) | 10 BLISTER PACK in 1 CARTON (33342-346-12) / 10 CAPSULE in 1 BLISTER PACK,10aca485-850b-4c82-bb7e-5fac2d7a62ce,20250327,,20271231,0
48433-158,oral,doxycycline,doxycycline,doxycycline,"Safecor Health, LLC",DOXYCYCLINE 50 mg/1,doxycycline 50 mg,"[{""name"":""DOXYCYCLINE"",""strength"":""50 mg/1"",""pct"":null,""display"":""50 mg""}]",CAPSULE,ORAL,ANDA,ANDA205115,HUMAN PRESCRIPTION DRUG,Tetracycline-class Drug [EPC];Tetracyclines [CS],48433-158-03,30 BLISTER PACK in 1 CARTON (48433-158-03) / 1 CAPSULE in 1 BLISTER PACK (48433-158-01),,20260902,,20271231,0
48433-159,oral,doxycycline,doxycycline,doxycycline,"Safecor Health, LLC",DOXYCYCLINE 100 mg/1,doxycycline 100 mg,"[{""name"":""DOXYCYCLINE"",""strength"":""100 mg/1"",""pct"":null,""display"":""100 mg""}]",CAPSULE,ORAL,ANDA,ANDA205115,HUMAN PRESCRIPTION DRUG,Tetracycline-class Drug [EPC];Tetracyclines [CS],48433-159-03,30 BLISTER PACK in 1 CARTON (48433-159-03) / 1 CAPSULE in 1 BLISTER PACK (48433-159-01),,20260902,,20271231,0
62135-417,oral,doxycycline,doxycycline,doxycycline,Chartwell RX LLC,DOXYCYCLINE 25 mg/5mL,doxycycline 0.5%,"[{""name"":""DOXYCYCLINE"",""strength"":""25 mg/5mL"",""pct"":0.5,""display"":""0.5%""}]","POWDER, FOR SUSPENSION",ORAL,ANDA,ANDA065454,HUMAN PRESCRIPTION DRUG,Tetracycline-class Drug [EPC];Tetracyclines [CS],62135-417-46,"60 mL in 1 BOTTLE, GLASS (62135-417-46)",3e7cf78f-3b48-4614-9fa4-c6d1e0c05a35,20080716,,20261231,0
62135-877,oral,doxycycline,doxycycline,doxycycline,Chartwell RX LLC,DOXYCYCLINE 25 mg/5mL,doxycycline 0.5%,"[{""name"":""DOXYCYCLINE"",""strength"":""25 mg/5mL"",""pct"":0.5,""display"":""0.5%""}]","POWDER, FOR SUSPENSION",ORAL,ANDA,ANDA065454,HUMAN PRESCRIPTION DRUG,Tetracycline-class Drug [EPC];Tetracyclines [CS],62135-877-46,"60 mL in 1 BOTTLE, GLASS (62135-877-46)",3e7cf78f-3b48-4614-9fa4-c6d1e0c05a35,20080716,,20261231,0
65841-821,oral,doxycycline,doxycycline,doxycycline,Zydus Lifesciences Limited,DOXYCYCLINE 50 mg/1,doxycycline 50 mg,"[{""name"":""DOXYCYCLINE"",""strength"":""50 mg/1"",""pct"":null,""display"":""50 mg""}]",CAPSULE,ORAL,ANDA,ANDA205115,HUMAN PRESCRIPTION DRUG,Tetracycline-class Drug [EPC];Tetracyclines [CS],65841-821-01;65841-821-05;65841-821-06;65841-821-10;65841-821-16;65841-821-18;65841-821-77,100 CAPSULE in 1 BOTTLE (65841-821-01) | 500 CAPSULE in 1 BOTTLE (65841-821-05) | 30 CAPSULE in 1 BOTTLE (65841-821-06) | 1000 CAPSULE in 1 BOTTLE (65841-821-10) | 90 CAPSULE in 1 BOTTLE (65841-821-16) | 50 CAPSULE in 1 BOTTLE (65841-821-18) | 10 BLISTER PACK in 1 CARTON (65841-821-77) / 10 CAPSULE in 1 BLISTER PACK (65841-821-30),aa01035d-8b4a-4fdc-bfdf-2b39df0d8fc9,20160314,,20261231,0
65841-822,oral,doxycycline,doxycycline,doxycycline,Zydus Lifesciences Limited,DOXYCYCLINE 75 mg/1,doxycycline 75 mg,"[{""name"":""DOXYCYCLINE"",""strength"":""75 mg/1"",""pct"":null,""display"":""75 mg""}]",CAPSULE,ORAL,ANDA,ANDA205115,HUMAN PRESCRIPTION DRUG,Tetracycline-class Drug [EPC];Tetracyclines [CS],65841-822-01;65841-822-05;65841-822-06;65841-822-10;65841-822-16;65841-822-18;65841-822-77,100 CAPSULE in 1 BOTTLE (65841-822-01) | 500 CAPSULE in 1 BOTTLE (65841-822-05) | 30 CAPSULE in 1 BOTTLE (65841-822-06) | 1000 CAPSULE in 1 BOTTLE (65841-822-10) | 90 CAPSULE in 1 BOTTLE (65841-822-16) | 50 CAPSULE in 1 BOTTLE (65841-822-18) | 10 BLISTER PACK in 1 CARTON (65841-822-77) / 10 CAPSULE in 1 BLISTER PACK (65841-822-30),aa01035d-8b4a-4fdc-bfdf-2b39df0d8fc9,20160314,,20261231,0
65841-823,oral,doxycycline,doxycycline,doxycycline,Zydus Lifesciences Limited,DOXYCYCLINE 100 mg/1,doxycycline 100 mg,"[{""name"":""DOXYCYCLINE"",""strength"":""100 mg/1"",""pct"":null,""display"":""100 mg""}]",CAPSULE,ORAL,ANDA,ANDA205115,HUMAN PRESCRIPTION DRUG,Tetracycline-class Drug [EPC];Tetracyclines [CS],65841-823-01;65841-823-05;65841-823-06;65841-823-10;65841-823-16;65841-823-18;65841-823-21;65841-823-77,100 CAPSULE in 1 BOTTLE (65841-823-01) | 500 CAPSULE in 1 BOTTLE (65841-823-05) | 30 CAPSULE in 1 BOTTLE (65841-823-06) | 1000 CAPSULE in 1 BOTTLE (65841-823-10) | 90 CAPSULE in 1 BOTTLE (65841-823-16) | 50 CAPSULE in 1 BOTTLE (65841-823-18) | 250 CAPSULE in 1 BOTTLE (65841-823-21) | 10 BLISTER PACK in 1 CARTON (65841-823-77) / 10 CAPSULE in 1 BLISTER PACK (65841-823-30),aa01035d-8b4a-4fdc-bfdf-2b39df0d8fc9,20160314,,20261231,0
68382-706,oral,doxycycline,doxycycline,doxycycline,Zydus Pharmaceuticals USA Inc.,DOXYCYCLINE 75 mg/1,doxycycline 75 mg,"[{""name"":""DOXYCYCLINE"",""strength"":""75 mg/1"",""pct"":null,""display"":""75 mg""}]",CAPSULE,ORAL,ANDA,ANDA205115,HUMAN PRESCRIPTION DRUG,Tetracycline-class Drug [EPC];Tetracyclines [CS],68382-706-01;68382-706-05;68382-706-06;68382-706-10;68382-706-16;68382-706-18;68382-706-77,100 CAPSULE in 1 BOTTLE (68382-706-01) | 500 CAPSULE in 1 BOTTLE (68382-706-05) | 30 CAPSULE in 1 BOTTLE (68382-706-06) | 1000 CAPSULE in 1 BOTTLE (68382-706-10) | 90 CAPSULE in 1 BOTTLE (68382-706-16) | 50 CAPSULE in 1 BOTTLE (68382-706-18) | 10 BLISTER PACK in 1 CARTON (68382-706-77) / 10 CAPSULE in 1 BLISTER PACK (68382-706-30),fef9580d-8850-4cbb-89eb-2b4d40ee59c9,20160314,,20261231,0
68382-707,oral,doxycycline,doxycycline,doxycycline,Zydus Pharmaceuticals USA Inc.,DOXYCYCLINE 100 mg/1,doxycycline 100 mg,"[{""name"":""DOXYCYCLINE"",""strength"":""100 mg/1"",""pct"":null,""display"":""100 mg""}]",CAPSULE,ORAL,ANDA,ANDA205115,HUMAN PRESCRIPTION DRUG,Tetracycline-class Drug [EPC];Tetracyclines [CS],68382-707-01;68382-707-05;68382-707-06;68382-707-10;68382-707-16;68382-707-18;68382-707-21;68382-707-77,100 CAPSULE in 1 BOTTLE (68382-707-01) | 500 CAPSULE in 1 BOTTLE (68382-707-05) | 30 CAPSULE in 1 BOTTLE (68382-707-06) | 1000 CAPSULE in 1 BOTTLE (68382-707-10) | 90 CAPSULE in 1 BOTTLE (68382-707-16) | 50 CAPSULE in 1 BOTTLE (68382-707-18) | 250 CAPSULE in 1 BOTTLE (68382-707-21) | 10 BLISTER PACK in 1 CARTON (68382-707-77) / 10 CAPSULE in 1 BLISTER PACK (68382-707-30),fef9580d-8850-4cbb-89eb-2b4d40ee59c9,20160314,,20261231,0
68382-782,oral,doxycycline,doxycycline,doxycycline,Zydus Pharmaceuticals USA Inc.,DOXYCYCLINE 50 mg/1,doxycycline 50 mg,"[{""name"":""DOXYCYCLINE"",""strength"":""50 mg/1"",""pct"":null,""display"":""50 mg""}]",CAPSULE,ORAL,ANDA,ANDA205115,HUMAN PRESCRIPTION DRUG,Tetracycline-class Drug [EPC];Tetracyclines [CS],68382-782-01;68382-782-05;68382-782-06;68382-782-10;68382-782-16;68382-782-18;68382-782-77,100 CAPSULE in 1 BOTTLE (68382-782-01) | 500 CAPSULE in 1 BOTTLE (68382-782-05) | 30 CAPSULE in 1 BOTTLE (68382-782-06) | 1000 CAPSULE in 1 BOTTLE (68382-782-10) | 90 CAPSULE in 1 BOTTLE (68382-782-16) | 50 CAPSULE in 1 BOTTLE (68382-782-18) | 10 BLISTER PACK in 1 CARTON (68382-782-77) / 10 CAPSULE in 1 BLISTER PACK (68382-782-30),fef9580d-8850-4cbb-89eb-2b4d40ee59c9,20160314,,20261231,0
68999-417,oral,doxycycline,doxycycline,doxycycline,"Chartwell Governmental & Specialty RX, LLC",DOXYCYCLINE 25 mg/5mL,doxycycline 0.5%,"[{""name"":""DOXYCYCLINE"",""strength"":""25 mg/5mL"",""pct"":0.5,""display"":""0.5%""}]","POWDER, FOR SUSPENSION",ORAL,ANDA,ANDA065454,HUMAN PRESCRIPTION DRUG,Tetracycline-class Drug [EPC];Tetracyclines [CS],68999-417-46,"60 mL in 1 BOTTLE, GLASS (68999-417-46)",b8486639-7eb9-4610-9cd4-0e922045d592,20080716,,20261231,0
16110-601,oral,doxycycline,Acticlate CAP,doxycycline hyclate,Aqua Pharmaceuticals,DOXYCYCLINE HYCLATE 75 mg/1,doxycycline hyclate 75 mg,"[{""name"":""DOXYCYCLINE HYCLATE"",""strength"":""75 mg/1"",""pct"":null,""display"":""75 mg""}]",CAPSULE,ORAL,NDA,NDA208253,HUMAN PRESCRIPTION DRUG,Tetracycline-class Drug [EPC];Tetracyclines [CS],16110-601-01,60 CAPSULE in 1 BOTTLE (16110-601-01),5e96d473-63dd-4446-88cf-eef2cd3339f0,20180531,,20261231,0
51862-560,oral,doxycycline,DORYX MPC,doxycycline hyclate,Mayne Pharma Commercial LLC,DOXYCYCLINE HYCLATE 60 mg/1,doxycycline hyclate 60 mg,"[{""name"":""DOXYCYCLINE HYCLATE"",""strength"":""60 mg/1"",""pct"":null,""display"":""60 mg""}]","TABLET, DELAYED RELEASE",ORAL,NDA,NDA050795,HUMAN PRESCRIPTION DRUG,Tetracycline-class Drug [EPC];Tetracyclines [CS],51862-560-00;51862-560-60,"1 BOTTLE in 1 CARTON (51862-560-00) / 6 TABLET, DELAYED RELEASE in 1 BOTTLE | 60 TABLET, DELAYED RELEASE in 1 BOTTLE (51862-560-60)",f9277bb8-982d-444d-9325-35d5c53a2d35,20230102,,20271231,0
27808-234,oral,doxycycline,DOXYCYCLINE HYCLATE,doxycycline hyclate,"Cranbury Pharmaceuticals, LLC",DOXYCYCLINE HYCLATE 100 mg/1,doxycycline hyclate 100 mg,"[{""name"":""DOXYCYCLINE HYCLATE"",""strength"":""100 mg/1"",""pct"":null,""display"":""100 mg""}]",TABLET,ORAL,ANDA,ANDA211343,HUMAN PRESCRIPTION DRUG,Tetracycline-class Drug [EPC];Tetracyclines [CS],27808-234-01;27808-234-02,50 TABLET in 1 BOTTLE (27808-234-01) | 500 TABLET in 1 BOTTLE (27808-234-02),fe6985d2-37f7-4277-94a9-f7125b4b3fd7,20191009,,20271231,0
43547-324,oral,doxycycline,DOXYCYCLINE HYCLATE,doxycycline hyclate,Solco Healthcare US LLC,DOXYCYCLINE HYCLATE 150 mg/1,doxycycline hyclate 150 mg,"[{""name"":""DOXYCYCLINE HYCLATE"",""strength"":""150 mg/1"",""pct"":null,""display"":""150 mg""}]","TABLET, DELAYED RELEASE",ORAL,ANDA,ANDA207494,HUMAN PRESCRIPTION DRUG,Tetracycline-class Drug [EPC];Tetracyclines [CS],43547-324-06;43547-324-10;43547-324-50,"60 TABLET, DELAYED RELEASE in 1 BOTTLE (43547-324-06) | 100 TABLET, DELAYED RELEASE in 1 BOTTLE (43547-324-10) | 500 TABLET, DELAYED RELEASE in 1 BOTTLE (43547-324-50)",0a18d4c7-9484-4d3e-b61b-e81fe63fefec,20161128,,20271231,0
43547-325,oral,doxycycline,DOXYCYCLINE HYCLATE,doxycycline hyclate,Solco Healthcare US LLC,DOXYCYCLINE HYCLATE 200 mg/1,doxycycline hyclate 200 mg,"[{""name"":""DOXYCYCLINE HYCLATE"",""strength"":""200 mg/1"",""pct"":null,""display"":""200 mg""}]","TABLET, DELAYED RELEASE",ORAL,ANDA,ANDA207494,HUMAN PRESCRIPTION DRUG,Tetracycline-class Drug [EPC];Tetracyclines [CS],43547-325-06;43547-325-10;43547-325-50,"60 TABLET, DELAYED RELEASE in 1 BOTTLE (43547-325-06) | 100 TABLET, DELAYED RELEASE in 1 BOTTLE (43547-325-10) | 500 TABLET, DELAYED RELEASE in 1 BOTTLE (43547-325-50)",0a18d4c7-9484-4d3e-b61b-e81fe63fefec,20161128,,20271231,0
43547-462,oral,doxycycline,DOXYCYCLINE HYCLATE,doxycycline hyclate,Solco Healthcare US LLC,DOXYCYCLINE HYCLATE 50 mg/1,doxycycline hyclate 50 mg,"[{""name"":""DOXYCYCLINE HYCLATE"",""strength"":""50 mg/1"",""pct"":null,""display"":""50 mg""}]","TABLET, DELAYED RELEASE",ORAL,ANDA,ANDA207494,HUMAN PRESCRIPTION DRUG,Tetracycline-class Drug [EPC];Tetracyclines [CS],43547-462-12,"120 TABLET, DELAYED RELEASE in 1 BOTTLE (43547-462-12)",0a18d4c7-9484-4d3e-b61b-e81fe63fefec,20181128,,20271231,0
46708-387,oral,doxycycline,DOXYCYCLINE HYCLATE,doxycycline hyclate,Alembic Pharmaceuticals Limited,DOXYCYCLINE HYCLATE 75 mg/1,doxycycline hyclate 75 mg,"[{""name"":""DOXYCYCLINE HYCLATE"",""strength"":""75 mg/1"",""pct"":null,""display"":""75 mg""}]","TABLET, FILM COATED",ORAL,ANDA,ANDA211744,HUMAN PRESCRIPTION DRUG,Tetracycline-class Drug [EPC];Tetracyclines [CS],46708-387-60;46708-387-91,"60 TABLET, FILM COATED in 1 BOTTLE (46708-387-60) | 1000 TABLET, FILM COATED in 1 BOTTLE (46708-387-91)",6e587d8d-1a82-4dfa-acea-88704d408f2f,20200630,,20261231,0
46708-388,oral,doxycycline,DOXYCYCLINE HYCLATE,doxycycline hyclate,Alembic Pharmaceuticals Limited,DOXYCYCLINE HYCLATE 150 mg/1,doxycycline hyclate 150 mg,"[{""name"":""DOXYCYCLINE HYCLATE"",""strength"":""150 mg/1"",""pct"":null,""display"":""150 mg""}]","TABLET, FILM COATED",ORAL,ANDA,ANDA211744,HUMAN PRESCRIPTION DRUG,Tetracycline-class Drug [EPC];Tetracyclines [CS],46708-388-60;46708-388-91,"60 TABLET, FILM COATED in 1 BOTTLE (46708-388-60) | 1000 TABLET, FILM COATED in 1 BOTTLE (46708-388-91)",6e587d8d-1a82-4dfa-acea-88704d408f2f,20200630,,20261231,0
62332-387,oral,doxycycline,DOXYCYCLINE HYCLATE,doxycycline hyclate,Alembic Pharmaceuticals Inc.,DOXYCYCLINE HYCLATE 75 mg/1,doxycycline hyclate 75 mg,"[{""name"":""DOXYCYCLINE HYCLATE"",""strength"":""75 mg/1"",""pct"":null,""display"":""75 mg""}]","TABLET, FILM COATED",ORAL,ANDA,ANDA211744,HUMAN PRESCRIPTION DRUG,Tetracycline-class Drug [EPC];Tetracyclines [CS],62332-387-60;62332-387-91,"60 TABLET, FILM COATED in 1 BOTTLE (62332-387-60) | 1000 TABLET, FILM COATED in 1 BOTTLE (62332-387-91)",cec4368f-2852-443d-9d6f-7ba95807021b,20200630,,20261231,0
62332-388,oral,doxycycline,DOXYCYCLINE HYCLATE,doxycycline hyclate,Alembic Pharmaceuticals Inc.,DOXYCYCLINE HYCLATE 150 mg/1,doxycycline hyclate 150 mg,"[{""name"":""DOXYCYCLINE HYCLATE"",""strength"":""150 mg/1"",""pct"":null,""display"":""150 mg""}]","TABLET, FILM COATED",ORAL,ANDA,ANDA211744,HUMAN PRESCRIPTION DRUG,Tetracycline-class Drug [EPC];Tetracyclines [CS],62332-388-60;62332-388-91,"60 TABLET, FILM COATED in 1 BOTTLE (62332-388-60) | 1000 TABLET, FILM COATED in 1 BOTTLE (62332-388-91)",cec4368f-2852-443d-9d6f-7ba95807021b,20200630,,20261231,0
64380-225,oral,doxycycline,DOXYCYCLINE HYCLATE,doxycycline hyclate,Strides Pharma Science Limited,DOXYCYCLINE HYCLATE 50 mg/1,doxycycline hyclate 50 mg,"[{""name"":""DOXYCYCLINE HYCLATE"",""strength"":""50 mg/1"",""pct"":null,""display"":""50 mg""}]",TABLET,ORAL,ANDA,ANDA062538,HUMAN PRESCRIPTION DRUG,Tetracycline-class Drug [EPC];Tetracyclines [CS],64380-225-01,60 TABLET in 1 BOTTLE (64380-225-01),2deeee4f-b342-a178-e063-6394a90af897,20260514,,20271231,0
64380-226,oral,doxycycline,DOXYCYCLINE HYCLATE,doxycycline hyclate,Strides Pharma Science Limited,DOXYCYCLINE HYCLATE 100 mg/1,doxycycline hyclate 100 mg,"[{""name"":""DOXYCYCLINE HYCLATE"",""strength"":""100 mg/1"",""pct"":null,""display"":""100 mg""}]",TABLET,ORAL,ANDA,ANDA062538,HUMAN PRESCRIPTION DRUG,Tetracycline-class Drug [EPC];Tetracyclines [CS],64380-226-02,500 TABLET in 1 BOTTLE (64380-226-02),b8b76aaa-575b-497f-b854-c42bc992c784,20260514,,20271231,0
70518-4544,oral,doxycycline,DOXYCYCLINE HYCLATE,doxycycline hyclate,REMEDYREPACK INC.,DOXYCYCLINE HYCLATE 100 mg/1,doxycycline hyclate 100 mg,"[{""name"":""DOXYCYCLINE HYCLATE"",""strength"":""100 mg/1"",""pct"":null,""display"":""100 mg""}]",TABLET,ORAL,ANDA,ANDA211343,HUMAN PRESCRIPTION DRUG,Tetracycline-class Drug [EPC];Tetracyclines [CS],70518-4544-0,"20 TABLET in 1 BOTTLE, PLASTIC (70518-4544-0)",,20260111,,20271231,0
23155-141,oral,doxycycline,DOXYCYCLINE HYCLATE DELAYED RELEASE,doxycycline hyclate,Heritage Pharmaceuticals Inc. d/b/a Avet Pharmaceuticals Inc.,DOXYCYCLINE HYCLATE 75 mg/1,doxycycline hyclate 75 mg,"[{""name"":""DOXYCYCLINE HYCLATE"",""strength"":""75 mg/1"",""pct"":null,""display"":""75 mg""}]","TABLET, DELAYED RELEASE",ORAL,ANDA,ANDA200856,HUMAN PRESCRIPTION DRUG,Tetracycline-class Drug [EPC];Tetracyclines [CS],23155-141-01;23155-141-05;23155-141-06,"100 TABLET, DELAYED RELEASE in 1 BOTTLE (23155-141-01) | 500 TABLET, DELAYED RELEASE in 1 BOTTLE (23155-141-05) | 60 TABLET, DELAYED RELEASE in 1 BOTTLE (23155-141-06)",f5ee43b2-d6ca-4819-a3d7-07f8421015d7,20130430,,20261231,0
23155-142,oral,doxycycline,DOXYCYCLINE HYCLATE DELAYED RELEASE,doxycycline hyclate,Heritage Pharmaceuticals Inc. d/b/a Avet Pharmaceuticals Inc.,DOXYCYCLINE HYCLATE 100 mg/1,doxycycline hyclate 100 mg,"[{""name"":""DOXYCYCLINE HYCLATE"",""strength"":""100 mg/1"",""pct"":null,""display"":""100 mg""}]","TABLET, DELAYED RELEASE",ORAL,ANDA,ANDA200856,HUMAN PRESCRIPTION DRUG,Tetracycline-class Drug [EPC];Tetracyclines [CS],23155-142-01;23155-142-05,"100 TABLET, DELAYED RELEASE in 1 BOTTLE (23155-142-01) | 500 TABLET, DELAYED RELEASE in 1 BOTTLE (23155-142-05)",f5ee43b2-d6ca-4819-a3d7-07f8421015d7,20130430,,20261231,0
23155-143,oral,doxycycline,DOXYCYCLINE HYCLATE DELAYED RELEASE,doxycycline hyclate,Heritage Pharmaceuticals Inc. d/b/a Avet Pharmaceuticals Inc.,DOXYCYCLINE HYCLATE 150 mg/1,doxycycline hyclate 150 mg,"[{""name"":""DOXYCYCLINE HYCLATE"",""strength"":""150 mg/1"",""pct"":null,""display"":""150 mg""}]","TABLET, DELAYED RELEASE",ORAL,ANDA,ANDA200856,HUMAN PRESCRIPTION DRUG,Tetracycline-class Drug [EPC];Tetracyclines [CS],23155-143-01;23155-143-04;23155-143-06,"100 TABLET, DELAYED RELEASE in 1 BOTTLE (23155-143-01) | 250 TABLET, DELAYED RELEASE in 1 BOTTLE (23155-143-04) | 60 TABLET, DELAYED RELEASE in 1 BOTTLE (23155-143-06)",f5ee43b2-d6ca-4819-a3d7-07f8421015d7,20130430,,20261231,0
23155-611,oral,doxycycline,DOXYCYCLINE HYCLATE DELAYED RELEASE,doxycycline hyclate,Heritage Pharmaceuticals Inc. d/b/a Avet Pharmaceuticals Inc.,DOXYCYCLINE HYCLATE 200 mg/1,doxycycline hyclate 200 mg,"[{""name"":""DOXYCYCLINE HYCLATE"",""strength"":""200 mg/1"",""pct"":null,""display"":""200 mg""}]","TABLET, DELAYED RELEASE",ORAL,ANDA,ANDA200856,HUMAN PRESCRIPTION DRUG,Tetracycline-class Drug [EPC];Tetracyclines [CS],23155-611-04;23155-611-06,"250 TABLET, DELAYED RELEASE in 1 BOTTLE (23155-611-04) | 60 TABLET, DELAYED RELEASE in 1 BOTTLE (23155-611-06)",f5ee43b2-d6ca-4819-a3d7-07f8421015d7,20180316,,20261231,0
42192-501,oral,doxycycline,Doxycycline,doxycycline hyclate,"Acella Pharmaceuticals, LLC",DOXYCYCLINE HYCLATE 100 mg/1,doxycycline hyclate 100 mg,"[{""name"":""DOXYCYCLINE HYCLATE"",""strength"":""100 mg/1"",""pct"":null,""display"":""100 mg""}]","TABLET, COATED",ORAL,ANDA,ANDA210664,HUMAN PRESCRIPTION DRUG,Tetracycline-class Drug [EPC];Tetracyclines [CS],42192-501-05;42192-501-50,"500 TABLET, COATED in 1 BOTTLE (42192-501-05) | 50 TABLET, COATED in 1 BOTTLE (42192-501-50)",3fb9f5ad-90a2-4858-bc34-f800d8b2fa90,20200821,,20271231,0
0143-2112,oral,doxycycline,Doxycycline Hyclate,doxycycline hyclate,Hikma Pharmaceuticals USA Inc.,DOXYCYCLINE HYCLATE 100 mg/1,doxycycline hyclate 100 mg,"[{""name"":""DOXYCYCLINE HYCLATE"",""strength"":""100 mg/1"",""pct"":null,""display"":""100 mg""}]","TABLET, COATED",ORAL,ANDA,ANDA065095,HUMAN PRESCRIPTION DRUG,Tetracycline-class Drug [EPC];Tetracyclines [CS],0143-2112-05;0143-2112-50,"500 TABLET, COATED in 1 BOTTLE (0143-2112-05) | 50 TABLET, COATED in 1 BOTTLE (0143-2112-50)",9b52e0a7-f024-4d8a-a59e-374946e60b44,20030702,,20261231,0
0143-9802,oral,doxycycline,Doxycycline Hyclate,doxycycline hyclate,Hikma Pharmaceuticals USA Inc.,DOXYCYCLINE HYCLATE 50 mg/1,doxycycline hyclate 50 mg,"[{""name"":""DOXYCYCLINE HYCLATE"",""strength"":""50 mg/1"",""pct"":null,""display"":""50 mg""}]",CAPSULE,ORAL,ANDA,ANDA062396,HUMAN PRESCRIPTION DRUG,Tetracycline-class Drug [EPC];Tetracyclines [CS],0143-9802-50,"50 CAPSULE in 1 BOTTLE, PLASTIC (0143-9802-50)",4ec4c8ca-ce83-4948-8626-21eb82ae5c19,19840507,,20261231,0
0143-9803,oral,doxycycline,Doxycycline Hyclate,doxycycline hyclate,Hikma Pharmaceuticals USA Inc.,DOXYCYCLINE HYCLATE 100 mg/1,doxycycline hyclate 100 mg,"[{""name"":""DOXYCYCLINE HYCLATE"",""strength"":""100 mg/1"",""pct"":null,""display"":""100 mg""}]",CAPSULE,ORAL,ANDA,ANDA062396,HUMAN PRESCRIPTION DRUG,Tetracycline-class Drug [EPC];Tetracyclines [CS],0143-9803-05;0143-9803-50,"500 CAPSULE in 1 BOTTLE, PLASTIC (0143-9803-05) | 50 CAPSULE in 1 BOTTLE, PLASTIC (0143-9803-50)",4ec4c8ca-ce83-4948-8626-21eb82ae5c19,19840507,,20261231,0
0591-4550,oral,doxycycline,Doxycycline Hyclate,doxycycline hyclate,"Actavis Pharma, Inc.",DOXYCYCLINE HYCLATE 50 mg/1,doxycycline hyclate 50 mg,"[{""name"":""DOXYCYCLINE HYCLATE"",""strength"":""50 mg/1"",""pct"":null,""display"":""50 mg""}]","TABLET, DELAYED RELEASE",ORAL,ANDA,ANDA090134,HUMAN PRESCRIPTION DRUG,Tetracycline-class Drug [EPC];Tetracyclines [CS],0591-4550-22,"120 TABLET, DELAYED RELEASE in 1 BOTTLE (0591-4550-22)",c2b08332-3256-4658-965a-ede3d973a388,20190814,20270630,,0
0591-4575,oral,doxycycline,Doxycycline Hyclate,doxycycline hyclate,"Actavis Pharma, Inc.",DOXYCYCLINE HYCLATE 200 mg/1,doxycycline hyclate 200 mg,"[{""name"":""DOXYCYCLINE HYCLATE"",""strength"":""200 mg/1"",""pct"":null,""display"":""200 mg""}]","TABLET, DELAYED RELEASE",ORAL,ANDA,ANDA090134,HUMAN PRESCRIPTION DRUG,Tetracycline-class Drug [EPC];Tetracyclines [CS],0591-4575-60,"60 TABLET, DELAYED RELEASE in 1 BOTTLE (0591-4575-60)",c2b08332-3256-4658-965a-ede3d973a388,20190814,20270630,,0
0591-5553,oral,doxycycline,Doxycycline Hyclate,doxycycline hyclate,"Actavis Pharma, Inc.",DOXYCYCLINE HYCLATE 100 mg/1,doxycycline hyclate 100 mg,"[{""name"":""DOXYCYCLINE HYCLATE"",""strength"":""100 mg/1"",""pct"":null,""display"":""100 mg""}]",TABLET,ORAL,ANDA,ANDA062421,HUMAN PRESCRIPTION DRUG,Tetracycline-class Drug [EPC];Tetracyclines [CS],0591-5553-05;0591-5553-50,"500 TABLET in 1 BOTTLE, PLASTIC (0591-5553-05) | 50 TABLET in 1 BOTTLE, PLASTIC (0591-5553-50)",a569ba80-ffea-40b2-9fbe-a42810b1fccb,19900101,20270228,,0
24658-310,oral,doxycycline,Doxycycline Hyclate,doxycycline hyclate,PURACAP LABORATORIES LLC DBA BLU PHARMACEUTICALS,DOXYCYCLINE HYCLATE 100 mg/1,doxycycline hyclate 100 mg,"[{""name"":""DOXYCYCLINE HYCLATE"",""strength"":""100 mg/1"",""pct"":null,""display"":""100 mg""}]","TABLET, FILM COATED",ORAL,ANDA,ANDA062269,HUMAN PRESCRIPTION DRUG,Tetracycline-class Drug [EPC];Tetracyclines [CS],24658-310-01;24658-310-05;24658-310-07;24658-310-08;24658-310-10;24658-310-20;24658-310-21;24658-310-30;24658-310-50,"100 TABLET, FILM COATED in 1 BOTTLE (24658-310-01) | 500 TABLET, FILM COATED in 1 BOTTLE (24658-310-05) | 300 TABLET, FILM COATED in 1 BOTTLE (24658-310-07) | 400 TABLET, FILM COATED in 1 BOTTLE (24658-310-08) | 1000 TABLET, FILM COATED in 1 BOTTLE (24658-310-10) | 20 TABLET, FILM COATED in 1 BOTTLE (24658-310-20) | 210 TABLET, FILM COATED in 1 BOTTLE (24658-310-21) | 30 TABLET, FILM COATED in 1 BOTTLE (24658-310-30) | 50 TABLET, FILM COATED in 1 BOTTLE (24658-310-50)",65cac0b6-3550-48cf-bffa-cf42443c2731,20250307,,20261231,0
27241-140,oral,doxycycline,Doxycycline Hyclate,doxycycline hyclate,Ajanta Pharma USA Inc.,DOXYCYCLINE HYCLATE 50 mg/1,doxycycline hyclate 50 mg,"[{""name"":""DOXYCYCLINE HYCLATE"",""strength"":""50 mg/1"",""pct"":null,""display"":""50 mg""}]",CAPSULE,ORAL,ANDA,ANDA211012,HUMAN PRESCRIPTION DRUG,Tetracycline-class Drug [EPC];Tetracyclines [CS],27241-140-42,50 CAPSULE in 1 BOTTLE (27241-140-42),f18daceb-33a3-4931-9be7-ecd6356cc119,20180924,,20261231,0
27241-141,oral,doxycycline,Doxycycline Hyclate,doxycycline hyclate,Ajanta Pharma USA Inc.,DOXYCYCLINE HYCLATE 100 mg/1,doxycycline hyclate 100 mg,"[{""name"":""DOXYCYCLINE HYCLATE"",""strength"":""100 mg/1"",""pct"":null,""display"":""100 mg""}]",CAPSULE,ORAL,ANDA,ANDA211012,HUMAN PRESCRIPTION DRUG,Tetracycline-class Drug [EPC];Tetracyclines [CS],27241-141-08;27241-141-42,500 CAPSULE in 1 BOTTLE (27241-141-08) | 50 CAPSULE in 1 BOTTLE (27241-141-42),f18daceb-33a3-4931-9be7-ecd6356cc119,20180924,,20261231,0
33342-386,oral,doxycycline,Doxycycline Hyclate,doxycycline hyclate,Macleods Pharmaceuticals Limited,DOXYCYCLINE HYCLATE 100 mg/1,doxycycline hyclate 100 mg,"[{""name"":""DOXYCYCLINE HYCLATE"",""strength"":""100 mg/1"",""pct"":null,""display"":""100 mg""}]",CAPSULE,ORAL,ANDA,ANDA211137,HUMAN PRESCRIPTION DRUG,Tetracycline-class Drug [EPC];Tetracyclines [CS],33342-386-08;33342-386-12;33342-386-15,50 CAPSULE in 1 BOTTLE (33342-386-08) | 10 BLISTER PACK in 1 CARTON (33342-386-12) / 10 CAPSULE in 1 BLISTER PACK | 500 CAPSULE in 1 BOTTLE (33342-386-15),c36798a1-b865-4e94-9905-5af024a9e250,20251209,,20271231,0
33342-392,oral,doxycycline,Doxycycline Hyclate,doxycycline hyclate,Macleods Pharmaceuticals Limited,DOXYCYCLINE HYCLATE 100 mg/1,doxycycline hyclate 100 mg,"[{""name"":""DOXYCYCLINE HYCLATE"",""strength"":""100 mg/1"",""pct"":null,""display"":""100 mg""}]",TABLET,ORAL,ANDA,ANDA211418,HUMAN PRESCRIPTION DRUG,Tetracycline-class Drug [EPC];Tetracyclines [CS],33342-392-05;33342-392-08;33342-392-11;33342-392-12;33342-392-15,20 TABLET in 1 BOTTLE (33342-392-05) | 50 TABLET in 1 BOTTLE (33342-392-08) | 100 TABLET in 1 BOTTLE (33342-392-11) | 10 BLISTER PACK in 1 CARTON (33342-392-12) / 10 TABLET in 1 BLISTER PACK | 500 TABLET in 1 BOTTLE (33342-392-15),2696f799-7902-4239-807a-9ae85a5d0f1d,20251119,,20271231,0
40032-794,oral,doxycycline,Doxycycline Hyclate,doxycycline hyclate,"Novel Laboratories, Inc.",DOXYCYCLINE HYCLATE 100 mg/1,doxycycline hyclate 100 mg,"[{""name"":""DOXYCYCLINE HYCLATE"",""strength"":""100 mg/1"",""pct"":null,""display"":""100 mg""}]",TABLET,ORAL,ANDA,ANDA207558,HUMAN PRESCRIPTION DRUG,Tetracycline-class Drug [EPC];Tetracyclines [CS],40032-794-01;40032-794-02;40032-794-05;40032-794-10;40032-794-50,100 TABLET in 1 BOTTLE (40032-794-01) | 20 TABLET in 1 BOTTLE (40032-794-02) | 500 TABLET in 1 BOTTLE (40032-794-05) | 1000 TABLET in 1 BOTTLE (40032-794-10) | 50 TABLET in 1 BOTTLE (40032-794-50),25a92544-1421-4ccb-a49c-11742851f214,20170906,,20261231,0
42806-310,oral,doxycycline,Doxycycline Hyclate,doxycycline hyclate,"Epic Pharma, LLC",DOXYCYCLINE HYCLATE 100 mg/1,doxycycline hyclate 100 mg,"[{""name"":""DOXYCYCLINE HYCLATE"",""strength"":""100 mg/1"",""pct"":null,""display"":""100 mg""}]","TABLET, FILM COATED",ORAL,ANDA,ANDA062269,HUMAN PRESCRIPTION DRUG,Tetracycline-class Drug [EPC];Tetracyclines [CS],42806-310-01;42806-310-05;42806-310-50,"100 TABLET, FILM COATED in 1 BOTTLE (42806-310-01) | 500 TABLET, FILM COATED in 1 BOTTLE (42806-310-05) | 50 TABLET, FILM COATED in 1 BOTTLE (42806-310-50)",2b402587-8ecc-4fea-83ad-8071345b6356,20250307,,20261231,0
42806-362,oral,doxycycline,Doxycycline Hyclate,doxycycline hyclate,"EPIC PHARMA, LLC",DOXYCYCLINE HYCLATE 20 mg/1,doxycycline hyclate 20 mg,"[{""name"":""DOXYCYCLINE HYCLATE"",""strength"":""20 mg/1"",""pct"":null,""display"":""20 mg""}]",TABLET,ORAL,ANDA,ANDA065182,HUMAN PRESCRIPTION DRUG,Tetracycline-class Drug [EPC];Tetracyclines [CS],42806-362-01;42806-362-10,100 TABLET in 1 BOTTLE (42806-362-01) | 1000 TABLET in 1 BOTTLE (42806-362-10),b3cd7b44-db40-4ce5-895e-d4c85a0068ae,20190830,,20261231,0
43386-794,oral,doxycycline,Doxycycline Hyclate,doxycycline hyclate,"Lupin Pharmaceuticals,Inc.",DOXYCYCLINE HYCLATE 100 mg/1,doxycycline hyclate 100 mg,"[{""name"":""DOXYCYCLINE HYCLATE"",""strength"":""100 mg/1"",""pct"":null,""display"":""100 mg""}]",TABLET,ORAL,ANDA,ANDA207558,HUMAN PRESCRIPTION DRUG,Tetracycline-class Drug [EPC];Tetracyclines [CS],43386-794-01;43386-794-05;43386-794-50,100 TABLET in 1 BOTTLE (43386-794-01) | 500 TABLET in 1 BOTTLE (43386-794-05) | 50 TABLET in 1 BOTTLE (43386-794-50),b752ea66-3144-4f78-96fe-a5f4d92740a7,20170906,,20261231,0
46708-352,oral,doxycycline,Doxycycline Hyclate,doxycycline hyclate,Alembic Pharmaceuticals Limited,DOXYCYCLINE HYCLATE 20 mg/1,doxycycline hyclate 20 mg,"[{""name"":""DOXYCYCLINE HYCLATE"",""strength"":""20 mg/1"",""pct"":null,""display"":""20 mg""}]","TABLET, FILM COATED",ORAL,ANDA,ANDA210537,HUMAN PRESCRIPTION DRUG,Tetracycline-class Drug [EPC];Tetracyclines [CS],46708-352-31;46708-352-60;46708-352-91,"100 TABLET, FILM COATED in 1 BOTTLE (46708-352-31) | 60 TABLET, FILM COATED in 1 BOTTLE (46708-352-60) | 1000 TABLET, FILM COATED in 1 BOTTLE (46708-352-91)",ec4535a1-69f0-40a2-bcba-11afc75c721d,20200305,,20261231,0
46708-353,oral,doxycycline,Doxycycline Hyclate,doxycycline hyclate,Alembic Pharmaceuticals Limited,DOXYCYCLINE HYCLATE 100 mg/1,doxycycline hyclate 100 mg,"[{""name"":""DOXYCYCLINE HYCLATE"",""strength"":""100 mg/1"",""pct"":null,""display"":""100 mg""}]","TABLET, FILM COATED",ORAL,ANDA,ANDA210536,HUMAN PRESCRIPTION DRUG,Tetracycline-class Drug [EPC];Tetracyclines [CS],46708-353-20;46708-353-50;46708-353-71,"20 TABLET, FILM COATED in 1 BOTTLE (46708-353-20) | 50 TABLET, FILM COATED in 1 BOTTLE (46708-353-50) | 500 TABLET, FILM COATED in 1 BOTTLE (46708-353-71)",24c8472a-dd07-4f84-8bea-20a3f178d119,20200515,,20261231,0
46708-481,oral,doxycycline,Doxycycline Hyclate,doxycycline hyclate,Alembic Pharmaceuticals Limited,DOXYCYCLINE HYCLATE 75 mg/1,doxycycline hyclate 75 mg,"[{""name"":""DOXYCYCLINE HYCLATE"",""strength"":""75 mg/1"",""pct"":null,""display"":""75 mg""}]","TABLET, DELAYED RELEASE",ORAL,ANDA,ANDA213075,HUMAN PRESCRIPTION DRUG,Tetracycline-class Drug [EPC];Tetracyclines [CS],46708-481-31;46708-481-60;46708-481-91,"100 TABLET, DELAYED RELEASE in 1 BOTTLE (46708-481-31) | 60 TABLET, DELAYED RELEASE in 1 BOTTLE (46708-481-60) | 1000 TABLET, DELAYED RELEASE in 1 BOTTLE (46708-481-91)",44ac5de1-c0c6-4d58-9a49-b2dae60ea921,20220104,,20261231,0
46708-482,oral,doxycycline,Doxycycline Hyclate,doxycycline hyclate,Alembic Pharmaceuticals Limited,DOXYCYCLINE HYCLATE 100 mg/1,doxycycline hyclate 100 mg,"[{""name"":""DOXYCYCLINE HYCLATE"",""strength"":""100 mg/1"",""pct"":null,""display"":""100 mg""}]","TABLET, DELAYED RELEASE",ORAL,ANDA,ANDA213075,HUMAN PRESCRIPTION DRUG,Tetracycline-class Drug [EPC];Tetracyclines [CS],46708-482-31;46708-482-60;46708-482-91,"100 TABLET, DELAYED RELEASE in 1 BOTTLE (46708-482-31) | 60 TABLET, DELAYED RELEASE in 1 BOTTLE (46708-482-60) | 1000 TABLET, DELAYED RELEASE in 1 BOTTLE (46708-482-91)",44ac5de1-c0c6-4d58-9a49-b2dae60ea921,20220104,,20261231,0
46708-483,oral,doxycycline,Doxycycline Hyclate,doxycycline hyclate,Alembic Pharmaceuticals Limited,DOXYCYCLINE HYCLATE 150 mg/1,doxycycline hyclate 150 mg,"[{""name"":""DOXYCYCLINE HYCLATE"",""strength"":""150 mg/1"",""pct"":null,""display"":""150 mg""}]","TABLET, DELAYED RELEASE",ORAL,ANDA,ANDA213075,HUMAN PRESCRIPTION DRUG,Tetracycline-class Drug [EPC];Tetracyclines [CS],46708-483-30;46708-483-31;46708-483-60;46708-483-71,"30 TABLET, DELAYED RELEASE in 1 BOTTLE (46708-483-30) | 100 TABLET, DELAYED RELEASE in 1 BOTTLE (46708-483-31) | 60 TABLET, DELAYED RELEASE in 1 BOTTLE (46708-483-60) | 500 TABLET, DELAYED RELEASE in 1 BOTTLE (46708-483-71)",44ac5de1-c0c6-4d58-9a49-b2dae60ea921,20220104,,20261231,0
46708-484,oral,doxycycline,Doxycycline Hyclate,doxycycline hyclate,Alembic Pharmaceuticals Limited,DOXYCYCLINE HYCLATE 200 mg/1,doxycycline hyclate 200 mg,"[{""name"":""DOXYCYCLINE HYCLATE"",""strength"":""200 mg/1"",""pct"":null,""display"":""200 mg""}]","TABLET, DELAYED RELEASE",ORAL,ANDA,ANDA213075,HUMAN PRESCRIPTION DRUG,Tetracycline-class Drug [EPC];Tetracyclines [CS],46708-484-30;46708-484-31;46708-484-60;46708-484-71,"30 TABLET, DELAYED RELEASE in 1 BOTTLE (46708-484-30) | 100 TABLET, DELAYED RELEASE in 1 BOTTLE (46708-484-31) | 60 TABLET, DELAYED RELEASE in 1 BOTTLE (46708-484-60) | 500 TABLET, DELAYED RELEASE in 1 BOTTLE (46708-484-71)",44ac5de1-c0c6-4d58-9a49-b2dae60ea921,20220104,,20261231,0
46708-499,oral,doxycycline,Doxycycline Hyclate,doxycycline hyclate,Alembic Pharmaceuticals Limited,DOXYCYCLINE HYCLATE 50 mg/1,doxycycline hyclate 50 mg,"[{""name"":""DOXYCYCLINE HYCLATE"",""strength"":""50 mg/1"",""pct"":null,""display"":""50 mg""}]","TABLET, FILM COATED",ORAL,ANDA,ANDA210536,HUMAN PRESCRIPTION DRUG,Tetracycline-class Drug [EPC];Tetracyclines [CS],46708-499-60,"60 TABLET, FILM COATED in 1 BOTTLE (46708-499-60)",24c8472a-dd07-4f84-8bea-20a3f178d119,20210915,,20261231,0
53489-118,oral,doxycycline,Doxycycline Hyclate,doxycycline hyclate,"Sun Pharmaceutical Industries, Inc.",DOXYCYCLINE HYCLATE 50 mg/1,doxycycline hyclate 50 mg,"[{""name"":""DOXYCYCLINE HYCLATE"",""strength"":""50 mg/1"",""pct"":null,""display"":""50 mg""}]",CAPSULE,ORAL,ANDA,ANDA062676,HUMAN PRESCRIPTION DRUG,Tetracycline-class Drug [EPC];Tetracyclines [CS],53489-118-02;53489-118-05,"50 CAPSULE in 1 BOTTLE, PLASTIC (53489-118-02) | 500 CAPSULE in 1 BOTTLE, PLASTIC (53489-118-05)",214a9cfe-a522-4022-81d4-e59f447401fe,19860710,,20271231,0
53489-119,oral,doxycycline,Doxycycline Hyclate,doxycycline hyclate,"Sun Pharmaceutical Industries, Inc.",DOXYCYCLINE HYCLATE 100 mg/1,doxycycline hyclate 100 mg,"[{""name"":""DOXYCYCLINE HYCLATE"",""strength"":""100 mg/1"",""pct"":null,""display"":""100 mg""}]",CAPSULE,ORAL,ANDA,ANDA062676,HUMAN PRESCRIPTION DRUG,Tetracycline-class Drug [EPC];Tetracyclines [CS],53489-119-02;53489-119-05,"50 CAPSULE in 1 BOTTLE, PLASTIC (53489-119-02) | 500 CAPSULE in 1 BOTTLE, PLASTIC (53489-119-05)",214a9cfe-a522-4022-81d4-e59f447401fe,19860710,,20271231,0
53489-120,oral,doxycycline,Doxycycline Hyclate,doxycycline hyclate,"Sun Pharmaceutical Industries, Inc.",DOXYCYCLINE HYCLATE 100 mg/1,doxycycline hyclate 100 mg,"[{""name"":""DOXYCYCLINE HYCLATE"",""strength"":""100 mg/1"",""pct"":null,""display"":""100 mg""}]","TABLET, FILM COATED",ORAL,ANDA,ANDA062677,HUMAN PRESCRIPTION DRUG,Tetracycline-class Drug [EPC];Tetracyclines [CS],53489-120-01;53489-120-02;53489-120-05,"100 TABLET, FILM COATED in 1 BOTTLE, PLASTIC (53489-120-01) | 50 TABLET, FILM COATED in 1 BOTTLE, PLASTIC (53489-120-02) | 500 TABLET, FILM COATED in 1 BOTTLE, PLASTIC (53489-120-05)",214a9cfe-a522-4022-81d4-e59f447401fe,19860710,,20271231,0
53489-647,oral,doxycycline,Doxycycline Hyclate,doxycycline hyclate,"Sun Pharmaceutical Industries, Inc.",DOXYCYCLINE HYCLATE 20 mg/1,doxycycline hyclate 20 mg,"[{""name"":""DOXYCYCLINE HYCLATE"",""strength"":""20 mg/1"",""pct"":null,""display"":""20 mg""}]","TABLET, FILM COATED",ORAL,ANDA,ANDA065134,HUMAN PRESCRIPTION DRUG,Tetracycline-class Drug [EPC];Tetracyclines [CS],53489-647-01;53489-647-03;53489-647-05;53489-647-06;53489-647-07;53489-647-10;53489-647-90,"100 TABLET, FILM COATED in 1 BOTTLE, PLASTIC (53489-647-01) | 250 TABLET, FILM COATED in 1 BOTTLE, PLASTIC (53489-647-03) | 500 TABLET, FILM COATED in 1 BOTTLE, PLASTIC (53489-647-05) | 60 TABLET, FILM COATED in 1 BOTTLE, PLASTIC (53489-647-06) | 30 TABLET, FILM COATED in 1 BOTTLE, PLASTIC (53489-647-07) | 1000 TABLET, FILM COATED in 1 BOTTLE, PLASTIC (53489-647-10) | 90 TABLET, FILM COATED in 1 BOTTLE, PLASTIC (53489-647-90)",bff3f426-44fc-4dbf-96df-df44011103e8,20050513,,20261231,0
59115-123,oral,doxycycline,Doxycycline Hyclate,doxycycline hyclate,Hikma Pharmaceutical,DOXYCYCLINE HYCLATE 50 mg/1,doxycycline hyclate 50 mg,"[{""name"":""DOXYCYCLINE HYCLATE"",""strength"":""50 mg/1"",""pct"":null,""display"":""50 mg""}]",CAPSULE,ORAL,ANDA,ANDA062396,HUMAN PRESCRIPTION DRUG,Tetracycline-class Drug [EPC];Tetracyclines [CS],59115-123-05;59115-123-50,"500 CAPSULE in 1 BOTTLE, PLASTIC (59115-123-05) | 50 CAPSULE in 1 BOTTLE, PLASTIC (59115-123-50)",,19900901,,20261231,0
62135-623,oral,doxycycline,Doxycycline Hyclate,doxycycline hyclate,"Chartwell RX, LLC",DOXYCYCLINE HYCLATE 20 mg/1,doxycycline hyclate 20 mg,"[{""name"":""DOXYCYCLINE HYCLATE"",""strength"":""20 mg/1"",""pct"":null,""display"":""20 mg""}]","TABLET, FILM COATED",ORAL,ANDA,ANDA065277,HUMAN PRESCRIPTION DRUG,Tetracycline-class Drug [EPC];Tetracyclines [CS],62135-623-90,"90 TABLET, FILM COATED in 1 BOTTLE (62135-623-90)",b3294889-e8f8-42f1-9bd0-13d87572997a,20051110,,20261231,0
62135-625,oral,doxycycline,Doxycycline Hyclate,doxycycline hyclate,Chartwell RX LLC,DOXYCYCLINE HYCLATE 50 mg/1,doxycycline hyclate 50 mg,"[{""name"":""DOXYCYCLINE HYCLATE"",""strength"":""50 mg/1"",""pct"":null,""display"":""50 mg""}]","TABLET, FILM COATED",ORAL,ANDA,ANDA062505,HUMAN PRESCRIPTION DRUG,Tetracycline-class Drug [EPC];Tetracyclines [CS],62135-625-60,"60 TABLET, FILM COATED in 1 BOTTLE (62135-625-60)",3e7cf78f-3b48-4614-9fa4-c6d1e0c05a35,20210727,,20261231,0
62135-626,oral,doxycycline,Doxycycline Hyclate,doxycycline hyclate,Chartwell RX LLC,DOXYCYCLINE HYCLATE 100 mg/1,doxycycline hyclate 100 mg,"[{""name"":""DOXYCYCLINE HYCLATE"",""strength"":""100 mg/1"",""pct"":null,""display"":""100 mg""}]","TABLET, FILM COATED",ORAL,ANDA,ANDA062505,HUMAN PRESCRIPTION DRUG,Tetracycline-class Drug [EPC];Tetracyclines [CS],62135-626-01;62135-626-05;62135-626-10;62135-626-12;62135-626-20;62135-626-23;62135-626-28;62135-626-31;62135-626-40;62135-626-50;62135-626-96,"100 TABLET, FILM COATED in 1 BOTTLE (62135-626-01) | 500 TABLET, FILM COATED in 1 BOTTLE (62135-626-05) | 1000 TABLET, FILM COATED in 1 BOTTLE (62135-626-10) | 120 TABLET, FILM COATED in 1 BOTTLE (62135-626-12) | 20 TABLET, FILM COATED in 1 BOTTLE (62135-626-20) | 210 TABLET, FILM COATED in 1 BOTTLE (62135-626-23) | 28 TABLET, FILM COATED in 1 BOTTLE (62135-626-28) | 300 TABLET, FILM COATED in 1 BOTTLE (62135-626-31) | 400 TABLET, FILM COATED in 1 BOTTLE (62135-626-40) | 50 TABLET, FILM COATED in 1 BOTTLE (62135-626-50) | 2000 TABLET, FILM COATED in 1 BOTTLE (62135-626-96)",3e7cf78f-3b48-4614-9fa4-c6d1e0c05a35,19840911,,20261231,0
62135-907,oral,doxycycline,Doxycycline Hyclate,doxycycline hyclate,"Chartwell RX, LLC",DOXYCYCLINE HYCLATE 75 mg/1,doxycycline hyclate 75 mg,"[{""name"":""DOXYCYCLINE HYCLATE"",""strength"":""75 mg/1"",""pct"":null,""display"":""75 mg""}]","TABLET, FILM COATED",ORAL,NDA AUTHORIZED GENERIC,NDA205931,HUMAN PRESCRIPTION DRUG,Tetracycline-class Drug [EPC];Tetracyclines [CS],62135-907-20,"20 TABLET, FILM COATED in 1 BOTTLE (62135-907-20)",fad03768-f1d2-459f-965e-0ec29f189f1f,20140725,,20271231,0
62135-908,oral,doxycycline,Doxycycline Hyclate,doxycycline hyclate,"Chartwell RX, LLC",DOXYCYCLINE HYCLATE 150 mg/1,doxycycline hyclate 150 mg,"[{""name"":""DOXYCYCLINE HYCLATE"",""strength"":""150 mg/1"",""pct"":null,""display"":""150 mg""}]","TABLET, FILM COATED",ORAL,NDA AUTHORIZED GENERIC,NDA205931,HUMAN PRESCRIPTION DRUG,Tetracycline-class Drug [EPC];Tetracyclines [CS],62135-908-20,"20 TABLET, FILM COATED in 1 BOTTLE (62135-908-20)",fad03768-f1d2-459f-965e-0ec29f189f1f,20140725,,20271231,0
62135-975,oral,doxycycline,Doxycycline Hyclate,doxycycline hyclate,"Chartwell RX, LLC",DOXYCYCLINE HYCLATE 75 mg/1,doxycycline hyclate 75 mg,"[{""name"":""DOXYCYCLINE HYCLATE"",""strength"":""75 mg/1"",""pct"":null,""display"":""75 mg""}]",CAPSULE,ORAL,NDA AUTHORIZED GENERIC,NDA208253,HUMAN PRESCRIPTION DRUG,Tetracycline-class Drug [EPC];Tetracyclines [CS],62135-975-20,20 CAPSULE in 1 BOTTLE (62135-975-20),fad03768-f1d2-459f-965e-0ec29f189f1f,20160426,,20271231,0
62332-352,oral,doxycycline,Doxycycline Hyclate,doxycycline hyclate,Alembic Pharmaceuticals Inc.,DOXYCYCLINE HYCLATE 20 mg/1,doxycycline hyclate 20 mg,"[{""name"":""DOXYCYCLINE HYCLATE"",""strength"":""20 mg/1"",""pct"":null,""display"":""20 mg""}]","TABLET, FILM COATED",ORAL,ANDA,ANDA210537,HUMAN PRESCRIPTION DRUG,Tetracycline-class Drug [EPC];Tetracyclines [CS],62332-352-31;62332-352-60;62332-352-91,"100 TABLET, FILM COATED in 1 BOTTLE (62332-352-31) | 60 TABLET, FILM COATED in 1 BOTTLE (62332-352-60) | 1000 TABLET, FILM COATED in 1 BOTTLE (62332-352-91)",7c33c1b8-100e-4df8-be8d-de3eed7ced94,20200305,,20261231,0
62332-353,oral,doxycycline,Doxycycline Hyclate,doxycycline hyclate,Alembic Pharmaceuticals Inc.,DOXYCYCLINE HYCLATE 100 mg/1,doxycycline hyclate 100 mg,"[{""name"":""DOXYCYCLINE HYCLATE"",""strength"":""100 mg/1"",""pct"":null,""display"":""100 mg""}]","TABLET, FILM COATED",ORAL,ANDA,ANDA210536,HUMAN PRESCRIPTION DRUG,Tetracycline-class Drug [EPC];Tetracyclines [CS],62332-353-20;62332-353-50;62332-353-71,"20 TABLET, FILM COATED in 1 BOTTLE (62332-353-20) | 50 TABLET, FILM COATED in 1 BOTTLE (62332-353-50) | 500 TABLET, FILM COATED in 1 BOTTLE (62332-353-71)",,20200515,,20271231,0
62332-481,oral,doxycycline,Doxycycline Hyclate,doxycycline hyclate,Alembic Pharmaceuticals Inc.,DOXYCYCLINE HYCLATE 75 mg/1,doxycycline hyclate 75 mg,"[{""name"":""DOXYCYCLINE HYCLATE"",""strength"":""75 mg/1"",""pct"":null,""display"":""75 mg""}]","TABLET, DELAYED RELEASE",ORAL,ANDA,ANDA213075,HUMAN PRESCRIPTION DRUG,Tetracycline-class Drug [EPC];Tetracyclines [CS],62332-481-31;62332-481-60;62332-481-91,"100 TABLET, DELAYED RELEASE in 1 BOTTLE (62332-481-31) | 60 TABLET, DELAYED RELEASE in 1 BOTTLE (62332-481-60) | 1000 TABLET, DELAYED RELEASE in 1 BOTTLE (62332-481-91)",3ae4ca12-be39-46b9-bc4c-f8356776c175,20220104,,20271231,0
62332-482,oral,doxycycline,Doxycycline Hyclate,doxycycline hyclate,Alembic Pharmaceuticals Inc.,DOXYCYCLINE HYCLATE 100 mg/1,doxycycline hyclate 100 mg,"[{""name"":""DOXYCYCLINE HYCLATE"",""strength"":""100 mg/1"",""pct"":null,""display"":""100 mg""}]","TABLET, DELAYED RELEASE",ORAL,ANDA,ANDA213075,HUMAN PRESCRIPTION DRUG,Tetracycline-class Drug [EPC];Tetracyclines [CS],62332-482-31;62332-482-60;62332-482-91,"100 TABLET, DELAYED RELEASE in 1 BOTTLE (62332-482-31) | 60 TABLET, DELAYED RELEASE in 1 BOTTLE (62332-482-60) | 1000 TABLET, DELAYED RELEASE in 1 BOTTLE (62332-482-91)",3ae4ca12-be39-46b9-bc4c-f8356776c175,20220104,,20271231,0
62332-483,oral,doxycycline,Doxycycline Hyclate,doxycycline hyclate,Alembic Pharmaceuticals Inc.,DOXYCYCLINE HYCLATE 150 mg/1,doxycycline hyclate 150 mg,"[{""name"":""DOXYCYCLINE HYCLATE"",""strength"":""150 mg/1"",""pct"":null,""display"":""150 mg""}]","TABLET, DELAYED RELEASE",ORAL,ANDA,ANDA213075,HUMAN PRESCRIPTION DRUG,Tetracycline-class Drug [EPC];Tetracyclines [CS],62332-483-30;62332-483-31;62332-483-60;62332-483-71,"30 TABLET, DELAYED RELEASE in 1 BOTTLE (62332-483-30) | 100 TABLET, DELAYED RELEASE in 1 BOTTLE (62332-483-31) | 60 TABLET, DELAYED RELEASE in 1 BOTTLE (62332-483-60) | 500 TABLET, DELAYED RELEASE in 1 BOTTLE (62332-483-71)",3ae4ca12-be39-46b9-bc4c-f8356776c175,20220104,,20271231,0
62332-484,oral,doxycycline,Doxycycline Hyclate,doxycycline hyclate,Alembic Pharmaceuticals Inc.,DOXYCYCLINE HYCLATE 200 mg/1,doxycycline hyclate 200 mg,"[{""name"":""DOXYCYCLINE HYCLATE"",""strength"":""200 mg/1"",""pct"":null,""display"":""200 mg""}]","TABLET, DELAYED RELEASE",ORAL,ANDA,ANDA213075,HUMAN PRESCRIPTION DRUG,Tetracycline-class Drug [EPC];Tetracyclines [CS],62332-484-30;62332-484-31;62332-484-60;62332-484-71,"30 TABLET, DELAYED RELEASE in 1 BOTTLE (62332-484-30) | 100 TABLET, DELAYED RELEASE in 1 BOTTLE (62332-484-31) | 60 TABLET, DELAYED RELEASE in 1 BOTTLE (62332-484-60) | 500 TABLET, DELAYED RELEASE in 1 BOTTLE (62332-484-71)",3ae4ca12-be39-46b9-bc4c-f8356776c175,20220104,,20271231,0
62332-499,oral,doxycycline,Doxycycline Hyclate,doxycycline hyclate,Alembic Pharmaceuticals Inc.,DOXYCYCLINE HYCLATE 50 mg/1,doxycycline hyclate 50 mg,"[{""name"":""DOXYCYCLINE HYCLATE"",""strength"":""50 mg/1"",""pct"":null,""display"":""50 mg""}]","TABLET, FILM COATED",ORAL,ANDA,ANDA210536,HUMAN PRESCRIPTION DRUG,Tetracycline-class Drug [EPC];Tetracyclines [CS],62332-499-60,"60 TABLET, FILM COATED in 1 BOTTLE (62332-499-60)",,20210915,,20271231,0
68047-714,oral,doxycycline,Doxycycline Hyclate,doxycycline hyclate,"Larken Laboratories, Inc.",DOXYCYCLINE HYCLATE 20 mg/1,doxycycline hyclate 20 mg,"[{""name"":""DOXYCYCLINE HYCLATE"",""strength"":""20 mg/1"",""pct"":null,""display"":""20 mg""}]",TABLET,ORAL,ANDA,ANDA065287,HUMAN PRESCRIPTION DRUG,Tetracycline-class Drug [EPC];Tetracyclines [CS],68047-714-01;68047-714-60,100 TABLET in 1 BOTTLE (68047-714-01) | 60 TABLET in 1 BOTTLE (68047-714-60),49f82130-6f8a-412c-b625-e75906e74675,20101115,,20261231,0
68308-716,oral,doxycycline,Doxycycline Hyclate,doxycycline hyclate,Mayne Pharma Commercial LLC,DOXYCYCLINE HYCLATE 200 mg/1,doxycycline hyclate 200 mg,"[{""name"":""DOXYCYCLINE HYCLATE"",""strength"":""200 mg/1"",""pct"":null,""display"":""200 mg""}]","TABLET, DELAYED RELEASE",ORAL,NDA AUTHORIZED GENERIC,NDA050795,HUMAN PRESCRIPTION DRUG,Tetracycline-class Drug [EPC];Tetracyclines [CS],68308-716-30;68308-716-60,"30 TABLET, DELAYED RELEASE in 1 BOTTLE (68308-716-30) | 60 TABLET, DELAYED RELEASE in 1 BOTTLE (68308-716-60)",cd2ab9b8-9619-4199-8a5d-83377b3274d1,20160201,,20261231,0
68999-625,oral,doxycycline,Doxycycline Hyclate,doxycycline hyclate,"Chartwell Governmental & Specialty RX, LLC",DOXYCYCLINE HYCLATE 50 mg/1,doxycycline hyclate 50 mg,"[{""name"":""DOXYCYCLINE HYCLATE"",""strength"":""50 mg/1"",""pct"":null,""display"":""50 mg""}]","TABLET, FILM COATED",ORAL,ANDA,ANDA062505,HUMAN PRESCRIPTION DRUG,Tetracycline-class Drug [EPC];Tetracyclines [CS],68999-625-60,"60 TABLET, FILM COATED in 1 BOTTLE (68999-625-60)",b8486639-7eb9-4610-9cd4-0e922045d592,20210721,,20261231,0
68999-626,oral,doxycycline,Doxycycline Hyclate,doxycycline hyclate,"Chartwell Governmental & Specialty RX, LLC",DOXYCYCLINE HYCLATE 100 mg/1,doxycycline hyclate 100 mg,"[{""name"":""DOXYCYCLINE HYCLATE"",""strength"":""100 mg/1"",""pct"":null,""display"":""100 mg""}]","TABLET, FILM COATED",ORAL,ANDA,ANDA062505,HUMAN PRESCRIPTION DRUG,Tetracycline-class Drug [EPC];Tetracyclines [CS],68999-626-02;68999-626-05;68999-626-06;68999-626-10;68999-626-12;68999-626-23;68999-626-28;68999-626-30;68999-626-31;68999-626-40;68999-626-50;68999-626-96,"20 TABLET, FILM COATED in 1 BOTTLE (68999-626-02) | 500 TABLET, FILM COATED in 1 BOTTLE (68999-626-05) | 100 TABLET, FILM COATED in 1 BOTTLE (68999-626-06) | 1000 TABLET, FILM COATED in 1 BOTTLE (68999-626-10) | 120 TABLET, FILM COATED in 1 BOTTLE (68999-626-12) | 210 TABLET, FILM COATED in 1 BOTTLE (68999-626-23) | 28 TABLET, FILM COATED in 1 BOTTLE (68999-626-28) | 30 TABLET, FILM COATED in 1 BOTTLE (68999-626-30) | 300 TABLET, FILM COATED in 1 BOTTLE (68999-626-31) | 400 TABLET, FILM COATED in 1 BOTTLE (68999-626-40) | 50 TABLET, FILM COATED in 1 BOTTLE (68999-626-50) | 2000 TABLET, FILM COATED in 1 BOTTLE (68999-626-96)",b8486639-7eb9-4610-9cd4-0e922045d592,19840911,,20261231,0
69434-016,oral,doxycycline,Doxycycline Hyclate,doxycycline hyclate,"Zhejiang Yongtai Pharmaceutical Co., Ltd",DOXYCYCLINE HYCLATE 50 mg/1,doxycycline hyclate 50 mg,"[{""name"":""DOXYCYCLINE HYCLATE"",""strength"":""50 mg/1"",""pct"":null,""display"":""50 mg""}]",CAPSULE,ORAL,ANDA,ANDA212610,HUMAN PRESCRIPTION DRUG,Tetracycline-class Drug [EPC];Tetracyclines [CS],69434-016-03;69434-016-06,500 CAPSULE in 1 BOTTLE (69434-016-03) | 50 CAPSULE in 1 BOTTLE (69434-016-06),ccf9708a-ed3b-4786-b3a6-e96125b2f9d5,20260201,,20271231,0
69434-017,oral,doxycycline,Doxycycline Hyclate,doxycycline hyclate,"Zhejiang Yongtai Pharmaceutical Co., Ltd",DOXYCYCLINE HYCLATE 100 mg/1,doxycycline hyclate 100 mg,"[{""name"":""DOXYCYCLINE HYCLATE"",""strength"":""100 mg/1"",""pct"":null,""display"":""100 mg""}]",CAPSULE,ORAL,ANDA,ANDA212610,HUMAN PRESCRIPTION DRUG,Tetracycline-class Drug [EPC];Tetracyclines [CS],69434-017-03;69434-017-06,500 CAPSULE in 1 BOTTLE (69434-017-03) | 50 CAPSULE in 1 BOTTLE (69434-017-06),ccf9708a-ed3b-4786-b3a6-e96125b2f9d5,20260201,,20271231,0
70518-3213,oral,doxycycline,Doxycycline Hyclate,doxycycline hyclate,REMEDYREPACK INC.,DOXYCYCLINE HYCLATE 100 mg/1,doxycycline hyclate 100 mg,"[{""name"":""DOXYCYCLINE HYCLATE"",""strength"":""100 mg/1"",""pct"":null,""display"":""100 mg""}]","TABLET, FILM COATED",ORAL,ANDA,ANDA062677,HUMAN PRESCRIPTION DRUG,Tetracycline-class Drug [EPC];Tetracyclines [CS],70518-3213-1;70518-3213-2;70518-3213-6;70518-3213-7;70518-3213-8;70518-3213-9,"14 TABLET, FILM COATED in 1 BOTTLE, PLASTIC (70518-3213-1) | 60 TABLET, FILM COATED in 1 BOTTLE, PLASTIC (70518-3213-2) | 10 TABLET, FILM COATED in 1 BOTTLE, PLASTIC (70518-3213-6) | 20 TABLET, FILM COATED in 1 BOTTLE, PLASTIC (70518-3213-7) | 28 TABLET, FILM COATED in 1 BOTTLE, PLASTIC (70518-3213-8) | 56 TABLET, FILM COATED in 1 BOTTLE, PLASTIC (70518-3213-9)",,20210908,,20271231,0
72143-262,oral,doxycycline,Doxycycline Hyclate,doxycycline hyclate,JG Pharma Inc.,DOXYCYCLINE HYCLATE 50 mg/1,doxycycline hyclate 50 mg,"[{""name"":""DOXYCYCLINE HYCLATE"",""strength"":""50 mg/1"",""pct"":null,""display"":""50 mg""}]","TABLET, FILM COATED",ORAL,ANDA,ANDA062269,HUMAN PRESCRIPTION DRUG,Tetracycline-class Drug [EPC];Tetracyclines [CS],72143-262-60,"60 TABLET, FILM COATED in 1 BOTTLE (72143-262-60)",10b8bf71-4311-41e8-a891-bab8bc86863f,20250801,,20261231,0
72578-001,oral,doxycycline,Doxycycline Hyclate,doxycycline hyclate,Viona Pharmaceuticals Inc,DOXYCYCLINE HYCLATE 100 mg/1,doxycycline hyclate 100 mg,"[{""name"":""DOXYCYCLINE HYCLATE"",""strength"":""100 mg/1"",""pct"":null,""display"":""100 mg""}]",TABLET,ORAL,ANDA,ANDA207773,HUMAN PRESCRIPTION DRUG,Tetracycline-class Drug [EPC];Tetracyclines [CS],72578-001-01;72578-001-05;72578-001-10;72578-001-18;72578-001-77,100 TABLET in 1 BOTTLE (72578-001-01) | 500 TABLET in 1 BOTTLE (72578-001-05) | 1000 TABLET in 1 BOTTLE (72578-001-10) | 50 TABLET in 1 BOTTLE (72578-001-18) | 10 BLISTER PACK in 1 CARTON (72578-001-77) / 10 TABLET in 1 BLISTER PACK (72578-001-30),763997f0-b35c-43cb-a792-3e0bae589536,20190314,,20261231,0
27241-153,oral,doxycycline,Doxycycline hyclate,doxycycline hyclate,Ajanta Pharma USA Inc.,DOXYCYCLINE HYCLATE 75 mg/1,doxycycline hyclate 75 mg,"[{""name"":""DOXYCYCLINE HYCLATE"",""strength"":""75 mg/1"",""pct"":null,""display"":""75 mg""}]",TABLET,ORAL,ANDA,ANDA211584,HUMAN PRESCRIPTION DRUG,Tetracycline-class Drug [EPC];Tetracyclines [CS],27241-153-02,60 TABLET in 1 BOTTLE (27241-153-02),9f00b2c9-e628-4265-8530-3258dd3cdcd5,20200601,,20271231,0
27241-154,oral,doxycycline,Doxycycline hyclate,doxycycline hyclate,Ajanta Pharma USA Inc.,DOXYCYCLINE HYCLATE 150 mg/1,doxycycline hyclate 150 mg,"[{""name"":""DOXYCYCLINE HYCLATE"",""strength"":""150 mg/1"",""pct"":null,""display"":""150 mg""}]",TABLET,ORAL,ANDA,ANDA211584,HUMAN PRESCRIPTION DRUG,Tetracycline-class Drug [EPC];Tetracyclines [CS],27241-154-02,60 TABLET in 1 BOTTLE (27241-154-02),9f00b2c9-e628-4265-8530-3258dd3cdcd5,20200601,,20271231,0
70771-1104,oral,doxycycline,Doxycycline hyclate,doxycycline hyclate,Zydus Lifesciences Limited,DOXYCYCLINE HYCLATE 100 mg/1,doxycycline hyclate 100 mg,"[{""name"":""DOXYCYCLINE HYCLATE"",""strength"":""100 mg/1"",""pct"":null,""display"":""100 mg""}]",TABLET,ORAL,ANDA,ANDA207773,HUMAN PRESCRIPTION DRUG,Tetracycline-class Drug [EPC];Tetracyclines [CS],70771-1104-0;70771-1104-1;70771-1104-4;70771-1104-5;70771-1104-7,1000 TABLET in 1 BOTTLE (70771-1104-0) | 100 TABLET in 1 BOTTLE (70771-1104-1) | 10 BLISTER PACK in 1 CARTON (70771-1104-4) / 10 TABLET in 1 BLISTER PACK (70771-1104-2) | 500 TABLET in 1 BOTTLE (70771-1104-5) | 50 TABLET in 1 BOTTLE (70771-1104-7),68b3aba5-f1e4-4cdf-b244-0302aa8595fe,20180402,,20261231,0
70771-1358,oral,doxycycline,Doxycycline hyclate,doxycycline hyclate,Zydus Lifesciences Limited,DOXYCYCLINE HYCLATE 50 mg/1,doxycycline hyclate 50 mg,"[{""name"":""DOXYCYCLINE HYCLATE"",""strength"":""50 mg/1"",""pct"":null,""display"":""50 mg""}]",CAPSULE,ORAL,ANDA,ANDA207774,HUMAN PRESCRIPTION DRUG,Tetracycline-class Drug [EPC];Tetracyclines [CS],70771-1358-0;70771-1358-1;70771-1358-4;70771-1358-5;70771-1358-7,1000 CAPSULE in 1 BOTTLE (70771-1358-0) | 100 CAPSULE in 1 BOTTLE (70771-1358-1) | 10 BLISTER PACK in 1 CARTON (70771-1358-4) / 10 CAPSULE in 1 BLISTER PACK (70771-1358-2) | 500 CAPSULE in 1 BOTTLE (70771-1358-5) | 50 CAPSULE in 1 BOTTLE (70771-1358-7),fc8213e3-e546-495f-ac2c-3856db79c6e1,20180912,,20261231,0
70771-1359,oral,doxycycline,Doxycycline hyclate,doxycycline hyclate,Zydus Lifesciences Limited,DOXYCYCLINE HYCLATE 100 mg/1,doxycycline hyclate 100 mg,"[{""name"":""DOXYCYCLINE HYCLATE"",""strength"":""100 mg/1"",""pct"":null,""display"":""100 mg""}]",CAPSULE,ORAL,ANDA,ANDA207774,HUMAN PRESCRIPTION DRUG,Tetracycline-class Drug [EPC];Tetracyclines [CS],70771-1359-0;70771-1359-1;70771-1359-4;70771-1359-5;70771-1359-7,1000 CAPSULE in 1 BOTTLE (70771-1359-0) | 100 CAPSULE in 1 BOTTLE (70771-1359-1) | 10 BLISTER PACK in 1 CARTON (70771-1359-4) / 10 CAPSULE in 1 BLISTER PACK (70771-1359-2) | 500 CAPSULE in 1 BOTTLE (70771-1359-5) | 50 CAPSULE in 1 BOTTLE (70771-1359-7),fc8213e3-e546-495f-ac2c-3856db79c6e1,20180912,,20261231,0
72578-054,oral,doxycycline,Doxycycline hyclate,doxycycline hyclate,Viona Pharmaceuticals Inc,DOXYCYCLINE HYCLATE 50 mg/1,doxycycline hyclate 50 mg,"[{""name"":""DOXYCYCLINE HYCLATE"",""strength"":""50 mg/1"",""pct"":null,""display"":""50 mg""}]",CAPSULE,ORAL,ANDA,ANDA207774,HUMAN PRESCRIPTION DRUG,Tetracycline-class Drug [EPC];Tetracyclines [CS],72578-054-01;72578-054-05;72578-054-10;72578-054-18;72578-054-77,100 CAPSULE in 1 BOTTLE (72578-054-01) | 500 CAPSULE in 1 BOTTLE (72578-054-05) | 1000 CAPSULE in 1 BOTTLE (72578-054-10) | 50 CAPSULE in 1 BOTTLE (72578-054-18) | 10 BLISTER PACK in 1 CARTON (72578-054-77) / 10 CAPSULE in 1 BLISTER PACK (72578-054-30),51d245a3-ef51-474a-bc91-377d5f42dde3,20220110,,20261231,0
72578-055,oral,doxycycline,Doxycycline hyclate,doxycycline hyclate,Viona Pharmaceuticals Inc,DOXYCYCLINE HYCLATE 100 mg/1,doxycycline hyclate 100 mg,"[{""name"":""DOXYCYCLINE HYCLATE"",""strength"":""100 mg/1"",""pct"":null,""display"":""100 mg""}]",CAPSULE,ORAL,ANDA,ANDA207774,HUMAN PRESCRIPTION DRUG,Tetracycline-class Drug [EPC];Tetracyclines [CS],72578-055-01;72578-055-05;72578-055-10;72578-055-18;72578-055-77,100 CAPSULE in 1 BOTTLE (72578-055-01) | 500 CAPSULE in 1 BOTTLE (72578-055-05) | 1000 CAPSULE in 1 BOTTLE (72578-055-10) | 50 CAPSULE in 1 BOTTLE (72578-055-18) | 10 BLISTER PACK in 1 CARTON (72578-055-77) / 10 CAPSULE in 1 BLISTER PACK (72578-055-30),51d245a3-ef51-474a-bc91-377d5f42dde3,20220110,,20261231,0
82804-316,oral,doxycycline,Doxycycline hyclate,doxycycline hyclate,Proficient Rx LP,DOXYCYCLINE HYCLATE 50 mg/1,doxycycline hyclate 50 mg,"[{""name"":""DOXYCYCLINE HYCLATE"",""strength"":""50 mg/1"",""pct"":null,""display"":""50 mg""}]",CAPSULE,ORAL,ANDA,ANDA207774,HUMAN PRESCRIPTION DRUG,Tetracycline-class Drug [EPC];Tetracyclines [CS],82804-316-20,20 CAPSULE in 1 BOTTLE (82804-316-20),,20220110,,20271231,0
69489-111,oral,doxycycline,TARGADOX,doxycycline hyclate,Journey Medical Corporation,DOXYCYCLINE HYCLATE 50 mg/1,doxycycline hyclate 50 mg,"[{""name"":""DOXYCYCLINE HYCLATE"",""strength"":""50 mg/1"",""pct"":null,""display"":""50 mg""}]",TABLET,ORAL,ANDA,ANDA062269,HUMAN PRESCRIPTION DRUG,Tetracycline-class Drug [EPC];Tetracyclines [CS],69489-111-05;69489-111-60,5 TABLET in 1 BOTTLE (69489-111-05) | 60 TABLET in 1 BOTTLE (69489-111-60),83243f78-b984-46a4-a88a-c6a15c217b90,20160829,,20261231,0
46708-362,oral,doxycycline,doxycycline hyclate,doxycycline hyclate,Alembic Pharmaceuticals Limited,DOXYCYCLINE HYCLATE 50 mg/1,doxycycline hyclate 50 mg,"[{""name"":""DOXYCYCLINE HYCLATE"",""strength"":""50 mg/1"",""pct"":null,""display"":""50 mg""}]",CAPSULE,ORAL,ANDA,ANDA210527,HUMAN PRESCRIPTION DRUG,Tetracycline-class Drug [EPC];Tetracyclines [CS],46708-362-50;46708-362-71,50 CAPSULE in 1 BOTTLE (46708-362-50) | 500 CAPSULE in 1 BOTTLE (46708-362-71),e567b431-53fe-4e27-9b05-bf6eeb8abb51,20180618,,20261231,0
46708-363,oral,doxycycline,doxycycline hyclate,doxycycline hyclate,Alembic Pharmaceuticals Limited,DOXYCYCLINE HYCLATE 100 mg/1,doxycycline hyclate 100 mg,"[{""name"":""DOXYCYCLINE HYCLATE"",""strength"":""100 mg/1"",""pct"":null,""display"":""100 mg""}]",CAPSULE,ORAL,ANDA,ANDA210527,HUMAN PRESCRIPTION DRUG,Tetracycline-class Drug [EPC];Tetracyclines [CS],46708-363-50;46708-363-71,50 CAPSULE in 1 BOTTLE (46708-363-50) | 500 CAPSULE in 1 BOTTLE (46708-363-71),e567b431-53fe-4e27-9b05-bf6eeb8abb51,20180618,,20261231,0
62135-984,oral,doxycycline,doxycycline hyclate,doxycycline hyclate,Chartwell RX LLC,DOXYCYCLINE HYCLATE 50 mg/1,doxycycline hyclate 50 mg,"[{""name"":""DOXYCYCLINE HYCLATE"",""strength"":""50 mg/1"",""pct"":null,""display"":""50 mg""}]",CAPSULE,ORAL,ANDA,ANDA062500,HUMAN PRESCRIPTION DRUG,Tetracycline-class Drug [EPC];Tetracyclines [CS],62135-984-05;62135-984-50,500 CAPSULE in 1 BOTTLE (62135-984-05) | 50 CAPSULE in 1 BOTTLE (62135-984-50),3e7cf78f-3b48-4614-9fa4-c6d1e0c05a35,19840911,,20261231,0
62135-985,oral,doxycycline,doxycycline hyclate,doxycycline hyclate,Chartwell RX LLC,DOXYCYCLINE HYCLATE 100 mg/1,doxycycline hyclate 100 mg,"[{""name"":""DOXYCYCLINE HYCLATE"",""strength"":""100 mg/1"",""pct"":null,""display"":""100 mg""}]",CAPSULE,ORAL,ANDA,ANDA062500,HUMAN PRESCRIPTION DRUG,Tetracycline-class Drug [EPC];Tetracyclines [CS],62135-985-01;62135-985-05;62135-985-10;62135-985-50,100 CAPSULE in 1 BOTTLE (62135-985-01) | 500 CAPSULE in 1 BOTTLE (62135-985-05) | 1000 CAPSULE in 1 BOTTLE (62135-985-10) | 50 CAPSULE in 1 BOTTLE (62135-985-50),3e7cf78f-3b48-4614-9fa4-c6d1e0c05a35,19840911,,20261231,0
62332-362,oral,doxycycline,doxycycline hyclate,doxycycline hyclate,Alembic Pharmaceuticals Inc.,DOXYCYCLINE HYCLATE 50 mg/1,doxycycline hyclate 50 mg,"[{""name"":""DOXYCYCLINE HYCLATE"",""strength"":""50 mg/1"",""pct"":null,""display"":""50 mg""}]",CAPSULE,ORAL,ANDA,ANDA210527,HUMAN PRESCRIPTION DRUG,Tetracycline-class Drug [EPC];Tetracyclines [CS],62332-362-50;62332-362-71,50 CAPSULE in 1 BOTTLE (62332-362-50) | 500 CAPSULE in 1 BOTTLE (62332-362-71),131af052-0c4f-4a61-ae9a-e6165ae09076,20180618,,20261231,0
62332-363,oral,doxycycline,doxycycline hyclate,doxycycline hyclate,Alembic Pharmaceuticals Inc.,DOXYCYCLINE HYCLATE 100 mg/1,doxycycline hyclate 100 mg,"[{""name"":""DOXYCYCLINE HYCLATE"",""strength"":""100 mg/1"",""pct"":null,""display"":""100 mg""}]",CAPSULE,ORAL,ANDA,ANDA210527,HUMAN PRESCRIPTION DRUG,Tetracycline-class Drug [EPC];Tetracyclines [CS],62332-363-50;62332-363-71,50 CAPSULE in 1 BOTTLE (62332-363-50) | 500 CAPSULE in 1 BOTTLE (62332-363-71),131af052-0c4f-4a61-ae9a-e6165ae09076,20180618,,20261231,0
68999-984,oral,doxycycline,doxycycline hyclate,doxycycline hyclate,"Chartwell Governmental & Specialty RX, LLC",DOXYCYCLINE HYCLATE 50 mg/1,doxycycline hyclate 50 mg,"[{""name"":""DOXYCYCLINE HYCLATE"",""strength"":""50 mg/1"",""pct"":null,""display"":""50 mg""}]",CAPSULE,ORAL,ANDA,ANDA062500,HUMAN PRESCRIPTION DRUG,Tetracycline-class Drug [EPC];Tetracyclines [CS],68999-984-50,50 CAPSULE in 1 BOTTLE (68999-984-50),b8486639-7eb9-4610-9cd4-0e922045d592,19840911,,20261231,0
68999-985,oral,doxycycline,doxycycline hyclate,doxycycline hyclate,"Chartwell Governmental & Specialty RX, LLC",DOXYCYCLINE HYCLATE 100 mg/1,doxycycline hyclate 100 mg,"[{""name"":""DOXYCYCLINE HYCLATE"",""strength"":""100 mg/1"",""pct"":null,""display"":""100 mg""}]",CAPSULE,ORAL,ANDA,ANDA062500,HUMAN PRESCRIPTION DRUG,Tetracycline-class Drug [EPC];Tetracyclines [CS],68999-985-01;68999-985-05;68999-985-10;68999-985-50,100 CAPSULE in 1 BOTTLE (68999-985-01) | 500 CAPSULE in 1 BOTTLE (68999-985-05) | 1000 CAPSULE in 1 BOTTLE (68999-985-10) | 50 CAPSULE in 1 BOTTLE (68999-985-50),b8486639-7eb9-4610-9cd4-0e922045d592,19840911,,20261231,0
62135-260,oral,doxycycline,Doxycycline Monohydrate,doxycycline monohydrate,"Chartwell RX, LLC.",DOXYCYCLINE 50 mg/1,doxycycline 50 mg,"[{""name"":""DOXYCYCLINE"",""strength"":""50 mg/1"",""pct"":null,""display"":""50 mg""}]",CAPSULE,ORAL,NDA AUTHORIZED GENERIC,NDA050641,HUMAN PRESCRIPTION DRUG,Tetracycline-class Drug [EPC];Tetracyclines [CS],62135-260-01,100 CAPSULE in 1 BOTTLE (62135-260-01),02aa8731-d40f-43d8-8b63-a79a0503f8db,19891229,,20261231,0
62135-261,oral,doxycycline,Doxycycline Monohydrate,doxycycline monohydrate,"Chartwell RX, LLC.",DOXYCYCLINE 75 mg/1,doxycycline 75 mg,"[{""name"":""DOXYCYCLINE"",""strength"":""75 mg/1"",""pct"":null,""display"":""75 mg""}]",CAPSULE,ORAL,NDA AUTHORIZED GENERIC,NDA050641,HUMAN PRESCRIPTION DRUG,Tetracycline-class Drug [EPC];Tetracyclines [CS],62135-261-01,100 CAPSULE in 1 BOTTLE (62135-261-01),02aa8731-d40f-43d8-8b63-a79a0503f8db,19891229,,20261231,0
62135-262,oral,doxycycline,Doxycycline Monohydrate,doxycycline monohydrate,"Chartwell RX, LLC.",DOXYCYCLINE 100 mg/1,doxycycline 100 mg,"[{""name"":""DOXYCYCLINE"",""strength"":""100 mg/1"",""pct"":null,""display"":""100 mg""}]",CAPSULE,ORAL,NDA AUTHORIZED GENERIC,NDA050641,HUMAN PRESCRIPTION DRUG,Tetracycline-class Drug [EPC];Tetracyclines [CS],62135-262-20;62135-262-25;62135-262-50;62135-262-60,20 CAPSULE in 1 BOTTLE (62135-262-20) | 250 CAPSULE in 1 BOTTLE (62135-262-25) | 50 CAPSULE in 1 BOTTLE (62135-262-50) | 60 CAPSULE in 1 BOTTLE (62135-262-60),02aa8731-d40f-43d8-8b63-a79a0503f8db,19891229,,20261231,0
62135-263,oral,doxycycline,Doxycycline Monohydrate,doxycycline monohydrate,"Chartwell RX, LLC.",DOXYCYCLINE 150 mg/1,doxycycline 150 mg,"[{""name"":""DOXYCYCLINE"",""strength"":""150 mg/1"",""pct"":null,""display"":""150 mg""}]",CAPSULE,ORAL,NDA AUTHORIZED GENERIC,NDA050641,HUMAN PRESCRIPTION DRUG,Tetracycline-class Drug [EPC];Tetracyclines [CS],62135-263-60,60 CAPSULE in 1 BOTTLE (62135-263-60),02aa8731-d40f-43d8-8b63-a79a0503f8db,19891229,,20261231,0
72143-251,oral,isotretinoin,ACCUTANE,isotretinoin,JG Pharma Inc.,ISOTRETINOIN 10 mg/1,isotretinoin 10 mg,"[{""name"":""ISOTRETINOIN"",""strength"":""10 mg/1"",""pct"":null,""display"":""10 mg""}]","CAPSULE, GELATIN COATED",ORAL,ANDA,ANDA202099,HUMAN PRESCRIPTION DRUG,Retinoid [EPC];Retinoids [CS],72143-251-30,"3 BLISTER PACK in 1 CARTON (72143-251-30) / 10 CAPSULE, GELATIN COATED in 1 BLISTER PACK",5b524a51-a16b-496e-b764-11c98c479c36,20220801,,20271231,1
72143-252,oral,isotretinoin,ACCUTANE,isotretinoin,JG Pharma Inc.,ISOTRETINOIN 20 mg/1,isotretinoin 20 mg,"[{""name"":""ISOTRETINOIN"",""strength"":""20 mg/1"",""pct"":null,""display"":""20 mg""}]","CAPSULE, GELATIN COATED",ORAL,ANDA,ANDA202099,HUMAN PRESCRIPTION DRUG,Retinoid [EPC];Retinoids [CS],72143-252-30,"3 BLISTER PACK in 1 CARTON (72143-252-30) / 10 CAPSULE, GELATIN COATED in 1 BLISTER PACK",5b524a51-a16b-496e-b764-11c98c479c36,20220801,,20271231,1
72143-253,oral,isotretinoin,ACCUTANE,isotretinoin,JG Pharma Inc.,ISOTRETINOIN 30 mg/1,isotretinoin 30 mg,"[{""name"":""ISOTRETINOIN"",""strength"":""30 mg/1"",""pct"":null,""display"":""30 mg""}]","CAPSULE, GELATIN COATED",ORAL,ANDA,ANDA202099,HUMAN PRESCRIPTION DRUG,Retinoid [EPC];Retinoids [CS],72143-253-30,"3 BLISTER PACK in 1 CARTON (72143-253-30) / 10 CAPSULE, GELATIN COATED in 1 BLISTER PACK",5b524a51-a16b-496e-b764-11c98c479c36,20220801,,20271231,1
72143-254,oral,isotretinoin,ACCUTANE,isotretinoin,JG Pharma Inc.,ISOTRETINOIN 40 mg/1,isotretinoin 40 mg,"[{""name"":""ISOTRETINOIN"",""strength"":""40 mg/1"",""pct"":null,""display"":""40 mg""}]","CAPSULE, GELATIN COATED",ORAL,ANDA,ANDA202099,HUMAN PRESCRIPTION DRUG,Retinoid [EPC];Retinoids [CS],72143-254-30,"3 BLISTER PACK in 1 CARTON (72143-254-30) / 10 CAPSULE, GELATIN COATED in 1 BLISTER PACK",5b524a51-a16b-496e-b764-11c98c479c36,20220801,,20271231,1
10631-115,oral,isotretinoin,Absorica,isotretinoin,"Sun Pharmaceutical Industries, Inc.",ISOTRETINOIN 10 mg/1,isotretinoin 10 mg,"[{""name"":""ISOTRETINOIN"",""strength"":""10 mg/1"",""pct"":null,""display"":""10 mg""}]",CAPSULE,ORAL,NDA,NDA021951,HUMAN PRESCRIPTION DRUG,Retinoid [EPC];Retinoids [CS],10631-115-31,3 BLISTER PACK in 1 BOX (10631-115-31) / 10 CAPSULE in 1 BLISTER PACK (10631-115-69),3ef0cff8-19c1-4441-b780-fca6c7ee1615,20120608,,20271231,1
10631-116,oral,isotretinoin,Absorica,isotretinoin,"Sun Pharmaceutical Industries, Inc.",ISOTRETINOIN 20 mg/1,isotretinoin 20 mg,"[{""name"":""ISOTRETINOIN"",""strength"":""20 mg/1"",""pct"":null,""display"":""20 mg""}]",CAPSULE,ORAL,NDA,NDA021951,HUMAN PRESCRIPTION DRUG,Retinoid [EPC];Retinoids [CS],10631-116-31,3 BLISTER PACK in 1 BOX (10631-116-31) / 10 CAPSULE in 1 BLISTER PACK (10631-116-69),3ef0cff8-19c1-4441-b780-fca6c7ee1615,20120608,,20271231,1
10631-117,oral,isotretinoin,Absorica,isotretinoin,"Sun Pharmaceutical Industries, Inc.",ISOTRETINOIN 30 mg/1,isotretinoin 30 mg,"[{""name"":""ISOTRETINOIN"",""strength"":""30 mg/1"",""pct"":null,""display"":""30 mg""}]",CAPSULE,ORAL,NDA,NDA021951,HUMAN PRESCRIPTION DRUG,Retinoid [EPC];Retinoids [CS],10631-117-31,3 BLISTER PACK in 1 BOX (10631-117-31) / 10 CAPSULE in 1 BLISTER PACK (10631-117-69),3ef0cff8-19c1-4441-b780-fca6c7ee1615,20120608,,20271231,1
10631-118,oral,isotretinoin,Absorica,isotretinoin,"Sun Pharmaceutical Industries, Inc.",ISOTRETINOIN 40 mg/1,isotretinoin 40 mg,"[{""name"":""ISOTRETINOIN"",""strength"":""40 mg/1"",""pct"":null,""display"":""40 mg""}]",CAPSULE,ORAL,NDA,NDA021951,HUMAN PRESCRIPTION DRUG,Retinoid [EPC];Retinoids [CS],10631-118-31,3 BLISTER PACK in 1 BOX (10631-118-31) / 10 CAPSULE in 1 BLISTER PACK (10631-118-69),3ef0cff8-19c1-4441-b780-fca6c7ee1615,20120608,,20271231,1
10631-133,oral,isotretinoin,Absorica,isotretinoin,"Sun Pharmaceutical Industries, Inc.",ISOTRETINOIN 25 mg/1,isotretinoin 25 mg,"[{""name"":""ISOTRETINOIN"",""strength"":""25 mg/1"",""pct"":null,""display"":""25 mg""}]",CAPSULE,ORAL,NDA,NDA021951,HUMAN PRESCRIPTION DRUG,Retinoid [EPC];Retinoids [CS],10631-133-31,3 BLISTER PACK in 1 BOX (10631-133-31) / 10 CAPSULE in 1 BLISTER PACK (10631-133-69),3ef0cff8-19c1-4441-b780-fca6c7ee1615,20150217,,20271231,1
10631-134,oral,isotretinoin,Absorica,isotretinoin,"Sun Pharmaceutical Industries, Inc.",ISOTRETINOIN 35 mg/1,isotretinoin 35 mg,"[{""name"":""ISOTRETINOIN"",""strength"":""35 mg/1"",""pct"":null,""display"":""35 mg""}]",CAPSULE,ORAL,NDA,NDA021951,HUMAN PRESCRIPTION DRUG,Retinoid [EPC];Retinoids [CS],10631-134-31,3 BLISTER PACK in 1 BOX (10631-134-31) / 10 CAPSULE in 1 BLISTER PACK (10631-134-69),3ef0cff8-19c1-4441-b780-fca6c7ee1615,20150217,,20271231,1
10631-002,oral,isotretinoin,Absorica LD,isotretinoin,"Sun Pharmaceutical Industries, Inc.",ISOTRETINOIN 8 mg/1,isotretinoin 8 mg,"[{""name"":""ISOTRETINOIN"",""strength"":""8 mg/1"",""pct"":null,""display"":""8 mg""}]",CAPSULE,ORAL,NDA,NDA211913,HUMAN PRESCRIPTION DRUG,Retinoid [EPC];Retinoids [CS],10631-002-31,3 BLISTER PACK in 1 BOX (10631-002-31) / 10 CAPSULE in 1 BLISTER PACK,3ef0cff8-19c1-4441-b780-fca6c7ee1615,20191120,,20271231,1
10631-003,oral,isotretinoin,Absorica LD,isotretinoin,"Sun Pharmaceutical Industries, Inc.",ISOTRETINOIN 16 mg/1,isotretinoin 16 mg,"[{""name"":""ISOTRETINOIN"",""strength"":""16 mg/1"",""pct"":null,""display"":""16 mg""}]",CAPSULE,ORAL,NDA,NDA211913,HUMAN PRESCRIPTION DRUG,Retinoid [EPC];Retinoids [CS],10631-003-31,3 BLISTER PACK in 1 BOX (10631-003-31) / 10 CAPSULE in 1 BLISTER PACK,3ef0cff8-19c1-4441-b780-fca6c7ee1615,20191120,,20271231,1
10631-005,oral,isotretinoin,Absorica LD,isotretinoin,"Sun Pharmaceutical Industries, Inc.",ISOTRETINOIN 24 mg/1,isotretinoin 24 mg,"[{""name"":""ISOTRETINOIN"",""strength"":""24 mg/1"",""pct"":null,""display"":""24 mg""}]",CAPSULE,ORAL,NDA,NDA211913,HUMAN PRESCRIPTION DRUG,Retinoid [EPC];Retinoids [CS],10631-005-31,3 BLISTER PACK in 1 BOX (10631-005-31) / 10 CAPSULE in 1 BLISTER PACK,3ef0cff8-19c1-4441-b780-fca6c7ee1615,20191120,,20271231,1
10631-007,oral,isotretinoin,Absorica LD,isotretinoin,"Sun Pharmaceutical Industries, Inc.",ISOTRETINOIN 32 mg/1,isotretinoin 32 mg,"[{""name"":""ISOTRETINOIN"",""strength"":""32 mg/1"",""pct"":null,""display"":""32 mg""}]",CAPSULE,ORAL,NDA,NDA211913,HUMAN PRESCRIPTION DRUG,Retinoid [EPC];Retinoids [CS],10631-007-31,3 BLISTER PACK in 1 BOX (10631-007-31) / 10 CAPSULE in 1 BLISTER PACK,3ef0cff8-19c1-4441-b780-fca6c7ee1615,20191120,,20271231,1
0378-6611,oral,isotretinoin,Amnesteem,isotretinoin,Mylan Pharmaceuticals Inc.,ISOTRETINOIN 10 mg/1,isotretinoin 10 mg,"[{""name"":""ISOTRETINOIN"",""strength"":""10 mg/1"",""pct"":null,""display"":""10 mg""}]",CAPSULE,ORAL,ANDA,ANDA075945,HUMAN PRESCRIPTION DRUG,Retinoid [EPC];Retinoids [CS],0378-6611-93,3 BLISTER PACK in 1 CARTON (0378-6611-93) / 10 CAPSULE in 1 BLISTER PACK (0378-6611-85),b2cb63c9-f825-4991-9a2c-6260f1bbcc2c,20021111,,20271231,1
0378-6612,oral,isotretinoin,Amnesteem,isotretinoin,Mylan Pharmaceuticals Inc.,ISOTRETINOIN 20 mg/1,isotretinoin 20 mg,"[{""name"":""ISOTRETINOIN"",""strength"":""20 mg/1"",""pct"":null,""display"":""20 mg""}]",CAPSULE,ORAL,ANDA,ANDA075945,HUMAN PRESCRIPTION DRUG,Retinoid [EPC];Retinoids [CS],0378-6612-93,3 BLISTER PACK in 1 CARTON (0378-6612-93) / 10 CAPSULE in 1 BLISTER PACK (0378-6612-85),b2cb63c9-f825-4991-9a2c-6260f1bbcc2c,20021111,,20271231,1
0378-6613,oral,isotretinoin,Amnesteem,isotretinoin,Mylan Pharmaceuticals Inc.,ISOTRETINOIN 30 mg/1,isotretinoin 30 mg,"[{""name"":""ISOTRETINOIN"",""strength"":""30 mg/1"",""pct"":null,""display"":""30 mg""}]",CAPSULE,ORAL,ANDA,ANDA075945,HUMAN PRESCRIPTION DRUG,Retinoid [EPC];Retinoids [CS],0378-6613-93,3 BLISTER PACK in 1 CARTON (0378-6613-93) / 10 CAPSULE in 1 BLISTER PACK (0378-6613-85),b2cb63c9-f825-4991-9a2c-6260f1bbcc2c,20250410,,20271231,1
0378-6614,oral,isotretinoin,Amnesteem,isotretinoin,Mylan Pharmaceuticals Inc.,ISOTRETINOIN 40 mg/1,isotretinoin 40 mg,"[{""name"":""ISOTRETINOIN"",""strength"":""40 mg/1"",""pct"":null,""display"":""40 mg""}]",CAPSULE,ORAL,ANDA,ANDA075945,HUMAN PRESCRIPTION DRUG,Retinoid [EPC];Retinoids [CS],0378-6614-93,3 BLISTER PACK in 1 CARTON (0378-6614-93) / 10 CAPSULE in 1 BLISTER PACK (0378-6614-85),b2cb63c9-f825-4991-9a2c-6260f1bbcc2c,20021111,,20271231,1
0555-1054,oral,isotretinoin,Claravis,isotretinoin,"Teva Pharmaceuticals USA, Inc.",ISOTRETINOIN 10 mg/1,isotretinoin 10 mg,"[{""name"":""ISOTRETINOIN"",""strength"":""10 mg/1"",""pct"":null,""display"":""10 mg""}]","CAPSULE, LIQUID FILLED",ORAL,ANDA,ANDA076356,HUMAN PRESCRIPTION DRUG,Retinoid [EPC];Retinoids [CS],0555-1054-56;0555-1054-86,"10 BLISTER PACK in 1 CARTON (0555-1054-56) / 10 CAPSULE, LIQUID FILLED in 1 BLISTER PACK (0555-1054-60) | 3 BLISTER PACK in 1 CARTON (0555-1054-86) / 10 CAPSULE, LIQUID FILLED in 1 BLISTER PACK (0555-1054-60)",a31fd109-d0fd-4ab9-ba98-a3d64333c18d,20030509,,20271231,1
0555-1055,oral,isotretinoin,Claravis,isotretinoin,"Teva Pharmaceuticals USA, Inc.",ISOTRETINOIN 20 mg/1,isotretinoin 20 mg,"[{""name"":""ISOTRETINOIN"",""strength"":""20 mg/1"",""pct"":null,""display"":""20 mg""}]","CAPSULE, LIQUID FILLED",ORAL,ANDA,ANDA076135,HUMAN PRESCRIPTION DRUG,Retinoid [EPC];Retinoids [CS],0555-1055-56;0555-1055-86,"10 BLISTER PACK in 1 CARTON (0555-1055-56) / 10 CAPSULE, LIQUID FILLED in 1 BLISTER PACK (0555-1055-60) | 3 BLISTER PACK in 1 CARTON (0555-1055-86) / 10 CAPSULE, LIQUID FILLED in 1 BLISTER PACK (0555-1055-60)",a31fd109-d0fd-4ab9-ba98-a3d64333c18d,20030509,,20271231,1
0555-1056,oral,isotretinoin,Claravis,isotretinoin,"Teva Pharmaceuticals USA, Inc.",ISOTRETINOIN 30 mg/1,isotretinoin 30 mg,"[{""name"":""ISOTRETINOIN"",""strength"":""30 mg/1"",""pct"":null,""display"":""30 mg""}]","CAPSULE, LIQUID FILLED",ORAL,ANDA,ANDA076135,HUMAN PRESCRIPTION DRUG,Retinoid [EPC];Retinoids [CS],0555-1056-86,"3 BLISTER PACK in 1 CARTON (0555-1056-86) / 10 CAPSULE, LIQUID FILLED in 1 BLISTER PACK (0555-1056-60)",a31fd109-d0fd-4ab9-ba98-a3d64333c18d,20060518,,20271231,1
0555-1057,oral,isotretinoin,Claravis,isotretinoin,"Teva Pharmaceuticals USA, Inc.",ISOTRETINOIN 40 mg/1,isotretinoin 40 mg,"[{""name"":""ISOTRETINOIN"",""strength"":""40 mg/1"",""pct"":null,""display"":""40 mg""}]","CAPSULE, LIQUID FILLED",ORAL,ANDA,ANDA076135,HUMAN PRESCRIPTION DRUG,Retinoid [EPC];Retinoids [CS],0555-1057-56;0555-1057-86,"10 BLISTER PACK in 1 CARTON (0555-1057-56) / 10 CAPSULE, LIQUID FILLED in 1 BLISTER PACK (0555-1057-60) | 3 BLISTER PACK in 1 CARTON (0555-1057-86) / 10 CAPSULE, LIQUID FILLED in 1 BLISTER PACK (0555-1057-60)",a31fd109-d0fd-4ab9-ba98-a3d64333c18d,20030509,,20271231,1
59651-631,oral,isotretinoin,ISOTRETINOIN,isotretinoin,Aurobindo Pharma Limited,ISOTRETINOIN 10 mg/1,isotretinoin 10 mg,"[{""name"":""ISOTRETINOIN"",""strength"":""10 mg/1"",""pct"":null,""display"":""10 mg""}]",CAPSULE,ORAL,ANDA,ANDA218194,HUMAN PRESCRIPTION DRUG,Retinoid [EPC];Retinoids [CS],59651-631-03,3 BLISTER PACK in 1 CARTON (59651-631-03) / 10 CAPSULE in 1 BLISTER PACK,4e8516dc-a3c6-4d8f-aa14-2c37c6c8f6e6,20240129,,20271231,1
59651-632,oral,isotretinoin,ISOTRETINOIN,isotretinoin,Aurobindo Pharma Limited,ISOTRETINOIN 20 mg/1,isotretinoin 20 mg,"[{""name"":""ISOTRETINOIN"",""strength"":""20 mg/1"",""pct"":null,""display"":""20 mg""}]",CAPSULE,ORAL,ANDA,ANDA218194,HUMAN PRESCRIPTION DRUG,Retinoid [EPC];Retinoids [CS],59651-632-03,3 BLISTER PACK in 1 CARTON (59651-632-03) / 10 CAPSULE in 1 BLISTER PACK,4e8516dc-a3c6-4d8f-aa14-2c37c6c8f6e6,20240129,,20271231,1
59651-633,oral,isotretinoin,ISOTRETINOIN,isotretinoin,Aurobindo Pharma Limited,ISOTRETINOIN 25 mg/1,isotretinoin 25 mg,"[{""name"":""ISOTRETINOIN"",""strength"":""25 mg/1"",""pct"":null,""display"":""25 mg""}]",CAPSULE,ORAL,ANDA,ANDA218194,HUMAN PRESCRIPTION DRUG,Retinoid [EPC];Retinoids [CS],59651-633-03,3 BLISTER PACK in 1 CARTON (59651-633-03) / 10 CAPSULE in 1 BLISTER PACK,4e8516dc-a3c6-4d8f-aa14-2c37c6c8f6e6,20240129,,20271231,1
59651-634,oral,isotretinoin,ISOTRETINOIN,isotretinoin,Aurobindo Pharma Limited,ISOTRETINOIN 30 mg/1,isotretinoin 30 mg,"[{""name"":""ISOTRETINOIN"",""strength"":""30 mg/1"",""pct"":null,""display"":""30 mg""}]",CAPSULE,ORAL,ANDA,ANDA218194,HUMAN PRESCRIPTION DRUG,Retinoid [EPC];Retinoids [CS],59651-634-03,3 BLISTER PACK in 1 CARTON (59651-634-03) / 10 CAPSULE in 1 BLISTER PACK,4e8516dc-a3c6-4d8f-aa14-2c37c6c8f6e6,20240129,,20271231,1
59651-635,oral,isotretinoin,ISOTRETINOIN,isotretinoin,Aurobindo Pharma Limited,ISOTRETINOIN 35 mg/1,isotretinoin 35 mg,"[{""name"":""ISOTRETINOIN"",""strength"":""35 mg/1"",""pct"":null,""display"":""35 mg""}]",CAPSULE,ORAL,ANDA,ANDA218194,HUMAN PRESCRIPTION DRUG,Retinoid [EPC];Retinoids [CS],59651-635-03,3 BLISTER PACK in 1 CARTON (59651-635-03) / 10 CAPSULE in 1 BLISTER PACK,4e8516dc-a3c6-4d8f-aa14-2c37c6c8f6e6,20240129,,20271231,1
59651-636,oral,isotretinoin,ISOTRETINOIN,isotretinoin,Aurobindo Pharma Limited,ISOTRETINOIN 40 mg/1,isotretinoin 40 mg,"[{""name"":""ISOTRETINOIN"",""strength"":""40 mg/1"",""pct"":null,""display"":""40 mg""}]",CAPSULE,ORAL,ANDA,ANDA218194,HUMAN PRESCRIPTION DRUG,Retinoid [EPC];Retinoids [CS],59651-636-03,3 BLISTER PACK in 1 CARTON (59651-636-03) / 10 CAPSULE in 1 BLISTER PACK,4e8516dc-a3c6-4d8f-aa14-2c37c6c8f6e6,20240129,,20271231,1
0245-0570,oral,isotretinoin,Isotretinoin,isotretinoin,"Upsher-Smith Laboratories, LLC",ISOTRETINOIN 10 mg/1,isotretinoin 10 mg,"[{""name"":""ISOTRETINOIN"",""strength"":""10 mg/1"",""pct"":null,""display"":""10 mg""}]","CAPSULE, LIQUID FILLED",ORAL,ANDA,ANDA212333,HUMAN PRESCRIPTION DRUG,Retinoid [EPC];Retinoids [CS],0245-0570-01,"3 BLISTER PACK in 1 BOX (0245-0570-01) / 10 CAPSULE, LIQUID FILLED in 1 BLISTER PACK (0245-0570-89)",08529687-26b2-41e5-b6fb-35b4c0d891fe,20210921,,20271231,1
0245-0571,oral,isotretinoin,Isotretinoin,isotretinoin,"Upsher-Smith Laboratories, LLC",ISOTRETINOIN 20 mg/1,isotretinoin 20 mg,"[{""name"":""ISOTRETINOIN"",""strength"":""20 mg/1"",""pct"":null,""display"":""20 mg""}]","CAPSULE, LIQUID FILLED",ORAL,ANDA,ANDA212333,HUMAN PRESCRIPTION DRUG,Retinoid [EPC];Retinoids [CS],0245-0571-01,"3 BLISTER PACK in 1 BOX (0245-0571-01) / 10 CAPSULE, LIQUID FILLED in 1 BLISTER PACK (0245-0571-89)",08529687-26b2-41e5-b6fb-35b4c0d891fe,20210921,,20271231,1
0245-0573,oral,isotretinoin,Isotretinoin,isotretinoin,"Upsher-Smith Laboratories, LLC",ISOTRETINOIN 30 mg/1,isotretinoin 30 mg,"[{""name"":""ISOTRETINOIN"",""strength"":""30 mg/1"",""pct"":null,""display"":""30 mg""}]","CAPSULE, LIQUID FILLED",ORAL,ANDA,ANDA212333,HUMAN PRESCRIPTION DRUG,Retinoid [EPC];Retinoids [CS],0245-0573-01,"3 BLISTER PACK in 1 BOX (0245-0573-01) / 10 CAPSULE, LIQUID FILLED in 1 BLISTER PACK (0245-0573-89)",08529687-26b2-41e5-b6fb-35b4c0d891fe,20210921,,20271231,1
0245-0575,oral,isotretinoin,Isotretinoin,isotretinoin,"Upsher-Smith Laboratories, LLC",ISOTRETINOIN 40 mg/1,isotretinoin 40 mg,"[{""name"":""ISOTRETINOIN"",""strength"":""40 mg/1"",""pct"":null,""display"":""40 mg""}]","CAPSULE, LIQUID FILLED",ORAL,ANDA,ANDA213571,HUMAN PRESCRIPTION DRUG,Retinoid [EPC];Retinoids [CS],0245-0575-01,"3 BLISTER PACK in 1 BOX (0245-0575-01) / 10 CAPSULE, LIQUID FILLED in 1 BLISTER PACK (0245-0575-89)",ff1edbb8-ac0e-4563-9c2a-94385ce055e3,20210412,,20261231,1
0591-2433,oral,isotretinoin,Isotretinoin,isotretinoin,"Actavis Pharma, Inc.",ISOTRETINOIN 10 mg/1,isotretinoin 10 mg,"[{""name"":""ISOTRETINOIN"",""strength"":""10 mg/1"",""pct"":null,""display"":""10 mg""}]",CAPSULE,ORAL,ANDA,ANDA205063,HUMAN PRESCRIPTION DRUG,Retinoid [EPC];Retinoids [CS],0591-2433-15,3 BLISTER PACK in 1 CARTON (0591-2433-15) / 10 CAPSULE in 1 BLISTER PACK (0591-2433-45),1cf11710-f966-4529-8e08-02175f588bca,20210429,,20271231,1
0591-2434,oral,isotretinoin,Isotretinoin,isotretinoin,"Actavis Pharma, Inc.",ISOTRETINOIN 20 mg/1,isotretinoin 20 mg,"[{""name"":""ISOTRETINOIN"",""strength"":""20 mg/1"",""pct"":null,""display"":""20 mg""}]",CAPSULE,ORAL,ANDA,ANDA205063,HUMAN PRESCRIPTION DRUG,Retinoid [EPC];Retinoids [CS],0591-2434-15,3 BLISTER PACK in 1 CARTON (0591-2434-15) / 10 CAPSULE in 1 BLISTER PACK (0591-2434-45),1cf11710-f966-4529-8e08-02175f588bca,20210429,,20271231,1
0591-2435,oral,isotretinoin,Isotretinoin,isotretinoin,"Actavis Pharma, Inc.",ISOTRETINOIN 30 mg/1,isotretinoin 30 mg,"[{""name"":""ISOTRETINOIN"",""strength"":""30 mg/1"",""pct"":null,""display"":""30 mg""}]",CAPSULE,ORAL,ANDA,ANDA205063,HUMAN PRESCRIPTION DRUG,Retinoid [EPC];Retinoids [CS],0591-2435-15,3 BLISTER PACK in 1 CARTON (0591-2435-15) / 10 CAPSULE in 1 BLISTER PACK (0591-2435-45),1cf11710-f966-4529-8e08-02175f588bca,20210429,,20271231,1
0591-2436,oral,isotretinoin,Isotretinoin,isotretinoin,"Actavis Pharma, Inc.",ISOTRETINOIN 40 mg/1,isotretinoin 40 mg,"[{""name"":""ISOTRETINOIN"",""strength"":""40 mg/1"",""pct"":null,""display"":""40 mg""}]",CAPSULE,ORAL,ANDA,ANDA205063,HUMAN PRESCRIPTION DRUG,Retinoid [EPC];Retinoids [CS],0591-2436-15,3 BLISTER PACK in 1 CARTON (0591-2436-15) / 10 CAPSULE in 1 BLISTER PACK (0591-2436-45),1cf11710-f966-4529-8e08-02175f588bca,20210429,,20271231,1
0591-2451,oral,isotretinoin,Isotretinoin,isotretinoin,"Actavis Pharma, Inc.",ISOTRETINOIN 25 mg/1,isotretinoin 25 mg,"[{""name"":""ISOTRETINOIN"",""strength"":""25 mg/1"",""pct"":null,""display"":""25 mg""}]",CAPSULE,ORAL,ANDA,ANDA205063,HUMAN PRESCRIPTION DRUG,Retinoid [EPC];Retinoids [CS],0591-2451-15,3 BLISTER PACK in 1 CARTON (0591-2451-15) / 10 CAPSULE in 1 BLISTER PACK (0591-2451-45),1cf11710-f966-4529-8e08-02175f588bca,20210429,,20271231,1
0591-2501,oral,isotretinoin,Isotretinoin,isotretinoin,"Actavis Pharma, Inc.",ISOTRETINOIN 35 mg/1,isotretinoin 35 mg,"[{""name"":""ISOTRETINOIN"",""strength"":""35 mg/1"",""pct"":null,""display"":""35 mg""}]",CAPSULE,ORAL,ANDA,ANDA205063,HUMAN PRESCRIPTION DRUG,Retinoid [EPC];Retinoids [CS],0591-2501-15,3 BLISTER PACK in 1 CARTON (0591-2501-15) / 10 CAPSULE in 1 BLISTER PACK (0591-2501-45),1cf11710-f966-4529-8e08-02175f588bca,20210429,,20271231,1
0832-8301,oral,isotretinoin,Isotretinoin,isotretinoin,"Upsher-Smith Laboratories, LLC",ISOTRETINOIN 10 mg/1,isotretinoin 10 mg,"[{""name"":""ISOTRETINOIN"",""strength"":""10 mg/1"",""pct"":null,""display"":""10 mg""}]","CAPSULE, LIQUID FILLED",ORAL,ANDA,ANDA076485,HUMAN PRESCRIPTION DRUG,Retinoid [EPC];Retinoids [CS],0832-8301-30,"3 BLISTER PACK in 1 BOX (0832-8301-30) / 10 CAPSULE, LIQUID FILLED in 1 BLISTER PACK (0832-8301-89)",c369e1c3-90c5-4768-9741-56c62253a2c4,20120501,,20271231,1
0832-8302,oral,isotretinoin,Isotretinoin,isotretinoin,"Upsher-Smith Laboratories, LLC",ISOTRETINOIN 20 mg/1,isotretinoin 20 mg,"[{""name"":""ISOTRETINOIN"",""strength"":""20 mg/1"",""pct"":null,""display"":""20 mg""}]","CAPSULE, LIQUID FILLED",ORAL,ANDA,ANDA076485,HUMAN PRESCRIPTION DRUG,Retinoid [EPC];Retinoids [CS],0832-8302-30,"3 BLISTER PACK in 1 BOX (0832-8302-30) / 10 CAPSULE, LIQUID FILLED in 1 BLISTER PACK (0832-8302-89)",c369e1c3-90c5-4768-9741-56c62253a2c4,20120501,,20271231,1
0832-8303,oral,isotretinoin,Isotretinoin,isotretinoin,"Upsher-Smith Laboratories, LLC",ISOTRETINOIN 30 mg/1,isotretinoin 30 mg,"[{""name"":""ISOTRETINOIN"",""strength"":""30 mg/1"",""pct"":null,""display"":""30 mg""}]","CAPSULE, LIQUID FILLED",ORAL,ANDA,ANDA076485,HUMAN PRESCRIPTION DRUG,Retinoid [EPC];Retinoids [CS],0832-8303-30,"3 BLISTER PACK in 1 BOX (0832-8303-30) / 10 CAPSULE, LIQUID FILLED in 1 BLISTER PACK (0832-8303-89)",c369e1c3-90c5-4768-9741-56c62253a2c4,20150826,,20271231,1
0832-8304,oral,isotretinoin,Isotretinoin,isotretinoin,"Upsher-Smith Laboratories, LLC",ISOTRETINOIN 40 mg/1,isotretinoin 40 mg,"[{""name"":""ISOTRETINOIN"",""strength"":""40 mg/1"",""pct"":null,""display"":""40 mg""}]","CAPSULE, LIQUID FILLED",ORAL,ANDA,ANDA076485,HUMAN PRESCRIPTION DRUG,Retinoid [EPC];Retinoids [CS],0832-8304-30,"3 BLISTER PACK in 1 BOX (0832-8304-30) / 10 CAPSULE, LIQUID FILLED in 1 BLISTER PACK (0832-8304-89)",c369e1c3-90c5-4768-9741-56c62253a2c4,20120501,,20271231,1
57664-020,oral,isotretinoin,Isotretinoin,isotretinoin,"Sun Pharmaceutical Industries, Inc.",ISOTRETINOIN 10 mg/1,isotretinoin 10 mg,"[{""name"":""ISOTRETINOIN"",""strength"":""10 mg/1"",""pct"":null,""display"":""10 mg""}]",CAPSULE,ORAL,NDA AUTHORIZED GENERIC,NDA021951,HUMAN PRESCRIPTION DRUG,Retinoid [EPC];Retinoids [CS],57664-020-97,3 BLISTER PACK in 1 BOX (57664-020-97) / 10 CAPSULE in 1 BLISTER PACK (57664-020-98),b44200ba-6672-4ea7-b151-7caec3f53c9c,20201229,,20261231,1
57664-021,oral,isotretinoin,Isotretinoin,isotretinoin,"Sun Pharmaceutical Industries, Inc.",ISOTRETINOIN 20 mg/1,isotretinoin 20 mg,"[{""name"":""ISOTRETINOIN"",""strength"":""20 mg/1"",""pct"":null,""display"":""20 mg""}]",CAPSULE,ORAL,NDA AUTHORIZED GENERIC,NDA021951,HUMAN PRESCRIPTION DRUG,Retinoid [EPC];Retinoids [CS],57664-021-97,3 BLISTER PACK in 1 BOX (57664-021-97) / 10 CAPSULE in 1 BLISTER PACK (57664-021-98),b44200ba-6672-4ea7-b151-7caec3f53c9c,20201229,,20261231,1
57664-022,oral,isotretinoin,Isotretinoin,isotretinoin,"Sun Pharmaceutical Industries, Inc.",ISOTRETINOIN 25 mg/1,isotretinoin 25 mg,"[{""name"":""ISOTRETINOIN"",""strength"":""25 mg/1"",""pct"":null,""display"":""25 mg""}]",CAPSULE,ORAL,NDA AUTHORIZED GENERIC,NDA021951,HUMAN PRESCRIPTION DRUG,Retinoid [EPC];Retinoids [CS],57664-022-97,3 BLISTER PACK in 1 BOX (57664-022-97) / 10 CAPSULE in 1 BLISTER PACK (57664-022-98),b44200ba-6672-4ea7-b151-7caec3f53c9c,20201229,,20261231,1
57664-023,oral,isotretinoin,Isotretinoin,isotretinoin,"Sun Pharmaceutical Industries, Inc.",ISOTRETINOIN 30 mg/1,isotretinoin 30 mg,"[{""name"":""ISOTRETINOIN"",""strength"":""30 mg/1"",""pct"":null,""display"":""30 mg""}]",CAPSULE,ORAL,NDA AUTHORIZED GENERIC,NDA021951,HUMAN PRESCRIPTION DRUG,Retinoid [EPC];Retinoids [CS],57664-023-97,3 BLISTER PACK in 1 BOX (57664-023-97) / 10 CAPSULE in 1 BLISTER PACK (57664-023-98),b44200ba-6672-4ea7-b151-7caec3f53c9c,20201229,,20261231,1
57664-024,oral,isotretinoin,Isotretinoin,isotretinoin,"Sun Pharmaceutical Industries, Inc.",ISOTRETINOIN 35 mg/1,isotretinoin 35 mg,"[{""name"":""ISOTRETINOIN"",""strength"":""35 mg/1"",""pct"":null,""display"":""35 mg""}]",CAPSULE,ORAL,NDA AUTHORIZED GENERIC,NDA021951,HUMAN PRESCRIPTION DRUG,Retinoid [EPC];Retinoids [CS],57664-024-97,3 BLISTER PACK in 1 BOX (57664-024-97) / 10 CAPSULE in 1 BLISTER PACK (57664-024-98),b44200ba-6672-4ea7-b151-7caec3f53c9c,20201229,,20261231,1
57664-025,oral,isotretinoin,Isotretinoin,isotretinoin,"Sun Pharmaceutical Industries, Inc.",ISOTRETINOIN 40 mg/1,isotretinoin 40 mg,"[{""name"":""ISOTRETINOIN"",""strength"":""40 mg/1"",""pct"":null,""display"":""40 mg""}]",CAPSULE,ORAL,NDA AUTHORIZED GENERIC,NDA021951,HUMAN PRESCRIPTION DRUG,Retinoid [EPC];Retinoids [CS],57664-025-97,3 BLISTER PACK in 1 BOX (57664-025-97) / 10 CAPSULE in 1 BLISTER PACK (57664-025-98),b44200ba-6672-4ea7-b151-7caec3f53c9c,20201229,,20261231,1
68308-570,oral,isotretinoin,Isotretinoin,isotretinoin,Mayne Pharma,ISOTRETINOIN 10 mg/1,isotretinoin 10 mg,"[{""name"":""ISOTRETINOIN"",""strength"":""10 mg/1"",""pct"":null,""display"":""10 mg""}]","CAPSULE, LIQUID FILLED",ORAL,ANDA,ANDA212333,HUMAN PRESCRIPTION DRUG,Retinoid [EPC];Retinoids [CS],68308-570-30,"3 BLISTER PACK in 1 BOX (68308-570-30) / 10 CAPSULE, LIQUID FILLED in 1 BLISTER PACK (68308-570-01)",ebe1b3e3-1013-4cf6-bdc8-2baa3dc26e16,20210921,,20261231,1
68308-571,oral,isotretinoin,Isotretinoin,isotretinoin,Mayne Pharma,ISOTRETINOIN 20 mg/1,isotretinoin 20 mg,"[{""name"":""ISOTRETINOIN"",""strength"":""20 mg/1"",""pct"":null,""display"":""20 mg""}]","CAPSULE, LIQUID FILLED",ORAL,ANDA,ANDA212333,HUMAN PRESCRIPTION DRUG,Retinoid [EPC];Retinoids [CS],68308-571-30,"3 BLISTER PACK in 1 BOX (68308-571-30) / 10 CAPSULE, LIQUID FILLED in 1 BLISTER PACK (68308-571-01)",ebe1b3e3-1013-4cf6-bdc8-2baa3dc26e16,20210921,,20261231,1
68308-573,oral,isotretinoin,Isotretinoin,isotretinoin,Mayne Pharma,ISOTRETINOIN 30 mg/1,isotretinoin 30 mg,"[{""name"":""ISOTRETINOIN"",""strength"":""30 mg/1"",""pct"":null,""display"":""30 mg""}]","CAPSULE, LIQUID FILLED",ORAL,ANDA,ANDA212333,HUMAN PRESCRIPTION DRUG,Retinoid [EPC];Retinoids [CS],68308-573-30,"3 BLISTER PACK in 1 BOX (68308-573-30) / 10 CAPSULE, LIQUID FILLED in 1 BLISTER PACK (68308-573-01)",ebe1b3e3-1013-4cf6-bdc8-2baa3dc26e16,20210921,,20261231,1
68308-575,oral,isotretinoin,Isotretinoin,isotretinoin,Mayne Pharma,ISOTRETINOIN 40 mg/1,isotretinoin 40 mg,"[{""name"":""ISOTRETINOIN"",""strength"":""40 mg/1"",""pct"":null,""display"":""40 mg""}]","CAPSULE, LIQUID FILLED",ORAL,ANDA,ANDA213571,HUMAN PRESCRIPTION DRUG,Retinoid [EPC];Retinoids [CS],68308-575-30,"3 BLISTER PACK in 1 BOX (68308-575-30) / 10 CAPSULE, LIQUID FILLED in 1 BLISTER PACK (68308-575-01)",72867c88-070f-4608-bfef-cc5225ebce6d,20210903,,20261231,1
68308-781,oral,isotretinoin,Isotretinoin,isotretinoin,Mayne Pharma,ISOTRETINOIN 10 mg/1,isotretinoin 10 mg,"[{""name"":""ISOTRETINOIN"",""strength"":""10 mg/1"",""pct"":null,""display"":""10 mg""}]","CAPSULE, LIQUID FILLED",ORAL,ANDA,ANDA076485,HUMAN PRESCRIPTION DRUG,Retinoid [EPC];Retinoids [CS],68308-781-30,"3 BLISTER PACK in 1 BOX (68308-781-30) / 10 CAPSULE, LIQUID FILLED in 1 BLISTER PACK (68308-781-01)",0114567b-3bac-490d-b9eb-03a6c5d90935,20120501,,20261231,1
68308-782,oral,isotretinoin,Isotretinoin,isotretinoin,Mayne Pharma,ISOTRETINOIN 20 mg/1,isotretinoin 20 mg,"[{""name"":""ISOTRETINOIN"",""strength"":""20 mg/1"",""pct"":null,""display"":""20 mg""}]","CAPSULE, LIQUID FILLED",ORAL,ANDA,ANDA076485,HUMAN PRESCRIPTION DRUG,Retinoid [EPC];Retinoids [CS],68308-782-30,"3 BLISTER PACK in 1 BOX (68308-782-30) / 10 CAPSULE, LIQUID FILLED in 1 BLISTER PACK (68308-782-01)",0114567b-3bac-490d-b9eb-03a6c5d90935,20120501,,20261231,1
68308-783,oral,isotretinoin,Isotretinoin,isotretinoin,Mayne Pharma,ISOTRETINOIN 30 mg/1,isotretinoin 30 mg,"[{""name"":""ISOTRETINOIN"",""strength"":""30 mg/1"",""pct"":null,""display"":""30 mg""}]","CAPSULE, LIQUID FILLED",ORAL,ANDA,ANDA076485,HUMAN PRESCRIPTION DRUG,Retinoid [EPC];Retinoids [CS],68308-783-30,"3 BLISTER PACK in 1 BOX (68308-783-30) / 10 CAPSULE, LIQUID FILLED in 1 BLISTER PACK (68308-783-01)",0114567b-3bac-490d-b9eb-03a6c5d90935,20120501,,20261231,1
68308-784,oral,isotretinoin,Isotretinoin,isotretinoin,Mayne Pharma,ISOTRETINOIN 40 mg/1,isotretinoin 40 mg,"[{""name"":""ISOTRETINOIN"",""strength"":""40 mg/1"",""pct"":null,""display"":""40 mg""}]","CAPSULE, LIQUID FILLED",ORAL,ANDA,ANDA076485,HUMAN PRESCRIPTION DRUG,Retinoid [EPC];Retinoids [CS],68308-784-30,"3 BLISTER PACK in 1 BOX (68308-784-30) / 10 CAPSULE, LIQUID FILLED in 1 BLISTER PACK (68308-784-01)",0114567b-3bac-490d-b9eb-03a6c5d90935,20120501,,20261231,1
69238-1017,oral,isotretinoin,Isotretinoin,isotretinoin,Amneal Pharmaceuticals LLC,ISOTRETINOIN 30 mg/1,isotretinoin 30 mg,"[{""name"":""ISOTRETINOIN"",""strength"":""30 mg/1"",""pct"":null,""display"":""30 mg""}]","CAPSULE, LIQUID FILLED",ORAL,ANDA,ANDA207792,HUMAN PRESCRIPTION DRUG,Retinoid [EPC];Retinoids [CS],69238-1017-3,"3 BLISTER PACK in 1 CARTON (69238-1017-3) / 10 CAPSULE, LIQUID FILLED in 1 BLISTER PACK (69238-1017-1)",c2917c3d-3499-48a0-ba53-120cb979195d,20171002,,20271231,1
69238-1174,oral,isotretinoin,Isotretinoin,isotretinoin,Amneal Pharmaceuticals LLC,ISOTRETINOIN 10 mg/1,isotretinoin 10 mg,"[{""name"":""ISOTRETINOIN"",""strength"":""10 mg/1"",""pct"":null,""display"":""10 mg""}]","CAPSULE, LIQUID FILLED",ORAL,ANDA,ANDA207792,HUMAN PRESCRIPTION DRUG,Retinoid [EPC];Retinoids [CS],69238-1174-3,"3 BLISTER PACK in 1 CARTON (69238-1174-3) / 10 CAPSULE, LIQUID FILLED in 1 BLISTER PACK (69238-1174-1)",c2917c3d-3499-48a0-ba53-120cb979195d,20171002,,20271231,1
69238-1175,oral,isotretinoin,Isotretinoin,isotretinoin,Amneal Pharmaceuticals LLC,ISOTRETINOIN 20 mg/1,isotretinoin 20 mg,"[{""name"":""ISOTRETINOIN"",""strength"":""20 mg/1"",""pct"":null,""display"":""20 mg""}]","CAPSULE, LIQUID FILLED",ORAL,ANDA,ANDA207792,HUMAN PRESCRIPTION DRUG,Retinoid [EPC];Retinoids [CS],69238-1175-3,"3 BLISTER PACK in 1 CARTON (69238-1175-3) / 10 CAPSULE, LIQUID FILLED in 1 BLISTER PACK (69238-1175-1)",c2917c3d-3499-48a0-ba53-120cb979195d,20171002,,20271231,1
69238-1176,oral,isotretinoin,Isotretinoin,isotretinoin,Amneal Pharmaceuticals LLC,ISOTRETINOIN 40 mg/1,isotretinoin 40 mg,"[{""name"":""ISOTRETINOIN"",""strength"":""40 mg/1"",""pct"":null,""display"":""40 mg""}]","CAPSULE, LIQUID FILLED",ORAL,ANDA,ANDA207792,HUMAN PRESCRIPTION DRUG,Retinoid [EPC];Retinoids [CS],69238-1176-3,"3 BLISTER PACK in 1 CARTON (69238-1176-3) / 10 CAPSULE, LIQUID FILLED in 1 BLISTER PACK (69238-1176-1)",c2917c3d-3499-48a0-ba53-120cb979195d,20171002,,20271231,1
69238-1254,oral,isotretinoin,Isotretinoin,isotretinoin,Amneal Pharmaceuticals NY LLC,ISOTRETINOIN 10 mg/1,isotretinoin 10 mg,"[{""name"":""ISOTRETINOIN"",""strength"":""10 mg/1"",""pct"":null,""display"":""10 mg""}]",CAPSULE,ORAL,ANDA,ANDA216097,HUMAN PRESCRIPTION DRUG,Retinoid [EPC];Retinoids [CS],69238-1254-3,3 BLISTER PACK in 1 BOX (69238-1254-3) / 10 CAPSULE in 1 BLISTER PACK (69238-1254-4),9f1c8971-c6dc-4708-848b-5cee50b6c32a,20251010,,20261231,1
69238-1255,oral,isotretinoin,Isotretinoin,isotretinoin,Amneal Pharmaceuticals NY LLC,ISOTRETINOIN 20 mg/1,isotretinoin 20 mg,"[{""name"":""ISOTRETINOIN"",""strength"":""20 mg/1"",""pct"":null,""display"":""20 mg""}]",CAPSULE,ORAL,ANDA,ANDA216097,HUMAN PRESCRIPTION DRUG,Retinoid [EPC];Retinoids [CS],69238-1255-3,3 BLISTER PACK in 1 BOX (69238-1255-3) / 10 CAPSULE in 1 BLISTER PACK (69238-1255-4),9f1c8971-c6dc-4708-848b-5cee50b6c32a,20251010,,20261231,1
69238-1256,oral,isotretinoin,Isotretinoin,isotretinoin,Amneal Pharmaceuticals NY LLC,ISOTRETINOIN 25 mg/1,isotretinoin 25 mg,"[{""name"":""ISOTRETINOIN"",""strength"":""25 mg/1"",""pct"":null,""display"":""25 mg""}]",CAPSULE,ORAL,ANDA,ANDA216097,HUMAN PRESCRIPTION DRUG,Retinoid [EPC];Retinoids [CS],69238-1256-3,3 BLISTER PACK in 1 BOX (69238-1256-3) / 10 CAPSULE in 1 BLISTER PACK (69238-1256-4),9f1c8971-c6dc-4708-848b-5cee50b6c32a,20251010,,20261231,1
69238-1257,oral,isotretinoin,Isotretinoin,isotretinoin,Amneal Pharmaceuticals NY LLC,ISOTRETINOIN 30 mg/1,isotretinoin 30 mg,"[{""name"":""ISOTRETINOIN"",""strength"":""30 mg/1"",""pct"":null,""display"":""30 mg""}]",CAPSULE,ORAL,ANDA,ANDA216097,HUMAN PRESCRIPTION DRUG,Retinoid [EPC];Retinoids [CS],69238-1257-3,3 BLISTER PACK in 1 BOX (69238-1257-3) / 10 CAPSULE in 1 BLISTER PACK (69238-1257-4),9f1c8971-c6dc-4708-848b-5cee50b6c32a,20251010,,20261231,1
69238-1258,oral,isotretinoin,Isotretinoin,isotretinoin,Amneal Pharmaceuticals NY LLC,ISOTRETINOIN 35 mg/1,isotretinoin 35 mg,"[{""name"":""ISOTRETINOIN"",""strength"":""35 mg/1"",""pct"":null,""display"":""35 mg""}]",CAPSULE,ORAL,ANDA,ANDA216097,HUMAN PRESCRIPTION DRUG,Retinoid [EPC];Retinoids [CS],69238-1258-3,3 BLISTER PACK in 1 BOX (69238-1258-3) / 10 CAPSULE in 1 BLISTER PACK (69238-1258-4),9f1c8971-c6dc-4708-848b-5cee50b6c32a,20251010,,20261231,1
69238-1259,oral,isotretinoin,Isotretinoin,isotretinoin,Amneal Pharmaceuticals NY LLC,ISOTRETINOIN 40 mg/1,isotretinoin 40 mg,"[{""name"":""ISOTRETINOIN"",""strength"":""40 mg/1"",""pct"":null,""display"":""40 mg""}]",CAPSULE,ORAL,ANDA,ANDA216097,HUMAN PRESCRIPTION DRUG,Retinoid [EPC];Retinoids [CS],69238-1259-3,3 BLISTER PACK in 1 BOX (69238-1259-3) / 10 CAPSULE in 1 BLISTER PACK (69238-1259-4),9f1c8971-c6dc-4708-848b-5cee50b6c32a,20251010,,20261231,1
70710-1022,oral,isotretinoin,Isotretinoin,isotretinoin,Zydus Pharmaceuticals USA Inc.,ISOTRETINOIN 10 mg/1,isotretinoin 10 mg,"[{""name"":""ISOTRETINOIN"",""strength"":""10 mg/1"",""pct"":null,""display"":""10 mg""}]",CAPSULE,ORAL,ANDA,ANDA211568,HUMAN PRESCRIPTION DRUG,Retinoid [EPC];Retinoids [CS],70710-1022-4;70710-1022-8,10 BLISTER PACK in 1 CARTON (70710-1022-4) / 10 CAPSULE in 1 BLISTER PACK | 3 BLISTER PACK in 1 CARTON (70710-1022-8) / 10 CAPSULE in 1 BLISTER PACK,28948c32-a598-4bb5-bdb5-efbd87214d98,20230912,,20271231,1
70710-1023,oral,isotretinoin,Isotretinoin,isotretinoin,Zydus Pharmaceuticals USA Inc.,ISOTRETINOIN 20 mg/1,isotretinoin 20 mg,"[{""name"":""ISOTRETINOIN"",""strength"":""20 mg/1"",""pct"":null,""display"":""20 mg""}]",CAPSULE,ORAL,ANDA,ANDA211568,HUMAN PRESCRIPTION DRUG,Retinoid [EPC];Retinoids [CS],70710-1023-4;70710-1023-8,10 BLISTER PACK in 1 CARTON (70710-1023-4) / 10 CAPSULE in 1 BLISTER PACK | 3 BLISTER PACK in 1 CARTON (70710-1023-8) / 10 CAPSULE in 1 BLISTER PACK,28948c32-a598-4bb5-bdb5-efbd87214d98,20230912,,20271231,1
70710-1024,oral,isotretinoin,Isotretinoin,isotretinoin,Zydus Pharmaceuticals USA Inc.,ISOTRETINOIN 30 mg/1,isotretinoin 30 mg,"[{""name"":""ISOTRETINOIN"",""strength"":""30 mg/1"",""pct"":null,""display"":""30 mg""}]",CAPSULE,ORAL,ANDA,ANDA211568,HUMAN PRESCRIPTION DRUG,Retinoid [EPC];Retinoids [CS],70710-1024-8,3 BLISTER PACK in 1 CARTON (70710-1024-8) / 10 CAPSULE in 1 BLISTER PACK,28948c32-a598-4bb5-bdb5-efbd87214d98,20230912,,20271231,1
70710-1025,oral,isotretinoin,Isotretinoin,isotretinoin,Zydus Pharmaceuticals USA Inc.,ISOTRETINOIN 40 mg/1,isotretinoin 40 mg,"[{""name"":""ISOTRETINOIN"",""strength"":""40 mg/1"",""pct"":null,""display"":""40 mg""}]",CAPSULE,ORAL,ANDA,ANDA211568,HUMAN PRESCRIPTION DRUG,Retinoid [EPC];Retinoids [CS],70710-1025-4;70710-1025-8,10 BLISTER PACK in 1 CARTON (70710-1025-4) / 10 CAPSULE in 1 BLISTER PACK | 3 BLISTER PACK in 1 CARTON (70710-1025-8) / 10 CAPSULE in 1 BLISTER PACK,28948c32-a598-4bb5-bdb5-efbd87214d98,20230912,,20271231,1
70710-1574,oral,isotretinoin,Isotretinoin,isotretinoin,Zydus Pharmaceuticals USA Inc.,ISOTRETINOIN 10 mg/1,isotretinoin 10 mg,"[{""name"":""ISOTRETINOIN"",""strength"":""10 mg/1"",""pct"":null,""display"":""10 mg""}]",CAPSULE,ORAL,ANDA,ANDA216633,HUMAN PRESCRIPTION DRUG,Retinoid [EPC];Retinoids [CS],70710-1574-8,3 BLISTER PACK in 1 CARTON (70710-1574-8) / 10 CAPSULE in 1 BLISTER PACK (70710-1574-2),31f62a49-4c6d-4ce3-a0ca-d159562370b1,20250609,,20271231,1
70710-1575,oral,isotretinoin,Isotretinoin,isotretinoin,Zydus Pharmaceuticals USA Inc.,ISOTRETINOIN 20 mg/1,isotretinoin 20 mg,"[{""name"":""ISOTRETINOIN"",""strength"":""20 mg/1"",""pct"":null,""display"":""20 mg""}]",CAPSULE,ORAL,ANDA,ANDA216633,HUMAN PRESCRIPTION DRUG,Retinoid [EPC];Retinoids [CS],70710-1575-8,3 BLISTER PACK in 1 CARTON (70710-1575-8) / 10 CAPSULE in 1 BLISTER PACK (70710-1575-2),31f62a49-4c6d-4ce3-a0ca-d159562370b1,20250609,,20271231,1
70710-1576,oral,isotretinoin,Isotretinoin,isotretinoin,Zydus Pharmaceuticals USA Inc.,ISOTRETINOIN 25 mg/1,isotretinoin 25 mg,"[{""name"":""ISOTRETINOIN"",""strength"":""25 mg/1"",""pct"":null,""display"":""25 mg""}]",CAPSULE,ORAL,ANDA,ANDA216633,HUMAN PRESCRIPTION DRUG,Retinoid [EPC];Retinoids [CS],70710-1576-8,3 BLISTER PACK in 1 CARTON (70710-1576-8) / 10 CAPSULE in 1 BLISTER PACK (70710-1576-2),31f62a49-4c6d-4ce3-a0ca-d159562370b1,20250609,,20271231,1
70710-1577,oral,isotretinoin,Isotretinoin,isotretinoin,Zydus Pharmaceuticals USA Inc.,ISOTRETINOIN 30 mg/1,isotretinoin 30 mg,"[{""name"":""ISOTRETINOIN"",""strength"":""30 mg/1"",""pct"":null,""display"":""30 mg""}]",CAPSULE,ORAL,ANDA,ANDA216633,HUMAN PRESCRIPTION DRUG,Retinoid [EPC];Retinoids [CS],70710-1577-8,3 BLISTER PACK in 1 CARTON (70710-1577-8) / 10 CAPSULE in 1 BLISTER PACK (70710-1577-2),31f62a49-4c6d-4ce3-a0ca-d159562370b1,20250609,,20271231,1
70710-1578,oral,isotretinoin,Isotretinoin,isotretinoin,Zydus Pharmaceuticals USA Inc.,ISOTRETINOIN 35 mg/1,isotretinoin 35 mg,"[{""name"":""ISOTRETINOIN"",""strength"":""35 mg/1"",""pct"":null,""display"":""35 mg""}]",CAPSULE,ORAL,ANDA,ANDA216633,HUMAN PRESCRIPTION DRUG,Retinoid [EPC];Retinoids [CS],70710-1578-8,3 BLISTER PACK in 1 CARTON (70710-1578-8) / 10 CAPSULE in 1 BLISTER PACK (70710-1578-2),31f62a49-4c6d-4ce3-a0ca-d159562370b1,20250609,,20271231,1
70710-1579,oral,isotretinoin,Isotretinoin,isotretinoin,Zydus Pharmaceuticals USA Inc.,ISOTRETINOIN 40 mg/1,isotretinoin 40 mg,"[{""name"":""ISOTRETINOIN"",""strength"":""40 mg/1"",""pct"":null,""display"":""40 mg""}]",CAPSULE,ORAL,ANDA,ANDA216633,HUMAN PRESCRIPTION DRUG,Retinoid [EPC];Retinoids [CS],70710-1579-8,3 BLISTER PACK in 1 CARTON (70710-1579-8) / 10 CAPSULE in 1 BLISTER PACK (70710-1579-2),31f62a49-4c6d-4ce3-a0ca-d159562370b1,20250609,,20271231,1
70771-1557,oral,isotretinoin,Isotretinoin,isotretinoin,Zydus Lifesciences Limited,ISOTRETINOIN 10 mg/1,isotretinoin 10 mg,"[{""name"":""ISOTRETINOIN"",""strength"":""10 mg/1"",""pct"":null,""display"":""10 mg""}]",CAPSULE,ORAL,ANDA,ANDA211568,HUMAN PRESCRIPTION DRUG,Retinoid [EPC];Retinoids [CS],70771-1557-4;70771-1557-8,10 BLISTER PACK in 1 CARTON (70771-1557-4) / 10 CAPSULE in 1 BLISTER PACK | 3 BLISTER PACK in 1 CARTON (70771-1557-8) / 10 CAPSULE in 1 BLISTER PACK,dae33df0-386c-4db5-9759-7096e770ed17,20230912,,20261231,1
70771-1558,oral,isotretinoin,Isotretinoin,isotretinoin,Zydus Lifesciences Limited,ISOTRETINOIN 20 mg/1,isotretinoin 20 mg,"[{""name"":""ISOTRETINOIN"",""strength"":""20 mg/1"",""pct"":null,""display"":""20 mg""}]",CAPSULE,ORAL,ANDA,ANDA211568,HUMAN PRESCRIPTION DRUG,Retinoid [EPC];Retinoids [CS],70771-1558-4;70771-1558-8,10 BLISTER PACK in 1 CARTON (70771-1558-4) / 10 CAPSULE in 1 BLISTER PACK | 3 BLISTER PACK in 1 CARTON (70771-1558-8) / 10 CAPSULE in 1 BLISTER PACK,dae33df0-386c-4db5-9759-7096e770ed17,20230912,,20261231,1
70771-1559,oral,isotretinoin,Isotretinoin,isotretinoin,Zydus Lifesciences Limited,ISOTRETINOIN 30 mg/1,isotretinoin 30 mg,"[{""name"":""ISOTRETINOIN"",""strength"":""30 mg/1"",""pct"":null,""display"":""30 mg""}]",CAPSULE,ORAL,ANDA,ANDA211568,HUMAN PRESCRIPTION DRUG,Retinoid [EPC];Retinoids [CS],70771-1559-8,3 BLISTER PACK in 1 CARTON (70771-1559-8) / 10 CAPSULE in 1 BLISTER PACK,dae33df0-386c-4db5-9759-7096e770ed17,20230912,,20261231,1
70771-1560,oral,isotretinoin,Isotretinoin,isotretinoin,Zydus Lifesciences Limited,ISOTRETINOIN 40 mg/1,isotretinoin 40 mg,"[{""name"":""ISOTRETINOIN"",""strength"":""40 mg/1"",""pct"":null,""display"":""40 mg""}]",CAPSULE,ORAL,ANDA,ANDA211568,HUMAN PRESCRIPTION DRUG,Retinoid [EPC];Retinoids [CS],70771-1560-4;70771-1560-8,10 BLISTER PACK in 1 CARTON (70771-1560-4) / 10 CAPSULE in 1 BLISTER PACK | 3 BLISTER PACK in 1 CARTON (70771-1560-8) / 10 CAPSULE in 1 BLISTER PACK,dae33df0-386c-4db5-9759-7096e770ed17,20230912,,20261231,1
70771-1662,oral,isotretinoin,Isotretinoin,isotretinoin,Zydus Lifesciences Limited,ISOTRETINOIN 10 mg/1,isotretinoin 10 mg,"[{""name"":""ISOTRETINOIN"",""strength"":""10 mg/1"",""pct"":null,""display"":""10 mg""}]",CAPSULE,ORAL,ANDA,ANDA216633,HUMAN PRESCRIPTION DRUG,Retinoid [EPC];Retinoids [CS],70771-1662-8,3 BLISTER PACK in 1 CARTON (70771-1662-8) / 10 CAPSULE in 1 BLISTER PACK (70771-1662-2),245898e5-3a61-4d6a-8375-8b3a8b7364ac,20250609,,20261231,1
70771-1663,oral,isotretinoin,Isotretinoin,isotretinoin,Zydus Lifesciences Limited,ISOTRETINOIN 20 mg/1,isotretinoin 20 mg,"[{""name"":""ISOTRETINOIN"",""strength"":""20 mg/1"",""pct"":null,""display"":""20 mg""}]",CAPSULE,ORAL,ANDA,ANDA216633,HUMAN PRESCRIPTION DRUG,Retinoid [EPC];Retinoids [CS],70771-1663-8,3 BLISTER PACK in 1 CARTON (70771-1663-8) / 10 CAPSULE in 1 BLISTER PACK (70771-1663-2),245898e5-3a61-4d6a-8375-8b3a8b7364ac,20250609,,20261231,1
70771-1664,oral,isotretinoin,Isotretinoin,isotretinoin,Zydus Lifesciences Limited,ISOTRETINOIN 25 mg/1,isotretinoin 25 mg,"[{""name"":""ISOTRETINOIN"",""strength"":""25 mg/1"",""pct"":null,""display"":""25 mg""}]",CAPSULE,ORAL,ANDA,ANDA216633,HUMAN PRESCRIPTION DRUG,Retinoid [EPC];Retinoids [CS],70771-1664-8,3 BLISTER PACK in 1 CARTON (70771-1664-8) / 10 CAPSULE in 1 BLISTER PACK (70771-1664-2),245898e5-3a61-4d6a-8375-8b3a8b7364ac,20250609,,20261231,1
70771-1665,oral,isotretinoin,Isotretinoin,isotretinoin,Zydus Lifesciences Limited,ISOTRETINOIN 30 mg/1,isotretinoin 30 mg,"[{""name"":""ISOTRETINOIN"",""strength"":""30 mg/1"",""pct"":null,""display"":""30 mg""}]",CAPSULE,ORAL,ANDA,ANDA216633,HUMAN PRESCRIPTION DRUG,Retinoid [EPC];Retinoids [CS],70771-1665-8,3 BLISTER PACK in 1 CARTON (70771-1665-8) / 10 CAPSULE in 1 BLISTER PACK (70771-1665-2),245898e5-3a61-4d6a-8375-8b3a8b7364ac,20250609,,20261231,1
70771-1666,oral,isotretinoin,Isotretinoin,isotretinoin,Zydus Lifesciences Limited,ISOTRETINOIN 35 mg/1,isotretinoin 35 mg,"[{""name"":""ISOTRETINOIN"",""strength"":""35 mg/1"",""pct"":null,""display"":""35 mg""}]",CAPSULE,ORAL,ANDA,ANDA216633,HUMAN PRESCRIPTION DRUG,Retinoid [EPC];Retinoids [CS],70771-1666-8,3 BLISTER PACK in 1 CARTON (70771-1666-8) / 10 CAPSULE in 1 BLISTER PACK (70771-1666-2),245898e5-3a61-4d6a-8375-8b3a8b7364ac,20250609,,20261231,1
70771-1667,oral,isotretinoin,Isotretinoin,isotretinoin,Zydus Lifesciences Limited,ISOTRETINOIN 40 mg/1,isotretinoin 40 mg,"[{""name"":""ISOTRETINOIN"",""strength"":""40 mg/1"",""pct"":null,""display"":""40 mg""}]",CAPSULE,ORAL,ANDA,ANDA216633,HUMAN PRESCRIPTION DRUG,Retinoid [EPC];Retinoids [CS],70771-1667-8,3 BLISTER PACK in 1 CARTON (70771-1667-8) / 10 CAPSULE in 1 BLISTER PACK (70771-1667-2),245898e5-3a61-4d6a-8375-8b3a8b7364ac,20250609,,20261231,1
84386-009,oral,isotretinoin,Isotretinoin,isotretinoin,Aurobindo Pharma Limited,ISOTRETINOIN 20 mg/1,isotretinoin 20 mg,"[{""name"":""ISOTRETINOIN"",""strength"":""20 mg/1"",""pct"":null,""display"":""20 mg""}]",CAPSULE,ORAL,ANDA,ANDA220336,HUMAN PRESCRIPTION DRUG,Retinoid [EPC];Retinoids [CS],84386-009-03,3 BLISTER PACK in 1 CARTON (84386-009-03) / 10 CAPSULE in 1 BLISTER PACK,,20260910,,20271231,1
84386-010,oral,isotretinoin,Isotretinoin,isotretinoin,Aurobindo Pharma Limited,ISOTRETINOIN 30 mg/1,isotretinoin 30 mg,"[{""name"":""ISOTRETINOIN"",""strength"":""30 mg/1"",""pct"":null,""display"":""30 mg""}]",CAPSULE,ORAL,ANDA,ANDA220336,HUMAN PRESCRIPTION DRUG,Retinoid [EPC];Retinoids [CS],84386-010-03,3 BLISTER PACK in 1 CARTON (84386-010-03) / 10 CAPSULE in 1 BLISTER PACK,,20260910,,20271231,1
84386-011,oral,isotretinoin,Isotretinoin,isotretinoin,Aurobindo Pharma Limited,ISOTRETINOIN 40 mg/1,isotretinoin 40 mg,"[{""name"":""ISOTRETINOIN"",""strength"":""40 mg/1"",""pct"":null,""display"":""40 mg""}]",CAPSULE,ORAL,ANDA,ANDA220336,HUMAN PRESCRIPTION DRUG,Retinoid [EPC];Retinoids [CS],84386-011-03,3 BLISTER PACK in 1 CARTON (84386-011-03) / 10 CAPSULE in 1 BLISTER PACK,,20260910,,20271231,1
55111-113,oral,isotretinoin,ZENATANE,isotretinoin,Dr. Reddy's Laboratories Limited,ISOTRETINOIN 30 mg/1,isotretinoin 30 mg,"[{""name"":""ISOTRETINOIN"",""strength"":""30 mg/1"",""pct"":null,""display"":""30 mg""}]","CAPSULE, GELATIN COATED",ORAL,ANDA,ANDA202099,HUMAN PRESCRIPTION DRUG,Retinoid [EPC];Retinoids [CS],55111-113-78;55111-113-81,"10 BLISTER PACK in 1 CARTON (55111-113-78) / 10 CAPSULE, GELATIN COATED in 1 BLISTER PACK (55111-113-79) | 3 BLISTER PACK in 1 CARTON (55111-113-81) / 10 CAPSULE, GELATIN COATED in 1 BLISTER PACK (55111-113-79)",27b3cf26-f22e-5b70-1c24-009933b7c6ee,20150309,,20261231,1
55111-135,oral,isotretinoin,ZENATANE,isotretinoin,Dr. Reddy's Laboratories Limited,ISOTRETINOIN 10 mg/1,isotretinoin 10 mg,"[{""name"":""ISOTRETINOIN"",""strength"":""10 mg/1"",""pct"":null,""display"":""10 mg""}]","CAPSULE, GELATIN COATED",ORAL,ANDA,ANDA202099,HUMAN PRESCRIPTION DRUG,Retinoid [EPC];Retinoids [CS],55111-135-81,"3 BLISTER PACK in 1 CARTON (55111-135-81) / 10 CAPSULE, GELATIN COATED in 1 BLISTER PACK (55111-135-79)",27b3cf26-f22e-5b70-1c24-009933b7c6ee,20130326,,20261231,1
55111-136,oral,isotretinoin,ZENATANE,isotretinoin,Dr. Reddy's Laboratories Limited,ISOTRETINOIN 20 mg/1,isotretinoin 20 mg,"[{""name"":""ISOTRETINOIN"",""strength"":""20 mg/1"",""pct"":null,""display"":""20 mg""}]","CAPSULE, GELATIN COATED",ORAL,ANDA,ANDA202099,HUMAN PRESCRIPTION DRUG,Retinoid [EPC];Retinoids [CS],55111-136-81,"3 BLISTER PACK in 1 CARTON (55111-136-81) / 10 CAPSULE, GELATIN COATED in 1 BLISTER PACK (55111-136-79)",27b3cf26-f22e-5b70-1c24-009933b7c6ee,20130326,,20261231,1
55111-137,oral,isotretinoin,ZENATANE,isotretinoin,Dr. Reddy's Laboratories Limited,ISOTRETINOIN 40 mg/1,isotretinoin 40 mg,"[{""name"":""ISOTRETINOIN"",""strength"":""40 mg/1"",""pct"":null,""display"":""40 mg""}]","CAPSULE, GELATIN COATED",ORAL,ANDA,ANDA202099,HUMAN PRESCRIPTION DRUG,Retinoid [EPC];Retinoids [CS],55111-137-81,"3 BLISTER PACK in 1 CARTON (55111-137-81) / 10 CAPSULE, GELATIN COATED in 1 BLISTER PACK (55111-137-79)",27b3cf26-f22e-5b70-1c24-009933b7c6ee,20130326,,20261231,1
68001-652,oral,isotretinoin,ZENATANE,isotretinoin,BluePoint Laboratories,ISOTRETINOIN 10 mg/1,isotretinoin 10 mg,"[{""name"":""ISOTRETINOIN"",""strength"":""10 mg/1"",""pct"":null,""display"":""10 mg""}]","CAPSULE, GELATIN COATED",ORAL,ANDA,ANDA202099,HUMAN PRESCRIPTION DRUG,Retinoid [EPC];Retinoids [CS],68001-652-17,"3 BLISTER PACK in 1 CARTON (68001-652-17) / 10 CAPSULE, GELATIN COATED in 1 BLISTER PACK (68001-652-16)",486d4a4b-0de5-431a-bef7-dae6b0e4fa20,20251230,,20271231,1
68001-653,oral,isotretinoin,ZENATANE,isotretinoin,BluePoint Laboratories,ISOTRETINOIN 20 mg/1,isotretinoin 20 mg,"[{""name"":""ISOTRETINOIN"",""strength"":""20 mg/1"",""pct"":null,""display"":""20 mg""}]","CAPSULE, GELATIN COATED",ORAL,ANDA,ANDA202099,HUMAN PRESCRIPTION DRUG,Retinoid [EPC];Retinoids [CS],68001-653-17,"3 BLISTER PACK in 1 CARTON (68001-653-17) / 10 CAPSULE, GELATIN COATED in 1 BLISTER PACK (68001-653-16)",486d4a4b-0de5-431a-bef7-dae6b0e4fa20,20251224,,20271231,1
68001-654,oral,isotretinoin,ZENATANE,isotretinoin,BluePoint Laboratories,ISOTRETINOIN 30 mg/1,isotretinoin 30 mg,"[{""name"":""ISOTRETINOIN"",""strength"":""30 mg/1"",""pct"":null,""display"":""30 mg""}]","CAPSULE, GELATIN COATED",ORAL,ANDA,ANDA202099,HUMAN PRESCRIPTION DRUG,Retinoid [EPC];Retinoids [CS],68001-654-17,"3 BLISTER PACK in 1 CARTON (68001-654-17) / 10 CAPSULE, GELATIN COATED in 1 BLISTER PACK (68001-654-16)",486d4a4b-0de5-431a-bef7-dae6b0e4fa20,20251223,,20271231,1
68001-655,oral,isotretinoin,ZENATANE,isotretinoin,BluePoint Laboratories,ISOTRETINOIN 40 mg/1,isotretinoin 40 mg,"[{""name"":""ISOTRETINOIN"",""strength"":""40 mg/1"",""pct"":null,""display"":""40 mg""}]","CAPSULE, GELATIN COATED",ORAL,ANDA,ANDA202099,HUMAN PRESCRIPTION DRUG,Retinoid [EPC];Retinoids [CS],68001-655-17,"3 BLISTER PACK in 1 CARTON (68001-655-17) / 10 CAPSULE, GELATIN COATED in 1 BLISTER PACK (68001-655-16)",486d4a4b-0de5-431a-bef7-dae6b0e4fa20,20251224,,20271231,1
13668-485,oral,minocycline,MINOCYCLINE HYDROCHLORIDE,minocycline hydrochloride,Torrent Pharmaceuticals Limited,MINOCYCLINE HYDROCHLORIDE 50 mg/1,minocycline hydrochloride 50 mg,"[{""name"":""MINOCYCLINE HYDROCHLORIDE"",""strength"":""50 mg/1"",""pct"":null,""display"":""50 mg""}]",TABLET,ORAL,ANDA,ANDA065156,HUMAN PRESCRIPTION DRUG,Decreased Prothrombin Activity [PE];Tetracycline-class Drug [EPC];Tetracyclines [CS],13668-485-01,100 TABLET in 1 BOTTLE (13668-485-01),3539f84e-b489-4914-96c1-ac3731032971,20150402,,20271231,0
13668-486,oral,minocycline,MINOCYCLINE HYDROCHLORIDE,minocycline hydrochloride,Torrent Pharmaceuticals Limited,MINOCYCLINE HYDROCHLORIDE 75 mg/1,minocycline hydrochloride 75 mg,"[{""name"":""MINOCYCLINE HYDROCHLORIDE"",""strength"":""75 mg/1"",""pct"":null,""display"":""75 mg""}]",TABLET,ORAL,ANDA,ANDA065156,HUMAN PRESCRIPTION DRUG,Decreased Prothrombin Activity [PE];Tetracycline-class Drug [EPC];Tetracyclines [CS],13668-486-01,100 TABLET in 1 BOTTLE (13668-486-01),3539f84e-b489-4914-96c1-ac3731032971,20150402,,20271231,0
13668-487,oral,minocycline,MINOCYCLINE HYDROCHLORIDE,minocycline hydrochloride,Torrent Pharmaceuticals Limited,MINOCYCLINE HYDROCHLORIDE 100 mg/1,minocycline hydrochloride 100 mg,"[{""name"":""MINOCYCLINE HYDROCHLORIDE"",""strength"":""100 mg/1"",""pct"":null,""display"":""100 mg""}]",TABLET,ORAL,ANDA,ANDA065156,HUMAN PRESCRIPTION DRUG,Decreased Prothrombin Activity [PE];Tetracycline-class Drug [EPC];Tetracyclines [CS],13668-487-50,50 TABLET in 1 BOTTLE (13668-487-50),3539f84e-b489-4914-96c1-ac3731032971,20150402,,20271231,0
0591-5695,oral,minocycline,Minocycline Hydrochloride,minocycline hydrochloride,"Actavis Pharma, Inc.",MINOCYCLINE HYDROCHLORIDE 100 mg/1,minocycline hydrochloride 100 mg,"[{""name"":""MINOCYCLINE HYDROCHLORIDE"",""strength"":""100 mg/1"",""pct"":null,""display"":""100 mg""}]",CAPSULE,ORAL,ANDA,ANDA063065,HUMAN PRESCRIPTION DRUG,Decreased Prothrombin Activity [PE];Tetracycline-class Drug [EPC];Tetracyclines [CS],0591-5695-50,"50 CAPSULE in 1 BOTTLE, PLASTIC (0591-5695-50)",a5fc4d50-50b2-46e0-b722-4c6b2ec47d06,19930501,20270731,,0
13668-482,oral,minocycline,Minocycline Hydrochloride,minocycline hydrochloride,Torrent Pharmaceuticals Limited,MINOCYCLINE HYDROCHLORIDE 50 mg/1,minocycline hydrochloride 50 mg,"[{""name"":""MINOCYCLINE HYDROCHLORIDE"",""strength"":""50 mg/1"",""pct"":null,""display"":""50 mg""}]",CAPSULE,ORAL,ANDA,ANDA065062,HUMAN PRESCRIPTION DRUG,Decreased Prothrombin Activity [PE];Tetracycline-class Drug [EPC];Tetracyclines [CS],13668-482-01,100 CAPSULE in 1 BOTTLE (13668-482-01),55df55fb-18ec-4e00-9ed0-10bba0da513b,20150402,,20271231,0
13668-483,oral,minocycline,Minocycline Hydrochloride,minocycline hydrochloride,Torrent Pharmaceuticals Limited,MINOCYCLINE HYDROCHLORIDE 75 mg/1,minocycline hydrochloride 75 mg,"[{""name"":""MINOCYCLINE HYDROCHLORIDE"",""strength"":""75 mg/1"",""pct"":null,""display"":""75 mg""}]",CAPSULE,ORAL,ANDA,ANDA065062,HUMAN PRESCRIPTION DRUG,Decreased Prothrombin Activity [PE];Tetracycline-class Drug [EPC];Tetracyclines [CS],13668-483-01,100 CAPSULE in 1 BOTTLE (13668-483-01),55df55fb-18ec-4e00-9ed0-10bba0da513b,20150402,,20271231,0
13668-484,oral,minocycline,Minocycline Hydrochloride,minocycline hydrochloride,Torrent Pharmaceuticals Limited,MINOCYCLINE HYDROCHLORIDE 100 mg/1,minocycline hydrochloride 100 mg,"[{""name"":""MINOCYCLINE HYDROCHLORIDE"",""strength"":""100 mg/1"",""pct"":null,""display"":""100 mg""}]",CAPSULE,ORAL,ANDA,ANDA065062,HUMAN PRESCRIPTION DRUG,Decreased Prothrombin Activity [PE];Tetracycline-class Drug [EPC];Tetracyclines [CS],13668-484-05;13668-484-50,500 CAPSULE in 1 BOTTLE (13668-484-05) | 50 CAPSULE in 1 BOTTLE (13668-484-50),55df55fb-18ec-4e00-9ed0-10bba0da513b,20150402,,20271231,0
59651-337,oral,minocycline,Minocycline Hydrochloride,minocycline hydrochloride,Aurobindo Pharma Limited,MINOCYCLINE HYDROCHLORIDE 50 mg/1,minocycline hydrochloride 50 mg,"[{""name"":""MINOCYCLINE HYDROCHLORIDE"",""strength"":""50 mg/1"",""pct"":null,""display"":""50 mg""}]","TABLET, FILM COATED",ORAL,ANDA,ANDA213662,HUMAN PRESCRIPTION DRUG,Decreased Prothrombin Activity [PE];Tetracycline-class Drug [EPC];Tetracyclines [CS],59651-337-01,"100 TABLET, FILM COATED in 1 CONTAINER (59651-337-01)",799a9871-3249-471e-b88d-5d8f7d4b96ad,20200501,,20261231,0
59651-338,oral,minocycline,Minocycline Hydrochloride,minocycline hydrochloride,Aurobindo Pharma Limited,MINOCYCLINE HYDROCHLORIDE 75 mg/1,minocycline hydrochloride 75 mg,"[{""name"":""MINOCYCLINE HYDROCHLORIDE"",""strength"":""75 mg/1"",""pct"":null,""display"":""75 mg""}]","TABLET, FILM COATED",ORAL,ANDA,ANDA213662,HUMAN PRESCRIPTION DRUG,Decreased Prothrombin Activity [PE];Tetracycline-class Drug [EPC];Tetracyclines [CS],59651-338-01,"100 TABLET, FILM COATED in 1 CONTAINER (59651-338-01)",799a9871-3249-471e-b88d-5d8f7d4b96ad,20200501,,20261231,0
59651-339,oral,minocycline,Minocycline Hydrochloride,minocycline hydrochloride,Aurobindo Pharma Limited,MINOCYCLINE HYDROCHLORIDE 100 mg/1,minocycline hydrochloride 100 mg,"[{""name"":""MINOCYCLINE HYDROCHLORIDE"",""strength"":""100 mg/1"",""pct"":null,""display"":""100 mg""}]","TABLET, FILM COATED",ORAL,ANDA,ANDA213662,HUMAN PRESCRIPTION DRUG,Decreased Prothrombin Activity [PE];Tetracycline-class Drug [EPC];Tetracyclines [CS],59651-339-50,"50 TABLET, FILM COATED in 1 CONTAINER (59651-339-50)",799a9871-3249-471e-b88d-5d8f7d4b96ad,20200501,,20261231,0
62135-887,oral,minocycline,Minocycline Hydrochloride,minocycline hydrochloride,"Chartwell RX, LLC",MINOCYCLINE HYDROCHLORIDE 50 mg/1,minocycline hydrochloride 50 mg,"[{""name"":""MINOCYCLINE HYDROCHLORIDE"",""strength"":""50 mg/1"",""pct"":null,""display"":""50 mg""}]",TABLET,ORAL,ANDA,ANDA065436,HUMAN PRESCRIPTION DRUG,Decreased Prothrombin Activity [PE];Tetracycline-class Drug [EPC];Tetracyclines [CS],62135-887-90,90 TABLET in 1 BOTTLE (62135-887-90),43fbe7ff-4b67-474d-bf27-e5710d8d10ac,20071226,,20261231,0
62135-888,oral,minocycline,Minocycline Hydrochloride,minocycline hydrochloride,"Chartwell RX, LLC",MINOCYCLINE HYDROCHLORIDE 75 mg/1,minocycline hydrochloride 75 mg,"[{""name"":""MINOCYCLINE HYDROCHLORIDE"",""strength"":""75 mg/1"",""pct"":null,""display"":""75 mg""}]",TABLET,ORAL,ANDA,ANDA065436,HUMAN PRESCRIPTION DRUG,Decreased Prothrombin Activity [PE];Tetracycline-class Drug [EPC];Tetracyclines [CS],62135-888-60,60 TABLET in 1 BOTTLE (62135-888-60),43fbe7ff-4b67-474d-bf27-e5710d8d10ac,20071226,,20261231,0
62135-889,oral,minocycline,Minocycline Hydrochloride,minocycline hydrochloride,"Chartwell RX, LLC",MINOCYCLINE HYDROCHLORIDE 100 mg/1,minocycline hydrochloride 100 mg,"[{""name"":""MINOCYCLINE HYDROCHLORIDE"",""strength"":""100 mg/1"",""pct"":null,""display"":""100 mg""}]",TABLET,ORAL,ANDA,ANDA065436,HUMAN PRESCRIPTION DRUG,Decreased Prothrombin Activity [PE];Tetracycline-class Drug [EPC];Tetracyclines [CS],62135-889-60,60 TABLET in 1 BOTTLE (62135-889-60),43fbe7ff-4b67-474d-bf27-e5710d8d10ac,20071226,,20261231,0
64380-154,oral,minocycline,Minocycline Hydrochloride,minocycline hydrochloride,Strides Pharma Science Limited,MINOCYCLINE HYDROCHLORIDE 50 mg/1,minocycline hydrochloride 50 mg,"[{""name"":""MINOCYCLINE HYDROCHLORIDE"",""strength"":""50 mg/1"",""pct"":null,""display"":""50 mg""}]",TABLET,ORAL,ANDA,ANDA065131,HUMAN PRESCRIPTION DRUG,Tetracycline-class Drug [EPC];Tetracyclines [CS],64380-154-01,100 TABLET in 1 BOTTLE (64380-154-01),d6e136ba-c9b1-4846-ae2a-98a29cb4504d,20220411,,20261231,0
64380-155,oral,minocycline,Minocycline Hydrochloride,minocycline hydrochloride,Strides Pharma Science Limited,MINOCYCLINE HYDROCHLORIDE 75 mg/1,minocycline hydrochloride 75 mg,"[{""name"":""MINOCYCLINE HYDROCHLORIDE"",""strength"":""75 mg/1"",""pct"":null,""display"":""75 mg""}]",TABLET,ORAL,ANDA,ANDA065131,HUMAN PRESCRIPTION DRUG,Tetracycline-class Drug [EPC];Tetracyclines [CS],64380-155-01,100 TABLET in 1 BOTTLE (64380-155-01),d6e136ba-c9b1-4846-ae2a-98a29cb4504d,20220411,,20261231,0
64380-156,oral,minocycline,Minocycline Hydrochloride,minocycline hydrochloride,Strides Pharma Science Limited,MINOCYCLINE HYDROCHLORIDE 100 mg/1,minocycline hydrochloride 100 mg,"[{""name"":""MINOCYCLINE HYDROCHLORIDE"",""strength"":""100 mg/1"",""pct"":null,""display"":""100 mg""}]",TABLET,ORAL,ANDA,ANDA065131,HUMAN PRESCRIPTION DRUG,Tetracycline-class Drug [EPC];Tetracyclines [CS],64380-156-01,50 TABLET in 1 BOTTLE (64380-156-01),d6e136ba-c9b1-4846-ae2a-98a29cb4504d,20220411,,20261231,0
65862-209,oral,minocycline,Minocycline Hydrochloride,minocycline hydrochloride,Aurobindo Pharma Limited,MINOCYCLINE HYDROCHLORIDE 50 mg/1,minocycline hydrochloride 50 mg,"[{""name"":""MINOCYCLINE HYDROCHLORIDE"",""strength"":""50 mg/1"",""pct"":null,""display"":""50 mg""}]",CAPSULE,ORAL,ANDA,ANDA065470,HUMAN PRESCRIPTION DRUG,Decreased Prothrombin Activity [PE];Tetracycline-class Drug [EPC];Tetracyclines [CS],65862-209-01;65862-209-05;65862-209-99,100 CAPSULE in 1 BOTTLE (65862-209-01) | 500 CAPSULE in 1 BOTTLE (65862-209-05) | 1000 CAPSULE in 1 BOTTLE (65862-209-99),9013ca48-15f2-43cd-a51d-91cf65c72a7c,20080311,,20261231,0
65862-210,oral,minocycline,Minocycline Hydrochloride,minocycline hydrochloride,Aurobindo Pharma Limited,MINOCYCLINE HYDROCHLORIDE 75 mg/1,minocycline hydrochloride 75 mg,"[{""name"":""MINOCYCLINE HYDROCHLORIDE"",""strength"":""75 mg/1"",""pct"":null,""display"":""75 mg""}]",CAPSULE,ORAL,ANDA,ANDA065470,HUMAN PRESCRIPTION DRUG,Decreased Prothrombin Activity [PE];Tetracycline-class Drug [EPC];Tetracyclines [CS],65862-210-01;65862-210-05;65862-210-99,100 CAPSULE in 1 BOTTLE (65862-210-01) | 500 CAPSULE in 1 BOTTLE (65862-210-05) | 1000 CAPSULE in 1 BOTTLE (65862-210-99),9013ca48-15f2-43cd-a51d-91cf65c72a7c,20080311,,20261231,0
65862-211,oral,minocycline,Minocycline Hydrochloride,minocycline hydrochloride,Aurobindo Pharma Limited,MINOCYCLINE HYDROCHLORIDE 100 mg/1,minocycline hydrochloride 100 mg,"[{""name"":""MINOCYCLINE HYDROCHLORIDE"",""strength"":""100 mg/1"",""pct"":null,""display"":""100 mg""}]",CAPSULE,ORAL,ANDA,ANDA065470,HUMAN PRESCRIPTION DRUG,Decreased Prothrombin Activity [PE];Tetracycline-class Drug [EPC];Tetracyclines [CS],65862-211-05;65862-211-50;65862-211-99,500 CAPSULE in 1 BOTTLE (65862-211-05) | 50 CAPSULE in 1 BOTTLE (65862-211-50) | 1000 CAPSULE in 1 BOTTLE (65862-211-99),9013ca48-15f2-43cd-a51d-91cf65c72a7c,20080311,,20261231,0
65862-554,oral,minocycline,Minocycline Hydrochloride,minocycline hydrochloride,Aurobindo Pharma Limited,MINOCYCLINE HYDROCHLORIDE 45 mg/1,minocycline hydrochloride 45 mg,"[{""name"":""MINOCYCLINE HYDROCHLORIDE"",""strength"":""45 mg/1"",""pct"":null,""display"":""45 mg""}]","TABLET, FILM COATED, EXTENDED RELEASE",ORAL,ANDA,ANDA202261,HUMAN PRESCRIPTION DRUG,Decreased Prothrombin Activity [PE];Tetracycline-class Drug [EPC];Tetracyclines [CS],65862-554-01;65862-554-30;65862-554-99,"100 TABLET, FILM COATED, EXTENDED RELEASE in 1 BOTTLE (65862-554-01) | 30 TABLET, FILM COATED, EXTENDED RELEASE in 1 BOTTLE (65862-554-30) | 1000 TABLET, FILM COATED, EXTENDED RELEASE in 1 BOTTLE (65862-554-99)",e7b88a48-12b3-461d-b356-0d7ae4e8fd44,20121119,,20261231,0
65862-555,oral,minocycline,Minocycline Hydrochloride,minocycline hydrochloride,Aurobindo Pharma Limited,MINOCYCLINE HYDROCHLORIDE 65 mg/1,minocycline hydrochloride 65 mg,"[{""name"":""MINOCYCLINE HYDROCHLORIDE"",""strength"":""65 mg/1"",""pct"":null,""display"":""65 mg""}]","TABLET, FILM COATED, EXTENDED RELEASE",ORAL,ANDA,ANDA202261,HUMAN PRESCRIPTION DRUG,Decreased Prothrombin Activity [PE];Tetracycline-class Drug [EPC];Tetracyclines [CS],65862-555-30;65862-555-99,"30 TABLET, FILM COATED, EXTENDED RELEASE in 1 BOTTLE (65862-555-30) | 1000 TABLET, FILM COATED, EXTENDED RELEASE in 1 BOTTLE (65862-555-99)",e7b88a48-12b3-461d-b356-0d7ae4e8fd44,20180928,,20261231,0
65862-556,oral,minocycline,Minocycline Hydrochloride,minocycline hydrochloride,Aurobindo Pharma Limited,MINOCYCLINE HYDROCHLORIDE 90 mg/1,minocycline hydrochloride 90 mg,"[{""name"":""MINOCYCLINE HYDROCHLORIDE"",""strength"":""90 mg/1"",""pct"":null,""display"":""90 mg""}]","TABLET, FILM COATED, EXTENDED RELEASE",ORAL,ANDA,ANDA202261,HUMAN PRESCRIPTION DRUG,Decreased Prothrombin Activity [PE];Tetracycline-class Drug [EPC];Tetracyclines [CS],65862-556-01;65862-556-30;65862-556-99,"100 TABLET, FILM COATED, EXTENDED RELEASE in 1 BOTTLE (65862-556-01) | 30 TABLET, FILM COATED, EXTENDED RELEASE in 1 BOTTLE (65862-556-30) | 1000 TABLET, FILM COATED, EXTENDED RELEASE in 1 BOTTLE (65862-556-99)",e7b88a48-12b3-461d-b356-0d7ae4e8fd44,20121119,,20261231,0
65862-557,oral,minocycline,Minocycline Hydrochloride,minocycline hydrochloride,Aurobindo Pharma Limited,MINOCYCLINE HYDROCHLORIDE 115 mg/1,minocycline hydrochloride 115 mg,"[{""name"":""MINOCYCLINE HYDROCHLORIDE"",""strength"":""115 mg/1"",""pct"":null,""display"":""115 mg""}]","TABLET, FILM COATED, EXTENDED RELEASE",ORAL,ANDA,ANDA202261,HUMAN PRESCRIPTION DRUG,Decreased Prothrombin Activity [PE];Tetracycline-class Drug [EPC];Tetracyclines [CS],65862-557-30;65862-557-99,"30 TABLET, FILM COATED, EXTENDED RELEASE in 1 BOTTLE (65862-557-30) | 1000 TABLET, FILM COATED, EXTENDED RELEASE in 1 BOTTLE (65862-557-99)",e7b88a48-12b3-461d-b356-0d7ae4e8fd44,20180928,,20261231,0
65862-558,oral,minocycline,Minocycline Hydrochloride,minocycline hydrochloride,Aurobindo Pharma Limited,MINOCYCLINE HYDROCHLORIDE 135 mg/1,minocycline hydrochloride 135 mg,"[{""name"":""MINOCYCLINE HYDROCHLORIDE"",""strength"":""135 mg/1"",""pct"":null,""display"":""135 mg""}]","TABLET, FILM COATED, EXTENDED RELEASE",ORAL,ANDA,ANDA202261,HUMAN PRESCRIPTION DRUG,Decreased Prothrombin Activity [PE];Tetracycline-class Drug [EPC];Tetracyclines [CS],65862-558-01;65862-558-30;65862-558-99,"100 TABLET, FILM COATED, EXTENDED RELEASE in 1 BOTTLE (65862-558-01) | 30 TABLET, FILM COATED, EXTENDED RELEASE in 1 BOTTLE (65862-558-30) | 1000 TABLET, FILM COATED, EXTENDED RELEASE in 1 BOTTLE (65862-558-99)",e7b88a48-12b3-461d-b356-0d7ae4e8fd44,20121119,,20261231,0
65862-883,oral,minocycline,Minocycline Hydrochloride,minocycline hydrochloride,Aurobindo Pharma Limited,MINOCYCLINE HYDROCHLORIDE 55 mg/1,minocycline hydrochloride 55 mg,"[{""name"":""MINOCYCLINE HYDROCHLORIDE"",""strength"":""55 mg/1"",""pct"":null,""display"":""55 mg""}]","TABLET, FILM COATED, EXTENDED RELEASE",ORAL,ANDA,ANDA202261,HUMAN PRESCRIPTION DRUG,Decreased Prothrombin Activity [PE];Tetracycline-class Drug [EPC];Tetracyclines [CS],65862-883-01;65862-883-05;65862-883-30;65862-883-99,"100 TABLET, FILM COATED, EXTENDED RELEASE in 1 BOTTLE (65862-883-01) | 500 TABLET, FILM COATED, EXTENDED RELEASE in 1 BOTTLE (65862-883-05) | 30 TABLET, FILM COATED, EXTENDED RELEASE in 1 BOTTLE (65862-883-30) | 1000 TABLET, FILM COATED, EXTENDED RELEASE in 1 BOTTLE (65862-883-99)",e7b88a48-12b3-461d-b356-0d7ae4e8fd44,20190821,,20261231,0
65862-884,oral,minocycline,Minocycline Hydrochloride,minocycline hydrochloride,Aurobindo Pharma Limited,MINOCYCLINE HYDROCHLORIDE 80 mg/1,minocycline hydrochloride 80 mg,"[{""name"":""MINOCYCLINE HYDROCHLORIDE"",""strength"":""80 mg/1"",""pct"":null,""display"":""80 mg""}]","TABLET, FILM COATED, EXTENDED RELEASE",ORAL,ANDA,ANDA202261,HUMAN PRESCRIPTION DRUG,Decreased Prothrombin Activity [PE];Tetracycline-class Drug [EPC];Tetracyclines [CS],65862-884-01;65862-884-05;65862-884-30;65862-884-99,"100 TABLET, FILM COATED, EXTENDED RELEASE in 1 BOTTLE (65862-884-01) | 500 TABLET, FILM COATED, EXTENDED RELEASE in 1 BOTTLE (65862-884-05) | 30 TABLET, FILM COATED, EXTENDED RELEASE in 1 BOTTLE (65862-884-30) | 1000 TABLET, FILM COATED, EXTENDED RELEASE in 1 BOTTLE (65862-884-99)",e7b88a48-12b3-461d-b356-0d7ae4e8fd44,20160613,,20261231,0
65862-885,oral,minocycline,Minocycline Hydrochloride,minocycline hydrochloride,Aurobindo Pharma Limited,MINOCYCLINE HYDROCHLORIDE 105 mg/1,minocycline hydrochloride 105 mg,"[{""name"":""MINOCYCLINE HYDROCHLORIDE"",""strength"":""105 mg/1"",""pct"":null,""display"":""105 mg""}]","TABLET, FILM COATED, EXTENDED RELEASE",ORAL,ANDA,ANDA202261,HUMAN PRESCRIPTION DRUG,Decreased Prothrombin Activity [PE];Tetracycline-class Drug [EPC];Tetracyclines [CS],65862-885-01;65862-885-05;65862-885-30;65862-885-99,"100 TABLET, FILM COATED, EXTENDED RELEASE in 1 BOTTLE (65862-885-01) | 500 TABLET, FILM COATED, EXTENDED RELEASE in 1 BOTTLE (65862-885-05) | 30 TABLET, FILM COATED, EXTENDED RELEASE in 1 BOTTLE (65862-885-30) | 1000 TABLET, FILM COATED, EXTENDED RELEASE in 1 BOTTLE (65862-885-99)",e7b88a48-12b3-461d-b356-0d7ae4e8fd44,20160613,,20261231,0
67877-436,oral,minocycline,Minocycline Hydrochloride,minocycline hydrochloride,"Ascend Laboratories, LLC",MINOCYCLINE HYDROCHLORIDE 55 mg/1,minocycline hydrochloride 55 mg,"[{""name"":""MINOCYCLINE HYDROCHLORIDE"",""strength"":""55 mg/1"",""pct"":null,""display"":""55 mg""}]","TABLET, FILM COATED, EXTENDED RELEASE",ORAL,ANDA,ANDA204453,HUMAN PRESCRIPTION DRUG,Decreased Prothrombin Activity [PE];Tetracycline-class Drug [EPC];Tetracyclines [CS],67877-436-01;67877-436-05;67877-436-14;67877-436-30,"100 TABLET, FILM COATED, EXTENDED RELEASE in 1 BOTTLE (67877-436-01) | 500 TABLET, FILM COATED, EXTENDED RELEASE in 1 BOTTLE (67877-436-05) | 10 BLISTER PACK in 1 CARTON (67877-436-14) / 14 TABLET, FILM COATED, EXTENDED RELEASE in 1 BLISTER PACK | 30 TABLET, FILM COATED, EXTENDED RELEASE in 1 BOTTLE (67877-436-30)",a8f95207-b259-4f50-87f2-3652d9268890,20191223,,20261231,0
67877-437,oral,minocycline,Minocycline Hydrochloride,minocycline hydrochloride,"Ascend Laboratories, LLC",MINOCYCLINE HYDROCHLORIDE 80 mg/1,minocycline hydrochloride 80 mg,"[{""name"":""MINOCYCLINE HYDROCHLORIDE"",""strength"":""80 mg/1"",""pct"":null,""display"":""80 mg""}]","TABLET, FILM COATED, EXTENDED RELEASE",ORAL,ANDA,ANDA204453,HUMAN PRESCRIPTION DRUG,Decreased Prothrombin Activity [PE];Tetracycline-class Drug [EPC];Tetracyclines [CS],67877-437-01;67877-437-05;67877-437-14;67877-437-30,"100 TABLET, FILM COATED, EXTENDED RELEASE in 1 BOTTLE (67877-437-01) | 500 TABLET, FILM COATED, EXTENDED RELEASE in 1 BOTTLE (67877-437-05) | 10 BLISTER PACK in 1 CARTON (67877-437-14) / 14 TABLET, FILM COATED, EXTENDED RELEASE in 1 BLISTER PACK | 30 TABLET, FILM COATED, EXTENDED RELEASE in 1 BOTTLE (67877-437-30)",a8f95207-b259-4f50-87f2-3652d9268890,20160930,,20261231,0
67877-438,oral,minocycline,Minocycline Hydrochloride,minocycline hydrochloride,"Ascend Laboratories, LLC",MINOCYCLINE HYDROCHLORIDE 105 mg/1,minocycline hydrochloride 105 mg,"[{""name"":""MINOCYCLINE HYDROCHLORIDE"",""strength"":""105 mg/1"",""pct"":null,""display"":""105 mg""}]","TABLET, FILM COATED, EXTENDED RELEASE",ORAL,ANDA,ANDA204453,HUMAN PRESCRIPTION DRUG,Decreased Prothrombin Activity [PE];Tetracycline-class Drug [EPC];Tetracyclines [CS],67877-438-01;67877-438-05;67877-438-14;67877-438-30,"100 TABLET, FILM COATED, EXTENDED RELEASE in 1 BOTTLE (67877-438-01) | 500 TABLET, FILM COATED, EXTENDED RELEASE in 1 BOTTLE (67877-438-05) | 10 BLISTER PACK in 1 CARTON (67877-438-14) / 14 TABLET, FILM COATED, EXTENDED RELEASE in 1 BLISTER PACK | 30 TABLET, FILM COATED, EXTENDED RELEASE in 1 BOTTLE (67877-438-30)",a8f95207-b259-4f50-87f2-3652d9268890,20160930,,20261231,0
67877-576,oral,minocycline,Minocycline Hydrochloride,minocycline hydrochloride,"Ascend Laboratories, LLC",MINOCYCLINE HYDROCHLORIDE 90 mg/1,minocycline hydrochloride 90 mg,"[{""name"":""MINOCYCLINE HYDROCHLORIDE"",""strength"":""90 mg/1"",""pct"":null,""display"":""90 mg""}]","TABLET, FILM COATED, EXTENDED RELEASE",ORAL,ANDA,ANDA204453,HUMAN PRESCRIPTION DRUG,Decreased Prothrombin Activity [PE];Tetracycline-class Drug [EPC];Tetracyclines [CS],67877-576-01;67877-576-05;67877-576-14;67877-576-30,"100 TABLET, FILM COATED, EXTENDED RELEASE in 1 BOTTLE (67877-576-01) | 500 TABLET, FILM COATED, EXTENDED RELEASE in 1 BOTTLE (67877-576-05) | 10 BLISTER PACK in 1 CARTON (67877-576-14) / 14 TABLET, FILM COATED, EXTENDED RELEASE in 1 BLISTER PACK | 30 TABLET, FILM COATED, EXTENDED RELEASE in 1 BOTTLE (67877-576-30)",a8f95207-b259-4f50-87f2-3652d9268890,20160930,,20261231,0
67877-577,oral,minocycline,Minocycline Hydrochloride,minocycline hydrochloride,"Ascend Laboratories, LLC",MINOCYCLINE HYDROCHLORIDE 135 mg/1,minocycline hydrochloride 135 mg,"[{""name"":""MINOCYCLINE HYDROCHLORIDE"",""strength"":""135 mg/1"",""pct"":null,""display"":""135 mg""}]","TABLET, FILM COATED, EXTENDED RELEASE",ORAL,ANDA,ANDA204453,HUMAN PRESCRIPTION DRUG,Decreased Prothrombin Activity [PE];Tetracycline-class Drug [EPC];Tetracyclines [CS],67877-577-01;67877-577-05;67877-577-14;67877-577-30,"100 TABLET, FILM COATED, EXTENDED RELEASE in 1 BOTTLE (67877-577-01) | 500 TABLET, FILM COATED, EXTENDED RELEASE in 1 BOTTLE (67877-577-05) | 10 BLISTER PACK in 1 CARTON (67877-577-14) / 14 TABLET, FILM COATED, EXTENDED RELEASE in 1 BLISTER PACK | 30 TABLET, FILM COATED, EXTENDED RELEASE in 1 BOTTLE (67877-577-30)",a8f95207-b259-4f50-87f2-3652d9268890,20160930,,20261231,0
67877-578,oral,minocycline,Minocycline Hydrochloride,minocycline hydrochloride,"Ascend Laboratories, LLC",MINOCYCLINE HYDROCHLORIDE 45 mg/1,minocycline hydrochloride 45 mg,"[{""name"":""MINOCYCLINE HYDROCHLORIDE"",""strength"":""45 mg/1"",""pct"":null,""display"":""45 mg""}]","TABLET, FILM COATED, EXTENDED RELEASE",ORAL,ANDA,ANDA204453,HUMAN PRESCRIPTION DRUG,Decreased Prothrombin Activity [PE];Tetracycline-class Drug [EPC];Tetracyclines [CS],67877-578-01;67877-578-05;67877-578-14;67877-578-30,"100 TABLET, FILM COATED, EXTENDED RELEASE in 1 BOTTLE (67877-578-01) | 500 TABLET, FILM COATED, EXTENDED RELEASE in 1 BOTTLE (67877-578-05) | 10 BLISTER PACK in 1 CARTON (67877-578-14) / 14 TABLET, FILM COATED, EXTENDED RELEASE in 1 BLISTER PACK | 30 TABLET, FILM COATED, EXTENDED RELEASE in 1 BOTTLE (67877-578-30)",a8f95207-b259-4f50-87f2-3652d9268890,20160930,,20261231,0
67877-643,oral,minocycline,Minocycline Hydrochloride,minocycline hydrochloride,"Ascend Laboratories, LLC",MINOCYCLINE HYDROCHLORIDE 65 mg/1,minocycline hydrochloride 65 mg,"[{""name"":""MINOCYCLINE HYDROCHLORIDE"",""strength"":""65 mg/1"",""pct"":null,""display"":""65 mg""}]","TABLET, FILM COATED, EXTENDED RELEASE",ORAL,ANDA,ANDA204453,HUMAN PRESCRIPTION DRUG,Decreased Prothrombin Activity [PE];Tetracycline-class Drug [EPC];Tetracyclines [CS],67877-643-01;67877-643-05;67877-643-14;67877-643-30,"100 TABLET, FILM COATED, EXTENDED RELEASE in 1 BOTTLE (67877-643-01) | 500 TABLET, FILM COATED, EXTENDED RELEASE in 1 BOTTLE (67877-643-05) | 10 BLISTER PACK in 1 CARTON (67877-643-14) / 14 TABLET, FILM COATED, EXTENDED RELEASE in 1 BLISTER PACK | 30 TABLET, FILM COATED, EXTENDED RELEASE in 1 BOTTLE (67877-643-30)",a8f95207-b259-4f50-87f2-3652d9268890,20160930,,20261231,0
67877-644,oral,minocycline,Minocycline Hydrochloride,minocycline hydrochloride,"Ascend Laboratories, LLC",MINOCYCLINE HYDROCHLORIDE 115 mg/1,minocycline hydrochloride 115 mg,"[{""name"":""MINOCYCLINE HYDROCHLORIDE"",""strength"":""115 mg/1"",""pct"":null,""display"":""115 mg""}]","TABLET, FILM COATED, EXTENDED RELEASE",ORAL,ANDA,ANDA204453,HUMAN PRESCRIPTION DRUG,Decreased Prothrombin Activity [PE];Tetracycline-class Drug [EPC];Tetracyclines [CS],67877-644-01;67877-644-05;67877-644-14;67877-644-30,"100 TABLET, FILM COATED, EXTENDED RELEASE in 1 BOTTLE (67877-644-01) | 500 TABLET, FILM COATED, EXTENDED RELEASE in 1 BOTTLE (67877-644-05) | 10 BLISTER PACK in 1 CARTON (67877-644-14) / 14 TABLET, FILM COATED, EXTENDED RELEASE in 1 BLISTER PACK | 30 TABLET, FILM COATED, EXTENDED RELEASE in 1 BOTTLE (67877-644-30)",a8f95207-b259-4f50-87f2-3652d9268890,20160930,,20261231,0
68180-379,oral,minocycline,Minocycline Hydrochloride,minocycline hydrochloride,"Lupin Pharmaceuticals, Inc.",MINOCYCLINE HYDROCHLORIDE 45 mg/1,minocycline hydrochloride 45 mg,"[{""name"":""MINOCYCLINE HYDROCHLORIDE"",""strength"":""45 mg/1"",""pct"":null,""display"":""45 mg""}]","TABLET, EXTENDED RELEASE",ORAL,ANDA,ANDA091424,HUMAN PRESCRIPTION DRUG,Decreased Prothrombin Activity [PE];Tetracycline-class Drug [EPC];Tetracyclines [CS],,,3b1e1cf1-ebd2-4aba-a219-9f9939fdb03b,20120214,,20261231,0
68180-380,oral,minocycline,Minocycline Hydrochloride,minocycline hydrochloride,"Lupin Pharmaceuticals, Inc.",MINOCYCLINE HYDROCHLORIDE 90 mg/1,minocycline hydrochloride 90 mg,"[{""name"":""MINOCYCLINE HYDROCHLORIDE"",""strength"":""90 mg/1"",""pct"":null,""display"":""90 mg""}]","TABLET, EXTENDED RELEASE",ORAL,ANDA,ANDA091424,HUMAN PRESCRIPTION DRUG,Decreased Prothrombin Activity [PE];Tetracycline-class Drug [EPC];Tetracyclines [CS],,,3b1e1cf1-ebd2-4aba-a219-9f9939fdb03b,20120214,,20261231,0
68180-381,oral,minocycline,Minocycline Hydrochloride,minocycline hydrochloride,"Lupin Pharmaceuticals, Inc.",MINOCYCLINE HYDROCHLORIDE 135 mg/1,minocycline hydrochloride 135 mg,"[{""name"":""MINOCYCLINE HYDROCHLORIDE"",""strength"":""135 mg/1"",""pct"":null,""display"":""135 mg""}]","TABLET, EXTENDED RELEASE",ORAL,ANDA,ANDA091424,HUMAN PRESCRIPTION DRUG,Decreased Prothrombin Activity [PE];Tetracycline-class Drug [EPC];Tetracyclines [CS],,,3b1e1cf1-ebd2-4aba-a219-9f9939fdb03b,20120214,,20261231,0
68180-460,oral,minocycline,Minocycline Hydrochloride,minocycline hydrochloride,"Lupin Pharmaceuticals, Inc.",MINOCYCLINE HYDROCHLORIDE 55 mg/1,minocycline hydrochloride 55 mg,"[{""name"":""MINOCYCLINE HYDROCHLORIDE"",""strength"":""55 mg/1"",""pct"":null,""display"":""55 mg""}]","TABLET, EXTENDED RELEASE",ORAL,ANDA,ANDA091424,HUMAN PRESCRIPTION DRUG,Decreased Prothrombin Activity [PE];Tetracycline-class Drug [EPC];Tetracyclines [CS],,,3b1e1cf1-ebd2-4aba-a219-9f9939fdb03b,20190222,,20261231,0
68382-316,oral,minocycline,Minocycline hydrochloride,minocycline hydrochloride,Zydus Pharmaceuticals USA Inc.,MINOCYCLINE HYDROCHLORIDE 50 mg/1,minocycline hydrochloride 50 mg,"[{""name"":""MINOCYCLINE HYDROCHLORIDE"",""strength"":""50 mg/1"",""pct"":null,""display"":""50 mg""}]",CAPSULE,ORAL,ANDA,ANDA063011,HUMAN PRESCRIPTION DRUG,Decreased Prothrombin Activity [PE];Tetracycline-class Drug [EPC];Tetracyclines [CS],68382-316-01,100 CAPSULE in 1 BOTTLE (68382-316-01),25acb785-6838-4e62-9e86-ddc30b2b759a,20170403,,20261231,0
68382-317,oral,minocycline,Minocycline hydrochloride,minocycline hydrochloride,Zydus Pharmaceuticals USA Inc.,MINOCYCLINE HYDROCHLORIDE 75 mg/1,minocycline hydrochloride 75 mg,"[{""name"":""MINOCYCLINE HYDROCHLORIDE"",""strength"":""75 mg/1"",""pct"":null,""display"":""75 mg""}]",CAPSULE,ORAL,ANDA,ANDA063009,HUMAN PRESCRIPTION DRUG,Decreased Prothrombin Activity [PE];Tetracycline-class Drug [EPC];Tetracyclines [CS],68382-317-01,100 CAPSULE in 1 BOTTLE (68382-317-01),25acb785-6838-4e62-9e86-ddc30b2b759a,20170403,,20261231,0
68382-318,oral,minocycline,Minocycline hydrochloride,minocycline hydrochloride,Zydus Pharmaceuticals USA Inc.,MINOCYCLINE HYDROCHLORIDE 100 mg/1,minocycline hydrochloride 100 mg,"[{""name"":""MINOCYCLINE HYDROCHLORIDE"",""strength"":""100 mg/1"",""pct"":null,""display"":""100 mg""}]",CAPSULE,ORAL,ANDA,ANDA063009,HUMAN PRESCRIPTION DRUG,Decreased Prothrombin Activity [PE];Tetracycline-class Drug [EPC];Tetracyclines [CS],68382-318-18,50 CAPSULE in 1 BOTTLE (68382-318-18),25acb785-6838-4e62-9e86-ddc30b2b759a,20170403,,20261231,0
70771-1426,oral,minocycline,Minocycline hydrochloride,minocycline hydrochloride,Zydus Lifesciences Limited,MINOCYCLINE HYDROCHLORIDE 50 mg/1,minocycline hydrochloride 50 mg,"[{""name"":""MINOCYCLINE HYDROCHLORIDE"",""strength"":""50 mg/1"",""pct"":null,""display"":""50 mg""}]",CAPSULE,ORAL,ANDA,ANDA063011,HUMAN PRESCRIPTION DRUG,Decreased Prothrombin Activity [PE];Tetracycline-class Drug [EPC];Tetracyclines [CS],70771-1426-1,100 CAPSULE in 1 BOTTLE (70771-1426-1),26ee99af-f44b-4076-a08c-0a0dedc9edfe,20170403,,20261231,0
70771-1427,oral,minocycline,Minocycline hydrochloride,minocycline hydrochloride,Zydus Lifesciences Limited,MINOCYCLINE HYDROCHLORIDE 75 mg/1,minocycline hydrochloride 75 mg,"[{""name"":""MINOCYCLINE HYDROCHLORIDE"",""strength"":""75 mg/1"",""pct"":null,""display"":""75 mg""}]",CAPSULE,ORAL,ANDA,ANDA063009,HUMAN PRESCRIPTION DRUG,Decreased Prothrombin Activity [PE];Tetracycline-class Drug [EPC];Tetracyclines [CS],70771-1427-1,100 CAPSULE in 1 BOTTLE (70771-1427-1),26ee99af-f44b-4076-a08c-0a0dedc9edfe,20170403,,20261231,0
70771-1428,oral,minocycline,Minocycline hydrochloride,minocycline hydrochloride,Zydus Lifesciences Limited,MINOCYCLINE HYDROCHLORIDE 100 mg/1,minocycline hydrochloride 100 mg,"[{""name"":""MINOCYCLINE HYDROCHLORIDE"",""strength"":""100 mg/1"",""pct"":null,""display"":""100 mg""}]",CAPSULE,ORAL,ANDA,ANDA063009,HUMAN PRESCRIPTION DRUG,Decreased Prothrombin Activity [PE];Tetracycline-class Drug [EPC];Tetracyclines [CS],70771-1428-7,50 CAPSULE in 1 BOTTLE (70771-1428-7),26ee99af-f44b-4076-a08c-0a0dedc9edfe,20170403,,20261231,0
68382-531,oral,minocycline,minocycline hydrochloride,minocycline hydrochloride,Zydus Pharmaceuticals (USA) Inc.,MINOCYCLINE HYDROCHLORIDE 45 mg/1,minocycline hydrochloride 45 mg,"[{""name"":""MINOCYCLINE HYDROCHLORIDE"",""strength"":""45 mg/1"",""pct"":null,""display"":""45 mg""}]","TABLET, EXTENDED RELEASE",ORAL,ANDA,ANDA203553,HUMAN PRESCRIPTION DRUG,Decreased Prothrombin Activity [PE];Tetracycline-class Drug [EPC];Tetracyclines [CS],68382-531-01;68382-531-05;68382-531-06;68382-531-10;68382-531-16;68382-531-30,"100 TABLET, EXTENDED RELEASE in 1 BOTTLE (68382-531-01) | 500 TABLET, EXTENDED RELEASE in 1 BOTTLE (68382-531-05) | 30 TABLET, EXTENDED RELEASE in 1 BOTTLE (68382-531-06) | 1000 TABLET, EXTENDED RELEASE in 1 BOTTLE (68382-531-10) | 90 TABLET, EXTENDED RELEASE in 1 BOTTLE (68382-531-16) | 10 BLISTER PACK in 1 CARTON (68382-531-30) / 10 TABLET, EXTENDED RELEASE in 1 BLISTER PACK",85f082a5-bba1-4441-ba28-4b8ec9a537f2,20180307,,20261231,0
68382-532,oral,minocycline,minocycline hydrochloride,minocycline hydrochloride,Zydus Pharmaceuticals (USA) Inc.,MINOCYCLINE HYDROCHLORIDE 65 mg/1,minocycline hydrochloride 65 mg,"[{""name"":""MINOCYCLINE HYDROCHLORIDE"",""strength"":""65 mg/1"",""pct"":null,""display"":""65 mg""}]","TABLET, EXTENDED RELEASE",ORAL,ANDA,ANDA203553,HUMAN PRESCRIPTION DRUG,Decreased Prothrombin Activity [PE];Tetracycline-class Drug [EPC];Tetracyclines [CS],68382-532-01;68382-532-05;68382-532-06;68382-532-10;68382-532-16;68382-532-30,"100 TABLET, EXTENDED RELEASE in 1 BOTTLE (68382-532-01) | 500 TABLET, EXTENDED RELEASE in 1 BOTTLE (68382-532-05) | 30 TABLET, EXTENDED RELEASE in 1 BOTTLE (68382-532-06) | 1000 TABLET, EXTENDED RELEASE in 1 BOTTLE (68382-532-10) | 90 TABLET, EXTENDED RELEASE in 1 BOTTLE (68382-532-16) | 10 BLISTER PACK in 1 CARTON (68382-532-30) / 10 TABLET, EXTENDED RELEASE in 1 BLISTER PACK",85f082a5-bba1-4441-ba28-4b8ec9a537f2,20250612,,20261231,0
68382-533,oral,minocycline,minocycline hydrochloride,minocycline hydrochloride,Zydus Pharmaceuticals (USA) Inc.,MINOCYCLINE HYDROCHLORIDE 90 mg/1,minocycline hydrochloride 90 mg,"[{""name"":""MINOCYCLINE HYDROCHLORIDE"",""strength"":""90 mg/1"",""pct"":null,""display"":""90 mg""}]","TABLET, EXTENDED RELEASE",ORAL,ANDA,ANDA203553,HUMAN PRESCRIPTION DRUG,Decreased Prothrombin Activity [PE];Tetracycline-class Drug [EPC];Tetracyclines [CS],68382-533-01;68382-533-05;68382-533-06;68382-533-10;68382-533-16;68382-533-30,"100 TABLET, EXTENDED RELEASE in 1 BOTTLE (68382-533-01) | 500 TABLET, EXTENDED RELEASE in 1 BOTTLE (68382-533-05) | 30 TABLET, EXTENDED RELEASE in 1 BOTTLE (68382-533-06) | 1000 TABLET, EXTENDED RELEASE in 1 BOTTLE (68382-533-10) | 90 TABLET, EXTENDED RELEASE in 1 BOTTLE (68382-533-16) | 10 BLISTER PACK in 1 CARTON (68382-533-30) / 10 TABLET, EXTENDED RELEASE in 1 BLISTER PACK",85f082a5-bba1-4441-ba28-4b8ec9a537f2,20180307,,20261231,0
68382-534,oral,minocycline,minocycline hydrochloride,minocycline hydrochloride,Zydus Pharmaceuticals (USA) Inc.,MINOCYCLINE HYDROCHLORIDE 115 mg/1,minocycline hydrochloride 115 mg,"[{""name"":""MINOCYCLINE HYDROCHLORIDE"",""strength"":""115 mg/1"",""pct"":null,""display"":""115 mg""}]","TABLET, EXTENDED RELEASE",ORAL,ANDA,ANDA203553,HUMAN PRESCRIPTION DRUG,Decreased Prothrombin Activity [PE];Tetracycline-class Drug [EPC];Tetracyclines [CS],68382-534-01;68382-534-05;68382-534-06;68382-534-10;68382-534-16;68382-534-30,"100 TABLET, EXTENDED RELEASE in 1 BOTTLE (68382-534-01) | 500 TABLET, EXTENDED RELEASE in 1 BOTTLE (68382-534-05) | 30 TABLET, EXTENDED RELEASE in 1 BOTTLE (68382-534-06) | 1000 TABLET, EXTENDED RELEASE in 1 BOTTLE (68382-534-10) | 90 TABLET, EXTENDED RELEASE in 1 BOTTLE (68382-534-16) | 10 BLISTER PACK in 1 CARTON (68382-534-30) / 10 TABLET, EXTENDED RELEASE in 1 BLISTER PACK",85f082a5-bba1-4441-ba28-4b8ec9a537f2,20250612,,20261231,0
68382-535,oral,minocycline,minocycline hydrochloride,minocycline hydrochloride,Zydus Pharmaceuticals (USA) Inc.,MINOCYCLINE HYDROCHLORIDE 135 mg/1,minocycline hydrochloride 135 mg,"[{""name"":""MINOCYCLINE HYDROCHLORIDE"",""strength"":""135 mg/1"",""pct"":null,""display"":""135 mg""}]","TABLET, EXTENDED RELEASE",ORAL,ANDA,ANDA203553,HUMAN PRESCRIPTION DRUG,Decreased Prothrombin Activity [PE];Tetracycline-class Drug [EPC];Tetracyclines [CS],68382-535-01;68382-535-05;68382-535-06;68382-535-10;68382-535-16;68382-535-30,"100 TABLET, EXTENDED RELEASE in 1 BOTTLE (68382-535-01) | 500 TABLET, EXTENDED RELEASE in 1 BOTTLE (68382-535-05) | 30 TABLET, EXTENDED RELEASE in 1 BOTTLE (68382-535-06) | 1000 TABLET, EXTENDED RELEASE in 1 BOTTLE (68382-535-10) | 90 TABLET, EXTENDED RELEASE in 1 BOTTLE (68382-535-16) | 10 BLISTER PACK in 1 CARTON (68382-535-30) / 10 TABLET, EXTENDED RELEASE in 1 BLISTER PACK",85f082a5-bba1-4441-ba28-4b8ec9a537f2,20180307,,20261231,0
68382-550,oral,minocycline,minocycline hydrochloride,minocycline hydrochloride,Zydus Pharmaceuticals (USA) Inc.,MINOCYCLINE HYDROCHLORIDE 55 mg/1,minocycline hydrochloride 55 mg,"[{""name"":""MINOCYCLINE HYDROCHLORIDE"",""strength"":""55 mg/1"",""pct"":null,""display"":""55 mg""}]","TABLET, EXTENDED RELEASE",ORAL,ANDA,ANDA203553,HUMAN PRESCRIPTION DRUG,Decreased Prothrombin Activity [PE];Tetracycline-class Drug [EPC];Tetracyclines [CS],68382-550-01;68382-550-05;68382-550-06;68382-550-10;68382-550-16;68382-550-30,"100 TABLET, EXTENDED RELEASE in 1 BOTTLE (68382-550-01) | 500 TABLET, EXTENDED RELEASE in 1 BOTTLE (68382-550-05) | 30 TABLET, EXTENDED RELEASE in 1 BOTTLE (68382-550-06) | 1000 TABLET, EXTENDED RELEASE in 1 BOTTLE (68382-550-10) | 90 TABLET, EXTENDED RELEASE in 1 BOTTLE (68382-550-16) | 10 BLISTER PACK in 1 CARTON (68382-550-30) / 10 TABLET, EXTENDED RELEASE in 1 BLISTER PACK",85f082a5-bba1-4441-ba28-4b8ec9a537f2,20250612,,20261231,0
68382-551,oral,minocycline,minocycline hydrochloride,minocycline hydrochloride,Zydus Pharmaceuticals (USA) Inc.,MINOCYCLINE HYDROCHLORIDE 80 mg/1,minocycline hydrochloride 80 mg,"[{""name"":""MINOCYCLINE HYDROCHLORIDE"",""strength"":""80 mg/1"",""pct"":null,""display"":""80 mg""}]","TABLET, EXTENDED RELEASE",ORAL,ANDA,ANDA203553,HUMAN PRESCRIPTION DRUG,Decreased Prothrombin Activity [PE];Tetracycline-class Drug [EPC];Tetracyclines [CS],68382-551-01;68382-551-05;68382-551-06;68382-551-10;68382-551-16;68382-551-30,"100 TABLET, EXTENDED RELEASE in 1 BOTTLE (68382-551-01) | 500 TABLET, EXTENDED RELEASE in 1 BOTTLE (68382-551-05) | 30 TABLET, EXTENDED RELEASE in 1 BOTTLE (68382-551-06) | 1000 TABLET, EXTENDED RELEASE in 1 BOTTLE (68382-551-10) | 90 TABLET, EXTENDED RELEASE in 1 BOTTLE (68382-551-16) | 10 BLISTER PACK in 1 CARTON (68382-551-30) / 10 TABLET, EXTENDED RELEASE in 1 BLISTER PACK",85f082a5-bba1-4441-ba28-4b8ec9a537f2,20180307,,20261231,0
68382-552,oral,minocycline,minocycline hydrochloride,minocycline hydrochloride,Zydus Pharmaceuticals (USA) Inc.,MINOCYCLINE HYDROCHLORIDE 105 mg/1,minocycline hydrochloride 105 mg,"[{""name"":""MINOCYCLINE HYDROCHLORIDE"",""strength"":""105 mg/1"",""pct"":null,""display"":""105 mg""}]","TABLET, EXTENDED RELEASE",ORAL,ANDA,ANDA203553,HUMAN PRESCRIPTION DRUG,Decreased Prothrombin Activity [PE];Tetracycline-class Drug [EPC];Tetracyclines [CS],68382-552-01;68382-552-05;68382-552-06;68382-552-10;68382-552-16;68382-552-30,"100 TABLET, EXTENDED RELEASE in 1 BOTTLE (68382-552-01) | 500 TABLET, EXTENDED RELEASE in 1 BOTTLE (68382-552-05) | 30 TABLET, EXTENDED RELEASE in 1 BOTTLE (68382-552-06) | 1000 TABLET, EXTENDED RELEASE in 1 BOTTLE (68382-552-10) | 90 TABLET, EXTENDED RELEASE in 1 BOTTLE (68382-552-16) | 10 BLISTER PACK in 1 CARTON (68382-552-30) / 10 TABLET, EXTENDED RELEASE in 1 BLISTER PACK",85f082a5-bba1-4441-ba28-4b8ec9a537f2,20180307,,20261231,0
70771-1138,oral,minocycline,minocycline hydrochloride,minocycline hydrochloride,Zydus Lifesciences Limited,MINOCYCLINE HYDROCHLORIDE 45 mg/1,minocycline hydrochloride 45 mg,"[{""name"":""MINOCYCLINE HYDROCHLORIDE"",""strength"":""45 mg/1"",""pct"":null,""display"":""45 mg""}]","TABLET, EXTENDED RELEASE",ORAL,ANDA,ANDA203553,HUMAN PRESCRIPTION DRUG,Decreased Prothrombin Activity [PE];Tetracycline-class Drug [EPC];Tetracyclines [CS],70771-1138-0;70771-1138-1;70771-1138-3;70771-1138-5;70771-1138-7;70771-1138-9,"1000 TABLET, EXTENDED RELEASE in 1 BOTTLE (70771-1138-0) | 100 TABLET, EXTENDED RELEASE in 1 BOTTLE (70771-1138-1) | 30 TABLET, EXTENDED RELEASE in 1 BOTTLE (70771-1138-3) | 500 TABLET, EXTENDED RELEASE in 1 BOTTLE (70771-1138-5) | 10 BLISTER PACK in 1 CARTON (70771-1138-7) / 10 TABLET, EXTENDED RELEASE in 1 BLISTER PACK | 90 TABLET, EXTENDED RELEASE in 1 BOTTLE (70771-1138-9)",8bf9cf23-8ffc-401f-981d-4878d694a468,20180307,,20261231,0
70771-1153,oral,minocycline,minocycline hydrochloride,minocycline hydrochloride,Zydus Lifesciences Limited,MINOCYCLINE HYDROCHLORIDE 55 mg/1,minocycline hydrochloride 55 mg,"[{""name"":""MINOCYCLINE HYDROCHLORIDE"",""strength"":""55 mg/1"",""pct"":null,""display"":""55 mg""}]","TABLET, EXTENDED RELEASE",ORAL,ANDA,ANDA203553,HUMAN PRESCRIPTION DRUG,Decreased Prothrombin Activity [PE];Tetracycline-class Drug [EPC];Tetracyclines [CS],70771-1153-0;70771-1153-1;70771-1153-3;70771-1153-5;70771-1153-7;70771-1153-9,"1000 TABLET, EXTENDED RELEASE in 1 BOTTLE (70771-1153-0) | 100 TABLET, EXTENDED RELEASE in 1 BOTTLE (70771-1153-1) | 30 TABLET, EXTENDED RELEASE in 1 BOTTLE (70771-1153-3) | 500 TABLET, EXTENDED RELEASE in 1 BOTTLE (70771-1153-5) | 10 BLISTER PACK in 1 CARTON (70771-1153-7) / 10 TABLET, EXTENDED RELEASE in 1 BLISTER PACK | 90 TABLET, EXTENDED RELEASE in 1 BOTTLE (70771-1153-9)",8bf9cf23-8ffc-401f-981d-4878d694a468,20250612,,20261231,0
70771-1154,oral,minocycline,minocycline hydrochloride,minocycline hydrochloride,Zydus Lifesciences Limited,MINOCYCLINE HYDROCHLORIDE 65 mg/1,minocycline hydrochloride 65 mg,"[{""name"":""MINOCYCLINE HYDROCHLORIDE"",""strength"":""65 mg/1"",""pct"":null,""display"":""65 mg""}]","TABLET, EXTENDED RELEASE",ORAL,ANDA,ANDA203553,HUMAN PRESCRIPTION DRUG,Decreased Prothrombin Activity [PE];Tetracycline-class Drug [EPC];Tetracyclines [CS],70771-1154-0;70771-1154-1;70771-1154-3;70771-1154-5;70771-1154-7;70771-1154-9,"1000 TABLET, EXTENDED RELEASE in 1 BOTTLE (70771-1154-0) | 100 TABLET, EXTENDED RELEASE in 1 BOTTLE (70771-1154-1) | 30 TABLET, EXTENDED RELEASE in 1 BOTTLE (70771-1154-3) | 500 TABLET, EXTENDED RELEASE in 1 BOTTLE (70771-1154-5) | 10 BLISTER PACK in 1 CARTON (70771-1154-7) / 10 TABLET, EXTENDED RELEASE in 1 BLISTER PACK | 90 TABLET, EXTENDED RELEASE in 1 BOTTLE (70771-1154-9)",8bf9cf23-8ffc-401f-981d-4878d694a468,20250612,,20261231,0
70771-1155,oral,minocycline,minocycline hydrochloride,minocycline hydrochloride,Zydus Lifesciences Limited,MINOCYCLINE HYDROCHLORIDE 80 mg/1,minocycline hydrochloride 80 mg,"[{""name"":""MINOCYCLINE HYDROCHLORIDE"",""strength"":""80 mg/1"",""pct"":null,""display"":""80 mg""}]","TABLET, EXTENDED RELEASE",ORAL,ANDA,ANDA203553,HUMAN PRESCRIPTION DRUG,Decreased Prothrombin Activity [PE];Tetracycline-class Drug [EPC];Tetracyclines [CS],70771-1155-0;70771-1155-1;70771-1155-3;70771-1155-5;70771-1155-7;70771-1155-9,"1000 TABLET, EXTENDED RELEASE in 1 BOTTLE (70771-1155-0) | 100 TABLET, EXTENDED RELEASE in 1 BOTTLE (70771-1155-1) | 30 TABLET, EXTENDED RELEASE in 1 BOTTLE (70771-1155-3) | 500 TABLET, EXTENDED RELEASE in 1 BOTTLE (70771-1155-5) | 10 BLISTER PACK in 1 CARTON (70771-1155-7) / 10 TABLET, EXTENDED RELEASE in 1 BLISTER PACK | 90 TABLET, EXTENDED RELEASE in 1 BOTTLE (70771-1155-9)",8bf9cf23-8ffc-401f-981d-4878d694a468,20180307,,20261231,0
70771-1156,oral,minocycline,minocycline hydrochloride,minocycline hydrochloride,Zydus Lifesciences Limited,MINOCYCLINE HYDROCHLORIDE 90 mg/1,minocycline hydrochloride 90 mg,"[{""name"":""MINOCYCLINE HYDROCHLORIDE"",""strength"":""90 mg/1"",""pct"":null,""display"":""90 mg""}]","TABLET, EXTENDED RELEASE",ORAL,ANDA,ANDA203553,HUMAN PRESCRIPTION DRUG,Decreased Prothrombin Activity [PE];Tetracycline-class Drug [EPC];Tetracyclines [CS],70771-1156-0;70771-1156-1;70771-1156-3;70771-1156-5;70771-1156-7;70771-1156-9,"1000 TABLET, EXTENDED RELEASE in 1 BOTTLE (70771-1156-0) | 100 TABLET, EXTENDED RELEASE in 1 BOTTLE (70771-1156-1) | 30 TABLET, EXTENDED RELEASE in 1 BOTTLE (70771-1156-3) | 500 TABLET, EXTENDED RELEASE in 1 BOTTLE (70771-1156-5) | 10 BLISTER PACK in 1 CARTON (70771-1156-7) / 10 TABLET, EXTENDED RELEASE in 1 BLISTER PACK | 90 TABLET, EXTENDED RELEASE in 1 BOTTLE (70771-1156-9)",8bf9cf23-8ffc-401f-981d-4878d694a468,20180307,,20261231,0
70771-1157,oral,minocycline,minocycline hydrochloride,minocycline hydrochloride,Zydus Lifesciences Limited,MINOCYCLINE HYDROCHLORIDE 105 mg/1,minocycline hydrochloride 105 mg,"[{""name"":""MINOCYCLINE HYDROCHLORIDE"",""strength"":""105 mg/1"",""pct"":null,""display"":""105 mg""}]","TABLET, EXTENDED RELEASE",ORAL,ANDA,ANDA203553,HUMAN PRESCRIPTION DRUG,Decreased Prothrombin Activity [PE];Tetracycline-class Drug [EPC];Tetracyclines [CS],70771-1157-0;70771-1157-1;70771-1157-3;70771-1157-5;70771-1157-7;70771-1157-9,"1000 TABLET, EXTENDED RELEASE in 1 BOTTLE (70771-1157-0) | 100 TABLET, EXTENDED RELEASE in 1 BOTTLE (70771-1157-1) | 30 TABLET, EXTENDED RELEASE in 1 BOTTLE (70771-1157-3) | 500 TABLET, EXTENDED RELEASE in 1 BOTTLE (70771-1157-5) | 10 BLISTER PACK in 1 CARTON (70771-1157-7) / 10 TABLET, EXTENDED RELEASE in 1 BLISTER PACK | 90 TABLET, EXTENDED RELEASE in 1 BOTTLE (70771-1157-9)",8bf9cf23-8ffc-401f-981d-4878d694a468,20180307,,20261231,0
70771-1158,oral,minocycline,minocycline hydrochloride,minocycline hydrochloride,Zydus Lifesciences Limited,MINOCYCLINE HYDROCHLORIDE 115 mg/1,minocycline hydrochloride 115 mg,"[{""name"":""MINOCYCLINE HYDROCHLORIDE"",""strength"":""115 mg/1"",""pct"":null,""display"":""115 mg""}]","TABLET, EXTENDED RELEASE",ORAL,ANDA,ANDA203553,HUMAN PRESCRIPTION DRUG,Decreased Prothrombin Activity [PE];Tetracycline-class Drug [EPC];Tetracyclines [CS],70771-1158-0;70771-1158-1;70771-1158-3;70771-1158-5;70771-1158-7;70771-1158-9,"1000 TABLET, EXTENDED RELEASE in 1 BOTTLE (70771-1158-0) | 100 TABLET, EXTENDED RELEASE in 1 BOTTLE (70771-1158-1) | 30 TABLET, EXTENDED RELEASE in 1 BOTTLE (70771-1158-3) | 500 TABLET, EXTENDED RELEASE in 1 BOTTLE (70771-1158-5) | 10 BLISTER PACK in 1 CARTON (70771-1158-7) / 10 TABLET, EXTENDED RELEASE in 1 BLISTER PACK | 90 TABLET, EXTENDED RELEASE in 1 BOTTLE (70771-1158-9)",8bf9cf23-8ffc-401f-981d-4878d694a468,20250612,,20261231,0
70771-1167,oral,minocycline,minocycline hydrochloride,minocycline hydrochloride,Zydus Lifesciences Limited,MINOCYCLINE HYDROCHLORIDE 135 mg/1,minocycline hydrochloride 135 mg,"[{""name"":""MINOCYCLINE HYDROCHLORIDE"",""strength"":""135 mg/1"",""pct"":null,""display"":""135 mg""}]","TABLET, EXTENDED RELEASE",ORAL,ANDA,ANDA203553,HUMAN PRESCRIPTION DRUG,Decreased Prothrombin Activity [PE];Tetracycline-class Drug [EPC];Tetracyclines [CS],70771-1167-0;70771-1167-1;70771-1167-3;70771-1167-5;70771-1167-7;70771-1167-9,"1000 TABLET, EXTENDED RELEASE in 1 BOTTLE (70771-1167-0) | 100 TABLET, EXTENDED RELEASE in 1 BOTTLE (70771-1167-1) | 30 TABLET, EXTENDED RELEASE in 1 BOTTLE (70771-1167-3) | 500 TABLET, EXTENDED RELEASE in 1 BOTTLE (70771-1167-5) | 10 BLISTER PACK in 1 CARTON (70771-1167-7) / 10 TABLET, EXTENDED RELEASE in 1 BLISTER PACK | 90 TABLET, EXTENDED RELEASE in 1 BOTTLE (70771-1167-9)",8bf9cf23-8ffc-401f-981d-4878d694a468,20180307,,20261231,0
69489-131,oral,minocycline,EMROSI,minocycline hydrochloride extended-release,Journey Medical Corporation,MINOCYCLINE HYDROCHLORIDE 40 mg/1,minocycline hydrochloride 40 mg,"[{""name"":""MINOCYCLINE HYDROCHLORIDE"",""strength"":""40 mg/1"",""pct"":null,""display"":""40 mg""}]",CAPSULE,ORAL,NDA,NDA219015,HUMAN PRESCRIPTION DRUG,Decreased Prothrombin Activity [PE];Tetracycline-class Drug [EPC];Tetracyclines [CS],69489-131-07;69489-131-30,7 CAPSULE in 1 BOTTLE (69489-131-07) | 30 CAPSULE in 1 BOTTLE (69489-131-30),0899eb25-8807-037c-f66c-141a2696b1c0,20250301,,20261231,0
16110-245,oral,sarecycline,Seysara,sarecycline hydrochloride,"Almirall, LLC",SARECYCLINE HYDROCHLORIDE 60 mg/1,sarecycline hydrochloride 60 mg,"[{""name"":""SARECYCLINE HYDROCHLORIDE"",""strength"":""60 mg/1"",""pct"":null,""display"":""60 mg""}]","TABLET, COATED",ORAL,NDA,NDA209521,HUMAN PRESCRIPTION DRUG,P-Glycoprotein Inhibitors [MoA];Tetracycline-class Drug [EPC];Tetracyclines [CS],16110-245-30,"30 TABLET, COATED in 1 BOTTLE (16110-245-30)",b200957c-3004-4988-be97-9fd619a83649,20190104,,20261231,0
16110-246,oral,sarecycline,Seysara,sarecycline hydrochloride,"Almirall, LLC",SARECYCLINE HYDROCHLORIDE 100 mg/1,sarecycline hydrochloride 100 mg,"[{""name"":""SARECYCLINE HYDROCHLORIDE"",""strength"":""100 mg/1"",""pct"":null,""display"":""100 mg""}]","TABLET, COATED",ORAL,NDA,NDA209521,HUMAN PRESCRIPTION DRUG,P-Glycoprotein Inhibitors [MoA];Tetracycline-class Drug [EPC];Tetracyclines [CS],16110-246-30,"30 TABLET, COATED in 1 BOTTLE (16110-246-30)",b200957c-3004-4988-be97-9fd619a83649,20190104,,20261231,0
16110-247,oral,sarecycline,Seysara,sarecycline hydrochloride,"Almirall, LLC",SARECYCLINE HYDROCHLORIDE 150 mg/1,sarecycline hydrochloride 150 mg,"[{""name"":""SARECYCLINE HYDROCHLORIDE"",""strength"":""150 mg/1"",""pct"":null,""display"":""150 mg""}]","TABLET, COATED",ORAL,NDA,NDA209521,HUMAN PRESCRIPTION DRUG,P-Glycoprotein Inhibitors [MoA];Tetracycline-class Drug [EPC];Tetracyclines [CS],16110-247-30,"30 TABLET, COATED in 1 BOTTLE (16110-247-30)",b200957c-3004-4988-be97-9fd619a83649,20190104,,20261231,0
0025-1001,oral,spironolactone,Aldactone,spironolactone,Pfizer Laboratories Div Pfizer Inc,SPIRONOLACTONE 25 mg/1,spironolactone 25 mg,"[{""name"":""SPIRONOLACTONE"",""strength"":""25 mg/1"",""pct"":null,""display"":""25 mg""}]","TABLET, FILM COATED",ORAL,NDA,NDA012151,HUMAN PRESCRIPTION DRUG,Aldosterone Antagonist [EPC];Aldosterone Antagonists [MoA],0025-1001-31,"100 TABLET, FILM COATED in 1 BOTTLE (0025-1001-31)",0fed2822-3a03-4b64-9857-c682fcd462bc,19600121,,20261231,0
0025-1031,oral,spironolactone,Aldactone,spironolactone,Pfizer Laboratories Div Pfizer Inc,SPIRONOLACTONE 100 mg/1,spironolactone 100 mg,"[{""name"":""SPIRONOLACTONE"",""strength"":""100 mg/1"",""pct"":null,""display"":""100 mg""}]","TABLET, FILM COATED",ORAL,NDA,NDA012151,HUMAN PRESCRIPTION DRUG,Aldosterone Antagonist [EPC];Aldosterone Antagonists [MoA],0025-1031-31,"100 TABLET, FILM COATED in 1 BOTTLE (0025-1031-31)",0fed2822-3a03-4b64-9857-c682fcd462bc,19600121,,20261231,0
0025-1041,oral,spironolactone,Aldactone,spironolactone,Pfizer Laboratories Div Pfizer Inc,SPIRONOLACTONE 50 mg/1,spironolactone 50 mg,"[{""name"":""SPIRONOLACTONE"",""strength"":""50 mg/1"",""pct"":null,""display"":""50 mg""}]","TABLET, FILM COATED",ORAL,NDA,NDA012151,HUMAN PRESCRIPTION DRUG,Aldosterone Antagonist [EPC];Aldosterone Antagonists [MoA],0025-1041-31,"100 TABLET, FILM COATED in 1 BOTTLE (0025-1041-31)",0fed2822-3a03-4b64-9857-c682fcd462bc,19600121,,20261231,0
0574-1133,oral,spironolactone,SPIRONOLACTONE,spironolactone,Padagis US LLC,SPIRONOLACTONE 25 mg/5mL,spironolactone 0.5%,"[{""name"":""SPIRONOLACTONE"",""strength"":""25 mg/5mL"",""pct"":0.5,""display"":""0.5%""}]",SUSPENSION,ORAL,NDA AUTHORIZED GENERIC,NDA209478,HUMAN PRESCRIPTION DRUG,Aldosterone Antagonist [EPC];Aldosterone Antagonists [MoA],0574-1133-04;0574-1133-10;0574-1133-16,"118 mL in 1 BOTTLE (0574-1133-04) | 10 CUP, UNIT-DOSE in 1 CARTON (0574-1133-10) / 5 mL in 1 CUP, UNIT-DOSE (0574-1133-05) | 473 mL in 1 BOTTLE (0574-1133-16)",522bd365-ddcc-48f4-8a98-66dc4c3bb314,20231031,,20261231,0
53489-143,oral,spironolactone,SPIRONOLACTONE,spironolactone,"Sun Pharmaceutical Industries, Inc.",SPIRONOLACTONE 25 mg/1,spironolactone 25 mg,"[{""name"":""SPIRONOLACTONE"",""strength"":""25 mg/1"",""pct"":null,""display"":""25 mg""}]",TABLET,ORAL,ANDA,ANDA089424,HUMAN PRESCRIPTION DRUG,Aldosterone Antagonist [EPC];Aldosterone Antagonists [MoA],53489-143-01;53489-143-05;53489-143-10,"100 TABLET in 1 BOTTLE, PLASTIC (53489-143-01) | 500 TABLET in 1 BOTTLE, PLASTIC (53489-143-05) | 1000 TABLET in 1 BOTTLE, PLASTIC (53489-143-10)",c23b6b9b-aec3-48a8-a518-76e4097f6479,19860723,20290228,,0
53489-328,oral,spironolactone,SPIRONOLACTONE,spironolactone,"Sun Pharmaceutical Industries, Inc.",SPIRONOLACTONE 50 mg/1,spironolactone 50 mg,"[{""name"":""SPIRONOLACTONE"",""strength"":""50 mg/1"",""pct"":null,""display"":""50 mg""}]","TABLET, FILM COATED",ORAL,ANDA,ANDA089424,HUMAN PRESCRIPTION DRUG,Aldosterone Antagonist [EPC];Aldosterone Antagonists [MoA],53489-328-01;53489-328-02;53489-328-03;53489-328-05;53489-328-07;53489-328-10,"100 TABLET, FILM COATED in 1 BOTTLE, PLASTIC (53489-328-01) | 50 TABLET, FILM COATED in 1 BOTTLE, PLASTIC (53489-328-02) | 250 TABLET, FILM COATED in 1 BOTTLE, PLASTIC (53489-328-03) | 500 TABLET, FILM COATED in 1 BOTTLE, PLASTIC (53489-328-05) | 30 TABLET, FILM COATED in 1 BOTTLE, PLASTIC (53489-328-07) | 1000 TABLET, FILM COATED in 1 BOTTLE, PLASTIC (53489-328-10)",c23b6b9b-aec3-48a8-a518-76e4097f6479,19860723,,20271231,0
53489-329,oral,spironolactone,SPIRONOLACTONE,spironolactone,"Sun Pharmaceutical Industries, Inc.",SPIRONOLACTONE 100 mg/1,spironolactone 100 mg,"[{""name"":""SPIRONOLACTONE"",""strength"":""100 mg/1"",""pct"":null,""display"":""100 mg""}]","TABLET, FILM COATED",ORAL,ANDA,ANDA089424,HUMAN PRESCRIPTION DRUG,Aldosterone Antagonist [EPC];Aldosterone Antagonists [MoA],53489-329-01;53489-329-02;53489-329-03;53489-329-05;53489-329-10,"100 TABLET, FILM COATED in 1 BOTTLE, PLASTIC (53489-329-01) | 50 TABLET, FILM COATED in 1 BOTTLE, PLASTIC (53489-329-02) | 250 TABLET, FILM COATED in 1 BOTTLE, PLASTIC (53489-329-03) | 500 TABLET, FILM COATED in 1 BOTTLE, PLASTIC (53489-329-05) | 1000 TABLET, FILM COATED in 1 BOTTLE, PLASTIC (53489-329-10)",c23b6b9b-aec3-48a8-a518-76e4097f6479,19860723,,20271231,0
59651-426,oral,spironolactone,SPIRONOLACTONE,spironolactone,Aurobindo Pharma Limited,SPIRONOLACTONE 25 mg/1,spironolactone 25 mg,"[{""name"":""SPIRONOLACTONE"",""strength"":""25 mg/1"",""pct"":null,""display"":""25 mg""}]",TABLET,ORAL,ANDA,ANDA202187,HUMAN PRESCRIPTION DRUG,Aldosterone Antagonist [EPC];Aldosterone Antagonists [MoA],59651-426-01;59651-426-05;59651-426-99,100 TABLET in 1 BOTTLE (59651-426-01) | 500 TABLET in 1 BOTTLE (59651-426-05) | 1000 TABLET in 1 BOTTLE (59651-426-99),768563dc-a619-44dc-b97f-1a7e71fd56a0,20191213,,20271231,0
59651-427,oral,spironolactone,SPIRONOLACTONE,spironolactone,Aurobindo Pharma Limited,SPIRONOLACTONE 50 mg/1,spironolactone 50 mg,"[{""name"":""SPIRONOLACTONE"",""strength"":""50 mg/1"",""pct"":null,""display"":""50 mg""}]",TABLET,ORAL,ANDA,ANDA202187,HUMAN PRESCRIPTION DRUG,Aldosterone Antagonist [EPC];Aldosterone Antagonists [MoA],59651-427-01;59651-427-05,100 TABLET in 1 BOTTLE (59651-427-01) | 500 TABLET in 1 BOTTLE (59651-427-05),768563dc-a619-44dc-b97f-1a7e71fd56a0,20191213,,20271231,0
59651-428,oral,spironolactone,SPIRONOLACTONE,spironolactone,Aurobindo Pharma Limited,SPIRONOLACTONE 100 mg/1,spironolactone 100 mg,"[{""name"":""SPIRONOLACTONE"",""strength"":""100 mg/1"",""pct"":null,""display"":""100 mg""}]",TABLET,ORAL,ANDA,ANDA202187,HUMAN PRESCRIPTION DRUG,Aldosterone Antagonist [EPC];Aldosterone Antagonists [MoA],59651-428-01;59651-428-05,100 TABLET in 1 BOTTLE (59651-428-01) | 500 TABLET in 1 BOTTLE (59651-428-05),768563dc-a619-44dc-b97f-1a7e71fd56a0,20191213,,20271231,0
63629-1830,oral,spironolactone,SPIRONOLACTONE,spironolactone,Bryant Ranch Prepack,SPIRONOLACTONE 25 mg/1,spironolactone 25 mg,"[{""name"":""SPIRONOLACTONE"",""strength"":""25 mg/1"",""pct"":null,""display"":""25 mg""}]",TABLET,ORAL,ANDA,ANDA089424,HUMAN PRESCRIPTION DRUG,Aldosterone Antagonist [EPC];Aldosterone Antagonists [MoA],63629-1830-1;63629-1830-2;63629-1830-3;63629-1830-4;63629-1830-5;63629-1830-6;63629-1830-7;63629-1830-8;63629-1830-9,30 TABLET in 1 BOTTLE (63629-1830-1) | 60 TABLET in 1 BOTTLE (63629-1830-2) | 90 TABLET in 1 BOTTLE (63629-1830-3) | 14 TABLET in 1 BOTTLE (63629-1830-4) | 100 TABLET in 1 BOTTLE (63629-1830-5) | 7 TABLET in 1 BOTTLE (63629-1830-6) | 10 TABLET in 1 BOTTLE (63629-1830-7) | 180 TABLET in 1 BOTTLE (63629-1830-8) | 45 TABLET in 1 BOTTLE (63629-1830-9),,19860723,20290228,,0
70518-4447,oral,spironolactone,SPIRONOLACTONE,spironolactone,REMEDYREPACK INC.,SPIRONOLACTONE 100 mg/1,spironolactone 100 mg,"[{""name"":""SPIRONOLACTONE"",""strength"":""100 mg/1"",""pct"":null,""display"":""100 mg""}]",TABLET,ORAL,ANDA,ANDA202187,HUMAN PRESCRIPTION DRUG,Aldosterone Antagonist [EPC];Aldosterone Antagonists [MoA],70518-4447-0,100 POUCH in 1 BOX (70518-4447-0) / 1 TABLET in 1 POUCH (70518-4447-1),,20250819,,20271231,0
72603-134,oral,spironolactone,SPIRONOLACTONE,spironolactone,NorthStar Rx LLC,SPIRONOLACTONE 25 mg/1,spironolactone 25 mg,"[{""name"":""SPIRONOLACTONE"",""strength"":""25 mg/1"",""pct"":null,""display"":""25 mg""}]",TABLET,ORAL,ANDA,ANDA202187,HUMAN PRESCRIPTION DRUG,Aldosterone Antagonist [EPC];Aldosterone Antagonists [MoA],72603-134-01;72603-134-02;72603-134-03,100 TABLET in 1 BOTTLE (72603-134-01) | 500 TABLET in 1 BOTTLE (72603-134-02) | 1000 TABLET in 1 BOTTLE (72603-134-03),ae0dcb4e-63df-459c-8e60-0caa817b8135,20191213,,20271231,0
72603-135,oral,spironolactone,SPIRONOLACTONE,spironolactone,NorthStar Rx LLC,SPIRONOLACTONE 50 mg/1,spironolactone 50 mg,"[{""name"":""SPIRONOLACTONE"",""strength"":""50 mg/1"",""pct"":null,""display"":""50 mg""}]",TABLET,ORAL,ANDA,ANDA202187,HUMAN PRESCRIPTION DRUG,Aldosterone Antagonist [EPC];Aldosterone Antagonists [MoA],72603-135-01;72603-135-02,100 TABLET in 1 BOTTLE (72603-135-01) | 500 TABLET in 1 BOTTLE (72603-135-02),ae0dcb4e-63df-459c-8e60-0caa817b8135,20191213,,20271231,0
72603-136,oral,spironolactone,SPIRONOLACTONE,spironolactone,NorthStar Rx LLC,SPIRONOLACTONE 100 mg/1,spironolactone 100 mg,"[{""name"":""SPIRONOLACTONE"",""strength"":""100 mg/1"",""pct"":null,""display"":""100 mg""}]",TABLET,ORAL,ANDA,ANDA202187,HUMAN PRESCRIPTION DRUG,Aldosterone Antagonist [EPC];Aldosterone Antagonists [MoA],72603-136-01;72603-136-02,100 TABLET in 1 BOTTLE (72603-136-01) | 500 TABLET in 1 BOTTLE (72603-136-02),ae0dcb4e-63df-459c-8e60-0caa817b8135,20191213,,20271231,0
0378-0243,oral,spironolactone,Spironolactone,spironolactone,Mylan Pharmaceuticals Inc.,SPIRONOLACTONE 50 mg/1,spironolactone 50 mg,"[{""name"":""SPIRONOLACTONE"",""strength"":""50 mg/1"",""pct"":null,""display"":""50 mg""}]","TABLET, FILM COATED",ORAL,ANDA,ANDA040424,HUMAN PRESCRIPTION DRUG,Aldosterone Antagonist [EPC];Aldosterone Antagonists [MoA],0378-0243-01;0378-0243-05,"100 TABLET, FILM COATED in 1 BOTTLE, PLASTIC (0378-0243-01) | 500 TABLET, FILM COATED in 1 BOTTLE, PLASTIC (0378-0243-05)",beaf74db-4159-3b59-ef99-575c3ac99aa1,20020122,,20271231,0
0378-0437,oral,spironolactone,Spironolactone,spironolactone,Mylan Pharmaceuticals Inc.,SPIRONOLACTONE 100 mg/1,spironolactone 100 mg,"[{""name"":""SPIRONOLACTONE"",""strength"":""100 mg/1"",""pct"":null,""display"":""100 mg""}]","TABLET, FILM COATED",ORAL,ANDA,ANDA040424,HUMAN PRESCRIPTION DRUG,Aldosterone Antagonist [EPC];Aldosterone Antagonists [MoA],0378-0437-01,"100 TABLET, FILM COATED in 1 BOTTLE, PLASTIC (0378-0437-01)",beaf74db-4159-3b59-ef99-575c3ac99aa1,20020122,,20271231,0
0378-2146,oral,spironolactone,Spironolactone,spironolactone,Mylan Pharmaceuticals Inc.,SPIRONOLACTONE 25 mg/1,spironolactone 25 mg,"[{""name"":""SPIRONOLACTONE"",""strength"":""25 mg/1"",""pct"":null,""display"":""25 mg""}]","TABLET, FILM COATED",ORAL,ANDA,ANDA040424,HUMAN PRESCRIPTION DRUG,Aldosterone Antagonist [EPC];Aldosterone Antagonists [MoA],0378-2146-01;0378-2146-05,"100 TABLET, FILM COATED in 1 BOTTLE, PLASTIC (0378-2146-01) | 500 TABLET, FILM COATED in 1 BOTTLE, PLASTIC (0378-2146-05)",beaf74db-4159-3b59-ef99-575c3ac99aa1,19810203,,20271231,0
16729-225,oral,spironolactone,Spironolactone,spironolactone,"Accord Healthcare, Inc.",SPIRONOLACTONE 25 mg/1,spironolactone 25 mg,"[{""name"":""SPIRONOLACTONE"",""strength"":""25 mg/1"",""pct"":null,""display"":""25 mg""}]","TABLET, FILM COATED",ORAL,ANDA,ANDA203512,HUMAN PRESCRIPTION DRUG,Aldosterone Antagonist [EPC];Aldosterone Antagonists [MoA],16729-225-01;16729-225-16;16729-225-17,"100 TABLET, FILM COATED in 1 BOTTLE (16729-225-01) | 500 TABLET, FILM COATED in 1 BOTTLE (16729-225-16) | 1000 TABLET, FILM COATED in 1 BOTTLE (16729-225-17)",8a96e2c9-049a-43ab-abf3-21baedeb736f,20170602,,20261231,0
16729-226,oral,spironolactone,Spironolactone,spironolactone,"Accord Healthcare, Inc.",SPIRONOLACTONE 50 mg/1,spironolactone 50 mg,"[{""name"":""SPIRONOLACTONE"",""strength"":""50 mg/1"",""pct"":null,""display"":""50 mg""}]","TABLET, FILM COATED",ORAL,ANDA,ANDA203512,HUMAN PRESCRIPTION DRUG,Aldosterone Antagonist [EPC];Aldosterone Antagonists [MoA],16729-226-01;16729-226-16,"100 TABLET, FILM COATED in 1 BOTTLE (16729-226-01) | 500 TABLET, FILM COATED in 1 BOTTLE (16729-226-16)",8a96e2c9-049a-43ab-abf3-21baedeb736f,20170602,,20261231,0
16729-227,oral,spironolactone,Spironolactone,spironolactone,"Accord Healthcare, Inc.",SPIRONOLACTONE 100 mg/1,spironolactone 100 mg,"[{""name"":""SPIRONOLACTONE"",""strength"":""100 mg/1"",""pct"":null,""display"":""100 mg""}]","TABLET, FILM COATED",ORAL,ANDA,ANDA203512,HUMAN PRESCRIPTION DRUG,Aldosterone Antagonist [EPC];Aldosterone Antagonists [MoA],16729-227-01;16729-227-16,"100 TABLET, FILM COATED in 1 BOTTLE (16729-227-01) | 500 TABLET, FILM COATED in 1 BOTTLE (16729-227-16)",8a96e2c9-049a-43ab-abf3-21baedeb736f,20170602,,20261231,0
53746-511,oral,spironolactone,Spironolactone,spironolactone,Amneal Pharmaceuticals of New York LLC,SPIRONOLACTONE 25 mg/1,spironolactone 25 mg,"[{""name"":""SPIRONOLACTONE"",""strength"":""25 mg/1"",""pct"":null,""display"":""25 mg""}]",TABLET,ORAL,ANDA,ANDA091426,HUMAN PRESCRIPTION DRUG,Aldosterone Antagonist [EPC];Aldosterone Antagonists [MoA],53746-511-01;53746-511-05;53746-511-10;53746-511-30;53746-511-60;53746-511-90,100 TABLET in 1 BOTTLE (53746-511-01) | 500 TABLET in 1 BOTTLE (53746-511-05) | 1000 TABLET in 1 BOTTLE (53746-511-10) | 30 TABLET in 1 BOTTLE (53746-511-30) | 60 TABLET in 1 BOTTLE (53746-511-60) | 90 TABLET in 1 BOTTLE (53746-511-90),951b8948-dc0f-4aef-9910-82c252de936d,20100802,,20261231,0
53746-514,oral,spironolactone,Spironolactone,spironolactone,Amneal Pharmaceuticals of New York LLC,SPIRONOLACTONE 50 mg/1,spironolactone 50 mg,"[{""name"":""SPIRONOLACTONE"",""strength"":""50 mg/1"",""pct"":null,""display"":""50 mg""}]",TABLET,ORAL,ANDA,ANDA091426,HUMAN PRESCRIPTION DRUG,Aldosterone Antagonist [EPC];Aldosterone Antagonists [MoA],53746-514-01;53746-514-05;53746-514-10;53746-514-30;53746-514-60;53746-514-90,100 TABLET in 1 BOTTLE (53746-514-01) | 500 TABLET in 1 BOTTLE (53746-514-05) | 1000 TABLET in 1 BOTTLE (53746-514-10) | 30 TABLET in 1 BOTTLE (53746-514-30) | 60 TABLET in 1 BOTTLE (53746-514-60) | 90 TABLET in 1 BOTTLE (53746-514-90),951b8948-dc0f-4aef-9910-82c252de936d,20100802,,20261231,0
53746-515,oral,spironolactone,Spironolactone,spironolactone,Amneal Pharmaceuticals of New York LLC,SPIRONOLACTONE 100 mg/1,spironolactone 100 mg,"[{""name"":""SPIRONOLACTONE"",""strength"":""100 mg/1"",""pct"":null,""display"":""100 mg""}]",TABLET,ORAL,ANDA,ANDA091426,HUMAN PRESCRIPTION DRUG,Aldosterone Antagonist [EPC];Aldosterone Antagonists [MoA],53746-515-01;53746-515-05;53746-515-10;53746-515-30;53746-515-60;53746-515-90,100 TABLET in 1 BOTTLE (53746-515-01) | 500 TABLET in 1 BOTTLE (53746-515-05) | 1000 TABLET in 1 BOTTLE (53746-515-10) | 30 TABLET in 1 BOTTLE (53746-515-30) | 60 TABLET in 1 BOTTLE (53746-515-60) | 90 TABLET in 1 BOTTLE (53746-515-90),951b8948-dc0f-4aef-9910-82c252de936d,20100802,,20261231,0
59746-216,oral,spironolactone,Spironolactone,spironolactone,Jubilant Cadista Pharmacuticals Inc.,SPIRONOLACTONE 25 mg/1,spironolactone 25 mg,"[{""name"":""SPIRONOLACTONE"",""strength"":""25 mg/1"",""pct"":null,""display"":""25 mg""}]","TABLET, FILM COATED",ORAL,ANDA,ANDA203253,HUMAN PRESCRIPTION DRUG,Aldosterone Antagonist [EPC];Aldosterone Antagonists [MoA],59746-216-01;59746-216-05;59746-216-10,"100 TABLET, FILM COATED in 1 BOTTLE (59746-216-01) | 500 TABLET, FILM COATED in 1 BOTTLE (59746-216-05) | 1000 TABLET, FILM COATED in 1 BOTTLE (59746-216-10)",a7510768-8a52-4230-6aa0-b0d92d82588f,20130201,,20261231,0
59746-217,oral,spironolactone,Spironolactone,spironolactone,Jubilant Cadista Pharmacuticals Inc.,SPIRONOLACTONE 50 mg/1,spironolactone 50 mg,"[{""name"":""SPIRONOLACTONE"",""strength"":""50 mg/1"",""pct"":null,""display"":""50 mg""}]","TABLET, FILM COATED",ORAL,ANDA,ANDA203253,HUMAN PRESCRIPTION DRUG,Aldosterone Antagonist [EPC];Aldosterone Antagonists [MoA],59746-217-01;59746-217-05,"100 TABLET, FILM COATED in 1 BOTTLE (59746-217-01) | 500 TABLET, FILM COATED in 1 BOTTLE (59746-217-05)",a7510768-8a52-4230-6aa0-b0d92d82588f,20130201,,20261231,0
59746-218,oral,spironolactone,Spironolactone,spironolactone,Jubilant Cadista Pharmacuticals Inc.,SPIRONOLACTONE 100 mg/1,spironolactone 100 mg,"[{""name"":""SPIRONOLACTONE"",""strength"":""100 mg/1"",""pct"":null,""display"":""100 mg""}]","TABLET, FILM COATED",ORAL,ANDA,ANDA203253,HUMAN PRESCRIPTION DRUG,Aldosterone Antagonist [EPC];Aldosterone Antagonists [MoA],59746-218-01;59746-218-05,"100 TABLET, FILM COATED in 1 BOTTLE (59746-218-01) | 500 TABLET, FILM COATED in 1 BOTTLE (59746-218-05)",a7510768-8a52-4230-6aa0-b0d92d82588f,20130201,,20261231,0
64980-706,oral,spironolactone,Spironolactone,spironolactone,"Rising Pharma Holdings, Inc.",SPIRONOLACTONE 25 mg/1,spironolactone 25 mg,"[{""name"":""SPIRONOLACTONE"",""strength"":""25 mg/1"",""pct"":null,""display"":""25 mg""}]",TABLET,ORAL,ANDA,ANDA219494,HUMAN PRESCRIPTION DRUG,Aldosterone Antagonist [EPC];Aldosterone Antagonists [MoA],64980-706-01;64980-706-50,100 TABLET in 1 BOTTLE (64980-706-01) | 500 TABLET in 1 BOTTLE (64980-706-50),ac487ae2-e15f-4781-bae3-a03058cfcfe4,20250915,,20271231,0
64980-707,oral,spironolactone,Spironolactone,spironolactone,"Rising Pharma Holdings, Inc.",SPIRONOLACTONE 50 mg/1,spironolactone 50 mg,"[{""name"":""SPIRONOLACTONE"",""strength"":""50 mg/1"",""pct"":null,""display"":""50 mg""}]",TABLET,ORAL,ANDA,ANDA219494,HUMAN PRESCRIPTION DRUG,Aldosterone Antagonist [EPC];Aldosterone Antagonists [MoA],64980-707-01;64980-707-50,100 TABLET in 1 BOTTLE (64980-707-01) | 500 TABLET in 1 BOTTLE (64980-707-50),ac487ae2-e15f-4781-bae3-a03058cfcfe4,20250915,,20271231,0
64980-708,oral,spironolactone,Spironolactone,spironolactone,"Rising Pharma Holdings, Inc.",SPIRONOLACTONE 100 mg/1,spironolactone 100 mg,"[{""name"":""SPIRONOLACTONE"",""strength"":""100 mg/1"",""pct"":null,""display"":""100 mg""}]",TABLET,ORAL,ANDA,ANDA219494,HUMAN PRESCRIPTION DRUG,Aldosterone Antagonist [EPC];Aldosterone Antagonists [MoA],64980-708-01;64980-708-50,100 TABLET in 1 BOTTLE (64980-708-01) | 500 TABLET in 1 BOTTLE (64980-708-50),ac487ae2-e15f-4781-bae3-a03058cfcfe4,20250915,,20271231,0
65162-511,oral,spironolactone,Spironolactone,spironolactone,Amneal Pharmaceuticals LLC,SPIRONOLACTONE 25 mg/1,spironolactone 25 mg,"[{""name"":""SPIRONOLACTONE"",""strength"":""25 mg/1"",""pct"":null,""display"":""25 mg""}]",TABLET,ORAL,ANDA,ANDA091426,HUMAN PRESCRIPTION DRUG,Aldosterone Antagonist [EPC];Aldosterone Antagonists [MoA],65162-511-03;65162-511-06;65162-511-09;65162-511-10;65162-511-11;65162-511-50;65162-511-60,30 TABLET in 1 BOTTLE (65162-511-03) | 60 TABLET in 1 BOTTLE (65162-511-06) | 90 TABLET in 1 BOTTLE (65162-511-09) | 100 TABLET in 1 BOTTLE (65162-511-10) | 1000 TABLET in 1 BOTTLE (65162-511-11) | 500 TABLET in 1 BOTTLE (65162-511-50) | 100 TABLET in 1 BLISTER PACK (65162-511-60),fb66327e-8261-46ae-b39a-4fa79d520844,20100802,,20261231,0
65162-514,oral,spironolactone,Spironolactone,spironolactone,Amneal Pharmaceuticals LLC,SPIRONOLACTONE 50 mg/1,spironolactone 50 mg,"[{""name"":""SPIRONOLACTONE"",""strength"":""50 mg/1"",""pct"":null,""display"":""50 mg""}]",TABLET,ORAL,ANDA,ANDA091426,HUMAN PRESCRIPTION DRUG,Aldosterone Antagonist [EPC];Aldosterone Antagonists [MoA],65162-514-03;65162-514-06;65162-514-09;65162-514-10;65162-514-11;65162-514-50;65162-514-60,30 TABLET in 1 BOTTLE (65162-514-03) | 60 TABLET in 1 BOTTLE (65162-514-06) | 90 TABLET in 1 BOTTLE (65162-514-09) | 100 TABLET in 1 BOTTLE (65162-514-10) | 1000 TABLET in 1 BOTTLE (65162-514-11) | 500 TABLET in 1 BOTTLE (65162-514-50) | 100 TABLET in 1 BLISTER PACK (65162-514-60),fb66327e-8261-46ae-b39a-4fa79d520844,20100802,,20261231,0
65162-515,oral,spironolactone,Spironolactone,spironolactone,Amneal Pharmaceuticals LLC,SPIRONOLACTONE 100 mg/1,spironolactone 100 mg,"[{""name"":""SPIRONOLACTONE"",""strength"":""100 mg/1"",""pct"":null,""display"":""100 mg""}]",TABLET,ORAL,ANDA,ANDA091426,HUMAN PRESCRIPTION DRUG,Aldosterone Antagonist [EPC];Aldosterone Antagonists [MoA],65162-515-03;65162-515-06;65162-515-09;65162-515-10;65162-515-11;65162-515-50;65162-515-60,30 TABLET in 1 BOTTLE (65162-515-03) | 60 TABLET in 1 BOTTLE (65162-515-06) | 90 TABLET in 1 BOTTLE (65162-515-09) | 100 TABLET in 1 BOTTLE (65162-515-10) | 1000 TABLET in 1 BOTTLE (65162-515-11) | 500 TABLET in 1 BOTTLE (65162-515-50) | 100 TABLET in 1 BLISTER PACK (65162-515-60),fb66327e-8261-46ae-b39a-4fa79d520844,20100802,,20261231,0
69238-2027,oral,spironolactone,Spironolactone,spironolactone,Amneal Pharmaceuticals NY LLC,SPIRONOLACTONE 25 mg/5mL,spironolactone 0.5%,"[{""name"":""SPIRONOLACTONE"",""strength"":""25 mg/5mL"",""pct"":0.5,""display"":""0.5%""}]",SUSPENSION,ORAL,ANDA,ANDA215572,HUMAN PRESCRIPTION DRUG,Aldosterone Antagonist [EPC];Aldosterone Antagonists [MoA],69238-2027-2;69238-2027-8,473 mL in 1 BOTTLE (69238-2027-2) | 118 mL in 1 BOTTLE (69238-2027-8),1ed9a2cb-d666-43db-b515-f9615fa6da25,20230908,,20261231,0
69584-852,oral,spironolactone,Spironolactone,spironolactone,"Oxford Pharmaceuticals, LLC",SPIRONOLACTONE 25 mg/1,spironolactone 25 mg,"[{""name"":""SPIRONOLACTONE"",""strength"":""25 mg/1"",""pct"":null,""display"":""25 mg""}]","TABLET, COATED",ORAL,ANDA,ANDA040750,HUMAN PRESCRIPTION DRUG,Aldosterone Antagonist [EPC];Aldosterone Antagonists [MoA],69584-852-09;69584-852-10;69584-852-50;69584-852-90;69584-852-92,"90 TABLET, COATED in 1 BOTTLE (69584-852-09) | 100 TABLET, COATED in 1 BOTTLE (69584-852-10) | 500 TABLET, COATED in 1 BOTTLE (69584-852-50) | 1000 TABLET, COATED in 1 BOTTLE (69584-852-90) | 2500 TABLET, COATED in 1 BOTTLE (69584-852-92)",852684dc-e1c6-4caa-bccb-10ac90bbb3bb,20210104,,20271231,0
69584-853,oral,spironolactone,Spironolactone,spironolactone,"Oxford Pharmaceuticals, LLC",SPIRONOLACTONE 50 mg/1,spironolactone 50 mg,"[{""name"":""SPIRONOLACTONE"",""strength"":""50 mg/1"",""pct"":null,""display"":""50 mg""}]","TABLET, COATED",ORAL,ANDA,ANDA040750,HUMAN PRESCRIPTION DRUG,Aldosterone Antagonist [EPC];Aldosterone Antagonists [MoA],69584-853-09;69584-853-10;69584-853-50;69584-853-90,"90 TABLET, COATED in 1 BOTTLE (69584-853-09) | 100 TABLET, COATED in 1 BOTTLE (69584-853-10) | 500 TABLET, COATED in 1 BOTTLE (69584-853-50) | 1000 TABLET, COATED in 1 BOTTLE (69584-853-90)",852684dc-e1c6-4caa-bccb-10ac90bbb3bb,20210104,,20271231,0
69584-854,oral,spironolactone,Spironolactone,spironolactone,"Oxford Pharmaceuticals, LLC",SPIRONOLACTONE 100 mg/1,spironolactone 100 mg,"[{""name"":""SPIRONOLACTONE"",""strength"":""100 mg/1"",""pct"":null,""display"":""100 mg""}]","TABLET, COATED",ORAL,ANDA,ANDA040750,HUMAN PRESCRIPTION DRUG,Aldosterone Antagonist [EPC];Aldosterone Antagonists [MoA],69584-854-09;69584-854-10;69584-854-50;69584-854-90,"90 TABLET, COATED in 1 BOTTLE (69584-854-09) | 100 TABLET, COATED in 1 BOTTLE (69584-854-10) | 500 TABLET, COATED in 1 BOTTLE (69584-854-50) | 1000 TABLET, COATED in 1 BOTTLE (69584-854-90)",852684dc-e1c6-4caa-bccb-10ac90bbb3bb,20210104,,20271231,0
31722-094,oral,spironolactone,spironolactone,spironolactone,"Camber Pharmaceuticals, Inc.",SPIRONOLACTONE 25 mg/1,spironolactone 25 mg,"[{""name"":""SPIRONOLACTONE"",""strength"":""25 mg/1"",""pct"":null,""display"":""25 mg""}]","TABLET, FILM COATED",ORAL,ANDA,ANDA217761,HUMAN PRESCRIPTION DRUG,Aldosterone Antagonist [EPC];Aldosterone Antagonists [MoA],31722-094-01;31722-094-05;31722-094-10;31722-094-30,"100 TABLET, FILM COATED in 1 BOTTLE (31722-094-01) | 500 TABLET, FILM COATED in 1 BOTTLE (31722-094-05) | 1000 TABLET, FILM COATED in 1 BOTTLE (31722-094-10) | 30 TABLET, FILM COATED in 1 BOTTLE (31722-094-30)",e61269b2-823a-49e8-b55f-ef0b8b1dbcde,20250725,,20271231,0
31722-095,oral,spironolactone,spironolactone,spironolactone,"Camber Pharmaceuticals, Inc.",SPIRONOLACTONE 50 mg/1,spironolactone 50 mg,"[{""name"":""SPIRONOLACTONE"",""strength"":""50 mg/1"",""pct"":null,""display"":""50 mg""}]","TABLET, FILM COATED",ORAL,ANDA,ANDA217761,HUMAN PRESCRIPTION DRUG,Aldosterone Antagonist [EPC];Aldosterone Antagonists [MoA],31722-095-01;31722-095-05;31722-095-10;31722-095-30,"100 TABLET, FILM COATED in 1 BOTTLE (31722-095-01) | 500 TABLET, FILM COATED in 1 BOTTLE (31722-095-05) | 1000 TABLET, FILM COATED in 1 BOTTLE (31722-095-10) | 30 TABLET, FILM COATED in 1 BOTTLE (31722-095-30)",e61269b2-823a-49e8-b55f-ef0b8b1dbcde,20250725,,20271231,0
31722-096,oral,spironolactone,spironolactone,spironolactone,"Camber Pharmaceuticals, Inc.",SPIRONOLACTONE 100 mg/1,spironolactone 100 mg,"[{""name"":""SPIRONOLACTONE"",""strength"":""100 mg/1"",""pct"":null,""display"":""100 mg""}]","TABLET, FILM COATED",ORAL,ANDA,ANDA217761,HUMAN PRESCRIPTION DRUG,Aldosterone Antagonist [EPC];Aldosterone Antagonists [MoA],31722-096-01;31722-096-05;31722-096-10;31722-096-30,"100 TABLET, FILM COATED in 1 BOTTLE (31722-096-01) | 500 TABLET, FILM COATED in 1 BOTTLE (31722-096-05) | 1000 TABLET, FILM COATED in 1 BOTTLE (31722-096-10) | 30 TABLET, FILM COATED in 1 BOTTLE (31722-096-30)",e61269b2-823a-49e8-b55f-ef0b8b1dbcde,20250725,,20271231,0
31722-691,oral,spironolactone,spironolactone,spironolactone,"Camber Pharmaceuticals, Inc.",SPIRONOLACTONE 25 mg/5mL,spironolactone 0.5%,"[{""name"":""SPIRONOLACTONE"",""strength"":""25 mg/5mL"",""pct"":0.5,""display"":""0.5%""}]",SUSPENSION,ORAL,ANDA,ANDA218085,HUMAN PRESCRIPTION DRUG,Aldosterone Antagonist [EPC];Aldosterone Antagonists [MoA],31722-691-11;31722-691-47,118 mL in 1 BOTTLE (31722-691-11) | 473 mL in 1 BOTTLE (31722-691-47),4ac2926a-949a-4383-b0b0-92c0822dfcda,20250221,,20261231,0
68382-660,oral,spironolactone,spironolactone,spironolactone,Zydus Pharmaceuticals (USA) Inc.,SPIRONOLACTONE 25 mg/1,spironolactone 25 mg,"[{""name"":""SPIRONOLACTONE"",""strength"":""25 mg/1"",""pct"":null,""display"":""25 mg""}]","TABLET, FILM COATED",ORAL,ANDA,ANDA205936,HUMAN PRESCRIPTION DRUG,Aldosterone Antagonist [EPC];Aldosterone Antagonists [MoA],68382-660-01;68382-660-05;68382-660-06;68382-660-10;68382-660-16;68382-660-30,"100 TABLET, FILM COATED in 1 BOTTLE (68382-660-01) | 500 TABLET, FILM COATED in 1 BOTTLE (68382-660-05) | 30 TABLET, FILM COATED in 1 BOTTLE (68382-660-06) | 1000 TABLET, FILM COATED in 1 BOTTLE (68382-660-10) | 90 TABLET, FILM COATED in 1 BOTTLE (68382-660-16) | 10 BLISTER PACK in 1 CARTON (68382-660-30) / 10 TABLET, FILM COATED in 1 BLISTER PACK",99bbc053-0e41-4b4d-979a-db610908f2de,20180815,,20261231,0
68382-661,oral,spironolactone,spironolactone,spironolactone,Zydus Pharmaceuticals (USA) Inc.,SPIRONOLACTONE 50 mg/1,spironolactone 50 mg,"[{""name"":""SPIRONOLACTONE"",""strength"":""50 mg/1"",""pct"":null,""display"":""50 mg""}]","TABLET, FILM COATED",ORAL,ANDA,ANDA205936,HUMAN PRESCRIPTION DRUG,Aldosterone Antagonist [EPC];Aldosterone Antagonists [MoA],68382-661-01;68382-661-05;68382-661-06;68382-661-10;68382-661-16;68382-661-30,"100 TABLET, FILM COATED in 1 BOTTLE (68382-661-01) | 500 TABLET, FILM COATED in 1 BOTTLE (68382-661-05) | 30 TABLET, FILM COATED in 1 BOTTLE (68382-661-06) | 1000 TABLET, FILM COATED in 1 BOTTLE (68382-661-10) | 90 TABLET, FILM COATED in 1 BOTTLE (68382-661-16) | 10 BLISTER PACK in 1 CARTON (68382-661-30) / 10 TABLET, FILM COATED in 1 BLISTER PACK",99bbc053-0e41-4b4d-979a-db610908f2de,20180815,,20261231,0
68382-662,oral,spironolactone,spironolactone,spironolactone,Zydus Pharmaceuticals (USA) Inc.,SPIRONOLACTONE 100 mg/1,spironolactone 100 mg,"[{""name"":""SPIRONOLACTONE"",""strength"":""100 mg/1"",""pct"":null,""display"":""100 mg""}]","TABLET, FILM COATED",ORAL,ANDA,ANDA205936,HUMAN PRESCRIPTION DRUG,Aldosterone Antagonist [EPC];Aldosterone Antagonists [MoA],68382-662-01;68382-662-05;68382-662-06;68382-662-10;68382-662-16;68382-662-30,"100 TABLET, FILM COATED in 1 BOTTLE (68382-662-01) | 500 TABLET, FILM COATED in 1 BOTTLE (68382-662-05) | 30 TABLET, FILM COATED in 1 BOTTLE (68382-662-06) | 1000 TABLET, FILM COATED in 1 BOTTLE (68382-662-10) | 90 TABLET, FILM COATED in 1 BOTTLE (68382-662-16) | 10 BLISTER PACK in 1 CARTON (68382-662-30) / 10 TABLET, FILM COATED in 1 BLISTER PACK",99bbc053-0e41-4b4d-979a-db610908f2de,20180815,,20261231,0
70518-4468,oral,spironolactone,spironolactone,spironolactone,REMEDYREPACK INC.,SPIRONOLACTONE 50 mg/1,spironolactone 50 mg,"[{""name"":""SPIRONOLACTONE"",""strength"":""50 mg/1"",""pct"":null,""display"":""50 mg""}]","TABLET, FILM COATED",ORAL,ANDA,ANDA205936,HUMAN PRESCRIPTION DRUG,Aldosterone Antagonist [EPC];Aldosterone Antagonists [MoA],70518-4468-0,"100 POUCH in 1 BOX (70518-4468-0) / 1 TABLET, FILM COATED in 1 POUCH (70518-4468-1)",,20250907,,20271231,0
70518-4470,oral,spironolactone,spironolactone,spironolactone,REMEDYREPACK INC.,SPIRONOLACTONE 25 mg/1,spironolactone 25 mg,"[{""name"":""SPIRONOLACTONE"",""strength"":""25 mg/1"",""pct"":null,""display"":""25 mg""}]","TABLET, FILM COATED",ORAL,ANDA,ANDA205936,HUMAN PRESCRIPTION DRUG,Aldosterone Antagonist [EPC];Aldosterone Antagonists [MoA],70518-4470-0,"100 POUCH in 1 BOX (70518-4470-0) / 1 TABLET, FILM COATED in 1 POUCH (70518-4470-1)",,20250908,,20271231,0
70771-1027,oral,spironolactone,spironolactone,spironolactone,Zydus Lifesciences Limited,SPIRONOLACTONE 25 mg/1,spironolactone 25 mg,"[{""name"":""SPIRONOLACTONE"",""strength"":""25 mg/1"",""pct"":null,""display"":""25 mg""}]","TABLET, FILM COATED",ORAL,ANDA,ANDA205936,HUMAN PRESCRIPTION DRUG,Aldosterone Antagonist [EPC];Aldosterone Antagonists [MoA],70771-1027-0;70771-1027-1;70771-1027-3;70771-1027-4;70771-1027-5;70771-1027-9,"1000 TABLET, FILM COATED in 1 BOTTLE (70771-1027-0) | 100 TABLET, FILM COATED in 1 BOTTLE (70771-1027-1) | 30 TABLET, FILM COATED in 1 BOTTLE (70771-1027-3) | 10 BLISTER PACK in 1 CARTON (70771-1027-4) / 10 TABLET, FILM COATED in 1 BLISTER PACK | 500 TABLET, FILM COATED in 1 BOTTLE (70771-1027-5) | 90 TABLET, FILM COATED in 1 BOTTLE (70771-1027-9)",963af399-feb7-49d2-a59c-c19edad9c682,20180815,,20261231,0
70771-1028,oral,spironolactone,spironolactone,spironolactone,Zydus Lifesciences Limited,SPIRONOLACTONE 50 mg/1,spironolactone 50 mg,"[{""name"":""SPIRONOLACTONE"",""strength"":""50 mg/1"",""pct"":null,""display"":""50 mg""}]","TABLET, FILM COATED",ORAL,ANDA,ANDA205936,HUMAN PRESCRIPTION DRUG,Aldosterone Antagonist [EPC];Aldosterone Antagonists [MoA],70771-1028-0;70771-1028-1;70771-1028-3;70771-1028-4;70771-1028-5;70771-1028-9,"1000 TABLET, FILM COATED in 1 BOTTLE (70771-1028-0) | 100 TABLET, FILM COATED in 1 BOTTLE (70771-1028-1) | 30 TABLET, FILM COATED in 1 BOTTLE (70771-1028-3) | 10 BLISTER PACK in 1 CARTON (70771-1028-4) / 10 TABLET, FILM COATED in 1 BLISTER PACK | 500 TABLET, FILM COATED in 1 BOTTLE (70771-1028-5) | 90 TABLET, FILM COATED in 1 BOTTLE (70771-1028-9)",963af399-feb7-49d2-a59c-c19edad9c682,20180815,,20261231,0
70771-1029,oral,spironolactone,spironolactone,spironolactone,Zydus Lifesciences Limited,SPIRONOLACTONE 100 mg/1,spironolactone 100 mg,"[{""name"":""SPIRONOLACTONE"",""strength"":""100 mg/1"",""pct"":null,""display"":""100 mg""}]","TABLET, FILM COATED",ORAL,ANDA,ANDA205936,HUMAN PRESCRIPTION DRUG,Aldosterone Antagonist [EPC];Aldosterone Antagonists [MoA],70771-1029-0;70771-1029-1;70771-1029-3;70771-1029-4;70771-1029-5;70771-1029-9,"1000 TABLET, FILM COATED in 1 BOTTLE (70771-1029-0) | 100 TABLET, FILM COATED in 1 BOTTLE (70771-1029-1) | 30 TABLET, FILM COATED in 1 BOTTLE (70771-1029-3) | 10 BLISTER PACK in 1 CARTON (70771-1029-4) / 10 TABLET, FILM COATED in 1 BLISTER PACK | 500 TABLET, FILM COATED in 1 BOTTLE (70771-1029-5) | 90 TABLET, FILM COATED in 1 BOTTLE (70771-1029-9)",963af399-feb7-49d2-a59c-c19edad9c682,20180815,,20261231,0
0187-3204,other,fluorouracil,Efudex,fluorouracil,"Bausch Health US, LLC",FLUOROURACIL 2 g/40g,fluorouracil 5%,"[{""name"":""FLUOROURACIL"",""strength"":""2 g/40g"",""pct"":5.0,""display"":""5%""}]",CREAM,TOPICAL,NDA,NDA016831,HUMAN PRESCRIPTION DRUG,Nucleic Acid Synthesis Inhibitors [MoA];Nucleoside Metabolic Inhibitor [EPC],0187-3204-47,1 TUBE in 1 CARTON (0187-3204-47) / 40 g in 1 TUBE,35de1c1c-bef5-46c5-b6f8-ea032147411c,19700729,,20261231,0
21922-049,other,fluorouracil,FLUOROURACIL,fluorouracil,"Encube Ethicals, Inc.",FLUOROURACIL 2 g/40g,fluorouracil 5%,"[{""name"":""FLUOROURACIL"",""strength"":""2 g/40g"",""pct"":5.0,""display"":""5%""}]",CREAM,TOPICAL,ANDA,ANDA216942,HUMAN PRESCRIPTION DRUG,Nucleic Acid Synthesis Inhibitors [MoA];Nucleoside Metabolic Inhibitor [EPC],21922-049-17,1 TUBE in 1 CARTON (21922-049-17) / 40 g in 1 TUBE,30294dd2-40fb-420d-b838-376343308895,20250214,,20261231,0
51862-362,other,fluorouracil,FLUOROURACIL,fluorouracil,Mayne Pharma Inc.,FLUOROURACIL 50 mg/g,fluorouracil 5%,"[{""name"":""FLUOROURACIL"",""strength"":""50 mg/g"",""pct"":5.0,""display"":""5%""}]",CREAM,TOPICAL,ANDA,ANDA077524,HUMAN PRESCRIPTION DRUG,Nucleic Acid Synthesis Inhibitors [MoA];Nucleoside Metabolic Inhibitor [EPC],51862-362-40,1 TUBE in 1 CARTON (51862-362-40) / 40 g in 1 TUBE,06475bd8-66d9-4f88-90e4-b367480dab39,20191203,,20261231,0
75907-095,other,fluorouracil,FLUOROURACIL,fluorouracil,Dr. Reddy's Labratories Inc.,FLUOROURACIL 50 mg/g,fluorouracil 5%,"[{""name"":""FLUOROURACIL"",""strength"":""50 mg/g"",""pct"":5.0,""display"":""5%""}]",CREAM,TOPICAL,ANDA,ANDA077524,HUMAN PRESCRIPTION DRUG,Nucleic Acid Synthesis Inhibitors [MoA];Nucleoside Metabolic Inhibitor [EPC],75907-095-40,1 TUBE in 1 CARTON (75907-095-40) / 40 g in 1 TUBE,e137c766-1f7f-0251-90b9-450c3d4d78b9,20240415,,20261231,0
0378-4791,other,fluorouracil,Fluorouracil,fluorouracil,Mylan Pharmaceuticals Inc.,FLUOROURACIL 5 mg/g,fluorouracil 0.5%,"[{""name"":""FLUOROURACIL"",""strength"":""5 mg/g"",""pct"":0.5,""display"":""0.5%""}]",CREAM,TOPICAL,NDA AUTHORIZED GENERIC,NDA016831,HUMAN PRESCRIPTION DRUG,Nucleic Acid Synthesis Inhibitors [MoA];Nucleoside Metabolic Inhibitor [EPC],0378-4791-06,1 TUBE in 1 CARTON (0378-4791-06) / 40 g in 1 TUBE,744737c5-0d96-4214-82ab-6cff016b1ea0,20130919,,20261231,0
16714-178,other,fluorouracil,Fluorouracil,fluorouracil,NORTHSTAR RX LLC,FLUOROURACIL 50 mg/g,fluorouracil 5%,"[{""name"":""FLUOROURACIL"",""strength"":""50 mg/g"",""pct"":5.0,""display"":""5%""}]",CREAM,TOPICAL,ANDA,ANDA090368,HUMAN PRESCRIPTION DRUG,Nucleic Acid Synthesis Inhibitors [MoA];Nucleoside Metabolic Inhibitor [EPC],16714-178-01,1 TUBE in 1 CARTON (16714-178-01) / 40 g in 1 TUBE,52ef5f41-2312-4b55-aa86-abd5bb28b9d3,20100305,,20271231,0
16729-542,other,fluorouracil,Fluorouracil,fluorouracil,Accord Healthcare Inc.,FLUOROURACIL 50 mg/g,fluorouracil 5%,"[{""name"":""FLUOROURACIL"",""strength"":""50 mg/g"",""pct"":5.0,""display"":""5%""}]",CREAM,TOPICAL,ANDA,ANDA214845,HUMAN PRESCRIPTION DRUG,Nucleic Acid Synthesis Inhibitors [MoA];Nucleoside Metabolic Inhibitor [EPC],16729-542-35,1 TUBE in 1 CARTON (16729-542-35) / 40 g in 1 TUBE,667d4059-de90-4d3f-86c2-c2573def2ecb,20211111,,20261231,0
21922-041,other,fluorouracil,Fluorouracil,fluorouracil,"Encube Ethicals, Inc.",FLUOROURACIL 50 mg/mL,fluorouracil 5%,"[{""name"":""FLUOROURACIL"",""strength"":""50 mg/mL"",""pct"":5.0,""display"":""5%""}]",SOLUTION,TOPICAL,ANDA,ANDA215612,HUMAN PRESCRIPTION DRUG,Nucleic Acid Synthesis Inhibitors [MoA];Nucleoside Metabolic Inhibitor [EPC],21922-041-12,1 BOTTLE in 1 CARTON (21922-041-12) / 10 mL in 1 BOTTLE,2c631ce7-ea15-4b51-b5bc-4962e3c315cd,20231106,,20261231,0
51672-4062,other,fluorouracil,Fluorouracil,fluorouracil,"Sun Pharmaceutical Industries, Inc.",FLUOROURACIL 20 mg/mL,fluorouracil 2%,"[{""name"":""FLUOROURACIL"",""strength"":""20 mg/mL"",""pct"":2.0,""display"":""2%""}]",SOLUTION,TOPICAL,ANDA,ANDA076526,HUMAN PRESCRIPTION DRUG,Nucleic Acid Synthesis Inhibitors [MoA];Nucleoside Metabolic Inhibitor [EPC],51672-4062-1,1 BOTTLE in 1 CARTON (51672-4062-1) / 10 mL in 1 BOTTLE,1b2f6145-b338-42ed-88a7-f4da65c59164,20031105,,20271231,0
51672-4063,other,fluorouracil,Fluorouracil,fluorouracil,"Sun Pharmaceutical Industries, Inc.",FLUOROURACIL 50 mg/mL,fluorouracil 5%,"[{""name"":""FLUOROURACIL"",""strength"":""50 mg/mL"",""pct"":5.0,""display"":""5%""}]",SOLUTION,TOPICAL,ANDA,ANDA076526,HUMAN PRESCRIPTION DRUG,Nucleic Acid Synthesis Inhibitors [MoA];Nucleoside Metabolic Inhibitor [EPC],51672-4063-1,1 BOTTLE in 1 CARTON (51672-4063-1) / 10 mL in 1 BOTTLE,1b2f6145-b338-42ed-88a7-f4da65c59164,20031105,,20271231,0
51672-4118,other,fluorouracil,Fluorouracil,fluorouracil,"Sun Pharmaceutical Industries, Inc.",FLUOROURACIL 50 mg/g,fluorouracil 5%,"[{""name"":""FLUOROURACIL"",""strength"":""50 mg/g"",""pct"":5.0,""display"":""5%""}]",CREAM,TOPICAL,ANDA,ANDA090368,HUMAN PRESCRIPTION DRUG,Nucleic Acid Synthesis Inhibitors [MoA];Nucleoside Metabolic Inhibitor [EPC],51672-4118-2;51672-4118-5;51672-4118-6,1 TUBE in 1 CARTON (51672-4118-2) / 25 g in 1 TUBE | 5 g in 1 TUBE (51672-4118-5) | 1 TUBE in 1 CARTON (51672-4118-6) / 40 g in 1 TUBE,acca0036-f19c-459b-9dfc-9592f1cd588d,20100305,,20271231,0
28105-421,other,fluorouracil,TOLAK,fluorouracil,"HILL DERMACEUTICALS, INC.",FLUOROURACIL .04 g/g,fluorouracil 4%,"[{""name"":""FLUOROURACIL"",""strength"":"".04 g/g"",""pct"":4.0,""display"":""4%""}]",CREAM,TOPICAL,NDA,NDA022259,HUMAN PRESCRIPTION DRUG,Nucleic Acid Synthesis Inhibitors [MoA];Nucleoside Metabolic Inhibitor [EPC],28105-421-40,1 TUBE in 1 CARTON (28105-421-40) / 40 g in 1 TUBE,59de2709-00b8-4f0a-867c-f0dfeb947192,20150918,,20261231,0
75907-169,other,fluorouracil,FLUOROURACIL,"fluorouracil cream, 0.5%",Dr. Reddy's Laboratories Inc.,FLUOROURACIL 5 mg/g,fluorouracil 0.5%,"[{""name"":""FLUOROURACIL"",""strength"":""5 mg/g"",""pct"":0.5,""display"":""0.5%""}]",CREAM,TOPICAL,NDA AUTHORIZED GENERIC,NDA020985,HUMAN PRESCRIPTION DRUG,Nucleic Acid Synthesis Inhibitors [MoA];Nucleoside Metabolic Inhibitor [EPC],75907-169-11,1 TUBE in 1 CARTON (75907-169-11) / 30 g in 1 TUBE,37dcfb83-0e7d-d23d-9cd5-afa5bdc30628,20250706,,20261231,0
42192-151,other,hydroquinone,HYDROQUINONE 4%,hydroquinone,"Acella Pharmaceuticals, LLC",HYDROQUINONE 40 mg/g,hydroquinone 4%,"[{""name"":""HYDROQUINONE"",""strength"":""40 mg/g"",""pct"":4.0,""display"":""4%""}]",CREAM,TOPICAL,UNAPPROVED DRUG OTHER,,HUMAN PRESCRIPTION DRUG,Depigmenting Activity [PE];Melanin Synthesis Inhibitor [EPC];Melanin Synthesis Inhibitors [MoA],42192-151-01,1 TUBE in 1 CARTON (42192-151-01) / 28.35 g in 1 TUBE,595dfc50-ee6f-41b5-ab5b-4c293aee342b,20140910,,20271231,0
71399-0400,other,hydroquinone,HYDROQUINONE 4%,hydroquinone,Akron Pharma Inc,HYDROQUINONE 40 mg/g,hydroquinone 4%,"[{""name"":""HYDROQUINONE"",""strength"":""40 mg/g"",""pct"":4.0,""display"":""4%""}]",CREAM,TOPICAL,UNAPPROVED DRUG OTHER,,HUMAN PRESCRIPTION DRUG,Depigmenting Activity [PE];Melanin Synthesis Inhibitor [EPC];Melanin Synthesis Inhibitors [MoA],71399-0400-1,28.35 g in 1 TUBE (71399-0400-1),cbec45c9-4adb-4473-8c09-b1217d0f8ebc,20240913,,20261231,0
30815-0040,other,hydroquinone,Hydro-Q,hydroquinone,Dermavance Pharmaceuticals,HYDROQUINONE 40 mg/g,hydroquinone 4%,"[{""name"":""HYDROQUINONE"",""strength"":""40 mg/g"",""pct"":4.0,""display"":""4%""}]",GEL,TOPICAL,UNAPPROVED DRUG OTHER,,HUMAN PRESCRIPTION DRUG,Depigmenting Activity [PE];Melanin Synthesis Inhibitor [EPC];Melanin Synthesis Inhibitors [MoA],30815-0040-1,1 TUBE in 1 BOX (30815-0040-1) / 30 g in 1 TUBE,486781be-498a-49b4-9a80-2dfd02f5e358,20081208,,20261231,0
69367-174,other,hydroquinone,Hydroquinone,hydroquinone,"Westminster Pharmaceuticals, LLC",HYDROQUINONE 40 mg/g,hydroquinone 4%,"[{""name"":""HYDROQUINONE"",""strength"":""40 mg/g"",""pct"":4.0,""display"":""4%""}]",CREAM,TOPICAL,UNAPPROVED DRUG OTHER,,HUMAN PRESCRIPTION DRUG,Depigmenting Activity [PE];Melanin Synthesis Inhibitor [EPC];Melanin Synthesis Inhibitors [MoA],69367-174-01,1 TUBE in 1 CARTON (69367-174-01) / 28.35 g in 1 TUBE,dc72c0b2-4505-4dcf-8a69-889cd9f41693,20180416,,20261231,0
50405-800,other,hydroquinone,Hydroquinone 4%,hydroquinone,"SOHM, Inc.",HYDROQUINONE 40 mg/g,hydroquinone 4%,"[{""name"":""HYDROQUINONE"",""strength"":""40 mg/g"",""pct"":4.0,""display"":""4%""}]",CREAM,TOPICAL,UNAPPROVED DRUG OTHER,,HUMAN PRESCRIPTION DRUG,Depigmenting Activity [PE];Melanin Synthesis Inhibitor [EPC];Melanin Synthesis Inhibitors [MoA],50405-800-01,1 TUBE in 1 CARTON (50405-800-01) / 28.35 g in 1 TUBE,47f0cbfb-b73b-4572-95d2-992c7382df3a,20230605,,20261231,0
75834-137,other,hydroquinone,Hydroquinone 4%,hydroquinone,"Nivagen Pharmaceuticals, Inc.",HYDROQUINONE 40 mg/g,hydroquinone 4%,"[{""name"":""HYDROQUINONE"",""strength"":""40 mg/g"",""pct"":4.0,""display"":""4%""}]",CREAM,TOPICAL,UNAPPROVED DRUG OTHER,,HUMAN PRESCRIPTION DRUG,Depigmenting Activity [PE];Melanin Synthesis Inhibitor [EPC];Melanin Synthesis Inhibitors [MoA],75834-137-01,1 TUBE in 1 CARTON (75834-137-01) / 28.4 g in 1 TUBE,7844c308-e0a2-42e7-bd28-f68a59ebca83,20220817,,20271231,0
24689-101,other,hydroquinone,Hydroquinone cream,hydroquinone,APNAR PHARMA LP,HYDROQUINONE 40 mg/g,hydroquinone 4%,"[{""name"":""HYDROQUINONE"",""strength"":""40 mg/g"",""pct"":4.0,""display"":""4%""}]",CREAM,TOPICAL,UNAPPROVED DRUG OTHER,,HUMAN PRESCRIPTION DRUG,Depigmenting Activity [PE];Melanin Synthesis Inhibitor [EPC];Melanin Synthesis Inhibitors [MoA],24689-101-01,1 TUBE in 1 CARTON (24689-101-01) / 28.35 g in 1 TUBE,ced62618-e87d-12b9-e053-2a95a90a3013,20211101,,20261231,0
62032-100,other,hydroquinone,NU-DERM BLENDER Skin Lightener and Blending,hydroquinone,Obagi Cosmeceuticals LLC,HYDROQUINONE 40 mg/g,hydroquinone 4%,"[{""name"":""HYDROQUINONE"",""strength"":""40 mg/g"",""pct"":4.0,""display"":""4%""}]",CREAM,TOPICAL,UNAPPROVED DRUG OTHER,,HUMAN PRESCRIPTION DRUG,Depigmenting Activity [PE];Melanin Synthesis Inhibitor [EPC];Melanin Synthesis Inhibitors [MoA],62032-100-10;62032-100-36,"28 g in 1 BOTTLE, PLASTIC (62032-100-10) | 57 g in 1 BOTTLE, PLASTIC (62032-100-36)",e5c450af-958e-41e3-9c2f-fda76b3596f5,19880101,,20261231,0
62032-101,other,hydroquinone,NU-DERM CLEAR Skin Bleaching and Corrector,hydroquinone,Obagi Cosmeceuticals LLC,HYDROQUINONE 40 mg/g,hydroquinone 4%,"[{""name"":""HYDROQUINONE"",""strength"":""40 mg/g"",""pct"":4.0,""display"":""4%""}]",CREAM,TOPICAL,UNAPPROVED DRUG OTHER,,HUMAN PRESCRIPTION DRUG,Depigmenting Activity [PE];Melanin Synthesis Inhibitor [EPC];Melanin Synthesis Inhibitors [MoA],62032-101-36,"57 g in 1 BOTTLE, PLASTIC (62032-101-36)",e5c450af-958e-41e3-9c2f-fda76b3596f5,19880101,,20261231,0
62032-106,other,hydroquinone,OBAGI C RX system C CLARIFYING SERUM,hydroquinone,Obagi Cosmeceuticals LLC,HYDROQUINONE 40 mg/mL,hydroquinone 4%,"[{""name"":""HYDROQUINONE"",""strength"":""40 mg/mL"",""pct"":4.0,""display"":""4%""}]",SOLUTION,TOPICAL,UNAPPROVED DRUG OTHER,,HUMAN PRESCRIPTION DRUG,Depigmenting Activity [PE];Melanin Synthesis Inhibitor [EPC];Melanin Synthesis Inhibitors [MoA],62032-106-10,"1 BOTTLE, GLASS in 1 CARTON (62032-106-10) / 30 mL in 1 BOTTLE, GLASS",9ff4f617-b8d3-46d6-8ddb-41088dd8f226,20100101,,20261231,0
62032-122,other,hydroquinone,OBAGI-C Rx system C-CLARIFYING SERUM NORMAL TO oily SKIN LIGHTENING SERUM WITH VITAMIN C,hydroquinone,Obagi Cosmeceuticals LLC,HYDROQUINONE 40 mg/mL,hydroquinone 4%,"[{""name"":""HYDROQUINONE"",""strength"":""40 mg/mL"",""pct"":4.0,""display"":""4%""}]",LIQUID,TOPICAL,UNAPPROVED DRUG OTHER,,HUMAN PRESCRIPTION DRUG,Depigmenting Activity [PE];Melanin Synthesis Inhibitor [EPC];Melanin Synthesis Inhibitors [MoA],62032-122-10,"1 BOTTLE, GLASS in 1 CARTON (62032-122-10) / 30 mL in 1 BOTTLE, GLASS",18803dfb-5b9c-48cd-a838-519c8bac3361,20100101,,20261231,0
71421-801,other,hydroquinone,OLIVIA QUIDO BLEMISH ERASER,hydroquinone,O Skin Care LLC,HYDROQUINONE .02 g/g,hydroquinone 2%,"[{""name"":""HYDROQUINONE"",""strength"":"".02 g/g"",""pct"":2.0,""display"":""2%""}]",CREAM,TOPICAL,UNAPPROVED DRUG OTHER,,HUMAN PRESCRIPTION DRUG,Depigmenting Activity [PE];Melanin Synthesis Inhibitor [EPC];Melanin Synthesis Inhibitors [MoA],71421-801-30,"1 BOTTLE, DISPENSING in 1 BOX (71421-801-30) / 48 g in 1 BOTTLE, DISPENSING",dfc742ae-41b5-d64a-e053-2995a90a1a8f,20220504,20270504,,0
62032-105,other,hydroquinone,Obagi-C Rx system C-Therapy Night Skin Lightening with Vitamins C and E,hydroquinone,Obagi Cosmeceuticals LLC,HYDROQUINONE 40 mg/g,hydroquinone 4%,"[{""name"":""HYDROQUINONE"",""strength"":""40 mg/g"",""pct"":4.0,""display"":""4%""}]",CREAM,TOPICAL,UNAPPROVED DRUG OTHER,,HUMAN PRESCRIPTION DRUG,Depigmenting Activity [PE];Melanin Synthesis Inhibitor [EPC];Melanin Synthesis Inhibitors [MoA],62032-105-36,"57 g in 1 BOTTLE, PLASTIC (62032-105-36)",81e2e734-01fe-4568-903a-92993bf40887,20100101,,20261231,0
42851-037,other,hydroquinone,ZO Skin Health Pigment Control Creme Hydroquinone,hydroquinone,"ZO Skin Health, Inc.",HYDROQUINONE 40 mg/mL,hydroquinone 4%,"[{""name"":""HYDROQUINONE"",""strength"":""40 mg/mL"",""pct"":4.0,""display"":""4%""}]",EMULSION,TOPICAL,UNAPPROVED DRUG OTHER,,HUMAN PRESCRIPTION DRUG,Depigmenting Activity [PE];Melanin Synthesis Inhibitor [EPC];Melanin Synthesis Inhibitors [MoA],42851-037-30;42851-037-80,1 TUBE in 1 CARTON (42851-037-30) / 30 mL in 1 TUBE | 1 TUBE in 1 CARTON (42851-037-80) / 80 mL in 1 TUBE,83e34a75-d20c-43ab-be31-f8fcafec46d0,20180415,,20271231,0
42851-036,other,hydroquinone,ZO Skin Health Pigment Control Plus Blending Creme Hydroquinone,hydroquinone,"ZO Skin Health, Inc.",HYDROQUINONE .04 g/mL,hydroquinone 4%,"[{""name"":""HYDROQUINONE"",""strength"":"".04 g/mL"",""pct"":4.0,""display"":""4%""}]",EMULSION,TOPICAL,UNAPPROVED DRUG OTHER,,HUMAN PRESCRIPTION DRUG,Depigmenting Activity [PE];Melanin Synthesis Inhibitor [EPC];Melanin Synthesis Inhibitors [MoA],42851-036-30;42851-036-80,1 TUBE in 1 CARTON (42851-036-30) / 30 mL in 1 TUBE | 1 TUBE in 1 CARTON (42851-036-80) / 80 mL in 1 TUBE,c29cbc80-cb97-42d0-b796-ee487b0e85c5,20180501,,20271231,0
42851-035,other,hydroquinone,ZO Skin Health Pigment Control plus Brightening Creme Hydroquinone plus Vitamin C,hydroquinone,"ZO Skin Health, Inc.",HYDROQUINONE .04 mg/mL,hydroquinone 0.004%,"[{""name"":""HYDROQUINONE"",""strength"":"".04 mg/mL"",""pct"":0.004,""display"":""0.004%""}]",EMULSION,TOPICAL,UNAPPROVED DRUG OTHER,,HUMAN PRESCRIPTION DRUG,Depigmenting Activity [PE];Melanin Synthesis Inhibitor [EPC];Melanin Synthesis Inhibitors [MoA],42851-035-80,1 TUBE in 1 CARTON (42851-035-80) / 80 mL in 1 TUBE,,20180501,,20271231,0
10135-724,other,hydroquinone,hydroquinone,hydroquinone,"Marlex Pharmaceuticals, Inc.",HYDROQUINONE 40 mg/g,hydroquinone 4%,"[{""name"":""HYDROQUINONE"",""strength"":""40 mg/g"",""pct"":4.0,""display"":""4%""}]",CREAM,TOPICAL,UNAPPROVED DRUG OTHER,,HUMAN PRESCRIPTION DRUG,Depigmenting Activity [PE];Melanin Synthesis Inhibitor [EPC];Melanin Synthesis Inhibitors [MoA],10135-724-99,1 TUBE in 1 CARTON (10135-724-99) / 28.35 g in 1 TUBE,be22c3e0-8760-1568-e053-2995a90a112a,20210301,,20261231,0
62032-116,other,hydroquinone,NU-DERM SUNFADER Skin Lightener with Sunscreen (SPF 15) PABA FREE,"hydroquinone, octinoxate, and oxybenzone",Obagi Cosmeceuticals LLC,HYDROQUINONE 40 mg/g; OCTINOXATE 75 mg/g; OXYBENZONE 55 mg/g,hydroquinone 4%; octinoxate 7.5%; oxybenzone 5.5%,"[{""name"":""HYDROQUINONE"",""strength"":""40 mg/g"",""pct"":4.0,""display"":""4%""},{""name"":""OCTINOXATE"",""strength"":""75 mg/g"",""pct"":7.5,""display"":""7.5%""},{""name"":""OXYBENZONE"",""strength"":""55 mg/g"",""pct"":5.5,""display"":""5.5%""}]",LOTION,TOPICAL,UNAPPROVED DRUG OTHER,,HUMAN PRESCRIPTION DRUG,Depigmenting Activity [PE];Melanin Synthesis Inhibitor [EPC];Melanin Synthesis Inhibitors [MoA],62032-116-36,"57 g in 1 BOTTLE, PLASTIC (62032-116-36)",e5c450af-958e-41e3-9c2f-fda76b3596f5,19840101,,20261231,0
0093-3133,other,imiquimod,Imiquimod,imiquimod,"Teva Pharmaceuticals USA, Inc.",IMIQUIMOD 37.5 mg/g,imiquimod 3.75%,"[{""name"":""IMIQUIMOD"",""strength"":""37.5 mg/g"",""pct"":3.75,""display"":""3.75%""}]",CREAM,TOPICAL,NDA AUTHORIZED GENERIC,NDA022483,HUMAN PRESCRIPTION DRUG,Increased Cytokine Activity [PE];Increased Cytokine Production [PE];Interferon Inducers [MoA],0093-3133-31,"1 BOTTLE, PUMP in 1 CARTON (0093-3133-31) / 7.5 g in 1 BOTTLE, PUMP",9f2cbefd-f295-47e2-8a9e-3e7c5812c963,20200730,,20261231,0
45802-368,other,imiquimod,Imiquimod,imiquimod,Padagis Israel Pharmaceuticals Ltd,IMIQUIMOD 12.5 mg/.25g,imiquimod 5%,"[{""name"":""IMIQUIMOD"",""strength"":""12.5 mg/.25g"",""pct"":5.0,""display"":""5%""}]",CREAM,TOPICAL,ANDA,ANDA078837,HUMAN PRESCRIPTION DRUG,Increased Cytokine Activity [PE];Increased Cytokine Production [PE];Interferon Inducers [MoA],45802-368-53;45802-368-62,12 PACKET in 1 CARTON (45802-368-53) / .25 g in 1 PACKET | 24 PACKET in 1 CARTON (45802-368-62) / .25 g in 1 PACKET,,20101109,,20271231,0
51672-4145,other,imiquimod,Imiquimod,imiquimod,"Sun Pharmaceutical Industries, Inc.",IMIQUIMOD 50 mg/g,imiquimod 5%,"[{""name"":""IMIQUIMOD"",""strength"":""50 mg/g"",""pct"":5.0,""display"":""5%""}]",CREAM,TOPICAL,ANDA,ANDA200173,HUMAN PRESCRIPTION DRUG,Increased Cytokine Activity [PE];Increased Cytokine Production [PE];Interferon Inducers [MoA],51672-4145-6,24 PACKET in 1 CARTON (51672-4145-6) / .25 g in 1 PACKET (51672-4145-8),59af8153-4cf8-4f22-9000-f239798d52d1,20110415,,20261231,0
51672-4174,other,imiquimod,Imiquimod,imiquimod,"Sun Pharmaceutical Industries, Inc.",IMIQUIMOD 37.5 mg/g,imiquimod 3.75%,"[{""name"":""IMIQUIMOD"",""strength"":""37.5 mg/g"",""pct"":3.75,""display"":""3.75%""}]",CREAM,TOPICAL,ANDA,ANDA205971,HUMAN PRESCRIPTION DRUG,Increased Cytokine Activity [PE];Increased Cytokine Production [PE];Interferon Inducers [MoA],51672-4174-6;51672-4174-9,"28 PACKET in 1 CARTON (51672-4174-6) / .25 g in 1 PACKET (51672-4174-8) | 1 BOTTLE, PUMP in 1 CARTON (51672-4174-9) / 7.5 g in 1 BOTTLE, PUMP",51913a5a-1cab-4b9e-b2c2-e0174062df73,20210126,,20271231,0
68462-536,other,imiquimod,Imiquimod,imiquimod,"Glenmark Pharmaceuticals Inc., USA",IMIQUIMOD 50 mg/g,imiquimod 5%,"[{""name"":""IMIQUIMOD"",""strength"":""50 mg/g"",""pct"":5.0,""display"":""5%""}]",CREAM,TOPICAL,ANDA,ANDA201994,HUMAN PRESCRIPTION DRUG,Increased Cytokine Activity [PE];Increased Cytokine Production [PE];Interferon Inducers [MoA],68462-536-70,24 PACKET in 1 CARTON (68462-536-70) / .25 g in 1 PACKET (68462-536-01),663e39a9-a29e-473f-89ec-4c7c6bc27b8a,20120306,,20271231,0
68682-272,other,imiquimod,Imiquimod,imiquimod,Oceanside Pharmacueticals,IMIQUIMOD 37.5 mg/g,imiquimod 3.75%,"[{""name"":""IMIQUIMOD"",""strength"":""37.5 mg/g"",""pct"":3.75,""display"":""3.75%""}]",CREAM,TOPICAL,NDA,NDA022483,HUMAN PRESCRIPTION DRUG,Increased Cytokine Activity [PE];Increased Cytokine Production [PE];Interferon Inducers [MoA],68682-272-75,"1 BOTTLE, PUMP in 1 CARTON (68682-272-75) / 7.5 g in 1 BOTTLE, PUMP",d86eeb0e-70e0-4c72-aaa3-37daa1d8611e,20180627,,20261231,0
87519-004,other,imiquimod,Imiquimod,imiquimod,Anvi Pharmaceuticals Inc.,IMIQUIMOD 37.5 mg/g,imiquimod 3.75%,"[{""name"":""IMIQUIMOD"",""strength"":""37.5 mg/g"",""pct"":3.75,""display"":""3.75%""}]",CREAM,TOPICAL,ANDA,ANDA205971,HUMAN PRESCRIPTION DRUG,Increased Cytokine Activity [PE];Increased Cytokine Production [PE];Interferon Inducers [MoA],87519-004-75,"1 BOTTLE, PUMP in 1 CARTON (87519-004-75) / 7.5 g in 1 BOTTLE, PUMP",,20260901,,20271231,0
99207-270,other,imiquimod,Zyclara,imiquimod,"Bausch Health US, LLC",IMIQUIMOD 37.5 mg/g,imiquimod 3.75%,"[{""name"":""IMIQUIMOD"",""strength"":""37.5 mg/g"",""pct"":3.75,""display"":""3.75%""}]",CREAM,TOPICAL,NDA,NDA022483,HUMAN PRESCRIPTION DRUG,Increased Cytokine Activity [PE];Increased Cytokine Production [PE];Interferon Inducers [MoA],99207-270-01,4 PACKET in 1 CARTON (99207-270-01) / .25 g in 1 PACKET,28cd9b5b-680b-480f-b33d-9c5b52bbf03d,20111128,,20271231,0
99207-271,other,imiquimod,Zyclara,imiquimod,"Bausch Health US, LLC",IMIQUIMOD 37.5 mg/g,imiquimod 3.75%,"[{""name"":""IMIQUIMOD"",""strength"":""37.5 mg/g"",""pct"":3.75,""display"":""3.75%""}]",CREAM,TOPICAL,NDA,NDA022483,HUMAN PRESCRIPTION DRUG,Increased Cytokine Activity [PE];Increased Cytokine Production [PE];Interferon Inducers [MoA],99207-271-01;99207-271-75,"1 BOTTLE, PUMP in 1 CARTON (99207-271-01) / 7.5 g in 1 BOTTLE, PUMP | 1 BOTTLE, PUMP in 1 CARTON (99207-271-75) / 7.5 g in 1 BOTTLE, PUMP",28cd9b5b-680b-480f-b33d-9c5b52bbf03d,20120101,,20271231,0
99207-276,other,imiquimod,Zyclara,imiquimod,"Bausch Health US, LLC",IMIQUIMOD 2.5 mg/g,imiquimod 0.25%,"[{""name"":""IMIQUIMOD"",""strength"":""2.5 mg/g"",""pct"":0.25,""display"":""0.25%""}]",CREAM,TOPICAL,NDA,NDA022483,HUMAN PRESCRIPTION DRUG,Increased Cytokine Activity [PE];Increased Cytokine Production [PE];Interferon Inducers [MoA],99207-276-01,"1 BOTTLE, PUMP in 1 CARTON (99207-276-01) / 7.5 g in 1 BOTTLE, PUMP",28cd9b5b-680b-480f-b33d-9c5b52bbf03d,20120229,,20271231,0
21922-073,other,mupirocin,MUPIROCIN,mupirocin,"Encube Ethicals, Inc.",MUPIROCIN 20 mg/g,mupirocin 2%,"[{""name"":""MUPIROCIN"",""strength"":""20 mg/g"",""pct"":2.0,""display"":""2%""}]",OINTMENT,TOPICAL,ANDA,ANDA217943,HUMAN PRESCRIPTION DRUG,RNA Synthetase Inhibitor Antibacterial [EPC];RNA Synthetase Inhibitors [MoA],21922-073-04;21922-073-05;21922-073-25,1 TUBE in 1 CARTON (21922-073-04) / 15 g in 1 TUBE | 1 TUBE in 1 CARTON (21922-073-05) / 30 g in 1 TUBE | 1 TUBE in 1 CARTON (21922-073-25) / 22 g in 1 TUBE,95c302b8-affa-431a-9b89-0506f5a098e6,20250516,,20261231,0
46708-624,other,mupirocin,MUPIROCIN,mupirocin,Alembic Pharmaceuticals Limited,MUPIROCIN CALCIUM 20 mg/g,mupirocin calcium 2%,"[{""name"":""MUPIROCIN CALCIUM"",""strength"":""20 mg/g"",""pct"":2.0,""display"":""2%""}]",CREAM,TOPICAL,ANDA,ANDA213053,HUMAN PRESCRIPTION DRUG,RNA Synthetase Inhibitor Antibacterial [EPC];RNA Synthetase Inhibitors [MoA],46708-624-15;46708-624-30,1 TUBE in 1 CARTON (46708-624-15) / 15 g in 1 TUBE | 1 TUBE in 1 CARTON (46708-624-30) / 30 g in 1 TUBE,0580458d-7178-4031-8ac7-0cda281ade8b,20250318,,20261231,0
62332-624,other,mupirocin,MUPIROCIN,mupirocin,Alembic Pharmaceuticals Inc.,MUPIROCIN CALCIUM 20 mg/g,mupirocin calcium 2%,"[{""name"":""MUPIROCIN CALCIUM"",""strength"":""20 mg/g"",""pct"":2.0,""display"":""2%""}]",CREAM,TOPICAL,ANDA,ANDA213053,HUMAN PRESCRIPTION DRUG,RNA Synthetase Inhibitor Antibacterial [EPC];RNA Synthetase Inhibitors [MoA],62332-624-15;62332-624-30,1 TUBE in 1 CARTON (62332-624-15) / 15 g in 1 TUBE | 1 TUBE in 1 CARTON (62332-624-30) / 30 g in 1 TUBE,a69cd608-d2e6-4a7a-8cd7-f761bd333542,20211201,,20261231,0
0093-1010,other,mupirocin,Mupirocin,mupirocin,"Teva Pharmaceuticals USA, Inc.",MUPIROCIN 20 mg/g,mupirocin 2%,"[{""name"":""MUPIROCIN"",""strength"":""20 mg/g"",""pct"":2.0,""display"":""2%""}]",OINTMENT,TOPICAL,ANDA,ANDA065085,HUMAN PRESCRIPTION DRUG,RNA Synthetase Inhibitor Antibacterial [EPC];RNA Synthetase Inhibitors [MoA],0093-1010-42,1 TUBE in 1 CARTON (0093-1010-42) / 22 g in 1 TUBE,a543797a-2c1c-4ea3-bd6c-227a784f92d9,20031107,,20261231,0
21922-029,other,mupirocin,Mupirocin,mupirocin,"Encube Ethicals, Inc.",MUPIROCIN CALCIUM 2 g/100g,mupirocin calcium 2%,"[{""name"":""MUPIROCIN CALCIUM"",""strength"":""2 g/100g"",""pct"":2.0,""display"":""2%""}]",CREAM,TOPICAL,ANDA,ANDA213076,HUMAN PRESCRIPTION DRUG,RNA Synthetase Inhibitor Antibacterial [EPC];RNA Synthetase Inhibitors [MoA],21922-029-04;21922-029-05,1 TUBE in 1 CARTON (21922-029-04) / 15 g in 1 TUBE | 1 TUBE in 1 CARTON (21922-029-05) / 30 g in 1 TUBE,cb085bdf-e371-6e8a-e053-2995a90ae358,20210902,,20261231,0
51672-1312,other,mupirocin,Mupirocin,mupirocin,"Sun Pharmaceutical Industries, Inc.",MUPIROCIN 20 mg/g,mupirocin 2%,"[{""name"":""MUPIROCIN"",""strength"":""20 mg/g"",""pct"":2.0,""display"":""2%""}]",OINTMENT,TOPICAL,ANDA,ANDA065170,HUMAN PRESCRIPTION DRUG,RNA Synthetase Inhibitor Antibacterial [EPC];RNA Synthetase Inhibitors [MoA],51672-1312-0;51672-1312-1;51672-1312-2,1 TUBE in 1 CARTON (51672-1312-0) / 22 g in 1 TUBE | 1 TUBE in 1 CARTON (51672-1312-1) / 15 g in 1 TUBE | 1 TUBE in 1 CARTON (51672-1312-2) / 30 g in 1 TUBE,900bb675-2f03-47e3-854e-257ec4831332,20050923,,20261231,0
68462-180,other,mupirocin,Mupirocin,mupirocin,"Glenmark Pharmaceuticals Inc., USA",MUPIROCIN 20 mg/g,mupirocin 2%,"[{""name"":""MUPIROCIN"",""strength"":""20 mg/g"",""pct"":2.0,""display"":""2%""}]",OINTMENT,TOPICAL,ANDA,ANDA090480,HUMAN PRESCRIPTION DRUG,RNA Synthetase Inhibitor Antibacterial [EPC];RNA Synthetase Inhibitors [MoA],68462-180-22,22 g in 1 TUBE (68462-180-22),ff7428fb-9ce9-4743-b58c-01a05424a57a,20110608,,20261231,0
68462-564,other,mupirocin,Mupirocin,mupirocin,"Glenmark Pharmaceuticals Inc., USA",MUPIROCIN CALCIUM 2 g/100g,mupirocin calcium 2%,"[{""name"":""MUPIROCIN CALCIUM"",""strength"":""2 g/100g"",""pct"":2.0,""display"":""2%""}]",CREAM,TOPICAL,ANDA,ANDA201587,HUMAN PRESCRIPTION DRUG,RNA Synthetase Inhibitor Antibacterial [EPC];RNA Synthetase Inhibitors [MoA],68462-564-17;68462-564-35,15 g in 1 TUBE (68462-564-17) | 30 g in 1 TUBE (68462-564-35),acd6e23e-d83f-4ed8-9c50-467ed422a8c4,20130124,,20261231,0
69238-2029,other,mupirocin,Mupirocin,mupirocin,Amneal Pharmaceuticals NY LLC,MUPIROCIN CALCIUM 2 g/100g,mupirocin calcium 2%,"[{""name"":""MUPIROCIN CALCIUM"",""strength"":""2 g/100g"",""pct"":2.0,""display"":""2%""}]",CREAM,TOPICAL,ANDA,ANDA214811,HUMAN PRESCRIPTION DRUG,RNA Synthetase Inhibitor Antibacterial [EPC];RNA Synthetase Inhibitors [MoA],69238-2029-3;69238-2029-5,1 TUBE in 1 CARTON (69238-2029-3) / 30 g in 1 TUBE | 1 TUBE in 1 CARTON (69238-2029-5) / 15 g in 1 TUBE,648fe68b-da2d-47cc-b4d2-905d0ea588a5,20221117,,20261231,0
68462-560,other,mupirocin,Pirnuo,mupirocin,"Glenmark Pharmaceuticals Inc., USA",MUPIROCIN CALCIUM 2 g/100g,mupirocin calcium 2%,"[{""name"":""MUPIROCIN CALCIUM"",""strength"":""2 g/100g"",""pct"":2.0,""display"":""2%""}]",CREAM,TOPICAL,ANDA,ANDA201587,HUMAN PRESCRIPTION DRUG,RNA Synthetase Inhibitor Antibacterial [EPC];RNA Synthetase Inhibitors [MoA],68462-560-47,1 BOTTLE in 1 CARTON (68462-560-47) / 42.5 g in 1 BOTTLE,89c43f7b-1a88-45bf-a356-07518d4e7870,20170729,,20261231,0
45802-112,other,mupirocin,mupirocin,mupirocin,Padagis Israel Pharmaceuticals Ltd,MUPIROCIN 20 mg/g,mupirocin 2%,"[{""name"":""MUPIROCIN"",""strength"":""20 mg/g"",""pct"":2.0,""display"":""2%""}]",OINTMENT,TOPICAL,ANDA,ANDA065123,HUMAN PRESCRIPTION DRUG,RNA Synthetase Inhibitor Antibacterial [EPC];RNA Synthetase Inhibitors [MoA],45802-112-14;45802-112-22,1 TUBE in 1 CARTON (45802-112-14) / 15 g in 1 TUBE | 1 TUBE in 1 CARTON (45802-112-22) / 22 g in 1 TUBE,e9b61f01-3c67-42a4-a62b-10f1d1343190,20091030,,20261231,0
16714-055,other,mupirocin,Mupirocin,mupirocin calcium,NORTHSTAR RX LLC,MUPIROCIN CALCIUM 20 mg/g,mupirocin calcium 2%,"[{""name"":""MUPIROCIN CALCIUM"",""strength"":""20 mg/g"",""pct"":2.0,""display"":""2%""}]",CREAM,TOPICAL,ANDA,ANDA207116,HUMAN PRESCRIPTION DRUG,RNA Synthetase Inhibitor Antibacterial [EPC];RNA Synthetase Inhibitors [MoA],16714-055-01;16714-055-02,1 TUBE in 1 CARTON (16714-055-01) / 15 g in 1 TUBE | 1 TUBE in 1 CARTON (16714-055-02) / 30 g in 1 TUBE,6f1c0789-4a3b-473a-96d6-0c479ee32d36,20201125,,20271231,0
51672-1370,other,mupirocin,Mupirocin,mupirocin calcium,"Sun Pharmaceutical Industries, Inc.",MUPIROCIN CALCIUM 20 mg/g,mupirocin calcium 2%,"[{""name"":""MUPIROCIN CALCIUM"",""strength"":""20 mg/g"",""pct"":2.0,""display"":""2%""}]",CREAM,TOPICAL,ANDA,ANDA207116,HUMAN PRESCRIPTION DRUG,RNA Synthetase Inhibitor Antibacterial [EPC];RNA Synthetase Inhibitors [MoA],51672-1370-1;51672-1370-2,1 TUBE in 1 CARTON (51672-1370-1) / 15 g in 1 TUBE | 1 TUBE in 1 CARTON (51672-1370-2) / 30 g in 1 TUBE,6719ffba-3430-4fa9-b65b-c5c195ee1b35,20200427,,20271231,0
46708-549,retinoid,adapalene,ADAPALENE,adapalene,Alembic Pharmaceuticals Limited,ADAPALENE 3 mg/g,adapalene 0.3%,"[{""name"":""ADAPALENE"",""strength"":""3 mg/g"",""pct"":0.3,""display"":""0.3%""}]",GEL,TOPICAL,ANDA,ANDA213508,HUMAN PRESCRIPTION DRUG,Retinoid [EPC];Retinoids [CS],46708-549-15;46708-549-45;46708-549-46,"1 TUBE in 1 CARTON (46708-549-15) / 15 g in 1 TUBE | 1 TUBE in 1 CARTON (46708-549-45) / 45 g in 1 TUBE | 1 BOTTLE, PUMP in 1 CARTON (46708-549-46) / 45 g in 1 BOTTLE, PUMP",5dd6d825-f7c4-4a86-82cc-fcbb41df8542,20250326,,20261231,0
62332-549,retinoid,adapalene,ADAPALENE,adapalene,Alembic Pharmaceuticals Inc.,ADAPALENE 3 mg/g,adapalene 0.3%,"[{""name"":""ADAPALENE"",""strength"":""3 mg/g"",""pct"":0.3,""display"":""0.3%""}]",GEL,TOPICAL,ANDA,ANDA213508,HUMAN PRESCRIPTION DRUG,Retinoid [EPC];Retinoids [CS],62332-549-15;62332-549-45;62332-549-46,"1 TUBE in 1 CARTON (62332-549-15) / 15 g in 1 TUBE | 1 TUBE in 1 CARTON (62332-549-45) / 45 g in 1 TUBE | 1 BOTTLE, PUMP in 1 CARTON (62332-549-46) / 45 g in 1 BOTTLE, PUMP",a3b6f3c3-d615-4b00-a76f-134b75e30a50,20200622,,20261231,0
68308-666,retinoid,adapalene,ADAPALENE,adapalene,Mayne Pharma Commercial LLC.,ADAPALENE 3 mg/g,adapalene 0.3%,"[{""name"":""ADAPALENE"",""strength"":""3 mg/g"",""pct"":0.3,""display"":""0.3%""}]",GEL,TOPICAL,NDA AUTHORIZED GENERIC,NDA021753,HUMAN PRESCRIPTION DRUG,Retinoid [EPC];Retinoids [CS],68308-666-25;68308-666-45,"1 TUBE in 1 CARTON (68308-666-25) / 45 g in 1 TUBE | 1 BOTTLE, PUMP in 1 CARTON (68308-666-45) / 45 g in 1 BOTTLE, PUMP",9a0d9a0d-a9f3-4eb9-be76-166ef182d13a,20240226,,20261231,0
0168-0424,retinoid,adapalene,Adapalene,adapalene,"E. Fougera & Co. a division of Fougera Pharmaceuticals, LLC",ADAPALENE 1 mg/g,adapalene 0.1%,"[{""name"":""ADAPALENE"",""strength"":""1 mg/g"",""pct"":0.1,""display"":""0.1%""}]",CREAM,TOPICAL,ANDA,ANDA090824,HUMAN PRESCRIPTION DRUG,Retinoid [EPC];Retinoids [CS],0168-0424-46,1 TUBE in 1 CARTON (0168-0424-46) / 45 g in 1 TUBE,276f7cce-5f54-40f8-8321-9192d0e52a73,20100630,,20271231,0
45802-453,retinoid,adapalene,Adapalene,adapalene,Padagis Israel Pharmaceuticals Ltd,ADAPALENE .1 g/100g,adapalene 0.1%,"[{""name"":""ADAPALENE"",""strength"":"".1 g/100g"",""pct"":0.1,""display"":""0.1%""}]",CREAM,TOPICAL,NDA AUTHORIZED GENERIC,NDA020748,HUMAN PRESCRIPTION DRUG,Retinoid [EPC];Retinoids [CS],45802-453-84,1 TUBE in 1 CARTON (45802-453-84) / 45 g in 1 TUBE,94cf9af1-afab-4064-a2ca-619b54218262,20101026,,20261231,0
49908-118,retinoid,adapalene,Adapalene,adapalene,CALL INC. (dba Rochester Pharmaceuticals),ADAPALENE 1 mg/mL,adapalene 0.1%,"[{""name"":""ADAPALENE"",""strength"":""1 mg/mL"",""pct"":0.1,""display"":""0.1%""}]",SWAB,TOPICAL,ANDA,ANDA204593,HUMAN PRESCRIPTION DRUG,Retinoid [EPC];Retinoids [CS],49908-118-14,14 POUCH in 1 CARTON (49908-118-14) / 1.2 mL in 1 POUCH (49908-118-00),5ce78048-0e5c-45b5-82bf-9f61307611cd,20190204,,20261231,0
51672-1377,retinoid,adapalene,Adapalene,adapalene,"Sun Pharmaceutical Industries, Inc.",ADAPALENE 3 mg/g,adapalene 0.3%,"[{""name"":""ADAPALENE"",""strength"":""3 mg/g"",""pct"":0.3,""display"":""0.3%""}]",GEL,TOPICAL,ANDA,ANDA208322,HUMAN PRESCRIPTION DRUG,Retinoid [EPC];Retinoids [CS],51672-1377-6,1 TUBE in 1 CARTON (51672-1377-6) / 45 g in 1 TUBE,ca37576a-09aa-4ee8-9dc4-8ad76b999fcf,20160623,,20271231,0
0299-5918,retinoid,adapalene,DIFFERIN,adapalene,"Galderma Laboratories, L.P.",ADAPALENE 3 mg/g,adapalene 0.3%,"[{""name"":""ADAPALENE"",""strength"":""3 mg/g"",""pct"":0.3,""display"":""0.3%""}]",GEL,TOPICAL,NDA,NDA021753,HUMAN PRESCRIPTION DRUG,Retinoid [EPC];Retinoids [CS],0299-5918-25,"1 BOTTLE, PUMP in 1 CARTON (0299-5918-25) / 45 g in 1 BOTTLE, PUMP",a0031324-92a6-4c11-90e2-c2818f7278ec,20090915,20270201,,0
0472-0126,retinoid,adapalene,adapalene,adapalene,"Actavis Pharma, Inc.",ADAPALENE 3 mg/g,adapalene 0.3%,"[{""name"":""ADAPALENE"",""strength"":""3 mg/g"",""pct"":0.3,""display"":""0.3%""}]",GEL,TOPICAL,ANDA,ANDA201000,HUMAN PRESCRIPTION DRUG,Retinoid [EPC];Retinoids [CS],0472-0126-45,1 TUBE in 1 CARTON (0472-0126-45) / 45 g in 1 TUBE,aacd5ec4-e2fa-460e-aaae-a0aba5c052e5,20141027,,20261231,0
45802-853,retinoid,adapalene,ADAPALENE AND BENZOYL PEROXIDE,adapalene and benzoyl peroxide,Padagis Israel Pharmaceuticals Ltd,ADAPALENE 3 mg/g; BENZOYL PEROXIDE 25 mg/g,adapalene 0.3%; benzoyl peroxide 2.5%,"[{""name"":""ADAPALENE"",""strength"":""3 mg/g"",""pct"":0.3,""display"":""0.3%""},{""name"":""BENZOYL PEROXIDE"",""strength"":""25 mg/g"",""pct"":2.5,""display"":""2.5%""}]",GEL,TOPICAL,ANDA,ANDA212464,HUMAN PRESCRIPTION DRUG,Retinoid [EPC];Retinoids [CS],45802-853-45,"45 g in 1 BOTTLE, PUMP (45802-853-45)",92dcba02-f42f-482d-8cd5-2b5ab8fa540a,20220602,,20261231,0
51672-1364,retinoid,adapalene,ADAPALENE and BENZOYL PEROXIDE,adapalene and benzoyl peroxide,"Sun Pharmaceutical Industries, Inc.",ADAPALENE 1 mg/g; BENZOYL PEROXIDE 25 mg/g,adapalene 0.1%; benzoyl peroxide 2.5%,"[{""name"":""ADAPALENE"",""strength"":""1 mg/g"",""pct"":0.1,""display"":""0.1%""},{""name"":""BENZOYL PEROXIDE"",""strength"":""25 mg/g"",""pct"":2.5,""display"":""2.5%""}]",GEL,TOPICAL,ANDA,ANDA206959,HUMAN PRESCRIPTION DRUG,Retinoid [EPC];Retinoids [CS],51672-1364-3;51672-1364-6,"1 BOTTLE, PUMP in 1 CARTON (51672-1364-3) / 45 g in 1 BOTTLE, PUMP | 1 TUBE in 1 CARTON (51672-1364-6) / 45 g in 1 TUBE",a53f1aa5-d3d1-45af-8728-8f36090f49da,20180124,,20261231,0
51672-1384,retinoid,adapalene,Adapalene and Benzoyl Peroxide,adapalene and benzoyl peroxide,"Sun Pharmaceutical Industries, Inc.",ADAPALENE 3 mg/g; BENZOYL PEROXIDE 25 mg/g,adapalene 0.3%; benzoyl peroxide 2.5%,"[{""name"":""ADAPALENE"",""strength"":""3 mg/g"",""pct"":0.3,""display"":""0.3%""},{""name"":""BENZOYL PEROXIDE"",""strength"":""25 mg/g"",""pct"":2.5,""display"":""2.5%""}]",GEL,TOPICAL,ANDA,ANDA209148,HUMAN PRESCRIPTION DRUG,Retinoid [EPC];Retinoids [CS],51672-1384-4;51672-1384-9,"1 BOTTLE, PUMP in 1 CARTON (51672-1384-4) / 60 g in 1 BOTTLE, PUMP | 1 BOTTLE, PUMP in 1 CARTON (51672-1384-9) / 45 g in 1 BOTTLE, PUMP",13fc72e9-7178-4a8b-9fe8-d88ba591dac8,20181017,,20261231,0
0480-3154,retinoid,adapalene,Adapalene and benzoyl peroxide,adapalene and benzoyl peroxide,"Teva Pharmaceuticals, Inc.",ADAPALENE 3 mg/g; BENZOYL PEROXIDE 25 mg/g,adapalene 0.3%; benzoyl peroxide 2.5%,"[{""name"":""ADAPALENE"",""strength"":""3 mg/g"",""pct"":0.3,""display"":""0.3%""},{""name"":""BENZOYL PEROXIDE"",""strength"":""25 mg/g"",""pct"":2.5,""display"":""2.5%""}]",GEL,TOPICAL,ANDA,ANDA209641,HUMAN PRESCRIPTION DRUG,Retinoid [EPC];Retinoids [CS],0480-3154-45,"1 BOTTLE, PUMP in 1 CARTON (0480-3154-45) / 45 g in 1 BOTTLE, PUMP",05babd5f-18ab-4646-8962-cb000ed0f9a8,20221128,20270228,,0
59651-604,retinoid,adapalene,Adapalene and benzoyl peroxide,adapalene and benzoyl peroxide,Aurobindo Pharma Limited,ADAPALENE 3 mg/g; BENZOYL PEROXIDE 25 mg/g,adapalene 0.3%; benzoyl peroxide 2.5%,"[{""name"":""ADAPALENE"",""strength"":""3 mg/g"",""pct"":0.3,""display"":""0.3%""},{""name"":""BENZOYL PEROXIDE"",""strength"":""25 mg/g"",""pct"":2.5,""display"":""2.5%""}]",GEL,TOPICAL,ANDA,ANDA217384,HUMAN PRESCRIPTION DRUG,Retinoid [EPC];Retinoids [CS],59651-604-46;59651-604-60,"1 BOTTLE, PUMP in 1 CARTON (59651-604-46) / 45 g in 1 BOTTLE, PUMP | 1 BOTTLE, PUMP in 1 CARTON (59651-604-60) / 60 g in 1 BOTTLE, PUMP",25e4ee12-f43a-4c87-9e34-64e91d06a368,20260722,,20271231,0
70771-1716,retinoid,adapalene,Adapalene and benzoyl peroxide,adapalene and benzoyl peroxide,Zydus Lifesciences Limited,ADAPALENE 3 mg/g; BENZOYL PEROXIDE 25 mg/g,adapalene 0.3%; benzoyl peroxide 2.5%,"[{""name"":""ADAPALENE"",""strength"":""3 mg/g"",""pct"":0.3,""display"":""0.3%""},{""name"":""BENZOYL PEROXIDE"",""strength"":""25 mg/g"",""pct"":2.5,""display"":""2.5%""}]",GEL,TOPICAL,ANDA,ANDA214553,HUMAN PRESCRIPTION DRUG,Retinoid [EPC];Retinoids [CS],70771-1716-3;70771-1716-4,"1 BOTTLE, PUMP in 1 BOTTLE, PUMP (70771-1716-3) / 60 g in 1 BOTTLE, PUMP | 1 BOTTLE, PUMP in 1 BOTTLE, PUMP (70771-1716-4) / 45 g in 1 BOTTLE, PUMP",d374a9b9-3ee9-4bc4-bcb9-a947d76cb6e5,20220606,,20261231,0
72578-119,retinoid,adapalene,Adapalene and benzoyl peroxide,adapalene and benzoyl peroxide,Viona Pharmaceuticals Inc,ADAPALENE 3 mg/g; BENZOYL PEROXIDE 25 mg/g,adapalene 0.3%; benzoyl peroxide 2.5%,"[{""name"":""ADAPALENE"",""strength"":""3 mg/g"",""pct"":0.3,""display"":""0.3%""},{""name"":""BENZOYL PEROXIDE"",""strength"":""25 mg/g"",""pct"":2.5,""display"":""2.5%""}]",GEL,TOPICAL,ANDA,ANDA214553,HUMAN PRESCRIPTION DRUG,Retinoid [EPC];Retinoids [CS],72578-119-02;72578-119-04,"1 BOTTLE, PUMP in 1 BOTTLE, PUMP (72578-119-02) / 60 g in 1 BOTTLE, PUMP | 1 BOTTLE, PUMP in 1 BOTTLE, PUMP (72578-119-04) / 45 g in 1 BOTTLE, PUMP",3a0fa489-4720-4760-a476-2317aef5a231,20220606,,20261231,0
45802-846,retinoid,adapalene,adapalene and benzoyl peroxide,adapalene and benzoyl peroxide,Padagis Israel Pharmaceuticals Ltd,ADAPALENE .1 g/100g; BENZOYL PEROXIDE 2.5 g/100g,adapalene 0.1%; benzoyl peroxide 2.5%,"[{""name"":""ADAPALENE"",""strength"":"".1 g/100g"",""pct"":0.1,""display"":""0.1%""},{""name"":""BENZOYL PEROXIDE"",""strength"":""2.5 g/100g"",""pct"":2.5,""display"":""2.5%""}]",GEL,TOPICAL,ANDA,ANDA205033,HUMAN PRESCRIPTION DRUG,Retinoid [EPC];Retinoids [CS],45802-846-01,"45 g in 1 BOTTLE, PUMP (45802-846-01)",e50e3ef9-3a9b-4172-a908-71c973a7fb5c,20180124,,20261231,0
68308-662,retinoid,adapalene,adapalene and benzoyl peroxide,adapalene and benzoyl peroxide,Mayne Pharma Inc.,ADAPALENE 3 mg/g; BENZOYL PEROXIDE 25 mg/g,adapalene 0.3%; benzoyl peroxide 2.5%,"[{""name"":""ADAPALENE"",""strength"":""3 mg/g"",""pct"":0.3,""display"":""0.3%""},{""name"":""BENZOYL PEROXIDE"",""strength"":""25 mg/g"",""pct"":2.5,""display"":""2.5%""}]",GEL,TOPICAL,NDA AUTHORIZED GENERIC,NDA207917,HUMAN PRESCRIPTION DRUG,Retinoid [EPC];Retinoids [CS],68308-662-45,"1 BOTTLE, PUMP in 1 CARTON (68308-662-45) / 45 g in 1 BOTTLE, PUMP",56541736-c70e-4fcd-9614-6cfdc5044136,20220201,,20261231,0
68462-301,retinoid,adapalene,adapalene and benzoyl peroxide,adapalene and benzoyl peroxide,"Glenmark Pharmaceuticals Inc., USA",ADAPALENE 1 mg/g; BENZOYL PEROXIDE 25 mg/g,adapalene 0.1%; benzoyl peroxide 2.5%,"[{""name"":""ADAPALENE"",""strength"":""1 mg/g"",""pct"":0.1,""display"":""0.1%""},{""name"":""BENZOYL PEROXIDE"",""strength"":""25 mg/g"",""pct"":2.5,""display"":""2.5%""}]",GEL,TOPICAL,ANDA,ANDA208108,HUMAN PRESCRIPTION DRUG,Retinoid [EPC];Retinoids [CS],68462-301-47;68462-301-55,"1 BOTTLE, PUMP in 1 CARTON (68462-301-47) / 45 g in 1 BOTTLE, PUMP | 45 g in 1 TUBE (68462-301-55)",fc8e868f-9699-4ae6-83d5-fa27789336cd,20191108,,20271231,0
0299-5906,retinoid,adapalene,epiduo forte,adapalene and benzoyl peroxide,"Galderma Laboratories, L.P.",ADAPALENE 3 mg/g; BENZOYL PEROXIDE 25 mg/g,adapalene 0.3%; benzoyl peroxide 2.5%,"[{""name"":""ADAPALENE"",""strength"":""3 mg/g"",""pct"":0.3,""display"":""0.3%""},{""name"":""BENZOYL PEROXIDE"",""strength"":""25 mg/g"",""pct"":2.5,""display"":""2.5%""}]",GEL,TOPICAL,NDA,NDA207917,HUMAN PRESCRIPTION DRUG,Retinoid [EPC];Retinoids [CS],0299-5906-00;0299-5906-02;0299-5906-05;0299-5906-15;0299-5906-30;0299-5906-45;0299-5906-60;0299-5906-70,"2 g in 1 TUBE (0299-5906-00) | 1 TUBE in 1 BLISTER PACK (0299-5906-02) / 2 g in 1 TUBE | 1 TUBE in 1 BLISTER PACK (0299-5906-05) / 5 g in 1 TUBE | 1 BOTTLE, PUMP in 1 CARTON (0299-5906-15) / 15 g in 1 BOTTLE, PUMP | 1 BOTTLE, PUMP in 1 CARTON (0299-5906-30) / 30 g in 1 BOTTLE, PUMP | 1 BOTTLE, PUMP in 1 CARTON (0299-5906-45) / 45 g in 1 BOTTLE, PUMP | 1 BOTTLE, PUMP in 1 CARTON (0299-5906-60) / 60 g in 1 BOTTLE, PUMP | 1 BOTTLE, PUMP in 1 CARTON (0299-5906-70) / 70 g in 1 BOTTLE, PUMP",f4e5d381-098a-4c93-9ff0-002cae46daac,20150701,,20261231,0
21922-052,retinoid,adapalene,"Adapalene and Benzoyl Peroxide Gel, 0.1%/2.5%","adapalene and benzoyl peroxide gel, 0.1%/2.5%","Encube Ethicals, Inc.",ADAPALENE 1 mg/g; BENZOYL PEROXIDE 25 mg/g,adapalene 0.1%; benzoyl peroxide 2.5%,"[{""name"":""ADAPALENE"",""strength"":""1 mg/g"",""pct"":0.1,""display"":""0.1%""},{""name"":""BENZOYL PEROXIDE"",""strength"":""25 mg/g"",""pct"":2.5,""display"":""2.5%""}]",GEL,TOPICAL,ANDA,ANDA206164,HUMAN PRESCRIPTION DRUG,Retinoid [EPC];Retinoids [CS],21922-052-50,"1 BOTTLE, PUMP in 1 CARTON (21922-052-50) / 45 g in 1 BOTTLE, PUMP",66858a82-cfda-4ba9-aac7-cf65499f4b1a,20230814,,20271231,0
46708-662,retinoid,adapalene,ADAPALENE AND BENZOYL PEROXIDE,adapalene and benzoyl peroxide topical,Alembic Pharmaceuticals Limited,ADAPALENE 3 mg/g; BENZOYL PEROXIDE 25 mg/g,adapalene 0.3%; benzoyl peroxide 2.5%,"[{""name"":""ADAPALENE"",""strength"":""3 mg/g"",""pct"":0.3,""display"":""0.3%""},{""name"":""BENZOYL PEROXIDE"",""strength"":""25 mg/g"",""pct"":2.5,""display"":""2.5%""}]",GEL,TOPICAL,ANDA,ANDA214185,HUMAN PRESCRIPTION DRUG,Retinoid [EPC];Retinoids [CS],46708-662-45,"1 BOTTLE, PUMP in 1 CARTON (46708-662-45) / 45 g in 1 BOTTLE, PUMP",2d4e5111-4f9f-42dd-8cf7-56bdc51fbbad,20250521,,20261231,0
62332-662,retinoid,adapalene,ADAPALENE AND BENZOYL PEROXIDE,adapalene and benzoyl peroxide topical,Alembic Pharmaceuticals Inc.,ADAPALENE 3 mg/g; BENZOYL PEROXIDE 25 mg/g,adapalene 0.3%; benzoyl peroxide 2.5%,"[{""name"":""ADAPALENE"",""strength"":""3 mg/g"",""pct"":0.3,""display"":""0.3%""},{""name"":""BENZOYL PEROXIDE"",""strength"":""25 mg/g"",""pct"":2.5,""display"":""2.5%""}]",GEL,TOPICAL,ANDA,ANDA214185,HUMAN PRESCRIPTION DRUG,Retinoid [EPC];Retinoids [CS],62332-662-45,"1 BOTTLE, PUMP in 1 CARTON (62332-662-45) / 45 g in 1 BOTTLE, PUMP",73a32997-23da-46b6-8652-7197f55c9847,20220810,,20261231,0
21922-051,retinoid,adapalene,"Adapalene Gel USP, 0.3%","adapalene gel usp, 0.3%","Encube Ethicals, Inc.",ADAPALENE 3 mg/g,adapalene 0.3%,"[{""name"":""ADAPALENE"",""strength"":""3 mg/g"",""pct"":0.3,""display"":""0.3%""}]",GEL,TOPICAL,ANDA,ANDA200298,HUMAN PRESCRIPTION DRUG,Retinoid [EPC];Retinoids [CS],21922-051-06;21922-051-50,"1 TUBE in 1 CARTON (21922-051-06) / 45 g in 1 TUBE | 1 BOTTLE, PUMP in 1 CARTON (21922-051-50) / 45 g in 1 BOTTLE, PUMP",56045eee-e84d-467a-9e12-e62bd474ed8a,20230807,,20261231,0
51862-771,retinoid,tretinoin,Twyneo,benzoyl peroxide and tretinoin,Mayne Pharma Commercial LLC,BENZOYL PEROXIDE 30 mg/g; TRETINOIN 1 mg/g,benzoyl peroxide 3%; tretinoin 0.1%,"[{""name"":""BENZOYL PEROXIDE"",""strength"":""30 mg/g"",""pct"":3.0,""display"":""3%""},{""name"":""TRETINOIN"",""strength"":""1 mg/g"",""pct"":0.1,""display"":""0.1%""}]",CREAM,TOPICAL,NDA,NDA214902,HUMAN PRESCRIPTION DRUG,Retinoid [EPC];Retinoids [CS],51862-771-30,"1 BOTTLE, PUMP in 1 CARTON (51862-771-30) / 30 g in 1 BOTTLE, PUMP",654ae869-5bc0-40b3-a423-dcc3270c05d8,20250801,,20261231,0
68682-300,retinoid,tretinoin,Clindamycin Phosphate 1.2% and Tretinoin 0.025%,clindamycin phosphate and tretinoin,Oceanside Pharmaceuticals,CLINDAMYCIN PHOSPHATE 12 mg/g; TRETINOIN .25 mg/g,clindamycin phosphate 1.2%; tretinoin 0.025%,"[{""name"":""CLINDAMYCIN PHOSPHATE"",""strength"":""12 mg/g"",""pct"":1.2,""display"":""1.2%""},{""name"":""TRETINOIN"",""strength"":"".25 mg/g"",""pct"":0.025,""display"":""0.025%""}]",GEL,TOPICAL,NDA AUTHORIZED GENERIC,NDA050802,HUMAN PRESCRIPTION DRUG,Decreased Sebaceous Gland Activity [PE];Lincosamide Antibacterial [EPC];Lincosamides [CS];Neuromuscular Blockade [PE];Retinoid [EPC];Retinoids [CS],68682-300-30;68682-300-60,1 TUBE in 1 CARTON (68682-300-30) / 30 g in 1 TUBE | 1 TUBE in 1 CARTON (68682-300-60) / 60 g in 1 TUBE,63b2e85d-8fe5-4f18-9e85-8492c49a7520,20200804,,20261231,0
0472-1790,retinoid,tretinoin,Clindamycin Phosphate and Tretinoin,clindamycin phosphate and tretinoin,"Actavis Pharma, Inc.",CLINDAMYCIN PHOSPHATE 12 mg/g; TRETINOIN .25 mg/g,clindamycin phosphate 1.2%; tretinoin 0.025%,"[{""name"":""CLINDAMYCIN PHOSPHATE"",""strength"":""12 mg/g"",""pct"":1.2,""display"":""1.2%""},{""name"":""TRETINOIN"",""strength"":"".25 mg/g"",""pct"":0.025,""display"":""0.025%""}]",GEL,TOPICAL,ANDA,ANDA202564,HUMAN PRESCRIPTION DRUG,Decreased Sebaceous Gland Activity [PE];Lincosamide Antibacterial [EPC];Lincosamides [CS];Neuromuscular Blockade [PE];Retinoid [EPC];Retinoids [CS],0472-1790-30;0472-1790-60,1 TUBE in 1 CARTON (0472-1790-30) / 30 g in 1 TUBE | 1 TUBE in 1 CARTON (0472-1790-60) / 60 g in 1 TUBE,79e1c8f6-59cd-4efa-9efa-0762d4b1a10c,20160705,,20261231,0
73473-306,retinoid,tretinoin,Clindamycin Phosphate and Tretinoin,clindamycin phosphate and tretinoin,Solaris Pharma Corporation,CLINDAMYCIN PHOSPHATE 10 mg/g; TRETINOIN .25 mg/g,clindamycin phosphate 1%; tretinoin 0.025%,"[{""name"":""CLINDAMYCIN PHOSPHATE"",""strength"":""10 mg/g"",""pct"":1.0,""display"":""1%""},{""name"":""TRETINOIN"",""strength"":"".25 mg/g"",""pct"":0.025,""display"":""0.025%""}]",GEL,TOPICAL,ANDA,ANDA212845,HUMAN PRESCRIPTION DRUG,Decreased Sebaceous Gland Activity [PE];Lincosamide Antibacterial [EPC];Lincosamides [CS];Neuromuscular Blockade [PE];Retinoid [EPC];Retinoids [CS],73473-306-30;73473-306-60,1 TUBE in 1 CARTON (73473-306-30) / 30 g in 1 TUBE | 1 TUBE in 1 CARTON (73473-306-60) / 60 g in 1 TUBE,c3ad6c2d-d106-464d-8e27-67ae94793e88,20250103,,20261231,0
99207-300,retinoid,tretinoin,ZIANA,clindamycin phosphate and tretinoin,"Bausch Health US, LLC",CLINDAMYCIN PHOSPHATE 12 mg/g; TRETINOIN .25 mg/g,clindamycin phosphate 1.2%; tretinoin 0.025%,"[{""name"":""CLINDAMYCIN PHOSPHATE"",""strength"":""12 mg/g"",""pct"":1.2,""display"":""1.2%""},{""name"":""TRETINOIN"",""strength"":"".25 mg/g"",""pct"":0.025,""display"":""0.025%""}]",GEL,TOPICAL,NDA,NDA050802,HUMAN PRESCRIPTION DRUG,Decreased Sebaceous Gland Activity [PE];Lincosamide Antibacterial [EPC];Lincosamides [CS];Neuromuscular Blockade [PE];Retinoid [EPC];Retinoids [CS],99207-300-30;99207-300-60,1 TUBE in 1 CARTON (99207-300-30) / 30 g in 1 TUBE | 1 TUBE in 1 CARTON (99207-300-60) / 60 g in 1 TUBE,78c329f9-f0c9-486d-9e54-0123699fb9e1,20061201,,20271231,0
21922-050,retinoid,tretinoin,Clindamycin Phosphate and Tretinoin Gel 1.2%/0.025%,clindamycin phosphate and tretinoin gel 1.2%/0.025%,"Encube Ethicals, Inc.",CLINDAMYCIN PHOSPHATE 10 mg/g; TRETINOIN .25 mg/g,clindamycin phosphate 1%; tretinoin 0.025%,"[{""name"":""CLINDAMYCIN PHOSPHATE"",""strength"":""10 mg/g"",""pct"":1.0,""display"":""1%""},{""name"":""TRETINOIN"",""strength"":"".25 mg/g"",""pct"":0.025,""display"":""0.025%""}]",GEL,TOPICAL,ANDA,ANDA216943,HUMAN PRESCRIPTION DRUG,Decreased Sebaceous Gland Activity [PE];Lincosamide Antibacterial [EPC];Lincosamides [CS];Neuromuscular Blockade [PE];Retinoid [EPC];Retinoids [CS],21922-050-05;21922-050-07,1 TUBE in 1 CARTON (21922-050-05) / 30 g in 1 TUBE | 1 TUBE in 1 CARTON (21922-050-07) / 60 g in 1 TUBE,1f772408-52a3-45b2-b053-8fc78948983c,20230904,,20261231,0
0187-0006,retinoid,adapalene,Cabtreo,clindamycin phosphate/benzoyl peroxide/adapalene,Bausch Health US LLC,CLINDAMYCIN PHOSPHATE 12 mg/g; BENZOYL PEROXIDE 31 mg/g; ADAPALENE 1.5 mg/g,clindamycin phosphate 1.2%; benzoyl peroxide 3.1%; adapalene 0.15%,"[{""name"":""CLINDAMYCIN PHOSPHATE"",""strength"":""12 mg/g"",""pct"":1.2,""display"":""1.2%""},{""name"":""BENZOYL PEROXIDE"",""strength"":""31 mg/g"",""pct"":3.1,""display"":""3.1%""},{""name"":""ADAPALENE"",""strength"":""1.5 mg/g"",""pct"":0.15,""display"":""0.15%""}]",GEL,TOPICAL,NDA,NDA216632,HUMAN PRESCRIPTION DRUG,Decreased Sebaceous Gland Activity [PE];Lincosamide Antibacterial [EPC];Lincosamides [CS];Neuromuscular Blockade [PE];Retinoid [EPC];Retinoids [CS],0187-0006-10;0187-0006-25;0187-0006-35,"1 BOTTLE, PUMP in 1 CARTON (0187-0006-10) / 20 g in 1 BOTTLE, PUMP | 1 BOTTLE, PUMP in 1 CARTON (0187-0006-25) / 50 g in 1 BOTTLE, PUMP | 3.5 g in 1 TUBE (0187-0006-35)",9468da0f-9978-4c58-8135-0274c3415084,20231020,,20261231,0
0299-5950,retinoid,tretinoin,TRI-LUMA,"fluocinolone acetonide, hydroquinone, and tretinoin","Galderma Laboratories, L.P.",FLUOCINOLONE ACETONIDE .1 mg/g; HYDROQUINONE 40 mg/g; TRETINOIN .5 mg/g,fluocinolone acetonide 0.01%; hydroquinone 4%; tretinoin 0.05%,"[{""name"":""FLUOCINOLONE ACETONIDE"",""strength"":"".1 mg/g"",""pct"":0.01,""display"":""0.01%""},{""name"":""HYDROQUINONE"",""strength"":""40 mg/g"",""pct"":4.0,""display"":""4%""},{""name"":""TRETINOIN"",""strength"":"".5 mg/g"",""pct"":0.05,""display"":""0.05%""}]",CREAM,TOPICAL,NDA,NDA021112,HUMAN PRESCRIPTION DRUG,Corticosteroid Hormone Receptor Agonists [MoA];Corticosteroid [EPC];Depigmenting Activity [PE];Melanin Synthesis Inhibitor [EPC];Melanin Synthesis Inhibitors [MoA];Retinoid [EPC];Retinoids [CS],0299-5950-02;0299-5950-30,1 TUBE in 1 BLISTER PACK (0299-5950-02) / 3 g in 1 TUBE | 1 TUBE in 1 CARTON (0299-5950-30) / 30 g in 1 TUBE,a35fa709-5eb5-4429-b38f-f1e0019bf0ee,20020118,,20261231,0
0187-0653,retinoid,tazarotene,Duobrii,halobetasol propionate and tazarotene,"Bausch Health US, LLC",HALOBETASOL PROPIONATE .1 mg/g; TAZAROTENE .45 mg/g,halobetasol propionate 0.01%; tazarotene 0.045%,"[{""name"":""HALOBETASOL PROPIONATE"",""strength"":"".1 mg/g"",""pct"":0.01,""display"":""0.01%""},{""name"":""TAZAROTENE"",""strength"":"".45 mg/g"",""pct"":0.045,""display"":""0.045%""}]",LOTION,TOPICAL,NDA,NDA209354,HUMAN PRESCRIPTION DRUG,Corticosteroid Hormone Receptor Agonists [MoA];Corticosteroid [EPC];Retinoid [EPC];Retinoids [CS],0187-0653-01;0187-0653-03,1 TUBE in 1 CARTON (0187-0653-01) / 100 g in 1 TUBE | 6 TUBE in 1 CARTON (0187-0653-03) / 3 g in 1 TUBE,b3f0cdc0-69fd-43d1-baf2-d776a3a20715,20190425,,20261231,0
0187-2098,retinoid,tazarotene,Arazlo,tazarotene,"Bausch Health US, LLC",TAZAROTENE .45 mg/g,tazarotene 0.045%,"[{""name"":""TAZAROTENE"",""strength"":"".45 mg/g"",""pct"":0.045,""display"":""0.045%""}]",LOTION,TOPICAL,NDA,NDA211882,HUMAN PRESCRIPTION DRUG,Retinoid [EPC];Retinoids [CS],0187-2098-10;0187-2098-45,10 TUBE in 1 CARTON (0187-2098-10) / 3 g in 1 TUBE (0187-2098-03) | 1 TUBE in 1 CARTON (0187-2098-45) / 45 g in 1 TUBE,d941ff25-c221-4a55-8012-0dcf3bbcbbd1,20191219,,20261231,0
51862-295,retinoid,tazarotene,FABIOR,tazarotene,Mayne Pharma,TAZAROTENE 1 mg/g,tazarotene 0.1%,"[{""name"":""TAZAROTENE"",""strength"":""1 mg/g"",""pct"":0.1,""display"":""0.1%""}]","AEROSOL, FOAM",TOPICAL,NDA,NDA202428,HUMAN PRESCRIPTION DRUG,Retinoid [EPC];Retinoids [CS],51862-295-10,1 CAN in 1 CARTON (51862-295-10) / 100 g in 1 CAN,ae0afed7-1d60-45fd-a08b-8db094618521,20170310,,20271231,0
0713-0804,retinoid,tazarotene,TAZAROTENE,tazarotene,"Cosette Pharmaceuticals, Inc.",TAZAROTENE 1 mg/g,tazarotene 0.1%,"[{""name"":""TAZAROTENE"",""strength"":""1 mg/g"",""pct"":0.1,""display"":""0.1%""}]",GEL,TOPICAL,ANDA,ANDA214136,HUMAN PRESCRIPTION DRUG,Retinoid [EPC];Retinoids [CS],0713-0804-31;0713-0804-99,1 TUBE in 1 CARTON (0713-0804-31) / 30 g in 1 TUBE | 1 TUBE in 1 CARTON (0713-0804-99) / 100 g in 1 TUBE,94749b8e-0d00-4257-a660-6d0fc8815fcf,20220914,,20261231,0
0713-0805,retinoid,tazarotene,TAZAROTENE,tazarotene,"Cosette Pharmaceuticals, Inc.",TAZAROTENE .5 mg/g,tazarotene 0.05%,"[{""name"":""TAZAROTENE"",""strength"":"".5 mg/g"",""pct"":0.05,""display"":""0.05%""}]",GEL,TOPICAL,ANDA,ANDA215433,HUMAN PRESCRIPTION DRUG,Retinoid [EPC];Retinoids [CS],0713-0805-31;0713-0805-99,1 TUBE in 1 CARTON (0713-0805-31) / 30 g in 1 TUBE | 1 TUBE in 1 CARTON (0713-0805-99) / 100 g in 1 TUBE,ecd718fd-c06e-4b3a-8aca-fa51e7c51a66,20220914,,20261231,0
45802-436,retinoid,tazarotene,TAZAROTENE,tazarotene,Padagis Israel Pharmaceuticals Ltd,TAZAROTENE .5 mg/g,tazarotene 0.05%,"[{""name"":""TAZAROTENE"",""strength"":"".5 mg/g"",""pct"":0.05,""display"":""0.05%""}]",GEL,TOPICAL,ANDA,ANDA213079,HUMAN PRESCRIPTION DRUG,Retinoid [EPC];Retinoids [CS],45802-436-01;45802-436-94,1 TUBE in 1 CARTON (45802-436-01) / 100 g in 1 TUBE | 1 TUBE in 1 CARTON (45802-436-94) / 30 g in 1 TUBE,ffd11dee-4266-4201-9573-1e82c2d30a63,20230605,,20261231,0
45802-442,retinoid,tazarotene,TAZAROTENE,tazarotene,Padagis Israel Pharmaceuticals Ltd,TAZAROTENE 1 mg/g,tazarotene 0.1%,"[{""name"":""TAZAROTENE"",""strength"":""1 mg/g"",""pct"":0.1,""display"":""0.1%""}]",GEL,TOPICAL,ANDA,ANDA213079,HUMAN PRESCRIPTION DRUG,Retinoid [EPC];Retinoids [CS],45802-442-01;45802-442-94,1 TUBE in 1 CARTON (45802-442-01) / 100 g in 1 TUBE | 1 TUBE in 1 CARTON (45802-442-94) / 30 g in 1 TUBE,ffd11dee-4266-4201-9573-1e82c2d30a63,20230605,,20261231,0
45802-706,retinoid,tazarotene,TAZAROTENE,tazarotene,Padagis Israel Pharmaceuticals Ltd,TAZAROTENE .5 mg/g,tazarotene 0.05%,"[{""name"":""TAZAROTENE"",""strength"":"".5 mg/g"",""pct"":0.05,""display"":""0.05%""}]",CREAM,TOPICAL,ANDA,ANDA217075,HUMAN PRESCRIPTION DRUG,Retinoid [EPC];Retinoids [CS],45802-706-94;45802-706-96,1 TUBE in 1 CARTON (45802-706-94) / 30 g in 1 TUBE | 1 TUBE in 1 CARTON (45802-706-96) / 60 g in 1 TUBE,df5d65de-0693-4fd2-b335-f04ab1e201e7,20240909,,20261231,0
16110-915,retinoid,tazarotene,TAZORAC,tazarotene,"Almirall, LLC",TAZAROTENE .05 mg/g,tazarotene 0.005%,"[{""name"":""TAZAROTENE"",""strength"":"".05 mg/g"",""pct"":0.005,""display"":""0.005%""}]",CREAM,CUTANEOUS,NDA,NDA021184,HUMAN PRESCRIPTION DRUG,Retinoid [EPC];Retinoids [CS],16110-915-30;16110-915-60,1 TUBE in 1 CARTON (16110-915-30) / 30 g in 1 TUBE | 1 TUBE in 1 CARTON (16110-915-60) / 60 g in 1 TUBE,021744d1-a6d7-4ad6-99c2-7187c24e64c6,20200203,,20261231,0
16110-916,retinoid,tazarotene,TAZORAC,tazarotene,"Almirall, LLC",TAZAROTENE .1 mg/g,tazarotene 0.01%,"[{""name"":""TAZAROTENE"",""strength"":"".1 mg/g"",""pct"":0.01,""display"":""0.01%""}]",CREAM,CUTANEOUS,NDA,NDA021184,HUMAN PRESCRIPTION DRUG,Retinoid [EPC];Retinoids [CS],16110-916-30;16110-916-60,1 TUBE in 1 CARTON (16110-916-30) / 30 g in 1 TUBE | 1 TUBE in 1 CARTON (16110-916-60) / 60 g in 1 TUBE,021744d1-a6d7-4ad6-99c2-7187c24e64c6,20200203,,20261231,0
0713-0670,retinoid,tazarotene,Tazarotene,tazarotene,"Cosette Pharmaceuticals, Inc.",TAZAROTENE 1 mg/g,tazarotene 0.1%,"[{""name"":""TAZAROTENE"",""strength"":""1 mg/g"",""pct"":0.1,""display"":""0.1%""}]",CREAM,TOPICAL,ANDA,ANDA208662,HUMAN PRESCRIPTION DRUG,Retinoid [EPC];Retinoids [CS],0713-0670-31;0713-0670-60,1 TUBE in 1 CARTON (0713-0670-31) / 30 g in 1 TUBE | 1 TUBE in 1 CARTON (0713-0670-60) / 60 g in 1 TUBE,fa5caf83-29d5-8229-b125-d7736928f132,20171222,,20261231,0
0713-0765,retinoid,tazarotene,Tazarotene,tazarotene,"Cosette Pharmaceuticals, Inc.",TAZAROTENE .5 mg/g,tazarotene 0.05%,"[{""name"":""TAZAROTENE"",""strength"":"".5 mg/g"",""pct"":0.05,""display"":""0.05%""}]",CREAM,TOPICAL,ANDA,ANDA208662,HUMAN PRESCRIPTION DRUG,Retinoid [EPC];Retinoids [CS],0713-0765-31;0713-0765-60,1 TUBE in 1 CARTON (0713-0765-31) / 30 g in 1 TUBE | 1 TUBE in 1 CARTON (0713-0765-60) / 60 g in 1 TUBE,fa5caf83-29d5-8229-b125-d7736928f132,20250310,,20261231,0
51672-1373,retinoid,tazarotene,Tazarotene,tazarotene,"Sun Pharmaceutical Industries, Inc.",TAZAROTENE 1 mg/g,tazarotene 0.1%,"[{""name"":""TAZAROTENE"",""strength"":""1 mg/g"",""pct"":0.1,""display"":""0.1%""}]",CREAM,TOPICAL,ANDA,ANDA208258,HUMAN PRESCRIPTION DRUG,Retinoid [EPC];Retinoids [CS],51672-1373-2;51672-1373-3,1 TUBE in 1 CARTON (51672-1373-2) / 30 g in 1 TUBE | 1 TUBE in 1 CARTON (51672-1373-3) / 60 g in 1 TUBE,478ff059-9d7b-438e-a64e-c853dfac2872,20170403,,20261231,0
51672-1374,retinoid,tazarotene,Tazarotene,tazarotene,"Sun Pharmaceutical Industries, Inc.",TAZAROTENE 1 mg/g,tazarotene 0.1%,"[{""name"":""TAZAROTENE"",""strength"":""1 mg/g"",""pct"":0.1,""display"":""0.1%""}]",CREAM,TOPICAL,ANDA,ANDA208258,HUMAN PRESCRIPTION DRUG,Retinoid [EPC];Retinoids [CS],51672-1374-2,1 TUBE in 1 CARTON (51672-1374-2) / 30 g in 1 TUBE,34d79c31-1568-4797-a4f5-31200c7788db,20170403,,20261231,0
68308-745,retinoid,tazarotene,Tazarotene,tazarotene,Mayne Pharma,TAZAROTENE 1 mg/g,tazarotene 0.1%,"[{""name"":""TAZAROTENE"",""strength"":""1 mg/g"",""pct"":0.1,""display"":""0.1%""}]",CREAM,TOPICAL,ANDA,ANDA208662,HUMAN PRESCRIPTION DRUG,Retinoid [EPC];Retinoids [CS],68308-745-30,1 TUBE in 1 CARTON (68308-745-30) / 30 g in 1 TUBE,0296f0e9-f940-45d9-987e-1ee26a7ca961,20211110,,20261231,0
73473-309,retinoid,tazarotene,Tazarotene,tazarotene,Solaris Pharma Corporation,TAZAROTENE .5 mg/g,tazarotene 0.05%,"[{""name"":""TAZAROTENE"",""strength"":"".5 mg/g"",""pct"":0.05,""display"":""0.05%""}]",GEL,CUTANEOUS,ANDA,ANDA213644,HUMAN PRESCRIPTION DRUG,Retinoid [EPC];Retinoids [CS],73473-309-10;73473-309-30,1 TUBE in 1 CARTON (73473-309-10) / 100 g in 1 TUBE | 1 TUBE in 1 CARTON (73473-309-30) / 30 g in 1 TUBE,f1c98c4a-f101-4f3c-851a-39c827415c46,20250103,,20261231,0
73473-310,retinoid,tazarotene,Tazarotene,tazarotene,Solaris Pharma Corporation,TAZAROTENE 1 mg/g,tazarotene 0.1%,"[{""name"":""TAZAROTENE"",""strength"":""1 mg/g"",""pct"":0.1,""display"":""0.1%""}]",GEL,CUTANEOUS,ANDA,ANDA213644,HUMAN PRESCRIPTION DRUG,Retinoid [EPC];Retinoids [CS],73473-310-10;73473-310-30,1 TUBE in 1 CARTON (73473-310-10) / 100 g in 1 TUBE | 1 TUBE in 1 CARTON (73473-310-30) / 30 g in 1 TUBE,f1c98c4a-f101-4f3c-851a-39c827415c46,20250103,,20261231,0
16110-042,retinoid,tazarotene,Tazorac,tazarotene,"Almirall, LLC",TAZAROTENE 1 mg/g,tazarotene 0.1%,"[{""name"":""TAZAROTENE"",""strength"":""1 mg/g"",""pct"":0.1,""display"":""0.1%""}]",GEL,CUTANEOUS,NDA,NDA020600,HUMAN PRESCRIPTION DRUG,Retinoid [EPC];Retinoids [CS],16110-042-10;16110-042-30,1 TUBE in 1 CARTON (16110-042-10) / 100 g in 1 TUBE | 1 TUBE in 1 CARTON (16110-042-30) / 30 g in 1 TUBE,4e4e4b81-420e-4492-8a74-80b692a80057,20200221,,20261231,0
16110-833,retinoid,tazarotene,Tazorac,tazarotene,"Almirall, LLC",TAZAROTENE .5 mg/g,tazarotene 0.05%,"[{""name"":""TAZAROTENE"",""strength"":"".5 mg/g"",""pct"":0.05,""display"":""0.05%""}]",GEL,CUTANEOUS,NDA,NDA020600,HUMAN PRESCRIPTION DRUG,Retinoid [EPC];Retinoids [CS],16110-833-10;16110-833-30,1 TUBE in 1 CARTON (16110-833-10) / 100 g in 1 TUBE | 1 TUBE in 1 CARTON (16110-833-30) / 30 g in 1 TUBE,4e4e4b81-420e-4492-8a74-80b692a80057,20200221,,20261231,0
87143-200,retinoid,tazarotene,Trilitas,tazarotene,"Perfero Pharma, Inc.",TAZAROTENE 1 mg/g,tazarotene 0.1%,"[{""name"":""TAZAROTENE"",""strength"":""1 mg/g"",""pct"":0.1,""display"":""0.1%""}]",GEL,TOPICAL,ANDA,ANDA214136,HUMAN PRESCRIPTION DRUG,Retinoid [EPC];Retinoids [CS],87143-200-30,1 TUBE in 1 CARTON (87143-200-30) / 30 g in 1 TUBE,1cf1faef-73b8-4ab2-a4c8-521f0bd3fc10,20260615,,20271231,0
68308-685,retinoid,tazarotene,tazarotene,tazarotene,Mayne Pharma Inc.,TAZAROTENE 1 mg/g,tazarotene 0.1%,"[{""name"":""TAZAROTENE"",""strength"":""1 mg/g"",""pct"":0.1,""display"":""0.1%""}]","AEROSOL, FOAM",TOPICAL,NDA AUTHORIZED GENERIC,NDA202428,HUMAN PRESCRIPTION DRUG,Retinoid [EPC];Retinoids [CS],68308-685-50,1 CAN in 1 CARTON (68308-685-50) / 50 g in 1 CAN,0e337598-f589-483f-a2ae-be7c319d7454,20210423,,20261231,0
0187-0005,retinoid,tretinoin,Altreno,tretinoin,"Bausch Health US, LLC",TRETINOIN .5 mg/g,tretinoin 0.05%,"[{""name"":""TRETINOIN"",""strength"":"".5 mg/g"",""pct"":0.05,""display"":""0.05%""}]",LOTION,TOPICAL,NDA,NDA209353,HUMAN PRESCRIPTION DRUG,Retinoid [EPC];Retinoids [CS],0187-0005-03;0187-0005-10;0187-0005-20;0187-0005-45;0187-0005-50,"6 TUBE in 1 CARTON (0187-0005-03) / 3 g in 1 TUBE | 10 TUBE in 1 CARTON (0187-0005-10) / 3 g in 1 TUBE (0187-0005-04) | 1 TUBE in 1 CARTON (0187-0005-20) / 20 g in 1 TUBE | 1 TUBE in 1 CARTON (0187-0005-45) / 45 g in 1 TUBE | 1 BOTTLE, PUMP in 1 CARTON (0187-0005-50) / 50 g in 1 BOTTLE, PUMP",1412aba5-71aa-4cce-8db4-c189bed1852c,20180824,,20261231,0
13548-070,retinoid,tretinoin,Atralin,tretinoin,"Bausch Health US, LLC",TRETINOIN .05 g/100g,tretinoin 0.05%,"[{""name"":""TRETINOIN"",""strength"":"".05 g/100g"",""pct"":0.05,""display"":""0.05%""}]",GEL,TOPICAL,NDA,NDA022070,HUMAN PRESCRIPTION DRUG,Retinoid [EPC];Retinoids [CS],13548-070-45,1 TUBE in 1 PACKAGE (13548-070-45) / 45 g in 1 TUBE,b6b45969-a64a-4ce3-b3b6-157d2568a301,20070726,,20261231,0
0187-5150,retinoid,tretinoin,Renova,tretinoin,Bausch Health US LLC,TRETINOIN .2 mg/g,tretinoin 0.02%,"[{""name"":""TRETINOIN"",""strength"":"".2 mg/g"",""pct"":0.02,""display"":""0.02%""}]",CREAM,TOPICAL,NDA,NDA021108,HUMAN PRESCRIPTION DRUG,Retinoid [EPC];Retinoids [CS],0187-5150-02;0187-5150-20;0187-5150-40;0187-5150-44;0187-5150-60,"1 TUBE in 1 CARTON (0187-5150-02) / 2 g in 1 TUBE | 1 TUBE in 1 CARTON (0187-5150-20) / 20 g in 1 TUBE | 1 TUBE in 1 CARTON (0187-5150-40) / 40 g in 1 TUBE | 1 BOTTLE, PUMP in 1 CARTON (0187-5150-44) / 44 g in 1 BOTTLE, PUMP | 1 TUBE in 1 CARTON (0187-5150-60) / 60 g in 1 TUBE",9f0a0e8d-1051-48a4-80c5-1bd260dd9c36,20000831,,20271231,0
0187-5160,retinoid,tretinoin,Retin-A,tretinoin,"Bausch Health US, LLC",TRETINOIN .25 mg/g,tretinoin 0.025%,"[{""name"":""TRETINOIN"",""strength"":"".25 mg/g"",""pct"":0.025,""display"":""0.025%""}]",CREAM,TOPICAL,NDA,NDA019049,HUMAN PRESCRIPTION DRUG,Retinoid [EPC];Retinoids [CS],0187-5160-20;0187-5160-45,1 TUBE in 1 CARTON (0187-5160-20) / 20 g in 1 TUBE | 1 TUBE in 1 CARTON (0187-5160-45) / 45 g in 1 TUBE,9556d73d-c573-4e0a-9feb-764ce2d1107b,19881030,,20261231,0
0187-5162,retinoid,tretinoin,Retin-A,tretinoin,"Bausch Health US, LLC",TRETINOIN .5 mg/g,tretinoin 0.05%,"[{""name"":""TRETINOIN"",""strength"":"".5 mg/g"",""pct"":0.05,""display"":""0.05%""}]",CREAM,TOPICAL,NDA,NDA017522,HUMAN PRESCRIPTION DRUG,Retinoid [EPC];Retinoids [CS],0187-5162-20;0187-5162-45,1 TUBE in 1 CARTON (0187-5162-20) / 20 g in 1 TUBE | 1 TUBE in 1 CARTON (0187-5162-45) / 45 g in 1 TUBE,9556d73d-c573-4e0a-9feb-764ce2d1107b,19740730,,20261231,0
0187-5164,retinoid,tretinoin,Retin-A,tretinoin,"Bausch Health US, LLC",TRETINOIN 1 mg/g,tretinoin 0.1%,"[{""name"":""TRETINOIN"",""strength"":""1 mg/g"",""pct"":0.1,""display"":""0.1%""}]",CREAM,TOPICAL,NDA,NDA017340,HUMAN PRESCRIPTION DRUG,Retinoid [EPC];Retinoids [CS],0187-5164-20;0187-5164-45,1 TUBE in 1 CARTON (0187-5164-20) / 20 g in 1 TUBE | 1 TUBE in 1 CARTON (0187-5164-45) / 45 g in 1 TUBE,9556d73d-c573-4e0a-9feb-764ce2d1107b,19730430,,20261231,0
0187-5170,retinoid,tretinoin,Retin-A,tretinoin,"Bausch Health US, LLC",TRETINOIN .25 mg/g,tretinoin 0.025%,"[{""name"":""TRETINOIN"",""strength"":"".25 mg/g"",""pct"":0.025,""display"":""0.025%""}]",GEL,TOPICAL,NDA,NDA017579,HUMAN PRESCRIPTION DRUG,Retinoid [EPC];Retinoids [CS],0187-5170-15;0187-5170-45,1 TUBE in 1 CARTON (0187-5170-15) / 15 g in 1 TUBE | 1 TUBE in 1 CARTON (0187-5170-45) / 45 g in 1 TUBE,9556d73d-c573-4e0a-9feb-764ce2d1107b,19750730,,20261231,0
0187-5172,retinoid,tretinoin,Retin-A,tretinoin,"Bausch Health US, LLC",TRETINOIN .1 mg/g,tretinoin 0.01%,"[{""name"":""TRETINOIN"",""strength"":"".1 mg/g"",""pct"":0.01,""display"":""0.01%""}]",GEL,TOPICAL,NDA,NDA017955,HUMAN PRESCRIPTION DRUG,Retinoid [EPC];Retinoids [CS],0187-5172-15;0187-5172-45,1 TUBE in 1 CARTON (0187-5172-15) / 15 g in 1 TUBE | 1 TUBE in 1 CARTON (0187-5172-45) / 45 g in 1 TUBE,9556d73d-c573-4e0a-9feb-764ce2d1107b,19790730,,20261231,0
0187-5140,retinoid,tretinoin,Retin-A MICRO,tretinoin,Bausch Health US LLC,TRETINOIN 1 mg/g,tretinoin 0.1%,"[{""name"":""TRETINOIN"",""strength"":""1 mg/g"",""pct"":0.1,""display"":""0.1%""}]",GEL,TOPICAL,NDA,NDA020475,HUMAN PRESCRIPTION DRUG,Retinoid [EPC];Retinoids [CS],,,08ab7e0c-1437-455f-815c-98904d96a289,19970207,,20271231,0
0187-5144,retinoid,tretinoin,Retin-A MICRO,tretinoin,Bausch Health US LLC,TRETINOIN .4 mg/g,tretinoin 0.04%,"[{""name"":""TRETINOIN"",""strength"":"".4 mg/g"",""pct"":0.04,""display"":""0.04%""}]",GEL,TOPICAL,NDA,NDA020475,HUMAN PRESCRIPTION DRUG,Retinoid [EPC];Retinoids [CS],,,08ab7e0c-1437-455f-815c-98904d96a289,20020510,,20271231,0
0187-5146,retinoid,tretinoin,Retin-A MICRO,tretinoin,Bausch Health US LLC,TRETINOIN .6 mg/g,tretinoin 0.06%,"[{""name"":""TRETINOIN"",""strength"":"".6 mg/g"",""pct"":0.06,""display"":""0.06%""}]",GEL,TOPICAL,NDA,NDA020475,HUMAN PRESCRIPTION DRUG,Retinoid [EPC];Retinoids [CS],0187-5146-02;0187-5146-50,"24 TUBE in 1 TRAY (0187-5146-02) / 2 g in 1 TUBE | 1 BOTTLE, PUMP in 1 CARTON (0187-5146-50) / 50 g in 1 BOTTLE, PUMP",08ab7e0c-1437-455f-815c-98904d96a289,20171023,,20271231,0
0187-5148,retinoid,tretinoin,Retin-A MICRO,tretinoin,Bausch Health US LLC,TRETINOIN .8 mg/g,tretinoin 0.08%,"[{""name"":""TRETINOIN"",""strength"":"".8 mg/g"",""pct"":0.08,""display"":""0.08%""}]",GEL,TOPICAL,NDA,NDA020475,HUMAN PRESCRIPTION DRUG,Retinoid [EPC];Retinoids [CS],0187-5148-02;0187-5148-50,"24 TUBE in 1 CARTON (0187-5148-02) / 2 g in 1 TUBE | 1 BOTTLE, PUMP in 1 CARTON (0187-5148-50) / 50 g in 1 BOTTLE, PUMP",08ab7e0c-1437-455f-815c-98904d96a289,20140128,,20271231,0
0574-2201,retinoid,tretinoin,TRETINOIN,tretinoin,Padagis US LLC,TRETINOIN 1 mg/g,tretinoin 0.1%,"[{""name"":""TRETINOIN"",""strength"":""1 mg/g"",""pct"":0.1,""display"":""0.1%""}]",CREAM,TOPICAL,ANDA,ANDA075213,HUMAN PRESCRIPTION DRUG,Retinoid [EPC];Retinoids [CS],0574-2201-20;0574-2201-45,1 TUBE in 1 CARTON (0574-2201-20) / 20 g in 1 TUBE | 1 TUBE in 1 CARTON (0574-2201-45) / 45 g in 1 TUBE,4889c7f8-37d0-4f1a-9829-bca107806586,20170330,,20271231,0
0574-2205,retinoid,tretinoin,TRETINOIN,tretinoin,Padagis US LLC,TRETINOIN .5 mg/g,tretinoin 0.05%,"[{""name"":""TRETINOIN"",""strength"":"".5 mg/g"",""pct"":0.05,""display"":""0.05%""}]",CREAM,TOPICAL,ANDA,ANDA075265,HUMAN PRESCRIPTION DRUG,Retinoid [EPC];Retinoids [CS],0574-2205-20;0574-2205-45,1 TUBE in 1 CARTON (0574-2205-20) / 20 g in 1 TUBE | 1 TUBE in 1 CARTON (0574-2205-45) / 45 g in 1 TUBE,4889c7f8-37d0-4f1a-9829-bca107806586,20170426,,20271231,0
0574-2225,retinoid,tretinoin,TRETINOIN,tretinoin,Padagis US LLC,TRETINOIN .25 mg/g,tretinoin 0.025%,"[{""name"":""TRETINOIN"",""strength"":"".25 mg/g"",""pct"":0.025,""display"":""0.025%""}]",CREAM,TOPICAL,ANDA,ANDA075264,HUMAN PRESCRIPTION DRUG,Retinoid [EPC];Retinoids [CS],0574-2225-20;0574-2225-45,1 TUBE in 1 CARTON (0574-2225-20) / 20 g in 1 TUBE | 1 TUBE in 1 CARTON (0574-2225-45) / 45 g in 1 TUBE,4889c7f8-37d0-4f1a-9829-bca107806586,20170615,,20271231,0
0574-2301,retinoid,tretinoin,TRETINOIN,tretinoin,Padagis US LLC,TRETINOIN .1 mg/g,tretinoin 0.01%,"[{""name"":""TRETINOIN"",""strength"":"".1 mg/g"",""pct"":0.01,""display"":""0.01%""}]",GEL,TOPICAL,ANDA,ANDA075589,HUMAN PRESCRIPTION DRUG,Retinoid [EPC];Retinoids [CS],0574-2301-15;0574-2301-45,1 TUBE in 1 CARTON (0574-2301-15) / 15 g in 1 TUBE | 1 TUBE in 1 CARTON (0574-2301-45) / 45 g in 1 TUBE,4889c7f8-37d0-4f1a-9829-bca107806586,20170330,,20271231,0
0574-2325,retinoid,tretinoin,TRETINOIN,tretinoin,Padagis US LLC,TRETINOIN .25 mg/g,tretinoin 0.025%,"[{""name"":""TRETINOIN"",""strength"":"".25 mg/g"",""pct"":0.025,""display"":""0.025%""}]",GEL,TOPICAL,ANDA,ANDA075529,HUMAN PRESCRIPTION DRUG,Retinoid [EPC];Retinoids [CS],0574-2325-15;0574-2325-45,1 TUBE in 1 CARTON (0574-2325-15) / 15 g in 1 TUBE | 1 TUBE in 1 CARTON (0574-2325-45) / 45 g in 1 TUBE,4889c7f8-37d0-4f1a-9829-bca107806586,20170307,,20271231,0
21922-042,retinoid,tretinoin,TRETINOIN,tretinoin,"Encube Ethicals, Inc.",TRETINOIN .6 mg/g,tretinoin 0.06%,"[{""name"":""TRETINOIN"",""strength"":"".6 mg/g"",""pct"":0.06,""display"":""0.06%""}]",GEL,TOPICAL,ANDA,ANDA215609,HUMAN PRESCRIPTION DRUG,Retinoid [EPC];Retinoids [CS],21922-042-40,"1 BOTTLE, PUMP in 1 CARTON (21922-042-40) / 50 g in 1 BOTTLE, PUMP",57558405-42fa-40bb-a61c-48e030d976de,20260416,,20271231,0
21922-043,retinoid,tretinoin,TRETINOIN,tretinoin,"Encube Ethicals, Inc.",TRETINOIN .8 mg/g,tretinoin 0.08%,"[{""name"":""TRETINOIN"",""strength"":"".8 mg/g"",""pct"":0.08,""display"":""0.08%""}]",GEL,TOPICAL,ANDA,ANDA215609,HUMAN PRESCRIPTION DRUG,Retinoid [EPC];Retinoids [CS],21922-043-40,"1 BOTTLE, PUMP in 1 CARTON (21922-043-40) / 50 g in 1 BOTTLE, PUMP",57558405-42fa-40bb-a61c-48e030d976de,20230824,,20271231,0
21922-056,retinoid,tretinoin,TRETINOIN,tretinoin,"Encube Ethicals, Inc.",TRETINOIN .1 mg/g,tretinoin 0.01%,"[{""name"":""TRETINOIN"",""strength"":"".1 mg/g"",""pct"":0.01,""display"":""0.01%""}]",GEL,TOPICAL,ANDA,ANDA217588,HUMAN PRESCRIPTION DRUG,Retinoid [EPC];Retinoids [CS],21922-056-04;21922-056-06,1 TUBE in 1 CARTON (21922-056-04) / 15 g in 1 TUBE | 1 TUBE in 1 CARTON (21922-056-06) / 45 g in 1 TUBE,b61f6b02-6171-4da8-94eb-bcd4808dd918,20250306,,20261231,0
21922-057,retinoid,tretinoin,TRETINOIN,tretinoin,"Encube Ethicals, Inc.",TRETINOIN .25 mg/g,tretinoin 0.025%,"[{""name"":""TRETINOIN"",""strength"":"".25 mg/g"",""pct"":0.025,""display"":""0.025%""}]",GEL,TOPICAL,ANDA,ANDA217587,HUMAN PRESCRIPTION DRUG,Retinoid [EPC];Retinoids [CS],21922-057-04;21922-057-06,1 TUBE in 1 CARTON (21922-057-04) / 15 g in 1 TUBE | 1 TUBE in 1 CARTON (21922-057-06) / 45 g in 1 TUBE,b61f6b02-6171-4da8-94eb-bcd4808dd918,20250306,,20261231,0
0378-8082,retinoid,tretinoin,Tretinoin,tretinoin,Mylan Pharmaceuticals Inc.,TRETINOIN .25 mg/g,tretinoin 0.025%,"[{""name"":""TRETINOIN"",""strength"":"".25 mg/g"",""pct"":0.025,""display"":""0.025%""}]",CREAM,TOPICAL,NDA AUTHORIZED GENERIC,NDA019049,HUMAN PRESCRIPTION DRUG,Retinoid [EPC];Retinoids [CS],0378-8082-20;0378-8082-45,1 TUBE in 1 CARTON (0378-8082-20) / 20 g in 1 TUBE | 1 TUBE in 1 CARTON (0378-8082-45) / 45 g in 1 TUBE,ba377a5e-e48a-4bd9-9d76-929d70793396,20190403,,20261231,0
0378-8083,retinoid,tretinoin,Tretinoin,tretinoin,Mylan Pharmaceuticals Inc.,TRETINOIN .5 mg/g,tretinoin 0.05%,"[{""name"":""TRETINOIN"",""strength"":"".5 mg/g"",""pct"":0.05,""display"":""0.05%""}]",CREAM,TOPICAL,NDA AUTHORIZED GENERIC,NDA017522,HUMAN PRESCRIPTION DRUG,Retinoid [EPC];Retinoids [CS],0378-8083-20;0378-8083-45,1 TUBE in 1 CARTON (0378-8083-20) / 20 g in 1 TUBE | 1 TUBE in 1 CARTON (0378-8083-45) / 45 g in 1 TUBE,ba377a5e-e48a-4bd9-9d76-929d70793396,20181105,,20261231,0
0378-8084,retinoid,tretinoin,Tretinoin,tretinoin,Mylan Pharmaceuticals Inc.,TRETINOIN 1 mg/g,tretinoin 0.1%,"[{""name"":""TRETINOIN"",""strength"":""1 mg/g"",""pct"":0.1,""display"":""0.1%""}]",CREAM,TOPICAL,NDA AUTHORIZED GENERIC,NDA017340,HUMAN PRESCRIPTION DRUG,Retinoid [EPC];Retinoids [CS],0378-8084-20;0378-8084-45,1 TUBE in 1 CARTON (0378-8084-20) / 20 g in 1 TUBE | 1 TUBE in 1 CARTON (0378-8084-45) / 45 g in 1 TUBE,ba377a5e-e48a-4bd9-9d76-929d70793396,20190227,,20261231,0
0378-8085,retinoid,tretinoin,Tretinoin,tretinoin,Mylan Pharmaceuticals Inc.,TRETINOIN .1 mg/g,tretinoin 0.01%,"[{""name"":""TRETINOIN"",""strength"":"".1 mg/g"",""pct"":0.01,""display"":""0.01%""}]",GEL,TOPICAL,NDA AUTHORIZED GENERIC,NDA017955,HUMAN PRESCRIPTION DRUG,Retinoid [EPC];Retinoids [CS],0378-8085-15;0378-8085-45,1 TUBE in 1 CARTON (0378-8085-15) / 15 g in 1 TUBE | 1 TUBE in 1 CARTON (0378-8085-45) / 45 g in 1 TUBE,ba377a5e-e48a-4bd9-9d76-929d70793396,20190812,,20261231,0
0378-8086,retinoid,tretinoin,Tretinoin,tretinoin,Mylan Pharmaceuticals Inc.,TRETINOIN .25 mg/g,tretinoin 0.025%,"[{""name"":""TRETINOIN"",""strength"":"".25 mg/g"",""pct"":0.025,""display"":""0.025%""}]",GEL,TOPICAL,NDA AUTHORIZED GENERIC,NDA017579,HUMAN PRESCRIPTION DRUG,Retinoid [EPC];Retinoids [CS],0378-8086-15;0378-8086-45,1 TUBE in 1 CARTON (0378-8086-15) / 15 g in 1 TUBE | 1 TUBE in 1 CARTON (0378-8086-45) / 45 g in 1 TUBE,ba377a5e-e48a-4bd9-9d76-929d70793396,20190712,,20261231,0
0378-8090,retinoid,tretinoin,Tretinoin,tretinoin,Mylan Pharmaceuticals Inc.,TRETINOIN .5 mg/g,tretinoin 0.05%,"[{""name"":""TRETINOIN"",""strength"":"".5 mg/g"",""pct"":0.05,""display"":""0.05%""}]",GEL,TOPICAL,ANDA,ANDA207955,HUMAN PRESCRIPTION DRUG,Retinoid [EPC];Retinoids [CS],0378-8090-45,1 TUBE in 1 CARTON (0378-8090-45) / 45 g in 1 TUBE,ce5f4f14-5e60-4cc1-bcb3-1fa9b8aa9cd5,20181114,,20261231,0
0472-0117,retinoid,tretinoin,Tretinoin,tretinoin,"Actavis Pharma, Inc.",TRETINOIN .25 mg/g,tretinoin 0.025%,"[{""name"":""TRETINOIN"",""strength"":"".25 mg/g"",""pct"":0.025,""display"":""0.025%""}]",CREAM,TOPICAL,NDA AUTHORIZED GENERIC,NDA020404,HUMAN PRESCRIPTION DRUG,Retinoid [EPC];Retinoids [CS],0472-0117-20;0472-0117-45,1 TUBE in 1 CARTON (0472-0117-20) / 20 g in 1 TUBE | 1 TUBE in 1 CARTON (0472-0117-45) / 45 g in 1 TUBE,b5e385a2-f6f9-41cb-8a33-eedba397043f,19980420,20270731,,0
16714-249,retinoid,tretinoin,Tretinoin,tretinoin,NORTHSTAR RX LLC,TRETINOIN .5 mg/g,tretinoin 0.05%,"[{""name"":""TRETINOIN"",""strength"":"".5 mg/g"",""pct"":0.05,""display"":""0.05%""}]",CREAM,TOPICAL,ANDA,ANDA211644,HUMAN PRESCRIPTION DRUG,Retinoid [EPC];Retinoids [CS],16714-249-01;16714-249-02,1 TUBE in 1 CARTON (16714-249-01) / 20 g in 1 TUBE | 1 TUBE in 1 CARTON (16714-249-02) / 45 g in 1 TUBE,2e508351-eca3-427e-8d16-e840a84db0f5,20190125,,20261231,0
16714-250,retinoid,tretinoin,Tretinoin,tretinoin,NORTHSTAR RX LLC,TRETINOIN 1 mg/g,tretinoin 0.1%,"[{""name"":""TRETINOIN"",""strength"":""1 mg/g"",""pct"":0.1,""display"":""0.1%""}]",CREAM,TOPICAL,ANDA,ANDA211645,HUMAN PRESCRIPTION DRUG,Retinoid [EPC];Retinoids [CS],16714-250-01;16714-250-02,1 TUBE in 1 CARTON (16714-250-01) / 20 g in 1 TUBE | 1 TUBE in 1 CARTON (16714-250-02) / 45 g in 1 TUBE,de3e7308-1212-4727-b541-568a84dac48a,20190122,,20261231,0
16714-270,retinoid,tretinoin,Tretinoin,tretinoin,NORTHSTAR RX LLC,TRETINOIN .25 mg/g,tretinoin 0.025%,"[{""name"":""TRETINOIN"",""strength"":"".25 mg/g"",""pct"":0.025,""display"":""0.025%""}]",CREAM,TOPICAL,ANDA,ANDA215713,HUMAN PRESCRIPTION DRUG,Retinoid [EPC];Retinoids [CS],16714-270-01;16714-270-02,1 TUBE in 1 CARTON (16714-270-01) / 20 g in 1 TUBE | 1 TUBE in 1 CARTON (16714-270-02) / 45 g in 1 TUBE,c0212b19-0676-4546-bc5d-682c089e7b7d,20230105,,20261231,0
21922-077,retinoid,tretinoin,Tretinoin,tretinoin,"Encube Ethicals, Inc.",TRETINOIN 1 mg/g,tretinoin 0.1%,"[{""name"":""TRETINOIN"",""strength"":""1 mg/g"",""pct"":0.1,""display"":""0.1%""}]",CREAM,TOPICAL,ANDA,ANDA217833,HUMAN PRESCRIPTION DRUG,Retinoid [EPC];Retinoids [CS],21922-077-06;21922-077-25,1 TUBE in 1 CARTON (21922-077-06) / 45 g in 1 TUBE | 1 TUBE in 1 CARTON (21922-077-25) / 20 g in 1 TUBE,5e3fb8ea-234c-4be2-95a7-d139e069cf98,20260213,,20271231,0
21922-078,retinoid,tretinoin,Tretinoin,tretinoin,"Encube Ethicals, Inc.",TRETINOIN .5 mg/g,tretinoin 0.05%,"[{""name"":""TRETINOIN"",""strength"":"".5 mg/g"",""pct"":0.05,""display"":""0.05%""}]",CREAM,TOPICAL,ANDA,ANDA217832,HUMAN PRESCRIPTION DRUG,Retinoid [EPC];Retinoids [CS],21922-078-06;21922-078-25,1 TUBE in 1 CARTON (21922-078-06) / 45 g in 1 TUBE | 1 TUBE in 1 CARTON (21922-078-25) / 20 g in 1 TUBE,5e3fb8ea-234c-4be2-95a7-d139e069cf98,20260326,,20271231,0
21922-079,retinoid,tretinoin,Tretinoin,tretinoin,"Encube Ethicals, Inc.",TRETINOIN .25 mg/g,tretinoin 0.025%,"[{""name"":""TRETINOIN"",""strength"":"".25 mg/g"",""pct"":0.025,""display"":""0.025%""}]",CREAM,TOPICAL,ANDA,ANDA217831,HUMAN PRESCRIPTION DRUG,Retinoid [EPC];Retinoids [CS],21922-079-06;21922-079-25,1 TUBE in 1 CARTON (21922-079-06) / 45 g in 1 TUBE | 1 TUBE in 1 CARTON (21922-079-25) / 20 g in 1 TUBE,5e3fb8ea-234c-4be2-95a7-d139e069cf98,20250711,,20271231,0
46708-807,retinoid,tretinoin,Tretinoin,tretinoin,Alembic Pharmaceuticals Limited,TRETINOIN 1 mg/g,tretinoin 0.1%,"[{""name"":""TRETINOIN"",""strength"":""1 mg/g"",""pct"":0.1,""display"":""0.1%""}]",CREAM,TOPICAL,ANDA,ANDA217804,HUMAN PRESCRIPTION DRUG,Retinoid [EPC];Retinoids [CS],46708-807-20;46708-807-45,1 TUBE in 1 CARTON (46708-807-20) / 20 g in 1 TUBE | 1 TUBE in 1 CARTON (46708-807-45) / 45 g in 1 TUBE,7845d60d-7c4c-4854-a417-6d3ea86a710f,20250425,,20261231,0
46708-808,retinoid,tretinoin,Tretinoin,tretinoin,Alembic Pharmaceuticals Limited,TRETINOIN .5 mg/g,tretinoin 0.05%,"[{""name"":""TRETINOIN"",""strength"":"".5 mg/g"",""pct"":0.05,""display"":""0.05%""}]",CREAM,TOPICAL,ANDA,ANDA214590,HUMAN PRESCRIPTION DRUG,Retinoid [EPC];Retinoids [CS],46708-808-00;46708-808-20,1 TUBE in 1 CARTON (46708-808-00) / 45 g in 1 TUBE | 1 TUBE in 1 CARTON (46708-808-20) / 20 g in 1 TUBE,5304df69-5d29-48f5-8227-80c7a6f12e6d,20260611,,20271231,0
46708-809,retinoid,tretinoin,Tretinoin,tretinoin,Alembic Pharmaceuticals Limited,TRETINOIN .25 mg/g,tretinoin 0.025%,"[{""name"":""TRETINOIN"",""strength"":"".25 mg/g"",""pct"":0.025,""display"":""0.025%""}]",CREAM,TOPICAL,ANDA,ANDA218399,HUMAN PRESCRIPTION DRUG,Retinoid [EPC];Retinoids [CS],46708-809-20;46708-809-45,1 TUBE in 1 CARTON (46708-809-20) / 20 g in 1 TUBE | 1 TUBE in 1 CARTON (46708-809-45) / 45 g in 1 TUBE,4e96fb71-14f4-4789-91af-ba94b0879162,20250816,,20261231,0
51672-1394,retinoid,tretinoin,Tretinoin,tretinoin,"Sun Pharmaceutical Industries, Inc.",TRETINOIN .5 mg/g,tretinoin 0.05%,"[{""name"":""TRETINOIN"",""strength"":"".5 mg/g"",""pct"":0.05,""display"":""0.05%""}]",CREAM,TOPICAL,ANDA,ANDA211644,HUMAN PRESCRIPTION DRUG,Retinoid [EPC];Retinoids [CS],51672-1394-0;51672-1394-9,1 TUBE in 1 CARTON (51672-1394-0) / 20 g in 1 TUBE | 1 TUBE in 1 CARTON (51672-1394-9) / 45 g in 1 TUBE,2b0c8ee4-83a5-48f1-809a-9716131f7290,20190125,,20261231,0
51672-1395,retinoid,tretinoin,Tretinoin,tretinoin,"Sun Pharmaceutical Industries, Inc.",TRETINOIN 1 mg/g,tretinoin 0.1%,"[{""name"":""TRETINOIN"",""strength"":""1 mg/g"",""pct"":0.1,""display"":""0.1%""}]",CREAM,TOPICAL,ANDA,ANDA211645,HUMAN PRESCRIPTION DRUG,Retinoid [EPC];Retinoids [CS],51672-1395-0;51672-1395-9,1 TUBE in 1 CARTON (51672-1395-0) / 20 g in 1 TUBE | 1 TUBE in 1 CARTON (51672-1395-9) / 45 g in 1 TUBE,9e964be5-8d67-46a8-888e-0351f9113f68,20190122,,20261231,0
51672-1407,retinoid,tretinoin,Tretinoin,tretinoin,"Sun Pharmaceutical Industries, Inc.",TRETINOIN .25 mg/g,tretinoin 0.025%,"[{""name"":""TRETINOIN"",""strength"":"".25 mg/g"",""pct"":0.025,""display"":""0.025%""}]",CREAM,TOPICAL,ANDA,ANDA215713,HUMAN PRESCRIPTION DRUG,Retinoid [EPC];Retinoids [CS],51672-1407-0;51672-1407-9,1 TUBE in 1 CARTON (51672-1407-0) / 20 g in 1 TUBE | 1 TUBE in 1 CARTON (51672-1407-9) / 45 g in 1 TUBE,2a31b13b-5cc8-4f6a-b364-872f6a478025,20230105,,20261231,0
59651-712,retinoid,tretinoin,Tretinoin,tretinoin,Aurobindo Pharma Limited,TRETINOIN .1 mg/g,tretinoin 0.01%,"[{""name"":""TRETINOIN"",""strength"":"".1 mg/g"",""pct"":0.01,""display"":""0.01%""}]",GEL,TOPICAL,ANDA,ANDA218246,HUMAN PRESCRIPTION DRUG,Retinoid [EPC];Retinoids [CS],59651-712-14;59651-712-46,1 TUBE in 1 CARTON (59651-712-14) / 15 g in 1 TUBE | 1 TUBE in 1 CARTON (59651-712-46) / 45 g in 1 TUBE,f64e45d7-bbc0-4da4-9ccb-e3941f22fdbe,20250113,,20261231,0
59651-713,retinoid,tretinoin,Tretinoin,tretinoin,Aurobindo Pharma Limited,TRETINOIN .25 mg/g,tretinoin 0.025%,"[{""name"":""TRETINOIN"",""strength"":"".25 mg/g"",""pct"":0.025,""display"":""0.025%""}]",GEL,TOPICAL,ANDA,ANDA218245,HUMAN PRESCRIPTION DRUG,Retinoid [EPC];Retinoids [CS],59651-713-14;59651-713-46,1 TUBE in 1 CARTON (59651-713-14) / 15 g in 1 TUBE | 1 TUBE in 1 CARTON (59651-713-46) / 45 g in 1 TUBE,dea325b5-3cb8-4ffb-84e9-782f0e3f6b0e,20250227,,20261231,0
62032-413,retinoid,tretinoin,Tretinoin,tretinoin,Obagi Cosmeceuticals LLC,TRETINOIN .05 g/100g,tretinoin 0.05%,"[{""name"":""TRETINOIN"",""strength"":"".05 g/100g"",""pct"":0.05,""display"":""0.05%""}]",GEL,TOPICAL,NDA AUTHORIZED GENERIC,NDA022070,HUMAN PRESCRIPTION DRUG,Retinoid [EPC];Retinoids [CS],62032-413-20,20 g in 1 TUBE (62032-413-20),c5ee36ac-2ffd-4cca-ad47-b1dae7ebdb3b,20140619,,20261231,0
62332-807,retinoid,tretinoin,Tretinoin,tretinoin,Alembic Pharmaceuticals Inc.,TRETINOIN 1 mg/g,tretinoin 0.1%,"[{""name"":""TRETINOIN"",""strength"":""1 mg/g"",""pct"":0.1,""display"":""0.1%""}]",CREAM,TOPICAL,ANDA,ANDA217804,HUMAN PRESCRIPTION DRUG,Retinoid [EPC];Retinoids [CS],62332-807-20;62332-807-45,1 TUBE in 1 CARTON (62332-807-20) / 20 g in 1 TUBE | 1 TUBE in 1 CARTON (62332-807-45) / 45 g in 1 TUBE,d6cc176c-ca71-481b-93c4-36565770a7b5,20240501,,20261231,0
62332-808,retinoid,tretinoin,Tretinoin,tretinoin,Alembic Pharmaceuticals Inc.,TRETINOIN .5 mg/g,tretinoin 0.05%,"[{""name"":""TRETINOIN"",""strength"":"".5 mg/g"",""pct"":0.05,""display"":""0.05%""}]",CREAM,TOPICAL,ANDA,ANDA214590,HUMAN PRESCRIPTION DRUG,Retinoid [EPC];Retinoids [CS],62332-808-20;62332-808-45,1 TUBE in 1 CARTON (62332-808-20) / 20 g in 1 TUBE | 1 TUBE in 1 CARTON (62332-808-45) / 45 g in 1 TUBE,49e542a3-57cc-482f-9118-4174c80742dd,20260611,,20271231,0
62332-809,retinoid,tretinoin,Tretinoin,tretinoin,Alembic Pharmaceuticals Inc.,TRETINOIN .25 mg/g,tretinoin 0.025%,"[{""name"":""TRETINOIN"",""strength"":"".25 mg/g"",""pct"":0.025,""display"":""0.025%""}]",CREAM,TOPICAL,ANDA,ANDA218399,HUMAN PRESCRIPTION DRUG,Retinoid [EPC];Retinoids [CS],62332-809-20;62332-809-45,1 TUBE in 1 CARTON (62332-809-20) / 20 g in 1 TUBE | 1 TUBE in 1 CARTON (62332-809-45) / 45 g in 1 TUBE,872b3f8f-c073-4808-a106-840188ac7a00,20250816,,20271231,0
68682-513,retinoid,tretinoin,Tretinoin,tretinoin,Oceanside Pharmaceuticals,TRETINOIN 1 mg/g,tretinoin 0.1%,"[{""name"":""TRETINOIN"",""strength"":""1 mg/g"",""pct"":0.1,""display"":""0.1%""}]",GEL,TOPICAL,NDA AUTHORIZED GENERIC,NDA020475,HUMAN PRESCRIPTION DRUG,Retinoid [EPC];Retinoids [CS],68682-513-82;68682-513-84;68682-513-85,"1 TUBE in 1 CARTON (68682-513-82) / 20 g in 1 TUBE | 1 TUBE in 1 CARTON (68682-513-84) / 45 g in 1 TUBE | 1 BOTTLE, PUMP in 1 CARTON (68682-513-85) / 50 g in 1 BOTTLE, PUMP",d3c528d2-429d-4f37-9ebf-eee8b9fd3050,20130314,,20271231,0
68682-514,retinoid,tretinoin,Tretinoin,tretinoin,Oceanside Pharmaceuticals,TRETINOIN .4 mg/g,tretinoin 0.04%,"[{""name"":""TRETINOIN"",""strength"":"".4 mg/g"",""pct"":0.04,""display"":""0.04%""}]",GEL,TOPICAL,NDA AUTHORIZED GENERIC,NDA020475,HUMAN PRESCRIPTION DRUG,Retinoid [EPC];Retinoids [CS],68682-514-92;68682-514-94;68682-514-95,"1 TUBE in 1 CARTON (68682-514-92) / 20 g in 1 TUBE | 1 TUBE in 1 CARTON (68682-514-94) / 45 g in 1 TUBE | 1 BOTTLE, PUMP in 1 CARTON (68682-514-95) / 50 g in 1 BOTTLE, PUMP",d3c528d2-429d-4f37-9ebf-eee8b9fd3050,20130314,,20271231,0
68682-515,retinoid,tretinoin,Tretinoin,tretinoin,Oceanside Pharmaceuticals,TRETINOIN .8 mg/g,tretinoin 0.08%,"[{""name"":""TRETINOIN"",""strength"":"".8 mg/g"",""pct"":0.08,""display"":""0.08%""}]",GEL,TOPICAL,NDA AUTHORIZED GENERIC,NDA020475,HUMAN PRESCRIPTION DRUG,Retinoid [EPC];Retinoids [CS],68682-515-95,"1 BOTTLE, PUMP in 1 CARTON (68682-515-95) / 50 g in 1 BOTTLE, PUMP",d3c528d2-429d-4f37-9ebf-eee8b9fd3050,20231201,,20271231,0
68682-800,retinoid,tretinoin,Tretinoin,tretinoin,Oceanside Pharmaceuticals,TRETINOIN .05 g/100g,tretinoin 0.05%,"[{""name"":""TRETINOIN"",""strength"":"".05 g/100g"",""pct"":0.05,""display"":""0.05%""}]",GEL,TOPICAL,NDA AUTHORIZED GENERIC,NDA022070,HUMAN PRESCRIPTION DRUG,Retinoid [EPC];Retinoids [CS],68682-800-45,1 TUBE in 1 PACKAGE (68682-800-45) / 45 g in 1 TUBE,febda58b-c9ee-4b95-bee7-dca5f2645f98,20070726,,20261231,0
69238-2323,retinoid,tretinoin,Tretinoin,tretinoin,Amneal Pharmaceuticals NY LLC,TRETINOIN .8 mg/g,tretinoin 0.08%,"[{""name"":""TRETINOIN"",""strength"":"".8 mg/g"",""pct"":0.08,""display"":""0.08%""}]",GEL,TOPICAL,ANDA,ANDA217497,HUMAN PRESCRIPTION DRUG,Retinoid [EPC];Retinoids [CS],69238-2323-1,"1 BOTTLE, PUMP in 1 CARTON (69238-2323-1) / 50 g in 1 BOTTLE, PUMP",4b6006e3-f7a4-4823-8217-3e5b0f7e58d9,20260515,,20271231,0
70771-1873,retinoid,tretinoin,Tretinoin,tretinoin,Zydus Lifesciences Limited,TRETINOIN 1 mg/g,tretinoin 0.1%,"[{""name"":""TRETINOIN"",""strength"":""1 mg/g"",""pct"":0.1,""display"":""0.1%""}]",CREAM,TOPICAL,ANDA,ANDA218561,HUMAN PRESCRIPTION DRUG,Retinoid [EPC];Retinoids [CS],70771-1873-2;70771-1873-4,1 TUBE in 1 CARTON (70771-1873-2) / 20 g in 1 TUBE | 1 TUBE in 1 CARTON (70771-1873-4) / 45 g in 1 TUBE,047989fc-6e33-4f19-8ba7-5fb63bb06cf3,20240430,,20261231,0
72578-153,retinoid,tretinoin,Tretinoin,tretinoin,Viona Pharmaceuticals Inc,TRETINOIN 1 mg/g,tretinoin 0.1%,"[{""name"":""TRETINOIN"",""strength"":""1 mg/g"",""pct"":0.1,""display"":""0.1%""}]",CREAM,TOPICAL,ANDA,ANDA218561,HUMAN PRESCRIPTION DRUG,Retinoid [EPC];Retinoids [CS],72578-153-08;72578-153-09,1 TUBE in 1 CARTON (72578-153-08) / 45 g in 1 TUBE | 1 TUBE in 1 CARTON (72578-153-09) / 20 g in 1 TUBE,2ee7844c-e5ee-4d15-80c7-c07a9f23ccdd,20240430,,20261231,0
68308-777,retinoid,tretinoin,Tretinoin (Microsphere),tretinoin,Mayne Pharma,TRETINOIN .8 mg/g,tretinoin 0.08%,"[{""name"":""TRETINOIN"",""strength"":"".8 mg/g"",""pct"":0.08,""display"":""0.08%""}]",GEL,TOPICAL,ANDA,ANDA215609,HUMAN PRESCRIPTION DRUG,Retinoid [EPC];Retinoids [CS],68308-777-50,"1 BOTTLE, PUMP in 1 CARTON (68308-777-50) / 50 g in 1 BOTTLE, PUMP",ed2103ee-c9d5-4b3d-b525-318cf67be050,20241025,,20261231,0
62032-412,retinoid,tretinoin,Tretinoin Cream,tretinoin,Obagi Cosmeceuticals LLC,TRETINOIN .5 mg/g,tretinoin 0.05%,"[{""name"":""TRETINOIN"",""strength"":"".5 mg/g"",""pct"":0.05,""display"":""0.05%""}]",CREAM,TOPICAL,NDA,NDA017522,HUMAN PRESCRIPTION DRUG,Retinoid [EPC];Retinoids [CS],62032-412-20,1 TUBE in 1 CARTON (62032-412-20) / 20 g in 1 TUBE,745cc3ce-60b4-4479-a055-316817567949,19740719,,20261231,0
62032-414,retinoid,tretinoin,Tretinoin Cream,tretinoin,Obagi Cosmeceuticals LLC,TRETINOIN .25 mg/g,tretinoin 0.025%,"[{""name"":""TRETINOIN"",""strength"":"".25 mg/g"",""pct"":0.025,""display"":""0.025%""}]",CREAM,TOPICAL,NDA,NDA019049,HUMAN PRESCRIPTION DRUG,Retinoid [EPC];Retinoids [CS],62032-414-20,1 TUBE in 1 CARTON (62032-414-20) / 20 g in 1 TUBE,745cc3ce-60b4-4479-a055-316817567949,19880916,,20261231,0
62032-417,retinoid,tretinoin,Tretinoin Cream,tretinoin,Obagi Cosmeceuticals LLC,TRETINOIN 1 mg/g,tretinoin 0.1%,"[{""name"":""TRETINOIN"",""strength"":""1 mg/g"",""pct"":0.1,""display"":""0.1%""}]",CREAM,TOPICAL,NDA,NDA017340,HUMAN PRESCRIPTION DRUG,Retinoid [EPC];Retinoids [CS],62032-417-20,1 TUBE in 1 CARTON (62032-417-20) / 20 g in 1 TUBE,745cc3ce-60b4-4479-a055-316817567949,19730126,,20261231,0
0299-5945,retinoid,tretinoin,TWYNEO,tretinoin and benzoyl peroxide,"Galderma Laboratories, L.P.",TRETINOIN 1 mg/g; BENZOYL PEROXIDE 30 mg/g,tretinoin 0.1%; benzoyl peroxide 3%,"[{""name"":""TRETINOIN"",""strength"":""1 mg/g"",""pct"":0.1,""display"":""0.1%""},{""name"":""BENZOYL PEROXIDE"",""strength"":""30 mg/g"",""pct"":3.0,""display"":""3%""}]",CREAM,TOPICAL,NDA,NDA214902,HUMAN PRESCRIPTION DRUG,Retinoid [EPC];Retinoids [CS],0299-5945-00;0299-5945-05;0299-5945-30,"6 g in 1 TUBE (0299-5945-00) | 30 g in 1 BOTTLE, PUMP (0299-5945-05) | 1 BOTTLE, PUMP in 1 BOX (0299-5945-30) / 30 g in 1 BOTTLE, PUMP",27208dff-e376-4c18-b56e-0a260f685a39,20220315,20261031,,0
0299-5935,retinoid,trifarotene,AKLIEF,trifarotene,"Galderma Laboratories, L.P.",TRIFAROTENE 50 ug/g,trifarotene 0.005%,"[{""name"":""TRIFAROTENE"",""strength"":""50 ug/g"",""pct"":0.005,""display"":""0.005%""}]",CREAM,TOPICAL,NDA,NDA211527,HUMAN PRESCRIPTION DRUG,Retinoid [EPC];Retinoids [CS],0299-5935-02;0299-5935-45,"1 TUBE in 1 BLISTER PACK (0299-5935-02) / 2 g in 1 TUBE | 1 BOTTLE, PUMP in 1 CARTON (0299-5935-45) / 45 g in 1 BOTTLE, PUMP",62d910db-85a6-4696-b69b-4bd2f3080cfc,20191004,,20261231,0
45802-078,rosacea,brimonidine,BRIMONIDINE,brimonidine,Padagis Israel Pharmaceuticals Ltd,BRIMONIDINE TARTRATE 5 mg/g,brimonidine tartrate 0.5%,"[{""name"":""BRIMONIDINE TARTRATE"",""strength"":""5 mg/g"",""pct"":0.5,""display"":""0.5%""}]",GEL,TOPICAL,ANDA,ANDA209158,HUMAN PRESCRIPTION DRUG,Adrenergic alpha-Agonists [MoA];alpha-Adrenergic Agonist [EPC],45802-078-30,"1 BOTTLE, PUMP in 1 CARTON (45802-078-30) / 30 g in 1 BOTTLE, PUMP",c899b329-cc5e-4443-8e94-451314de47c9,20230101,,20261231,0
0299-5980,rosacea,brimonidine,Mirvaso,brimonidine tartrate,"Galderma Laboratories, L.P.",BRIMONIDINE TARTRATE 5 mg/g,brimonidine tartrate 0.5%,"[{""name"":""BRIMONIDINE TARTRATE"",""strength"":""5 mg/g"",""pct"":0.5,""display"":""0.5%""}]",GEL,TOPICAL,NDA,NDA204708,HUMAN PRESCRIPTION DRUG,Adrenergic alpha-Agonists [MoA];alpha-Adrenergic Agonist [EPC],0299-5980-00;0299-5980-02;0299-5980-30;0299-5980-35;0299-5980-45,"1 TUBE in 1 BLISTER PACK (0299-5980-00) / 2 g in 1 TUBE | 2 g in 1 TUBE (0299-5980-02) | 30 g in 1 TUBE (0299-5980-30) | 1 BOTTLE, PUMP in 1 CARTON (0299-5980-35) / 30 g in 1 BOTTLE, PUMP | 45 g in 1 TUBE (0299-5980-45)",f6a4353f-ae69-4214-901f-e5d42a6fbde7,20130823,,20261231,0
0591-4052,rosacea,ivermectin,Ivermectin,ivermectin,"Actavis Pharma, Inc.",IVERMECTIN 10 mg/g,ivermectin 1%,"[{""name"":""IVERMECTIN"",""strength"":""10 mg/g"",""pct"":1.0,""display"":""1%""}]",CREAM,TOPICAL,ANDA,ANDA210019,HUMAN PRESCRIPTION DRUG,Antiparasitic [EPC];Pediculicide [EPC],0591-4052-89,1 TUBE in 1 CARTON (0591-4052-89) / 45 g in 1 TUBE,de9253c3-7d66-47fe-8ad7-8c0d4ee8ebda,20191014,,20261231,0
45802-102,rosacea,ivermectin,Ivermectin,ivermectin,Padagis Israel Pharmaceuticals Ltd,IVERMECTIN 10 mg/g,ivermectin 1%,"[{""name"":""IVERMECTIN"",""strength"":""10 mg/g"",""pct"":1.0,""display"":""1%""}]",CREAM,TOPICAL,ANDA,ANDA210225,HUMAN PRESCRIPTION DRUG,Antiparasitic [EPC];Pediculicide [EPC],45802-102-84,1 TUBE in 1 CARTON (45802-102-84) / 45 g in 1 TUBE,1d3e7aea-02a4-46b1-8a14-0324e4777cb4,20240108,,20261231,0
0299-3823,rosacea,ivermectin,SOOLANTRA,ivermectin,"Galderma Laboratories, L.P.",IVERMECTIN 10 mg/g,ivermectin 1%,"[{""name"":""IVERMECTIN"",""strength"":""10 mg/g"",""pct"":1.0,""display"":""1%""}]",CREAM,TOPICAL,NDA,NDA206255,HUMAN PRESCRIPTION DRUG,Antiparasitic [EPC];Pediculicide [EPC],0299-3823-00;0299-3823-02;0299-3823-30;0299-3823-45;0299-3823-60,2 g in 1 TUBE (0299-3823-00) | 1 TUBE in 1 BLISTER PACK (0299-3823-02) / 2 g in 1 TUBE | 1 TUBE in 1 CARTON (0299-3823-30) / 30 g in 1 TUBE | 1 TUBE in 1 CARTON (0299-3823-45) / 45 g in 1 TUBE | 1 TUBE in 1 CARTON (0299-3823-60) / 60 g in 1 TUBE,b1d5b166-ab06-4ab5-b0c6-31126238118a,20150101,,20261231,0
70771-1728,rosacea,ivermectin,ivermectin,ivermectin,Zydus Lifesciences Limited,IVERMECTIN 10 mg/g,ivermectin 1%,"[{""name"":""IVERMECTIN"",""strength"":""10 mg/g"",""pct"":1.0,""display"":""1%""}]",CREAM,TOPICAL,ANDA,ANDA215210,HUMAN PRESCRIPTION DRUG,Antiparasitic [EPC];Pediculicide [EPC],70771-1728-2;70771-1728-3;70771-1728-4,1 TUBE in 1 CARTON (70771-1728-2) / 30 g in 1 TUBE | 1 TUBE in 1 CARTON (70771-1728-3) / 60 g in 1 TUBE | 1 TUBE in 1 CARTON (70771-1728-4) / 45 g in 1 TUBE,22e85f9a-0805-47f2-8709-aa6514511b04,20230610,,20261231,0
72578-120,rosacea,ivermectin,ivermectin,ivermectin,Viona Pharmaceuticals Inc,IVERMECTIN 10 mg/g,ivermectin 1%,"[{""name"":""IVERMECTIN"",""strength"":""10 mg/g"",""pct"":1.0,""display"":""1%""}]",CREAM,TOPICAL,ANDA,ANDA215210,HUMAN PRESCRIPTION DRUG,Antiparasitic [EPC];Pediculicide [EPC],72578-120-02;72578-120-06;72578-120-08,1 TUBE in 1 CARTON (72578-120-02) / 60 g in 1 TUBE | 1 TUBE in 1 CARTON (72578-120-06) / 30 g in 1 TUBE | 1 TUBE in 1 CARTON (72578-120-08) / 45 g in 1 TUBE,6b4a7400-d34c-4947-90e6-340f7087a702,20230610,,20261231,0
59651-813,rosacea,metronidazole,METRONIDAZOLE,metronidazole,Aurobindo Pharma Limited,METRONIDAZOLE 10 mg/g,metronidazole 1%,"[{""name"":""METRONIDAZOLE"",""strength"":""10 mg/g"",""pct"":1.0,""display"":""1%""}]",GEL,TOPICAL,ANDA,ANDA218941,HUMAN PRESCRIPTION DRUG,Nitroimidazole Antimicrobial [EPC];Nitroimidazoles [CS],59651-813-60,1 TUBE in 1 CARTON (59651-813-60) / 60 g in 1 TUBE,d9d4caed-2fa9-4b46-9b7c-d60ec3b879b2,20241015,,20261231,0
66993-960,rosacea,metronidazole,METRONIDAZOLE,metronidazole,Prasco Laboratories,METRONIDAZOLE 7.5 mg/g,metronidazole 0.75%,"[{""name"":""METRONIDAZOLE"",""strength"":""7.5 mg/g"",""pct"":0.75,""display"":""0.75%""}]",CREAM,TOPICAL,NDA AUTHORIZED GENERIC,NDA020531,HUMAN PRESCRIPTION DRUG,Nitroimidazole Antimicrobial [EPC];Nitroimidazoles [CS],66993-960-45,1 TUBE in 1 CARTON (66993-960-45) / 45 g in 1 TUBE,a6ce81f5-a5c6-44d7-b5f0-61d0530345bd,20090618,20270531,,0
68308-711,rosacea,metronidazole,METRONIDAZOLE,metronidazole,Mayne Pharma Inc.,METRONIDAZOLE 7.5 mg/g,metronidazole 0.75%,"[{""name"":""METRONIDAZOLE"",""strength"":""7.5 mg/g"",""pct"":0.75,""display"":""0.75%""}]",CREAM,TOPICAL,NDA AUTHORIZED GENERIC,NDA020531,HUMAN PRESCRIPTION DRUG,Nitroimidazole Antimicrobial [EPC];Nitroimidazoles [CS],68308-711-45,1 TUBE in 1 CARTON (68308-711-45) / 45 g in 1 TUBE,567c7c0c-ffc1-47c1-b0fb-8715bf3d76b9,20250519,,20261231,0
0168-0323,rosacea,metronidazole,Metronidazole,metronidazole,"Fougera Pharmaceuticals, LLC",METRONIDAZOLE 7.5 mg/g,metronidazole 0.75%,"[{""name"":""METRONIDAZOLE"",""strength"":""7.5 mg/g"",""pct"":0.75,""display"":""0.75%""}]",CREAM,TOPICAL,ANDA,ANDA076408,HUMAN PRESCRIPTION DRUG,Nitroimidazole Antimicrobial [EPC];Nitroimidazoles [CS],0168-0323-46,45 g in 1 TUBE (0168-0323-46),43ed872b-63ac-4a22-9c9e-cc0e05bcc41e,20040528,,20271231,0
0168-0383,rosacea,metronidazole,Metronidazole,metronidazole,"Fougera Pharmaceuticals, LLC",METRONIDAZOLE 7.5 mg/mL,metronidazole 0.75%,"[{""name"":""METRONIDAZOLE"",""strength"":""7.5 mg/mL"",""pct"":0.75,""display"":""0.75%""}]",LOTION,TOPICAL,ANDA,ANDA077197,HUMAN PRESCRIPTION DRUG,Nitroimidazole Antimicrobial [EPC];Nitroimidazoles [CS],0168-0383-60,"59 mL in 1 BOTTLE, PLASTIC (0168-0383-60)",5368755a-dd37-4e34-843f-ece6bac8ef6a,20060524,,20271231,0
0713-0574,rosacea,metronidazole,Metronidazole,metronidazole,"Cosette Pharmaceuticals, Inc.",METRONIDAZOLE 10 mg/g,metronidazole 1%,"[{""name"":""METRONIDAZOLE"",""strength"":""10 mg/g"",""pct"":1.0,""display"":""1%""}]",GEL,TOPICAL,ANDA,ANDA216692,HUMAN PRESCRIPTION DRUG,Nitroimidazole Antimicrobial [EPC];Nitroimidazoles [CS],0713-0574-60,1 TUBE in 1 CARTON (0713-0574-60) / 60 g in 1 TUBE,a0d7d4e8-28c0-4211-8d76-73a173b48d9a,20230201,,20261231,0
0713-0633,rosacea,metronidazole,Metronidazole,metronidazole,"Cosette Pharmaceuticals, Inc.",METRONIDAZOLE 7.5 mg/g,metronidazole 0.75%,"[{""name"":""METRONIDAZOLE"",""strength"":""7.5 mg/g"",""pct"":0.75,""display"":""0.75%""}]",CREAM,TOPICAL,ANDA,ANDA077549,HUMAN PRESCRIPTION DRUG,Nitroimidazole Antimicrobial [EPC];Nitroimidazoles [CS],0713-0633-37,1 TUBE in 1 CARTON (0713-0633-37) / 45 g in 1 TUBE,de4cb39f-cc6e-98fb-05e5-103f3aca2dad,20080313,,20261231,0
0713-0637,rosacea,metronidazole,Metronidazole,metronidazole,"Cosette Pharmaceuticals, Inc.",METRONIDAZOLE 7.5 mg/g,metronidazole 0.75%,"[{""name"":""METRONIDAZOLE"",""strength"":""7.5 mg/g"",""pct"":0.75,""display"":""0.75%""}]",GEL,TOPICAL,ANDA,ANDA078178,HUMAN PRESCRIPTION DRUG,Nitroimidazole Antimicrobial [EPC];Nitroimidazoles [CS],0713-0637-37,1 TUBE in 1 CARTON (0713-0637-37) / 45 g in 1 TUBE,86da8d86-5ab2-f668-fdfd-b0e93e6a2245,20110401,,20261231,0
46708-630,rosacea,metronidazole,Metronidazole,metronidazole,Alembic Pharmaceuticals Limited,METRONIDAZOLE 10 mg/g,metronidazole 1%,"[{""name"":""METRONIDAZOLE"",""strength"":""10 mg/g"",""pct"":1.0,""display"":""1%""}]",GEL,TOPICAL,ANDA,ANDA212646,HUMAN PRESCRIPTION DRUG,Nitroimidazole Antimicrobial [EPC];Nitroimidazoles [CS],46708-630-45;46708-630-55;46708-630-60,"1 TUBE in 1 CARTON (46708-630-45) / 45 g in 1 TUBE | 1 BOTTLE, PUMP in 1 CARTON (46708-630-55) / 55 g in 1 BOTTLE, PUMP | 1 TUBE in 1 CARTON (46708-630-60) / 60 g in 1 TUBE",e43b880b-ce69-4f56-9c1c-9c7ca23bba84,20250317,,20261231,0
51672-4116,rosacea,metronidazole,Metronidazole,metronidazole,"Sun Pharmaceutical Industries, Inc.",METRONIDAZOLE 7.5 mg/g,metronidazole 0.75%,"[{""name"":""METRONIDAZOLE"",""strength"":""7.5 mg/g"",""pct"":0.75,""display"":""0.75%""}]",GEL,TOPICAL,ANDA,ANDA077819,HUMAN PRESCRIPTION DRUG,Nitroimidazole Antimicrobial [EPC];Nitroimidazoles [CS],51672-4116-2;51672-4116-5;51672-4116-6,1 TUBE in 1 CARTON (51672-4116-2) / 30 g in 1 TUBE | 5 g in 1 TUBE (51672-4116-5) | 1 TUBE in 1 CARTON (51672-4116-6) / 45 g in 1 TUBE,4a233572-2471-4e99-a45e-2de978abcf16,20060718,,20271231,0
51672-4164,rosacea,metronidazole,Metronidazole,metronidazole,"Sun Pharmaceutical Industries, Inc.",METRONIDAZOLE 10 mg/g,metronidazole 1%,"[{""name"":""METRONIDAZOLE"",""strength"":""10 mg/g"",""pct"":1.0,""display"":""1%""}]",GEL,TOPICAL,ANDA,ANDA204651,HUMAN PRESCRIPTION DRUG,Nitroimidazole Antimicrobial [EPC];Nitroimidazoles [CS],51672-4164-3;51672-4164-6;51672-4164-9,"1 TUBE in 1 CARTON (51672-4164-3) / 60 g in 1 TUBE | 1 TUBE in 1 CARTON (51672-4164-6) / 45 g in 1 TUBE | 1 BOTTLE, PUMP in 1 CARTON (51672-4164-9) / 55 g in 1 BOTTLE, PUMP",5a504f74-bccd-433a-bd5b-6822f98c34df,20170314,,20271231,0
51672-4215,rosacea,metronidazole,Metronidazole,metronidazole,"Sun Pharmaceutical Industries, Inc.",METRONIDAZOLE 10 mg/g,metronidazole 1%,"[{""name"":""METRONIDAZOLE"",""strength"":""10 mg/g"",""pct"":1.0,""display"":""1%""}]",GEL,TOPICAL,ANDA,ANDA204651,HUMAN PRESCRIPTION DRUG,Nitroimidazole Antimicrobial [EPC];Nitroimidazoles [CS],51672-4215-3;51672-4215-6;51672-4215-9,"1 TUBE in 1 CARTON (51672-4215-3) / 60 g in 1 TUBE | 1 TUBE in 1 CARTON (51672-4215-6) / 45 g in 1 TUBE | 1 BOTTLE, PUMP in 1 CARTON (51672-4215-9) / 55 g in 1 BOTTLE, PUMP",5842a554-58d1-4ee4-99aa-1e6029a69be2,20190409,,20271231,0
59651-770,rosacea,metronidazole,Metronidazole,metronidazole,Aurobindo Pharma Limited,METRONIDAZOLE 7.5 mg/g,metronidazole 0.75%,"[{""name"":""METRONIDAZOLE"",""strength"":""7.5 mg/g"",""pct"":0.75,""display"":""0.75%""}]",CREAM,TOPICAL,ANDA,ANDA219295,HUMAN PRESCRIPTION DRUG,Nitroimidazole Antimicrobial [EPC];Nitroimidazoles [CS],59651-770-46,1 TUBE in 1 CARTON (59651-770-46) / 45 g in 1 TUBE,0b6f6fbd-0292-4c48-a4ae-c24b5f0c8f74,20250709,,20261231,0
62332-630,rosacea,metronidazole,Metronidazole,metronidazole,Alembic Pharmaceuticals Inc.,METRONIDAZOLE 10 mg/g,metronidazole 1%,"[{""name"":""METRONIDAZOLE"",""strength"":""10 mg/g"",""pct"":1.0,""display"":""1%""}]",GEL,TOPICAL,ANDA,ANDA212646,HUMAN PRESCRIPTION DRUG,Nitroimidazole Antimicrobial [EPC];Nitroimidazoles [CS],62332-630-45;62332-630-55;62332-630-60,"1 TUBE in 1 CARTON (62332-630-45) / 45 g in 1 TUBE | 1 BOTTLE, PUMP in 1 CARTON (62332-630-55) / 55 g in 1 BOTTLE, PUMP | 1 TUBE in 1 CARTON (62332-630-60) / 60 g in 1 TUBE",9f56cc00-6383-48c8-95ee-e6a404a0237b,20210906,,20261231,0
68308-663,rosacea,metronidazole,Metronidazole,metronidazole,Mayne Pharma Inc.,METRONIDAZOLE 10 mg/g,metronidazole 1%,"[{""name"":""METRONIDAZOLE"",""strength"":""10 mg/g"",""pct"":1.0,""display"":""1%""}]",GEL,TOPICAL,NDA AUTHORIZED GENERIC,NDA021789,HUMAN PRESCRIPTION DRUG,Nitroimidazole Antimicrobial [EPC];Nitroimidazoles [CS],68308-663-55;68308-663-60,"1 BOTTLE, PUMP in 1 CARTON (68308-663-55) / 55 g in 1 BOTTLE, PUMP | 1 TUBE in 1 CARTON (68308-663-60) / 60 g in 1 TUBE",3c25a3f9-52fc-448e-a044-f63b9dadcd4a,20231110,,20261231,0
68682-202,rosacea,metronidazole,Metronidazole,metronidazole,Oceanside Pharmaceuticals,METRONIDAZOLE 10 mg/60g,metronidazole 0.0167%,"[{""name"":""METRONIDAZOLE"",""strength"":""10 mg/60g"",""pct"":0.0167,""display"":""0.0167%""}]",CREAM,TOPICAL,NDA,NDA020743,HUMAN PRESCRIPTION DRUG,Nitroimidazole Antimicrobial [EPC];Nitroimidazoles [CS],68682-202-60,60 g in 1 TUBE (68682-202-60),cdf2e251-4bbc-4434-9b00-bef6284491e4,20230801,,20261231,0
70771-1834,rosacea,metronidazole,Metronidazole,metronidazole,Zydus Lifesciences Limited,METRONIDAZOLE 7.5 mg/g,metronidazole 0.75%,"[{""name"":""METRONIDAZOLE"",""strength"":""7.5 mg/g"",""pct"":0.75,""display"":""0.75%""}]",CREAM,TOPICAL,ANDA,ANDA217128,HUMAN PRESCRIPTION DRUG,Nitroimidazole Antimicrobial [EPC];Nitroimidazoles [CS],70771-1834-4,1 TUBE in 1 CARTON (70771-1834-4) / 45 g in 1 TUBE,728ebe6d-7a20-481d-845a-ceffa450179f,20230531,,20261231,0
70771-1978,rosacea,metronidazole,Metronidazole,metronidazole,Zydus Lifesciences Limited,METRONIDAZOLE 7.5 mg/g,metronidazole 0.75%,"[{""name"":""METRONIDAZOLE"",""strength"":""7.5 mg/g"",""pct"":0.75,""display"":""0.75%""}]",GEL,TOPICAL,ANDA,ANDA220095,HUMAN PRESCRIPTION DRUG,Nitroimidazole Antimicrobial [EPC];Nitroimidazoles [CS],70771-1978-4,1 TUBE in 1 CARTON (70771-1978-4) / 45 g in 1 TUBE,aa7fc40e-64a1-4155-bb39-77ed7b7f2e67,20260214,,20271231,0
72578-129,rosacea,metronidazole,Metronidazole,metronidazole,Viona Pharmaceuticals Inc,METRONIDAZOLE 7.5 mg/g,metronidazole 0.75%,"[{""name"":""METRONIDAZOLE"",""strength"":""7.5 mg/g"",""pct"":0.75,""display"":""0.75%""}]",CREAM,TOPICAL,ANDA,ANDA217128,HUMAN PRESCRIPTION DRUG,Nitroimidazole Antimicrobial [EPC];Nitroimidazoles [CS],72578-129-08,1 TUBE in 1 CARTON (72578-129-08) / 45 g in 1 TUBE,93299502-6cb0-48a4-8190-50fef74bdbee,20230531,,20261231,0
72578-209,rosacea,metronidazole,Metronidazole,metronidazole,Viona Pharmaceuticals Inc,METRONIDAZOLE 7.5 mg/g,metronidazole 0.75%,"[{""name"":""METRONIDAZOLE"",""strength"":""7.5 mg/g"",""pct"":0.75,""display"":""0.75%""}]",GEL,TOPICAL,ANDA,ANDA220095,HUMAN PRESCRIPTION DRUG,Nitroimidazole Antimicrobial [EPC];Nitroimidazoles [CS],72578-209-04,1 TUBE in 1 CARTON (72578-209-04) / 45 g in 1 TUBE,40a8c59b-a46d-4e5b-bd38-330cdbc1022c,20260214,,20271231,0
0187-5202,rosacea,metronidazole,Noritate,metronidazole,"Bausch Health US, LLC",METRONIDAZOLE 10 mg/60g,metronidazole 0.0167%,"[{""name"":""METRONIDAZOLE"",""strength"":""10 mg/60g"",""pct"":0.0167,""display"":""0.0167%""}]",CREAM,TOPICAL,NDA,NDA020743,HUMAN PRESCRIPTION DRUG,Nitroimidazole Antimicrobial [EPC];Nitroimidazoles [CS],0187-5202-60,1 TUBE in 1 CARTON (0187-5202-60) / 60 g in 1 TUBE,706b09da-6cf9-421d-8e91-f3999474d322,20130809,,20261231,0
0642-7466,rosacea,metronidazole,Nuvessa,metronidazole,"Exeltis USA, Inc.",METRONIDAZOLE 65 mg/5g,metronidazole 1.3%,"[{""name"":""METRONIDAZOLE"",""strength"":""65 mg/5g"",""pct"":1.3,""display"":""1.3%""}]",GEL,TOPICAL,NDA,NDA205223,HUMAN PRESCRIPTION DRUG,Nitroimidazole Antimicrobial [EPC];Nitroimidazoles [CS],0642-7466-05;0642-7466-06,1 APPLICATOR in 1 CARTON (0642-7466-05) / 5 g in 1 APPLICATOR | 1 APPLICATOR in 1 CARTON (0642-7466-06) / 5 g in 1 APPLICATOR,3b6ff39d-f84b-43b3-9b07-c0521c6d7968,20180310,,20261231,0
68308-712,rosacea,metronidazole,metronidazole,metronidazole,Mayne Pharma Inc.,METRONIDAZOLE 7.5 mg/g,metronidazole 0.75%,"[{""name"":""METRONIDAZOLE"",""strength"":""7.5 mg/g"",""pct"":0.75,""display"":""0.75%""}]",LOTION,TOPICAL,NDA AUTHORIZED GENERIC,NDA020901,HUMAN PRESCRIPTION DRUG,Nitroimidazole Antimicrobial [EPC];Nitroimidazoles [CS],68308-712-59,1 BOTTLE in 1 CARTON (68308-712-59) / 59.7 g in 1 BOTTLE,5099691f-f216-4ac1-b057-99a845cc770f,20250210,,20261231,0
21922-070,rosacea,metronidazole,METRONIDAZOLE,metronidazole topical,"Encube Ethicals, Inc.",METRONIDAZOLE 7.5 mg/g,metronidazole 0.75%,"[{""name"":""METRONIDAZOLE"",""strength"":""7.5 mg/g"",""pct"":0.75,""display"":""0.75%""}]",GEL,TOPICAL,ANDA,ANDA077547,HUMAN PRESCRIPTION DRUG,Nitroimidazole Antimicrobial [EPC];Nitroimidazoles [CS],21922-070-06,1 TUBE in 1 CARTON (21922-070-06) / 45 g in 1 TUBE,05707735-e676-412a-9a77-ebd003afb16c,20250128,,20261231,0
51672-1405,rosacea,oxymetazoline,Oxymetazoline Hydrochloride,oxymetazoline hydrochloride,"Sun Pharmaceutical Industries, Inc.",OXYMETAZOLINE HYDROCHLORIDE 10 mg/g,oxymetazoline hydrochloride 1%,"[{""name"":""OXYMETAZOLINE HYDROCHLORIDE"",""strength"":""10 mg/g"",""pct"":1.0,""display"":""1%""}]",CREAM,TOPICAL,ANDA,ANDA213584,HUMAN PRESCRIPTION DRUG,Imidazolines [CS];Increased Sympathetic Activity [PE];Vasoconstriction [PE];Vasoconstrictor [EPC],51672-1405-2;51672-1405-3,1 TUBE in 1 CARTON (51672-1405-2) / 30 g in 1 TUBE | 1 TUBE in 1 CARTON (51672-1405-3) / 60 g in 1 TUBE,8a7f2400-5e18-4215-8d2c-f55881706107,20260715,,20271231,0
51862-765,rosacea,oxymetazoline,Rhofade,oxymetazoline hydrochloride,Mayne Pharma,OXYMETAZOLINE HYDROCHLORIDE 10 mg/g,oxymetazoline hydrochloride 1%,"[{""name"":""OXYMETAZOLINE HYDROCHLORIDE"",""strength"":""10 mg/g"",""pct"":1.0,""display"":""1%""}]",CREAM,TOPICAL,NDA,NDA208552,HUMAN PRESCRIPTION DRUG,Imidazolines [CS];Increased Sympathetic Activity [PE];Vasoconstriction [PE];Vasoconstrictor [EPC],51862-765-00;51862-765-30,15 TUBE in 1 CARTON (51862-765-00) / 3 g in 1 TUBE | 1 TUBE in 1 CARTON (51862-765-30) / 30 g in 1 TUBE,f7dbf12e-a802-4261-bae2-c20977698933,20241024,,20261231,0
68308-766,rosacea,oxymetazoline,Rhofade,oxymetazoline hydrochloride,Mayne Pharma,OXYMETAZOLINE HYDROCHLORIDE 10 mg/g,oxymetazoline hydrochloride 1%,"[{""name"":""OXYMETAZOLINE HYDROCHLORIDE"",""strength"":""10 mg/g"",""pct"":1.0,""display"":""1%""}]",CREAM,TOPICAL,NDA,NDA208552,HUMAN PRESCRIPTION DRUG,Imidazolines [CS];Increased Sympathetic Activity [PE];Vasoconstriction [PE];Vasoconstrictor [EPC],68308-766-30,1 TUBE in 1 CARTON (68308-766-30) / 30 g in 1 TUBE,34298db6-647d-480d-88a8-dc53258a5164,20260715,,20271231,0
71403-003,rosacea,oxymetazoline,Rhofade,oxymetazoline hydrochloride,"EPI Health, LLC",OXYMETAZOLINE HYDROCHLORIDE 1 g/100g,oxymetazoline hydrochloride 1%,"[{""name"":""OXYMETAZOLINE HYDROCHLORIDE"",""strength"":""1 g/100g"",""pct"":1.0,""display"":""1%""}]",CREAM,TOPICAL,NDA,NDA208552,HUMAN PRESCRIPTION DRUG,Imidazolines [CS];Increased Sympathetic Activity [PE];Vasoconstriction [PE];Vasoconstrictor [EPC],71403-003-15;71403-003-30,1 TUBE in 1 CARTON (71403-003-15) / 3 g in 1 TUBE | 1 TUBE in 1 CARTON (71403-003-30) / 30 g in 1 TUBE,e82b5788-a855-4165-a81f-7f15cb874612,20210118,,20261231,0
